dataset_id,evaluation_role,score_index,elapsed_s,timestamp_utc,t2_score,warning_limit,upper_limit,sample_warning,sample_upper,persistent_upper,public_state,compromised_by_resource_score
N4,post_hoc_diagnostic_not_final_v2_validation,0,56.002191,2026-06-28T19:01:47.283+00:00,1.554862430023594,12.858651313374208,25.58879353054043,False,False,False,NORMAL,False
N4,post_hoc_diagnostic_not_final_v2_validation,1,57.003659,2026-06-28T19:01:48.284+00:00,3.8868438380761132,12.858651313374208,25.58879353054043,False,False,False,NORMAL,False
N4,post_hoc_diagnostic_not_final_v2_validation,2,58.003824,2026-06-28T19:01:49.285+00:00,7.905732088524619,12.858651313374208,25.58879353054043,False,False,False,NORMAL,False
N4,post_hoc_diagnostic_not_final_v2_validation,3,59.005778,2026-06-28T19:01:50.288+00:00,12.54096246600265,12.858651313374208,25.58879353054043,False,False,False,NORMAL,False
N4,post_hoc_diagnostic_not_final_v2_validation,4,60.00276,2026-06-28T19:01:51.284+00:00,17.110410899416046,12.858651313374208,25.58879353054043,True,False,False,SUSPICIOUS,False
N4,post_hoc_diagnostic_not_final_v2_validation,5,61.0029,2026-06-28T19:01:52.283+00:00,18.428586064317138,12.858651313374208,25.58879353054043,True,False,False,SUSPICIOUS,False
N4,post_hoc_diagnostic_not_final_v2_validation,6,62.005113,2026-06-28T19:01:53.287+00:00,18.071348446311653,12.858651313374208,25.58879353054043,True,False,False,SUSPICIOUS,False
N4,post_hoc_diagnostic_not_final_v2_validation,7,63.003881,2026-06-28T19:01:54.284+00:00,17.538255015504404,12.858651313374208,25.58879353054043,True,False,False,SUSPICIOUS,False
N4,post_hoc_diagnostic_not_final_v2_validation,8,64.001714,2026-06-28T19:01:55.282+00:00,11.186754462015871,12.858651313374208,25.58879353054043,False,False,False,NORMAL,False
N4,post_hoc_diagnostic_not_final_v2_validation,9,65.004679,2026-06-28T19:01:56.285+00:00,6.818018403759881,12.858651313374208,25.58879353054043,False,False,False,NORMAL,False
N4,post_hoc_diagnostic_not_final_v2_validation,10,66.002792,2026-06-28T19:01:57.284+00:00,5.219438771721407,12.858651313374208,25.58879353054043,False,False,False,NORMAL,False
N4,post_hoc_diagnostic_not_final_v2_validation,11,67.002369,2026-06-28T19:01:58.283+00:00,5.060871760907422,12.858651313374208,25.58879353054043,False,False,False,NORMAL,False
N4,post_hoc_diagnostic_not_final_v2_validation,12,68.001211,2026-06-28T19:01:59.282+00:00,4.828329352116179,12.858651313374208,25.58879353054043,False,False,False,NORMAL,False
N4,post_hoc_diagnostic_not_final_v2_validation,13,69.004302,2026-06-28T19:02:00.285+00:00,3.629395615304973,12.858651313374208,25.58879353054043,False,False,False,NORMAL,False
N4,post_hoc_diagnostic_not_final_v2_validation,14,70.002884,2026-06-28T19:02:01.284+00:00,2.4978516701696574,12.858651313374208,25.58879353054043,False,False,False,NORMAL,False
N4,post_hoc_diagnostic_not_final_v2_validation,15,71.002071,2026-06-28T19:02:02.282+00:00,0.9490524769449609,12.858651313374208,25.58879353054043,False,False,False,NORMAL,False
N4,post_hoc_diagnostic_not_final_v2_validation,16,72.004525,2026-06-28T19:02:03.285+00:00,0.7664438093339879,12.858651313374208,25.58879353054043,False,False,False,NORMAL,False
N4,post_hoc_diagnostic_not_final_v2_validation,17,73.004023,2026-06-28T19:02:04.285+00:00,1.4735740355939395,12.858651313374208,25.58879353054043,False,False,False,NORMAL,False
N4,post_hoc_diagnostic_not_final_v2_validation,18,74.001459,2026-06-28T19:02:05.282+00:00,2.5807071786354485,12.858651313374208,25.58879353054043,False,False,False,NORMAL,False
N4,post_hoc_diagnostic_not_final_v2_validation,19,75.004016,2026-06-28T19:02:06.285+00:00,3.780065785789292,12.858651313374208,25.58879353054043,False,False,False,NORMAL,False
N4,post_hoc_diagnostic_not_final_v2_validation,20,76.004071,2026-06-28T19:02:07.284+00:00,3.4371883998520323,12.858651313374208,25.58879353054043,False,False,False,NORMAL,False
N4,post_hoc_diagnostic_not_final_v2_validation,21,77.002489,2026-06-28T19:02:08.283+00:00,2.2052028472358365,12.858651313374208,25.58879353054043,False,False,False,NORMAL,False
N4,post_hoc_diagnostic_not_final_v2_validation,22,78.003554,2026-06-28T19:02:09.284+00:00,1.4887872940330438,12.858651313374208,25.58879353054043,False,False,False,NORMAL,False
N4,post_hoc_diagnostic_not_final_v2_validation,23,79.002062,2026-06-28T19:02:10.286+00:00,0.640569885431419,12.858651313374208,25.58879353054043,False,False,False,NORMAL,False
N4,post_hoc_diagnostic_not_final_v2_validation,24,80.004371,2026-06-28T19:02:11.286+00:00,1.1912097519888205,12.858651313374208,25.58879353054043,False,False,False,NORMAL,False
N4,post_hoc_diagnostic_not_final_v2_validation,25,81.001984,2026-06-28T19:02:12.282+00:00,2.5987058680997572,12.858651313374208,25.58879353054043,False,False,False,NORMAL,False
N4,post_hoc_diagnostic_not_final_v2_validation,26,82.003954,2026-06-28T19:02:13.285+00:00,4.238230928786578,12.858651313374208,25.58879353054043,False,False,False,NORMAL,False
N4,post_hoc_diagnostic_not_final_v2_validation,27,83.002846,2026-06-28T19:02:14.283+00:00,4.785328612306204,12.858651313374208,25.58879353054043,False,False,False,NORMAL,False
N4,post_hoc_diagnostic_not_final_v2_validation,28,84.001569,2026-06-28T19:02:15.282+00:00,3.445364284446849,12.858651313374208,25.58879353054043,False,False,False,NORMAL,False
N4,post_hoc_diagnostic_not_final_v2_validation,29,85.002081,2026-06-28T19:02:16.283+00:00,2.605506478291858,12.858651313374208,25.58879353054043,False,False,False,NORMAL,False
N4,post_hoc_diagnostic_not_final_v2_validation,30,86.007128,2026-06-28T19:02:17.290+00:00,1.936356148512703,12.858651313374208,25.58879353054043,False,False,False,NORMAL,False
N4,post_hoc_diagnostic_not_final_v2_validation,31,87.001405,2026-06-28T19:02:18.282+00:00,1.2651434063848503,12.858651313374208,25.58879353054043,False,False,False,NORMAL,False
N4,post_hoc_diagnostic_not_final_v2_validation,32,88.002763,2026-06-28T19:02:19.284+00:00,0.519805222883701,12.858651313374208,25.58879353054043,False,False,False,NORMAL,False
N4,post_hoc_diagnostic_not_final_v2_validation,33,89.002277,2026-06-28T19:02:20.282+00:00,0.8500797742867208,12.858651313374208,25.58879353054043,False,False,False,NORMAL,False
N4,post_hoc_diagnostic_not_final_v2_validation,34,90.004498,2026-06-28T19:02:21.286+00:00,1.8097053943317876,12.858651313374208,25.58879353054043,False,False,False,NORMAL,False
N4,post_hoc_diagnostic_not_final_v2_validation,35,91.003738,2026-06-28T19:02:22.285+00:00,2.3706420682608402,12.858651313374208,25.58879353054043,False,False,False,NORMAL,False
N4,post_hoc_diagnostic_not_final_v2_validation,36,92.003701,2026-06-28T19:02:23.284+00:00,2.05168196153986,12.858651313374208,25.58879353054043,False,False,False,NORMAL,False
N4,post_hoc_diagnostic_not_final_v2_validation,37,93.005028,2026-06-28T19:02:24.287+00:00,1.5098185346760933,12.858651313374208,25.58879353054043,False,False,False,NORMAL,False
N4,post_hoc_diagnostic_not_final_v2_validation,38,94.018526,2026-06-28T19:02:25.302+00:00,1.2209851765105053,12.858651313374208,25.58879353054043,False,False,False,NORMAL,False
N4,post_hoc_diagnostic_not_final_v2_validation,39,95.001569,2026-06-28T19:02:26.282+00:00,1.0762848359301789,12.858651313374208,25.58879353054043,False,False,False,NORMAL,False
N4,post_hoc_diagnostic_not_final_v2_validation,40,96.003465,2026-06-28T19:02:27.286+00:00,1.342639849884553,12.858651313374208,25.58879353054043,False,False,False,NORMAL,False
N4,post_hoc_diagnostic_not_final_v2_validation,41,97.005354,2026-06-28T19:02:28.286+00:00,2.5616580608088713,12.858651313374208,25.58879353054043,False,False,False,NORMAL,False
N4,post_hoc_diagnostic_not_final_v2_validation,42,98.003584,2026-06-28T19:02:29.285+00:00,3.157326346496472,12.858651313374208,25.58879353054043,False,False,False,NORMAL,False
N4,post_hoc_diagnostic_not_final_v2_validation,43,99.002101,2026-06-28T19:02:30.283+00:00,2.917364821304898,12.858651313374208,25.58879353054043,False,False,False,NORMAL,False
N4,post_hoc_diagnostic_not_final_v2_validation,44,100.009299,2026-06-28T19:02:31.293+00:00,3.497624141352734,12.858651313374208,25.58879353054043,False,False,False,NORMAL,False
N4,post_hoc_diagnostic_not_final_v2_validation,45,101.004527,2026-06-28T19:02:32.285+00:00,4.441197733155507,12.858651313374208,25.58879353054043,False,False,False,NORMAL,False
N4,post_hoc_diagnostic_not_final_v2_validation,46,102.020073,2026-06-28T19:02:33.302+00:00,5.922849290452538,12.858651313374208,25.58879353054043,False,False,False,NORMAL,False
N4,post_hoc_diagnostic_not_final_v2_validation,47,103.006842,2026-06-28T19:02:34.288+00:00,8.032443573489115,12.858651313374208,25.58879353054043,False,False,False,NORMAL,False
N4,post_hoc_diagnostic_not_final_v2_validation,48,104.005391,2026-06-28T19:02:35.287+00:00,10.893061573920743,12.858651313374208,25.58879353054043,False,False,False,NORMAL,False
N4,post_hoc_diagnostic_not_final_v2_validation,49,105.010701,2026-06-28T19:02:36.301+00:00,12.50039668008076,12.858651313374208,25.58879353054043,False,False,False,NORMAL,False
N4,post_hoc_diagnostic_not_final_v2_validation,50,106.002486,2026-06-28T19:02:37.283+00:00,15.215043888613138,12.858651313374208,25.58879353054043,True,False,False,SUSPICIOUS,False
N4,post_hoc_diagnostic_not_final_v2_validation,51,107.002356,2026-06-28T19:02:38.283+00:00,17.180169846720748,12.858651313374208,25.58879353054043,True,False,False,SUSPICIOUS,False
N4,post_hoc_diagnostic_not_final_v2_validation,52,108.003907,2026-06-28T19:02:39.285+00:00,14.73705634802927,12.858651313374208,25.58879353054043,True,False,False,SUSPICIOUS,False
N4,post_hoc_diagnostic_not_final_v2_validation,53,109.002283,2026-06-28T19:02:40.283+00:00,12.665473393431313,12.858651313374208,25.58879353054043,False,False,False,NORMAL,False
N4,post_hoc_diagnostic_not_final_v2_validation,54,110.001741,2026-06-28T19:02:41.282+00:00,11.198418877801029,12.858651313374208,25.58879353054043,False,False,False,NORMAL,False
N4,post_hoc_diagnostic_not_final_v2_validation,55,111.002063,2026-06-28T19:02:42.282+00:00,9.932853243803821,12.858651313374208,25.58879353054043,False,False,False,NORMAL,False
N4,post_hoc_diagnostic_not_final_v2_validation,56,112.001242,2026-06-28T19:02:43.281+00:00,8.18886368090515,12.858651313374208,25.58879353054043,False,False,False,NORMAL,False
N4,post_hoc_diagnostic_not_final_v2_validation,57,113.00349,2026-06-28T19:02:44.285+00:00,6.517525623408757,12.858651313374208,25.58879353054043,False,False,False,NORMAL,False
N4,post_hoc_diagnostic_not_final_v2_validation,58,114.004849,2026-06-28T19:02:45.286+00:00,4.305325607195341,12.858651313374208,25.58879353054043,False,False,False,NORMAL,False
N4,post_hoc_diagnostic_not_final_v2_validation,59,115.004577,2026-06-28T19:02:46.286+00:00,3.038762858853575,12.858651313374208,25.58879353054043,False,False,False,NORMAL,False
N4,post_hoc_diagnostic_not_final_v2_validation,60,116.005293,2026-06-28T19:02:47.286+00:00,2.2857823020493218,12.858651313374208,25.58879353054043,False,False,False,NORMAL,False
N4,post_hoc_diagnostic_not_final_v2_validation,61,117.00226,2026-06-28T19:02:48.283+00:00,1.7758059077427455,12.858651313374208,25.58879353054043,False,False,False,NORMAL,False
N4,post_hoc_diagnostic_not_final_v2_validation,62,118.005748,2026-06-28T19:02:49.287+00:00,1.3440074409392306,12.858651313374208,25.58879353054043,False,False,False,NORMAL,False
N4,post_hoc_diagnostic_not_final_v2_validation,63,119.001855,2026-06-28T19:02:50.283+00:00,1.1030386524847295,12.858651313374208,25.58879353054043,False,False,False,NORMAL,False
N4,post_hoc_diagnostic_not_final_v2_validation,64,120.001716,2026-06-28T19:02:51.282+00:00,1.0237196379356033,12.858651313374208,25.58879353054043,False,False,False,NORMAL,False
N4,post_hoc_diagnostic_not_final_v2_validation,65,121.00859,2026-06-28T19:02:52.291+00:00,0.3314286217046566,12.858651313374208,25.58879353054043,False,False,False,NORMAL,False
N4,post_hoc_diagnostic_not_final_v2_validation,66,122.014283,2026-06-28T19:02:53.296+00:00,0.7864987268062829,12.858651313374208,25.58879353054043,False,False,False,NORMAL,False
N4,post_hoc_diagnostic_not_final_v2_validation,67,123.014832,2026-06-28T19:02:54.297+00:00,1.5419419834683372,12.858651313374208,25.58879353054043,False,False,False,NORMAL,False
N4,post_hoc_diagnostic_not_final_v2_validation,68,124.002658,2026-06-28T19:02:55.286+00:00,2.441340841513431,12.858651313374208,25.58879353054043,False,False,False,NORMAL,False
N4,post_hoc_diagnostic_not_final_v2_validation,69,125.011185,2026-06-28T19:02:56.292+00:00,3.781958261862825,12.858651313374208,25.58879353054043,False,False,False,NORMAL,False
N4,post_hoc_diagnostic_not_final_v2_validation,70,126.003396,2026-06-28T19:02:57.286+00:00,5.011295972090924,12.858651313374208,25.58879353054043,False,False,False,NORMAL,False
N4,post_hoc_diagnostic_not_final_v2_validation,71,127.002583,2026-06-28T19:02:58.282+00:00,6.1703614372443285,12.858651313374208,25.58879353054043,False,False,False,NORMAL,False
N4,post_hoc_diagnostic_not_final_v2_validation,72,128.003635,2026-06-28T19:02:59.284+00:00,7.72489019674342,12.858651313374208,25.58879353054043,False,False,False,NORMAL,False
N4,post_hoc_diagnostic_not_final_v2_validation,73,129.003414,2026-06-28T19:03:00.284+00:00,5.222407794878193,12.858651313374208,25.58879353054043,False,False,False,NORMAL,False
N4,post_hoc_diagnostic_not_final_v2_validation,74,130.002027,2026-06-28T19:03:01.283+00:00,3.971081882951534,12.858651313374208,25.58879353054043,False,False,False,NORMAL,False
N4,post_hoc_diagnostic_not_final_v2_validation,75,131.006808,2026-06-28T19:03:02.290+00:00,2.9354434419284137,12.858651313374208,25.58879353054043,False,False,False,NORMAL,False
N4,post_hoc_diagnostic_not_final_v2_validation,76,132.0027,2026-06-28T19:03:03.283+00:00,2.3711697859818615,12.858651313374208,25.58879353054043,False,False,False,NORMAL,False
N4,post_hoc_diagnostic_not_final_v2_validation,77,133.006706,2026-06-28T19:03:04.289+00:00,1.7033555926342665,12.858651313374208,25.58879353054043,False,False,False,NORMAL,False
N4,post_hoc_diagnostic_not_final_v2_validation,78,134.00368,2026-06-28T19:03:05.285+00:00,1.2401916963634938,12.858651313374208,25.58879353054043,False,False,False,NORMAL,False
N4,post_hoc_diagnostic_not_final_v2_validation,79,135.00266,2026-06-28T19:03:06.283+00:00,1.0053802351213872,12.858651313374208,25.58879353054043,False,False,False,NORMAL,False
N4,post_hoc_diagnostic_not_final_v2_validation,80,136.001492,2026-06-28T19:03:07.282+00:00,0.8198980203475762,12.858651313374208,25.58879353054043,False,False,False,NORMAL,False
N4,post_hoc_diagnostic_not_final_v2_validation,81,137.002228,2026-06-28T19:03:08.283+00:00,0.9554279304389874,12.858651313374208,25.58879353054043,False,False,False,NORMAL,False
N4,post_hoc_diagnostic_not_final_v2_validation,82,138.003656,2026-06-28T19:03:09.284+00:00,1.1276339851644634,12.858651313374208,25.58879353054043,False,False,False,NORMAL,False
N4,post_hoc_diagnostic_not_final_v2_validation,83,139.002023,2026-06-28T19:03:10.283+00:00,1.2173575623128716,12.858651313374208,25.58879353054043,False,False,False,NORMAL,False
N4,post_hoc_diagnostic_not_final_v2_validation,84,140.005476,2026-06-28T19:03:11.286+00:00,0.787585041898246,12.858651313374208,25.58879353054043,False,False,False,NORMAL,False
N4,post_hoc_diagnostic_not_final_v2_validation,85,141.001728,2026-06-28T19:03:12.282+00:00,0.8306986119124984,12.858651313374208,25.58879353054043,False,False,False,NORMAL,False
N4,post_hoc_diagnostic_not_final_v2_validation,86,142.003517,2026-06-28T19:03:13.284+00:00,0.9642674079581031,12.858651313374208,25.58879353054043,False,False,False,NORMAL,False
N4,post_hoc_diagnostic_not_final_v2_validation,87,143.004949,2026-06-28T19:03:14.287+00:00,1.5491749195850004,12.858651313374208,25.58879353054043,False,False,False,NORMAL,False
N4,post_hoc_diagnostic_not_final_v2_validation,88,144.001547,2026-06-28T19:03:15.282+00:00,3.488934868221537,12.858651313374208,25.58879353054043,False,False,False,NORMAL,False
N4,post_hoc_diagnostic_not_final_v2_validation,89,145.001439,2026-06-28T19:03:16.282+00:00,4.081641870294291,12.858651313374208,25.58879353054043,False,False,False,NORMAL,False
N4,post_hoc_diagnostic_not_final_v2_validation,90,146.001764,2026-06-28T19:03:17.282+00:00,4.63740724946811,12.858651313374208,25.58879353054043,False,False,False,NORMAL,False
N4,post_hoc_diagnostic_not_final_v2_validation,91,147.002256,2026-06-28T19:03:18.282+00:00,5.178836787986109,12.858651313374208,25.58879353054043,False,False,False,NORMAL,False
N4,post_hoc_diagnostic_not_final_v2_validation,92,148.004521,2026-06-28T19:03:19.286+00:00,3.1883967439634597,12.858651313374208,25.58879353054043,False,False,False,NORMAL,False
N4,post_hoc_diagnostic_not_final_v2_validation,93,149.003402,2026-06-28T19:03:20.284+00:00,2.214899800168625,12.858651313374208,25.58879353054043,False,False,False,NORMAL,False
N4,post_hoc_diagnostic_not_final_v2_validation,94,150.001755,2026-06-28T19:03:21.282+00:00,1.7247547528995137,12.858651313374208,25.58879353054043,False,False,False,NORMAL,False
N4,post_hoc_diagnostic_not_final_v2_validation,95,151.004618,2026-06-28T19:03:22.286+00:00,1.3121670960530072,12.858651313374208,25.58879353054043,False,False,False,NORMAL,False
N4,post_hoc_diagnostic_not_final_v2_validation,96,152.00324,2026-06-28T19:03:23.284+00:00,1.5645612647701204,12.858651313374208,25.58879353054043,False,False,False,NORMAL,False
N4,post_hoc_diagnostic_not_final_v2_validation,97,153.004867,2026-06-28T19:03:24.285+00:00,2.3560190332459707,12.858651313374208,25.58879353054043,False,False,False,NORMAL,False
N4,post_hoc_diagnostic_not_final_v2_validation,98,154.018283,2026-06-28T19:03:25.298+00:00,3.3756303500844185,12.858651313374208,25.58879353054043,False,False,False,NORMAL,False
N4,post_hoc_diagnostic_not_final_v2_validation,99,155.001881,2026-06-28T19:03:26.282+00:00,4.875495648831057,12.858651313374208,25.58879353054043,False,False,False,NORMAL,False
N4,post_hoc_diagnostic_not_final_v2_validation,100,156.006642,2026-06-28T19:03:27.289+00:00,5.737694912652952,12.858651313374208,25.58879353054043,False,False,False,NORMAL,False
N4,post_hoc_diagnostic_not_final_v2_validation,101,157.002471,2026-06-28T19:03:28.283+00:00,6.473599343288658,12.858651313374208,25.58879353054043,False,False,False,NORMAL,False
N4,post_hoc_diagnostic_not_final_v2_validation,102,158.001828,2026-06-28T19:03:29.283+00:00,3.743319680794734,12.858651313374208,25.58879353054043,False,False,False,NORMAL,False
N4,post_hoc_diagnostic_not_final_v2_validation,103,159.002732,2026-06-28T19:03:30.283+00:00,1.39482324822142,12.858651313374208,25.58879353054043,False,False,False,NORMAL,False
N4,post_hoc_diagnostic_not_final_v2_validation,104,160.002049,2026-06-28T19:03:31.282+00:00,0.6403450802739236,12.858651313374208,25.58879353054043,False,False,False,NORMAL,False
N4,post_hoc_diagnostic_not_final_v2_validation,105,161.002457,2026-06-28T19:03:32.282+00:00,0.537089059317469,12.858651313374208,25.58879353054043,False,False,False,NORMAL,False
N4,post_hoc_diagnostic_not_final_v2_validation,106,162.004821,2026-06-28T19:03:33.287+00:00,0.624173431273846,12.858651313374208,25.58879353054043,False,False,False,NORMAL,False
N4,post_hoc_diagnostic_not_final_v2_validation,107,163.005842,2026-06-28T19:03:34.290+00:00,1.0818046543440463,12.858651313374208,25.58879353054043,False,False,False,NORMAL,False
N4,post_hoc_diagnostic_not_final_v2_validation,108,164.006452,2026-06-28T19:03:35.288+00:00,1.6372508630088887,12.858651313374208,25.58879353054043,False,False,False,NORMAL,False
N4,post_hoc_diagnostic_not_final_v2_validation,109,165.001623,2026-06-28T19:03:36.282+00:00,2.13546381660815,12.858651313374208,25.58879353054043,False,False,False,NORMAL,False
N4,post_hoc_diagnostic_not_final_v2_validation,110,166.002055,2026-06-28T19:03:37.282+00:00,1.2283670675449203,12.858651313374208,25.58879353054043,False,False,False,NORMAL,False
N4,post_hoc_diagnostic_not_final_v2_validation,111,167.003728,2026-06-28T19:03:38.284+00:00,1.0519016480224628,12.858651313374208,25.58879353054043,False,False,False,NORMAL,False
N4,post_hoc_diagnostic_not_final_v2_validation,112,168.003946,2026-06-28T19:03:39.284+00:00,1.684154506994532,12.858651313374208,25.58879353054043,False,False,False,NORMAL,False
N4,post_hoc_diagnostic_not_final_v2_validation,113,169.001572,2026-06-28T19:03:40.282+00:00,2.649157031071719,12.858651313374208,25.58879353054043,False,False,False,NORMAL,False
N4,post_hoc_diagnostic_not_final_v2_validation,114,170.00931,2026-06-28T19:03:41.290+00:00,3.3355087614054746,12.858651313374208,25.58879353054043,False,False,False,NORMAL,False
N4,post_hoc_diagnostic_not_final_v2_validation,115,171.002287,2026-06-28T19:03:42.283+00:00,3.89889411337837,12.858651313374208,25.58879353054043,False,False,False,NORMAL,False
N4,post_hoc_diagnostic_not_final_v2_validation,116,172.002232,2026-06-28T19:03:43.283+00:00,4.388087080248075,12.858651313374208,25.58879353054043,False,False,False,NORMAL,False
N4,post_hoc_diagnostic_not_final_v2_validation,117,173.003642,2026-06-28T19:03:44.284+00:00,3.7723364334649894,12.858651313374208,25.58879353054043,False,False,False,NORMAL,False
N4,post_hoc_diagnostic_not_final_v2_validation,118,174.003974,2026-06-28T19:03:45.286+00:00,2.289506534103178,12.858651313374208,25.58879353054043,False,False,False,NORMAL,False
N4,post_hoc_diagnostic_not_final_v2_validation,119,175.006379,2026-06-28T19:03:46.288+00:00,0.8801567103509289,12.858651313374208,25.58879353054043,False,False,False,NORMAL,False
N4,post_hoc_diagnostic_not_final_v2_validation,120,176.004401,2026-06-28T19:03:47.286+00:00,0.6705105979284686,12.858651313374208,25.58879353054043,False,False,False,NORMAL,False
N4,post_hoc_diagnostic_not_final_v2_validation,121,177.04336,2026-06-28T19:03:48.324+00:00,0.9650570082345375,12.858651313374208,25.58879353054043,False,False,False,NORMAL,False
N4,post_hoc_diagnostic_not_final_v2_validation,122,178.003886,2026-06-28T19:03:49.284+00:00,1.4540007400833688,12.858651313374208,25.58879353054043,False,False,False,NORMAL,False
N4,post_hoc_diagnostic_not_final_v2_validation,123,179.001988,2026-06-28T19:03:50.282+00:00,1.879953409153012,12.858651313374208,25.58879353054043,False,False,False,NORMAL,False
N4,post_hoc_diagnostic_not_final_v2_validation,124,180.003372,2026-06-28T19:03:51.286+00:00,2.26489408005737,12.858651313374208,25.58879353054043,False,False,False,NORMAL,False
N4,post_hoc_diagnostic_not_final_v2_validation,125,181.003614,2026-06-28T19:03:52.284+00:00,2.181390641632715,12.858651313374208,25.58879353054043,False,False,False,NORMAL,False
N4,post_hoc_diagnostic_not_final_v2_validation,126,182.001935,2026-06-28T19:03:53.282+00:00,1.807046423792032,12.858651313374208,25.58879353054043,False,False,False,NORMAL,False
N4,post_hoc_diagnostic_not_final_v2_validation,127,183.005643,2026-06-28T19:03:54.288+00:00,1.3497128788859065,12.858651313374208,25.58879353054043,False,False,False,NORMAL,False
N4,post_hoc_diagnostic_not_final_v2_validation,128,184.004482,2026-06-28T19:03:55.286+00:00,1.7252498839905934,12.858651313374208,25.58879353054043,False,False,False,NORMAL,False
N4,post_hoc_diagnostic_not_final_v2_validation,129,185.003027,2026-06-28T19:03:56.284+00:00,2.651463101751789,12.858651313374208,25.58879353054043,False,False,False,NORMAL,False
N4,post_hoc_diagnostic_not_final_v2_validation,130,186.002248,2026-06-28T19:03:57.283+00:00,2.3309812285122975,12.858651313374208,25.58879353054043,False,False,False,NORMAL,False
N4,post_hoc_diagnostic_not_final_v2_validation,131,187.002345,2026-06-28T19:03:58.282+00:00,3.225344776165891,12.858651313374208,25.58879353054043,False,False,False,NORMAL,False
N4,post_hoc_diagnostic_not_final_v2_validation,132,188.003903,2026-06-28T19:03:59.285+00:00,4.1649549789473514,12.858651313374208,25.58879353054043,False,False,False,NORMAL,False
N4,post_hoc_diagnostic_not_final_v2_validation,133,189.001887,2026-06-28T19:04:00.283+00:00,5.343248601141276,12.858651313374208,25.58879353054043,False,False,False,NORMAL,False
N4,post_hoc_diagnostic_not_final_v2_validation,134,190.003497,2026-06-28T19:04:01.284+00:00,7.204101215072708,12.858651313374208,25.58879353054043,False,False,False,NORMAL,False
N4,post_hoc_diagnostic_not_final_v2_validation,135,191.002894,2026-06-28T19:04:02.284+00:00,10.169767306687124,12.858651313374208,25.58879353054043,False,False,False,NORMAL,False
N4,post_hoc_diagnostic_not_final_v2_validation,136,192.002461,2026-06-28T19:04:03.283+00:00,11.58752256961168,12.858651313374208,25.58879353054043,False,False,False,NORMAL,False
N4,post_hoc_diagnostic_not_final_v2_validation,137,193.004435,2026-06-28T19:04:04.286+00:00,13.241803512401049,12.858651313374208,25.58879353054043,True,False,False,SUSPICIOUS,False
N4,post_hoc_diagnostic_not_final_v2_validation,138,194.008495,2026-06-28T19:04:05.290+00:00,9.120552607013819,12.858651313374208,25.58879353054043,False,False,False,NORMAL,False
N4,post_hoc_diagnostic_not_final_v2_validation,139,195.002024,2026-06-28T19:04:06.283+00:00,6.570583881771215,12.858651313374208,25.58879353054043,False,False,False,NORMAL,False
N4,post_hoc_diagnostic_not_final_v2_validation,140,196.004024,2026-06-28T19:04:07.285+00:00,4.381654762614131,12.858651313374208,25.58879353054043,False,False,False,NORMAL,False
N4,post_hoc_diagnostic_not_final_v2_validation,141,197.003319,2026-06-28T19:04:08.283+00:00,2.642635218216275,12.858651313374208,25.58879353054043,False,False,False,NORMAL,False
N4,post_hoc_diagnostic_not_final_v2_validation,142,198.002364,2026-06-28T19:04:09.282+00:00,1.629220955832836,12.858651313374208,25.58879353054043,False,False,False,NORMAL,False
N4,post_hoc_diagnostic_not_final_v2_validation,143,199.003514,2026-06-28T19:04:10.285+00:00,0.9575290938488319,12.858651313374208,25.58879353054043,False,False,False,NORMAL,False
N4,post_hoc_diagnostic_not_final_v2_validation,144,200.004575,2026-06-28T19:04:11.285+00:00,1.251401706185276,12.858651313374208,25.58879353054043,False,False,False,NORMAL,False
N4,post_hoc_diagnostic_not_final_v2_validation,145,201.001952,2026-06-28T19:04:12.298+00:00,2.1786013084084312,12.858651313374208,25.58879353054043,False,False,False,NORMAL,False
N4,post_hoc_diagnostic_not_final_v2_validation,146,202.004011,2026-06-28T19:04:13.285+00:00,3.2525501569303135,12.858651313374208,25.58879353054043,False,False,False,NORMAL,False
N4,post_hoc_diagnostic_not_final_v2_validation,147,203.006441,2026-06-28T19:04:14.289+00:00,3.2165570325951327,12.858651313374208,25.58879353054043,False,False,False,NORMAL,False
N4,post_hoc_diagnostic_not_final_v2_validation,148,204.011407,2026-06-28T19:04:15.293+00:00,2.258261212891423,12.858651313374208,25.58879353054043,False,False,False,NORMAL,False
N4,post_hoc_diagnostic_not_final_v2_validation,149,205.005099,2026-06-28T19:04:16.285+00:00,2.0219959132796568,12.858651313374208,25.58879353054043,False,False,False,NORMAL,False
N4,post_hoc_diagnostic_not_final_v2_validation,150,206.002856,2026-06-28T19:04:17.284+00:00,1.7684400508105707,12.858651313374208,25.58879353054043,False,False,False,NORMAL,False
N4,post_hoc_diagnostic_not_final_v2_validation,151,207.001791,2026-06-28T19:04:18.282+00:00,1.616686023507986,12.858651313374208,25.58879353054043,False,False,False,NORMAL,False
N4,post_hoc_diagnostic_not_final_v2_validation,152,208.014351,2026-06-28T19:04:19.301+00:00,1.3655003784138326,12.858651313374208,25.58879353054043,False,False,False,NORMAL,False
N4,post_hoc_diagnostic_not_final_v2_validation,153,209.00451,2026-06-28T19:04:20.286+00:00,0.9274915901034693,12.858651313374208,25.58879353054043,False,False,False,NORMAL,False
N4,post_hoc_diagnostic_not_final_v2_validation,154,210.001281,2026-06-28T19:04:21.282+00:00,1.159563180348574,12.858651313374208,25.58879353054043,False,False,False,NORMAL,False
N4,post_hoc_diagnostic_not_final_v2_validation,155,211.003496,2026-06-28T19:04:22.285+00:00,1.2204324992211018,12.858651313374208,25.58879353054043,False,False,False,NORMAL,False
N4,post_hoc_diagnostic_not_final_v2_validation,156,212.001909,2026-06-28T19:04:23.282+00:00,0.9866380294566407,12.858651313374208,25.58879353054043,False,False,False,NORMAL,False
N4,post_hoc_diagnostic_not_final_v2_validation,157,213.003004,2026-06-28T19:04:24.284+00:00,0.8180127001518085,12.858651313374208,25.58879353054043,False,False,False,NORMAL,False
N4,post_hoc_diagnostic_not_final_v2_validation,158,214.003247,2026-06-28T19:04:25.283+00:00,0.9386286418011297,12.858651313374208,25.58879353054043,False,False,False,NORMAL,False
N4,post_hoc_diagnostic_not_final_v2_validation,159,215.003802,2026-06-28T19:04:26.284+00:00,1.0703848184207412,12.858651313374208,25.58879353054043,False,False,False,NORMAL,False
N4,post_hoc_diagnostic_not_final_v2_validation,160,216.003804,2026-06-28T19:04:27.284+00:00,1.2485899187953229,12.858651313374208,25.58879353054043,False,False,False,NORMAL,False
N4,post_hoc_diagnostic_not_final_v2_validation,161,217.003625,2026-06-28T19:04:28.284+00:00,0.8921504529767589,12.858651313374208,25.58879353054043,False,False,False,NORMAL,False
N4,post_hoc_diagnostic_not_final_v2_validation,162,218.003475,2026-06-28T19:04:29.284+00:00,0.6791200208311176,12.858651313374208,25.58879353054043,False,False,False,NORMAL,False
N4,post_hoc_diagnostic_not_final_v2_validation,163,219.002484,2026-06-28T19:04:30.283+00:00,0.8724221102395799,12.858651313374208,25.58879353054043,False,False,False,NORMAL,False
N4,post_hoc_diagnostic_not_final_v2_validation,164,220.002416,2026-06-28T19:04:31.282+00:00,1.5754908841900124,12.858651313374208,25.58879353054043,False,False,False,NORMAL,False
N4,post_hoc_diagnostic_not_final_v2_validation,165,221.002934,2026-06-28T19:04:32.283+00:00,2.3928548169964268,12.858651313374208,25.58879353054043,False,False,False,NORMAL,False
N4,post_hoc_diagnostic_not_final_v2_validation,166,222.003678,2026-06-28T19:04:33.284+00:00,3.237472152314266,12.858651313374208,25.58879353054043,False,False,False,NORMAL,False
N4,post_hoc_diagnostic_not_final_v2_validation,167,223.004343,2026-06-28T19:04:34.286+00:00,4.345896965727363,12.858651313374208,25.58879353054043,False,False,False,NORMAL,False
N4,post_hoc_diagnostic_not_final_v2_validation,168,224.001496,2026-06-28T19:04:35.281+00:00,5.386484299878175,12.858651313374208,25.58879353054043,False,False,False,NORMAL,False
N4,post_hoc_diagnostic_not_final_v2_validation,169,225.002249,2026-06-28T19:04:36.282+00:00,5.154737844555815,12.858651313374208,25.58879353054043,False,False,False,NORMAL,False
N4,post_hoc_diagnostic_not_final_v2_validation,170,226.00386,2026-06-28T19:04:37.285+00:00,5.016716692474146,12.858651313374208,25.58879353054043,False,False,False,NORMAL,False
N4,post_hoc_diagnostic_not_final_v2_validation,171,227.001908,2026-06-28T19:04:38.282+00:00,4.1630631860547425,12.858651313374208,25.58879353054043,False,False,False,NORMAL,False
N4,post_hoc_diagnostic_not_final_v2_validation,172,228.003395,2026-06-28T19:04:39.285+00:00,2.6014933345820808,12.858651313374208,25.58879353054043,False,False,False,NORMAL,False
N4,post_hoc_diagnostic_not_final_v2_validation,173,229.004422,2026-06-28T19:04:40.285+00:00,1.9902377345344482,12.858651313374208,25.58879353054043,False,False,False,NORMAL,False
N4,post_hoc_diagnostic_not_final_v2_validation,174,230.003561,2026-06-28T19:04:41.285+00:00,1.6880869663868654,12.858651313374208,25.58879353054043,False,False,False,NORMAL,False
N4,post_hoc_diagnostic_not_final_v2_validation,175,231.002435,2026-06-28T19:04:42.283+00:00,1.5934939044244616,12.858651313374208,25.58879353054043,False,False,False,NORMAL,False
N4,post_hoc_diagnostic_not_final_v2_validation,176,232.00159,2026-06-28T19:04:43.282+00:00,1.4774100355126807,12.858651313374208,25.58879353054043,False,False,False,NORMAL,False
N4,post_hoc_diagnostic_not_final_v2_validation,177,233.003223,2026-06-28T19:04:44.284+00:00,1.73376733982987,12.858651313374208,25.58879353054043,False,False,False,NORMAL,False
N4,post_hoc_diagnostic_not_final_v2_validation,178,234.00329,2026-06-28T19:04:45.284+00:00,1.9154614746219591,12.858651313374208,25.58879353054043,False,False,False,NORMAL,False
N4,post_hoc_diagnostic_not_final_v2_validation,179,235.004207,2026-06-28T19:04:46.285+00:00,2.295691255319822,12.858651313374208,25.58879353054043,False,False,False,NORMAL,False
N4,post_hoc_diagnostic_not_final_v2_validation,180,236.00369,2026-06-28T19:04:47.284+00:00,2.674383151122887,12.858651313374208,25.58879353054043,False,False,False,NORMAL,False
N4,post_hoc_diagnostic_not_final_v2_validation,181,237.001296,2026-06-28T19:04:48.281+00:00,3.0012226323265763,12.858651313374208,25.58879353054043,False,False,False,NORMAL,False
N4,post_hoc_diagnostic_not_final_v2_validation,182,238.002897,2026-06-28T19:04:49.283+00:00,3.206130775299046,12.858651313374208,25.58879353054043,False,False,False,NORMAL,False
N4,post_hoc_diagnostic_not_final_v2_validation,183,239.001579,2026-06-28T19:04:50.282+00:00,3.293938567387846,12.858651313374208,25.58879353054043,False,False,False,NORMAL,False
N4,post_hoc_diagnostic_not_final_v2_validation,184,240.004423,2026-06-28T19:04:51.285+00:00,3.3594185196441515,12.858651313374208,25.58879353054043,False,False,False,NORMAL,False
N4,post_hoc_diagnostic_not_final_v2_validation,185,241.00243,2026-06-28T19:04:52.283+00:00,3.393453481358047,12.858651313374208,25.58879353054043,False,False,False,NORMAL,False
N4,post_hoc_diagnostic_not_final_v2_validation,186,242.019319,2026-06-28T19:04:53.299+00:00,4.225713502483011,12.858651313374208,25.58879353054043,False,False,False,NORMAL,False
N4,post_hoc_diagnostic_not_final_v2_validation,187,243.003545,2026-06-28T19:04:54.284+00:00,4.404000677261407,12.858651313374208,25.58879353054043,False,False,False,NORMAL,False
N4,post_hoc_diagnostic_not_final_v2_validation,188,244.004744,2026-06-28T19:04:55.285+00:00,4.580490111499938,12.858651313374208,25.58879353054043,False,False,False,NORMAL,False
N4,post_hoc_diagnostic_not_final_v2_validation,189,245.003014,2026-06-28T19:04:56.284+00:00,4.711536690625054,12.858651313374208,25.58879353054043,False,False,False,NORMAL,False
N4,post_hoc_diagnostic_not_final_v2_validation,190,246.002533,2026-06-28T19:04:57.283+00:00,4.749697608624412,12.858651313374208,25.58879353054043,False,False,False,NORMAL,False
N4,post_hoc_diagnostic_not_final_v2_validation,191,247.002891,2026-06-28T19:04:58.284+00:00,4.5930975345994405,12.858651313374208,25.58879353054043,False,False,False,NORMAL,False
N4,post_hoc_diagnostic_not_final_v2_validation,192,248.00463,2026-06-28T19:04:59.286+00:00,3.9924217197970906,12.858651313374208,25.58879353054043,False,False,False,NORMAL,False
N4,post_hoc_diagnostic_not_final_v2_validation,193,249.001863,2026-06-28T19:05:00.286+00:00,4.060833923273318,12.858651313374208,25.58879353054043,False,False,False,NORMAL,False
N4,post_hoc_diagnostic_not_final_v2_validation,194,250.005475,2026-06-28T19:05:01.287+00:00,4.856639358374252,12.858651313374208,25.58879353054043,False,False,False,NORMAL,False
N4,post_hoc_diagnostic_not_final_v2_validation,195,251.002393,2026-06-28T19:05:02.283+00:00,3.645044523693409,12.858651313374208,25.58879353054043,False,False,False,NORMAL,False
N4,post_hoc_diagnostic_not_final_v2_validation,196,252.002164,2026-06-28T19:05:03.282+00:00,3.903786694324811,12.858651313374208,25.58879353054043,False,False,False,NORMAL,False
N4,post_hoc_diagnostic_not_final_v2_validation,197,253.004455,2026-06-28T19:05:04.285+00:00,4.851795550417814,12.858651313374208,25.58879353054043,False,False,False,NORMAL,False
N4,post_hoc_diagnostic_not_final_v2_validation,198,254.003862,2026-06-28T19:05:05.285+00:00,6.0669190811562625,12.858651313374208,25.58879353054043,False,False,False,NORMAL,False
N4,post_hoc_diagnostic_not_final_v2_validation,199,255.004175,2026-06-28T19:05:06.286+00:00,6.98721775231432,12.858651313374208,25.58879353054043,False,False,False,NORMAL,False
N4,post_hoc_diagnostic_not_final_v2_validation,200,256.005295,2026-06-28T19:05:07.286+00:00,6.867371145916129,12.858651313374208,25.58879353054043,False,False,False,NORMAL,False
N4,post_hoc_diagnostic_not_final_v2_validation,201,257.00375,2026-06-28T19:05:08.284+00:00,6.912397336504467,12.858651313374208,25.58879353054043,False,False,False,NORMAL,False
N4,post_hoc_diagnostic_not_final_v2_validation,202,258.016882,2026-06-28T19:05:09.299+00:00,7.756460299034811,12.858651313374208,25.58879353054043,False,False,False,NORMAL,False
N4,post_hoc_diagnostic_not_final_v2_validation,203,259.009119,2026-06-28T19:05:10.289+00:00,5.237087329180044,12.858651313374208,25.58879353054043,False,False,False,NORMAL,False
N4,post_hoc_diagnostic_not_final_v2_validation,204,260.003728,2026-06-28T19:05:11.284+00:00,4.454146179760578,12.858651313374208,25.58879353054043,False,False,False,NORMAL,False
N4,post_hoc_diagnostic_not_final_v2_validation,205,261.003639,2026-06-28T19:05:12.285+00:00,2.977995279078374,12.858651313374208,25.58879353054043,False,False,False,NORMAL,False
N4,post_hoc_diagnostic_not_final_v2_validation,206,262.001527,2026-06-28T19:05:13.282+00:00,2.1547168530927845,12.858651313374208,25.58879353054043,False,False,False,NORMAL,False
N4,post_hoc_diagnostic_not_final_v2_validation,207,263.003251,2026-06-28T19:05:14.284+00:00,1.2769132170341964,12.858651313374208,25.58879353054043,False,False,False,NORMAL,False
N4,post_hoc_diagnostic_not_final_v2_validation,208,264.00413,2026-06-28T19:05:15.285+00:00,0.31498506610124677,12.858651313374208,25.58879353054043,False,False,False,NORMAL,False
N4,post_hoc_diagnostic_not_final_v2_validation,209,265.002848,2026-06-28T19:05:16.284+00:00,0.23174459946385165,12.858651313374208,25.58879353054043,False,False,False,NORMAL,False
N4,post_hoc_diagnostic_not_final_v2_validation,210,266.003606,2026-06-28T19:05:17.285+00:00,0.6016092869730506,12.858651313374208,25.58879353054043,False,False,False,NORMAL,False
N4,post_hoc_diagnostic_not_final_v2_validation,211,267.004969,2026-06-28T19:05:18.286+00:00,1.1993016815199158,12.858651313374208,25.58879353054043,False,False,False,NORMAL,False
N4,post_hoc_diagnostic_not_final_v2_validation,212,268.020252,2026-06-28T19:05:19.302+00:00,1.7709725144261532,12.858651313374208,25.58879353054043,False,False,False,NORMAL,False
N4,post_hoc_diagnostic_not_final_v2_validation,213,269.00334,2026-06-28T19:05:20.284+00:00,1.472516601886197,12.858651313374208,25.58879353054043,False,False,False,NORMAL,False
N4,post_hoc_diagnostic_not_final_v2_validation,214,270.002723,2026-06-28T19:05:21.284+00:00,1.4156053348349,12.858651313374208,25.58879353054043,False,False,False,NORMAL,False
N4,post_hoc_diagnostic_not_final_v2_validation,215,271.003467,2026-06-28T19:05:22.284+00:00,0.977990422992947,12.858651313374208,25.58879353054043,False,False,False,NORMAL,False
N4,post_hoc_diagnostic_not_final_v2_validation,216,272.002484,2026-06-28T19:05:23.282+00:00,1.3900761090613498,12.858651313374208,25.58879353054043,False,False,False,NORMAL,False
N4,post_hoc_diagnostic_not_final_v2_validation,217,273.004545,2026-06-28T19:05:24.286+00:00,2.6559479122383425,12.858651313374208,25.58879353054043,False,False,False,NORMAL,False
N4,post_hoc_diagnostic_not_final_v2_validation,218,274.005803,2026-06-28T19:05:25.287+00:00,4.327394693077725,12.858651313374208,25.58879353054043,False,False,False,NORMAL,False
N4,post_hoc_diagnostic_not_final_v2_validation,219,275.003137,2026-06-28T19:05:26.284+00:00,6.177832354314527,12.858651313374208,25.58879353054043,False,False,False,NORMAL,False
N4,post_hoc_diagnostic_not_final_v2_validation,220,276.003119,2026-06-28T19:05:27.286+00:00,7.539496662707833,12.858651313374208,25.58879353054043,False,False,False,NORMAL,False
N4,post_hoc_diagnostic_not_final_v2_validation,221,277.005567,2026-06-28T19:05:28.287+00:00,8.109941615623594,12.858651313374208,25.58879353054043,False,False,False,NORMAL,False
N4,post_hoc_diagnostic_not_final_v2_validation,222,278.002556,2026-06-28T19:05:29.283+00:00,4.92453914733515,12.858651313374208,25.58879353054043,False,False,False,NORMAL,False
N4,post_hoc_diagnostic_not_final_v2_validation,223,279.001331,2026-06-28T19:05:30.282+00:00,2.399865812813673,12.858651313374208,25.58879353054043,False,False,False,NORMAL,False
N4,post_hoc_diagnostic_not_final_v2_validation,224,280.001977,2026-06-28T19:05:31.283+00:00,1.1644829260903093,12.858651313374208,25.58879353054043,False,False,False,NORMAL,False
N4,post_hoc_diagnostic_not_final_v2_validation,225,281.001568,2026-06-28T19:05:32.283+00:00,1.2027526882035648,12.858651313374208,25.58879353054043,False,False,False,NORMAL,False
N4,post_hoc_diagnostic_not_final_v2_validation,226,282.002001,2026-06-28T19:05:33.283+00:00,1.4905084534482587,12.858651313374208,25.58879353054043,False,False,False,NORMAL,False
N4,post_hoc_diagnostic_not_final_v2_validation,227,283.005314,2026-06-28T19:05:34.286+00:00,1.7434256521052558,12.858651313374208,25.58879353054043,False,False,False,NORMAL,False
N4,post_hoc_diagnostic_not_final_v2_validation,228,284.005661,2026-06-28T19:05:35.288+00:00,2.1592695838936478,12.858651313374208,25.58879353054043,False,False,False,NORMAL,False
N4,post_hoc_diagnostic_not_final_v2_validation,229,285.002971,2026-06-28T19:05:36.283+00:00,2.5106430846373864,12.858651313374208,25.58879353054043,False,False,False,NORMAL,False
N4,post_hoc_diagnostic_not_final_v2_validation,230,286.002809,2026-06-28T19:05:37.283+00:00,1.6102997985567244,12.858651313374208,25.58879353054043,False,False,False,NORMAL,False
N4,post_hoc_diagnostic_not_final_v2_validation,231,287.005247,2026-06-28T19:05:38.287+00:00,1.7928038418991392,12.858651313374208,25.58879353054043,False,False,False,NORMAL,False
N4,post_hoc_diagnostic_not_final_v2_validation,232,288.00184,2026-06-28T19:05:39.282+00:00,2.969966926366931,12.858651313374208,25.58879353054043,False,False,False,NORMAL,False
N4,post_hoc_diagnostic_not_final_v2_validation,233,289.001444,2026-06-28T19:05:40.281+00:00,3.8388399807497144,12.858651313374208,25.58879353054043,False,False,False,NORMAL,False
N4,post_hoc_diagnostic_not_final_v2_validation,234,290.003042,2026-06-28T19:05:41.283+00:00,4.742539532724797,12.858651313374208,25.58879353054043,False,False,False,NORMAL,False
N4,post_hoc_diagnostic_not_final_v2_validation,235,291.004389,2026-06-28T19:05:42.285+00:00,5.555093256544099,12.858651313374208,25.58879353054043,False,False,False,NORMAL,False
N4,post_hoc_diagnostic_not_final_v2_validation,236,292.001856,2026-06-28T19:05:43.282+00:00,6.234176323512482,12.858651313374208,25.58879353054043,False,False,False,NORMAL,False
N4,post_hoc_diagnostic_not_final_v2_validation,237,293.010467,2026-06-28T19:05:44.292+00:00,5.119475749549633,12.858651313374208,25.58879353054043,False,False,False,NORMAL,False
N4,post_hoc_diagnostic_not_final_v2_validation,238,294.007034,2026-06-28T19:05:45.288+00:00,3.552163375580193,12.858651313374208,25.58879353054043,False,False,False,NORMAL,False
N4,post_hoc_diagnostic_not_final_v2_validation,239,295.00347,2026-06-28T19:05:46.284+00:00,1.1104931907794655,12.858651313374208,25.58879353054043,False,False,False,NORMAL,False
N4,post_hoc_diagnostic_not_final_v2_validation,240,296.003324,2026-06-28T19:05:47.284+00:00,0.2478149034957658,12.858651313374208,25.58879353054043,False,False,False,NORMAL,False
N4,post_hoc_diagnostic_not_final_v2_validation,241,297.003901,2026-06-28T19:05:48.285+00:00,0.48511109585266,12.858651313374208,25.58879353054043,False,False,False,NORMAL,False
N4,post_hoc_diagnostic_not_final_v2_validation,242,298.002057,2026-06-28T19:05:49.283+00:00,1.951212608324166,12.858651313374208,25.58879353054043,False,False,False,NORMAL,False
N4,post_hoc_diagnostic_not_final_v2_validation,243,299.002823,2026-06-28T19:05:50.283+00:00,3.9382354100933963,12.858651313374208,25.58879353054043,False,False,False,NORMAL,False
N4,post_hoc_diagnostic_not_final_v2_validation,244,300.004237,2026-06-28T19:05:51.286+00:00,6.022775465068602,12.858651313374208,25.58879353054043,False,False,False,NORMAL,False
N4,post_hoc_diagnostic_not_final_v2_validation,245,301.00119,2026-06-28T19:05:52.282+00:00,6.243125781109921,12.858651313374208,25.58879353054043,False,False,False,NORMAL,False
N4,post_hoc_diagnostic_not_final_v2_validation,246,302.003581,2026-06-28T19:05:53.284+00:00,5.516387403810052,12.858651313374208,25.58879353054043,False,False,False,NORMAL,False
N4,post_hoc_diagnostic_not_final_v2_validation,247,303.003303,2026-06-28T19:05:54.284+00:00,3.084880789058473,12.858651313374208,25.58879353054043,False,False,False,NORMAL,False
N4,post_hoc_diagnostic_not_final_v2_validation,248,304.003183,2026-06-28T19:05:55.284+00:00,1.5344207646898202,12.858651313374208,25.58879353054043,False,False,False,NORMAL,False
N4,post_hoc_diagnostic_not_final_v2_validation,249,305.004259,2026-06-28T19:05:56.286+00:00,0.531379134293957,12.858651313374208,25.58879353054043,False,False,False,NORMAL,False
N4,post_hoc_diagnostic_not_final_v2_validation,250,306.005843,2026-06-28T19:05:57.288+00:00,1.0234703609575564,12.858651313374208,25.58879353054043,False,False,False,NORMAL,False
N4,post_hoc_diagnostic_not_final_v2_validation,251,307.003958,2026-06-28T19:05:58.285+00:00,2.2192663391455314,12.858651313374208,25.58879353054043,False,False,False,NORMAL,False
N4,post_hoc_diagnostic_not_final_v2_validation,252,308.00513,2026-06-28T19:05:59.285+00:00,2.4971181917421177,12.858651313374208,25.58879353054043,False,False,False,NORMAL,False
N4,post_hoc_diagnostic_not_final_v2_validation,253,309.00231,2026-06-28T19:06:00.282+00:00,1.9016383850599743,12.858651313374208,25.58879353054043,False,False,False,NORMAL,False
N4,post_hoc_diagnostic_not_final_v2_validation,254,310.009611,2026-06-28T19:06:01.290+00:00,1.5196282476396066,12.858651313374208,25.58879353054043,False,False,False,NORMAL,False
N4,post_hoc_diagnostic_not_final_v2_validation,255,311.004945,2026-06-28T19:06:02.285+00:00,1.2863305186824805,12.858651313374208,25.58879353054043,False,False,False,NORMAL,False
N4,post_hoc_diagnostic_not_final_v2_validation,256,312.001604,2026-06-28T19:06:03.282+00:00,0.3645132570989721,12.858651313374208,25.58879353054043,False,False,False,NORMAL,False
N4,post_hoc_diagnostic_not_final_v2_validation,257,313.002232,2026-06-28T19:06:04.283+00:00,0.6665234468988575,12.858651313374208,25.58879353054043,False,False,False,NORMAL,False
N4,post_hoc_diagnostic_not_final_v2_validation,258,314.002821,2026-06-28T19:06:05.283+00:00,1.4160963358017953,12.858651313374208,25.58879353054043,False,False,False,NORMAL,False
N4,post_hoc_diagnostic_not_final_v2_validation,259,315.002726,2026-06-28T19:06:06.283+00:00,1.9565169309996104,12.858651313374208,25.58879353054043,False,False,False,NORMAL,False
N4,post_hoc_diagnostic_not_final_v2_validation,260,316.004107,2026-06-28T19:06:07.285+00:00,1.9527684151752354,12.858651313374208,25.58879353054043,False,False,False,NORMAL,False
N4,post_hoc_diagnostic_not_final_v2_validation,261,317.004669,2026-06-28T19:06:08.286+00:00,2.3528277097113524,12.858651313374208,25.58879353054043,False,False,False,NORMAL,False
N4,post_hoc_diagnostic_not_final_v2_validation,262,318.003791,2026-06-28T19:06:09.285+00:00,3.1536890965728777,12.858651313374208,25.58879353054043,False,False,False,NORMAL,False
N4,post_hoc_diagnostic_not_final_v2_validation,263,319.004445,2026-06-28T19:06:10.286+00:00,4.2787482987338095,12.858651313374208,25.58879353054043,False,False,False,NORMAL,False
N4,post_hoc_diagnostic_not_final_v2_validation,264,320.00591,2026-06-28T19:06:11.287+00:00,6.298269089981741,12.858651313374208,25.58879353054043,False,False,False,NORMAL,False
N4,post_hoc_diagnostic_not_final_v2_validation,265,321.003477,2026-06-28T19:06:12.284+00:00,9.152779096663084,12.858651313374208,25.58879353054043,False,False,False,NORMAL,False
N4,post_hoc_diagnostic_not_final_v2_validation,266,322.004993,2026-06-28T19:06:13.286+00:00,11.638858938313085,12.858651313374208,25.58879353054043,False,False,False,NORMAL,False
N4,post_hoc_diagnostic_not_final_v2_validation,267,323.003687,2026-06-28T19:06:14.285+00:00,11.565660825513731,12.858651313374208,25.58879353054043,False,False,False,NORMAL,False
N4,post_hoc_diagnostic_not_final_v2_validation,268,324.005366,2026-06-28T19:06:15.286+00:00,6.821186063491229,12.858651313374208,25.58879353054043,False,False,False,NORMAL,False
N4,post_hoc_diagnostic_not_final_v2_validation,269,325.0047,2026-06-28T19:06:16.286+00:00,3.960576019741422,12.858651313374208,25.58879353054043,False,False,False,NORMAL,False
N4,post_hoc_diagnostic_not_final_v2_validation,270,326.001565,2026-06-28T19:06:17.286+00:00,2.1148032715049583,12.858651313374208,25.58879353054043,False,False,False,NORMAL,False
N4,post_hoc_diagnostic_not_final_v2_validation,271,327.005935,2026-06-28T19:06:18.287+00:00,1.011581710029093,12.858651313374208,25.58879353054043,False,False,False,NORMAL,False
N4,post_hoc_diagnostic_not_final_v2_validation,272,328.024368,2026-06-28T19:06:19.307+00:00,0.7338292712275396,12.858651313374208,25.58879353054043,False,False,False,NORMAL,False
N4,post_hoc_diagnostic_not_final_v2_validation,273,329.003677,2026-06-28T19:06:20.285+00:00,0.6065752934377968,12.858651313374208,25.58879353054043,False,False,False,NORMAL,False
N4,post_hoc_diagnostic_not_final_v2_validation,274,330.002116,2026-06-28T19:06:21.283+00:00,1.274617086651935,12.858651313374208,25.58879353054043,False,False,False,NORMAL,False
N4,post_hoc_diagnostic_not_final_v2_validation,275,331.001563,2026-06-28T19:06:22.282+00:00,1.4516155345283668,12.858651313374208,25.58879353054043,False,False,False,NORMAL,False
N4,post_hoc_diagnostic_not_final_v2_validation,276,332.001564,2026-06-28T19:06:23.283+00:00,0.9570322838549352,12.858651313374208,25.58879353054043,False,False,False,NORMAL,False
N4,post_hoc_diagnostic_not_final_v2_validation,277,333.013561,2026-06-28T19:06:24.301+00:00,0.675287668919005,12.858651313374208,25.58879353054043,False,False,False,NORMAL,False
N4,post_hoc_diagnostic_not_final_v2_validation,278,334.00387,2026-06-28T19:06:25.284+00:00,0.5452440243553076,12.858651313374208,25.58879353054043,False,False,False,NORMAL,False
N4,post_hoc_diagnostic_not_final_v2_validation,279,335.004481,2026-06-28T19:06:26.285+00:00,0.5209942648656526,12.858651313374208,25.58879353054043,False,False,False,NORMAL,False
N4,post_hoc_diagnostic_not_final_v2_validation,280,336.003673,2026-06-28T19:06:27.284+00:00,0.7312259880017744,12.858651313374208,25.58879353054043,False,False,False,NORMAL,False
N4,post_hoc_diagnostic_not_final_v2_validation,281,337.003126,2026-06-28T19:06:28.284+00:00,1.2361460480886106,12.858651313374208,25.58879353054043,False,False,False,NORMAL,False
N4,post_hoc_diagnostic_not_final_v2_validation,282,338.004848,2026-06-28T19:06:29.285+00:00,1.4989651193448932,12.858651313374208,25.58879353054043,False,False,False,NORMAL,False
N4,post_hoc_diagnostic_not_final_v2_validation,283,339.005098,2026-06-28T19:06:30.286+00:00,1.3030519633836777,12.858651313374208,25.58879353054043,False,False,False,NORMAL,False
N4,post_hoc_diagnostic_not_final_v2_validation,284,340.005832,2026-06-28T19:06:31.288+00:00,1.1395755336165405,12.858651313374208,25.58879353054043,False,False,False,NORMAL,False
N4,post_hoc_diagnostic_not_final_v2_validation,285,341.002578,2026-06-28T19:06:32.284+00:00,1.3114603585013744,12.858651313374208,25.58879353054043,False,False,False,NORMAL,False
N4,post_hoc_diagnostic_not_final_v2_validation,286,342.00335,2026-06-28T19:06:33.284+00:00,1.4388328183311532,12.858651313374208,25.58879353054043,False,False,False,NORMAL,False
N4,post_hoc_diagnostic_not_final_v2_validation,287,343.004754,2026-06-28T19:06:34.285+00:00,1.763667037999057,12.858651313374208,25.58879353054043,False,False,False,NORMAL,False
N4,post_hoc_diagnostic_not_final_v2_validation,288,344.003504,2026-06-28T19:06:35.284+00:00,2.0462785954647975,12.858651313374208,25.58879353054043,False,False,False,NORMAL,False
N4,post_hoc_diagnostic_not_final_v2_validation,289,345.001965,2026-06-28T19:06:36.282+00:00,2.366401028905226,12.858651313374208,25.58879353054043,False,False,False,NORMAL,False
N4,post_hoc_diagnostic_not_final_v2_validation,290,346.004671,2026-06-28T19:06:37.287+00:00,2.458105750183495,12.858651313374208,25.58879353054043,False,False,False,NORMAL,False
N4,post_hoc_diagnostic_not_final_v2_validation,291,347.002339,2026-06-28T19:06:38.283+00:00,2.4482912157626675,12.858651313374208,25.58879353054043,False,False,False,NORMAL,False
N4,post_hoc_diagnostic_not_final_v2_validation,292,348.001268,2026-06-28T19:06:39.281+00:00,1.6934901824943542,12.858651313374208,25.58879353054043,False,False,False,NORMAL,False
N4,post_hoc_diagnostic_not_final_v2_validation,293,349.001865,2026-06-28T19:06:40.282+00:00,1.1495490422591537,12.858651313374208,25.58879353054043,False,False,False,NORMAL,False
N4,post_hoc_diagnostic_not_final_v2_validation,294,350.003656,2026-06-28T19:06:41.284+00:00,1.1322652242510967,12.858651313374208,25.58879353054043,False,False,False,NORMAL,False
N4,post_hoc_diagnostic_not_final_v2_validation,295,351.003439,2026-06-28T19:06:42.284+00:00,1.3867286541185255,12.858651313374208,25.58879353054043,False,False,False,NORMAL,False
N4,post_hoc_diagnostic_not_final_v2_validation,296,352.002092,2026-06-28T19:06:43.283+00:00,1.7228060298532701,12.858651313374208,25.58879353054043,False,False,False,NORMAL,False
N4,post_hoc_diagnostic_not_final_v2_validation,297,353.003393,2026-06-28T19:06:44.286+00:00,2.050941191494692,12.858651313374208,25.58879353054043,False,False,False,NORMAL,False
N4,post_hoc_diagnostic_not_final_v2_validation,298,354.004064,2026-06-28T19:06:45.286+00:00,2.3727076989362557,12.858651313374208,25.58879353054043,False,False,False,NORMAL,False
N4,post_hoc_diagnostic_not_final_v2_validation,299,355.002674,2026-06-28T19:06:46.283+00:00,2.7182048319030105,12.858651313374208,25.58879353054043,False,False,False,NORMAL,False
N4,post_hoc_diagnostic_not_final_v2_validation,300,356.005107,2026-06-28T19:06:47.286+00:00,3.048784861774689,12.858651313374208,25.58879353054043,False,False,False,NORMAL,False
N4,post_hoc_diagnostic_not_final_v2_validation,301,357.00225,2026-06-28T19:06:48.282+00:00,3.2808769617497493,12.858651313374208,25.58879353054043,False,False,False,NORMAL,False
N4,post_hoc_diagnostic_not_final_v2_validation,302,358.002307,2026-06-28T19:06:49.282+00:00,3.447765235624239,12.858651313374208,25.58879353054043,False,False,False,NORMAL,False
N4,post_hoc_diagnostic_not_final_v2_validation,303,359.004378,2026-06-28T19:06:50.288+00:00,3.541348528205558,12.858651313374208,25.58879353054043,False,False,False,NORMAL,False
N4,post_hoc_diagnostic_not_final_v2_validation,304,360.001493,2026-06-28T19:06:51.282+00:00,3.5823793139927416,12.858651313374208,25.58879353054043,False,False,False,NORMAL,False
N4,post_hoc_diagnostic_not_final_v2_validation,305,361.003132,2026-06-28T19:06:52.284+00:00,3.6910968293140445,12.858651313374208,25.58879353054043,False,False,False,NORMAL,False
N4,post_hoc_diagnostic_not_final_v2_validation,306,362.002309,2026-06-28T19:06:53.283+00:00,4.423646548680518,12.858651313374208,25.58879353054043,False,False,False,NORMAL,False
N4,post_hoc_diagnostic_not_final_v2_validation,307,363.002715,2026-06-28T19:06:54.283+00:00,4.539990461487781,12.858651313374208,25.58879353054043,False,False,False,NORMAL,False
N4,post_hoc_diagnostic_not_final_v2_validation,308,364.002344,2026-06-28T19:06:55.283+00:00,4.695667550460043,12.858651313374208,25.58879353054043,False,False,False,NORMAL,False
N4,post_hoc_diagnostic_not_final_v2_validation,309,365.002696,2026-06-28T19:06:56.284+00:00,4.819480406854544,12.858651313374208,25.58879353054043,False,False,False,NORMAL,False
N4,post_hoc_diagnostic_not_final_v2_validation,310,366.001465,2026-06-28T19:06:57.281+00:00,4.991720559411741,12.858651313374208,25.58879353054043,False,False,False,NORMAL,False
N4,post_hoc_diagnostic_not_final_v2_validation,311,367.00212,2026-06-28T19:06:58.282+00:00,5.094473885520889,12.858651313374208,25.58879353054043,False,False,False,NORMAL,False
N4,post_hoc_diagnostic_not_final_v2_validation,312,368.002686,2026-06-28T19:06:59.283+00:00,4.40524025067009,12.858651313374208,25.58879353054043,False,False,False,NORMAL,False
N4,post_hoc_diagnostic_not_final_v2_validation,313,369.002594,2026-06-28T19:07:00.283+00:00,3.6782145857268995,12.858651313374208,25.58879353054043,False,False,False,NORMAL,False
N4,post_hoc_diagnostic_not_final_v2_validation,314,370.001899,2026-06-28T19:07:01.283+00:00,3.3184730885284677,12.858651313374208,25.58879353054043,False,False,False,NORMAL,False
N4,post_hoc_diagnostic_not_final_v2_validation,315,371.002323,2026-06-28T19:07:02.283+00:00,2.414349482440116,12.858651313374208,25.58879353054043,False,False,False,NORMAL,False
N4,post_hoc_diagnostic_not_final_v2_validation,316,372.001992,2026-06-28T19:07:03.284+00:00,1.7315521572473351,12.858651313374208,25.58879353054043,False,False,False,NORMAL,False
N4,post_hoc_diagnostic_not_final_v2_validation,317,373.002803,2026-06-28T19:07:04.284+00:00,1.1956883837841117,12.858651313374208,25.58879353054043,False,False,False,NORMAL,False
N4,post_hoc_diagnostic_not_final_v2_validation,318,374.00409,2026-06-28T19:07:05.285+00:00,0.8120402206115634,12.858651313374208,25.58879353054043,False,False,False,NORMAL,False
N4,post_hoc_diagnostic_not_final_v2_validation,319,375.004388,2026-06-28T19:07:06.285+00:00,0.5493856181161643,12.858651313374208,25.58879353054043,False,False,False,NORMAL,False
N4,post_hoc_diagnostic_not_final_v2_validation,320,376.004899,2026-06-28T19:07:07.286+00:00,0.42843928643116513,12.858651313374208,25.58879353054043,False,False,False,NORMAL,False
N4,post_hoc_diagnostic_not_final_v2_validation,321,377.003208,2026-06-28T19:07:08.284+00:00,0.3828846734917539,12.858651313374208,25.58879353054043,False,False,False,NORMAL,False
N4,post_hoc_diagnostic_not_final_v2_validation,322,378.002161,2026-06-28T19:07:09.283+00:00,0.4175587032530676,12.858651313374208,25.58879353054043,False,False,False,NORMAL,False
N4,post_hoc_diagnostic_not_final_v2_validation,323,379.002788,2026-06-28T19:07:10.283+00:00,0.466089917226913,12.858651313374208,25.58879353054043,False,False,False,NORMAL,False
N4,post_hoc_diagnostic_not_final_v2_validation,324,380.002718,2026-06-28T19:07:11.283+00:00,0.15961108578812142,12.858651313374208,25.58879353054043,False,False,False,NORMAL,False
N4,post_hoc_diagnostic_not_final_v2_validation,325,381.004124,2026-06-28T19:07:12.285+00:00,1.2944212163089492,12.858651313374208,25.58879353054043,False,False,False,NORMAL,False
N4,post_hoc_diagnostic_not_final_v2_validation,326,382.001479,2026-06-28T19:07:13.281+00:00,3.223143079265247,12.858651313374208,25.58879353054043,False,False,False,NORMAL,False
N4,post_hoc_diagnostic_not_final_v2_validation,327,383.005193,2026-06-28T19:07:14.287+00:00,6.353231923225515,12.858651313374208,25.58879353054043,False,False,False,NORMAL,False
N4,post_hoc_diagnostic_not_final_v2_validation,328,384.004662,2026-06-28T19:07:15.285+00:00,11.01952082614553,12.858651313374208,25.58879353054043,False,False,False,NORMAL,False
N4,post_hoc_diagnostic_not_final_v2_validation,329,385.002778,2026-06-28T19:07:16.283+00:00,12.576298792416125,12.858651313374208,25.58879353054043,False,False,False,NORMAL,False
N4,post_hoc_diagnostic_not_final_v2_validation,330,386.002901,2026-06-28T19:07:17.283+00:00,13.945409606654437,12.858651313374208,25.58879353054043,True,False,False,SUSPICIOUS,False
N4,post_hoc_diagnostic_not_final_v2_validation,331,387.003984,2026-06-28T19:07:18.285+00:00,15.192052892665785,12.858651313374208,25.58879353054043,True,False,False,SUSPICIOUS,False
N4,post_hoc_diagnostic_not_final_v2_validation,332,388.002023,2026-06-28T19:07:19.282+00:00,14.812083668694175,12.858651313374208,25.58879353054043,True,False,False,SUSPICIOUS,False
N4,post_hoc_diagnostic_not_final_v2_validation,333,389.00424,2026-06-28T19:07:20.285+00:00,9.404162650058844,12.858651313374208,25.58879353054043,False,False,False,NORMAL,False
N4,post_hoc_diagnostic_not_final_v2_validation,334,390.003945,2026-06-28T19:07:21.285+00:00,6.1743000187763375,12.858651313374208,25.58879353054043,False,False,False,NORMAL,False
N4,post_hoc_diagnostic_not_final_v2_validation,335,391.005622,2026-06-28T19:07:22.287+00:00,4.141840707650212,12.858651313374208,25.58879353054043,False,False,False,NORMAL,False
N4,post_hoc_diagnostic_not_final_v2_validation,336,392.002965,2026-06-28T19:07:23.284+00:00,2.6479513330230384,12.858651313374208,25.58879353054043,False,False,False,NORMAL,False
N4,post_hoc_diagnostic_not_final_v2_validation,337,393.00621,2026-06-28T19:07:24.287+00:00,2.27388818476277,12.858651313374208,25.58879353054043,False,False,False,NORMAL,False
N4,post_hoc_diagnostic_not_final_v2_validation,338,394.004356,2026-06-28T19:07:25.285+00:00,2.385483159875819,12.858651313374208,25.58879353054043,False,False,False,NORMAL,False
N4,post_hoc_diagnostic_not_final_v2_validation,339,395.003378,2026-06-28T19:07:26.284+00:00,2.686484376169174,12.858651313374208,25.58879353054043,False,False,False,NORMAL,False
N4,post_hoc_diagnostic_not_final_v2_validation,340,396.00157,2026-06-28T19:07:27.282+00:00,3.167113128996488,12.858651313374208,25.58879353054043,False,False,False,NORMAL,False
N4,post_hoc_diagnostic_not_final_v2_validation,341,397.005575,2026-06-28T19:07:28.287+00:00,1.9897252469947277,12.858651313374208,25.58879353054043,False,False,False,NORMAL,False
N4,post_hoc_diagnostic_not_final_v2_validation,342,398.00329,2026-06-28T19:07:29.284+00:00,0.8341531468052921,12.858651313374208,25.58879353054043,False,False,False,NORMAL,False
N4,post_hoc_diagnostic_not_final_v2_validation,343,399.002327,2026-06-28T19:07:30.283+00:00,0.3386393693761813,12.858651313374208,25.58879353054043,False,False,False,NORMAL,False
N4,post_hoc_diagnostic_not_final_v2_validation,344,400.005563,2026-06-28T19:07:31.286+00:00,0.7452598103434205,12.858651313374208,25.58879353054043,False,False,False,NORMAL,False
N4,post_hoc_diagnostic_not_final_v2_validation,345,401.001779,2026-06-28T19:07:32.283+00:00,1.452420119237765,12.858651313374208,25.58879353054043,False,False,False,NORMAL,False
N4,post_hoc_diagnostic_not_final_v2_validation,346,402.001286,2026-06-28T19:07:33.282+00:00,2.2762397309092277,12.858651313374208,25.58879353054043,False,False,False,NORMAL,False
N4,post_hoc_diagnostic_not_final_v2_validation,347,403.005755,2026-06-28T19:07:34.286+00:00,3.1105692820822677,12.858651313374208,25.58879353054043,False,False,False,NORMAL,False
N4,post_hoc_diagnostic_not_final_v2_validation,348,404.003871,2026-06-28T19:07:35.285+00:00,3.867871740413732,12.858651313374208,25.58879353054043,False,False,False,NORMAL,False
N4,post_hoc_diagnostic_not_final_v2_validation,349,405.00511,2026-06-28T19:07:36.285+00:00,2.522359186223874,12.858651313374208,25.58879353054043,False,False,False,NORMAL,False
N4,post_hoc_diagnostic_not_final_v2_validation,350,406.002071,2026-06-28T19:07:37.282+00:00,1.2410108998010303,12.858651313374208,25.58879353054043,False,False,False,NORMAL,False
N4,post_hoc_diagnostic_not_final_v2_validation,351,407.002036,2026-06-28T19:07:38.283+00:00,0.5208453689353306,12.858651313374208,25.58879353054043,False,False,False,NORMAL,False
N4,post_hoc_diagnostic_not_final_v2_validation,352,408.004685,2026-06-28T19:07:39.286+00:00,0.6237619325523889,12.858651313374208,25.58879353054043,False,False,False,NORMAL,False
N4,post_hoc_diagnostic_not_final_v2_validation,353,409.003498,2026-06-28T19:07:40.285+00:00,1.203738947509584,12.858651313374208,25.58879353054043,False,False,False,NORMAL,False
N4,post_hoc_diagnostic_not_final_v2_validation,354,410.002079,2026-06-28T19:07:41.283+00:00,2.1665771439831527,12.858651313374208,25.58879353054043,False,False,False,NORMAL,False
N4,post_hoc_diagnostic_not_final_v2_validation,355,411.001654,2026-06-28T19:07:42.282+00:00,3.220554230492807,12.858651313374208,25.58879353054043,False,False,False,NORMAL,False
N4,post_hoc_diagnostic_not_final_v2_validation,356,412.00445,2026-06-28T19:07:43.285+00:00,4.815028032466756,12.858651313374208,25.58879353054043,False,False,False,NORMAL,False
N4,post_hoc_diagnostic_not_final_v2_validation,357,413.004757,2026-06-28T19:07:44.287+00:00,4.725086762793804,12.858651313374208,25.58879353054043,False,False,False,NORMAL,False
N4,post_hoc_diagnostic_not_final_v2_validation,358,414.00876,2026-06-28T19:07:45.290+00:00,1.9682530582505038,12.858651313374208,25.58879353054043,False,False,False,NORMAL,False
N4,post_hoc_diagnostic_not_final_v2_validation,359,415.004655,2026-06-28T19:07:46.285+00:00,0.8425988822021622,12.858651313374208,25.58879353054043,False,False,False,NORMAL,False
N4,post_hoc_diagnostic_not_final_v2_validation,360,416.007458,2026-06-28T19:07:47.289+00:00,0.292105734041177,12.858651313374208,25.58879353054043,False,False,False,NORMAL,False
N4,post_hoc_diagnostic_not_final_v2_validation,361,417.008643,2026-06-28T19:07:48.293+00:00,0.08751961184285884,12.858651313374208,25.58879353054043,False,False,False,NORMAL,False
N4,post_hoc_diagnostic_not_final_v2_validation,362,418.005137,2026-06-28T19:07:49.286+00:00,0.08254069158575372,12.858651313374208,25.58879353054043,False,False,False,NORMAL,False
N4,post_hoc_diagnostic_not_final_v2_validation,363,419.00394,2026-06-28T19:07:50.285+00:00,0.1682210352821198,12.858651313374208,25.58879353054043,False,False,False,NORMAL,False
N4,post_hoc_diagnostic_not_final_v2_validation,364,420.004781,2026-06-28T19:07:51.285+00:00,0.3971234154266831,12.858651313374208,25.58879353054043,False,False,False,NORMAL,False
N4,post_hoc_diagnostic_not_final_v2_validation,365,421.004284,2026-06-28T19:07:52.285+00:00,0.32763212529146235,12.858651313374208,25.58879353054043,False,False,False,NORMAL,False
N4,post_hoc_diagnostic_not_final_v2_validation,366,422.002913,2026-06-28T19:07:53.283+00:00,0.43810124412331064,12.858651313374208,25.58879353054043,False,False,False,NORMAL,False
N4,post_hoc_diagnostic_not_final_v2_validation,367,423.002594,2026-06-28T19:07:54.283+00:00,1.3972048551165517,12.858651313374208,25.58879353054043,False,False,False,NORMAL,False
N4,post_hoc_diagnostic_not_final_v2_validation,368,424.006089,2026-06-28T19:07:55.287+00:00,2.7628908773964582,12.858651313374208,25.58879353054043,False,False,False,NORMAL,False
N4,post_hoc_diagnostic_not_final_v2_validation,369,425.001701,2026-06-28T19:07:56.282+00:00,3.694883571009351,12.858651313374208,25.58879353054043,False,False,False,NORMAL,False
N4,post_hoc_diagnostic_not_final_v2_validation,370,426.002343,2026-06-28T19:07:57.283+00:00,4.539241462451129,12.858651313374208,25.58879353054043,False,False,False,NORMAL,False
N4,post_hoc_diagnostic_not_final_v2_validation,371,427.005399,2026-06-28T19:07:58.287+00:00,5.568153867847947,12.858651313374208,25.58879353054043,False,False,False,NORMAL,False
N4,post_hoc_diagnostic_not_final_v2_validation,372,428.001975,2026-06-28T19:07:59.282+00:00,5.1975710635589465,12.858651313374208,25.58879353054043,False,False,False,NORMAL,False
N4,post_hoc_diagnostic_not_final_v2_validation,373,429.002745,2026-06-28T19:08:00.284+00:00,3.565975594290025,12.858651313374208,25.58879353054043,False,False,False,NORMAL,False
N4,post_hoc_diagnostic_not_final_v2_validation,374,430.004438,2026-06-28T19:08:01.286+00:00,2.858480376753465,12.858651313374208,25.58879353054043,False,False,False,NORMAL,False
N4,post_hoc_diagnostic_not_final_v2_validation,375,431.002712,2026-06-28T19:08:02.283+00:00,2.3628515539354433,12.858651313374208,25.58879353054043,False,False,False,NORMAL,False
N4,post_hoc_diagnostic_not_final_v2_validation,376,432.004036,2026-06-28T19:08:03.285+00:00,1.0815846150615545,12.858651313374208,25.58879353054043,False,False,False,NORMAL,False
N4,post_hoc_diagnostic_not_final_v2_validation,377,433.002366,2026-06-28T19:08:04.283+00:00,0.7259252350668982,12.858651313374208,25.58879353054043,False,False,False,NORMAL,False
N4,post_hoc_diagnostic_not_final_v2_validation,378,434.002299,2026-06-28T19:08:05.282+00:00,0.9295425407672764,12.858651313374208,25.58879353054043,False,False,False,NORMAL,False
N4,post_hoc_diagnostic_not_final_v2_validation,379,435.001343,2026-06-28T19:08:06.282+00:00,1.5232825091358586,12.858651313374208,25.58879353054043,False,False,False,NORMAL,False
N4,post_hoc_diagnostic_not_final_v2_validation,380,436.002818,2026-06-28T19:08:07.283+00:00,1.8494452762009659,12.858651313374208,25.58879353054043,False,False,False,NORMAL,False
N4,post_hoc_diagnostic_not_final_v2_validation,381,437.004187,2026-06-28T19:08:08.286+00:00,1.560160541466477,12.858651313374208,25.58879353054043,False,False,False,NORMAL,False
N4,post_hoc_diagnostic_not_final_v2_validation,382,438.004634,2026-06-28T19:08:09.286+00:00,1.53299649001226,12.858651313374208,25.58879353054043,False,False,False,NORMAL,False
N4,post_hoc_diagnostic_not_final_v2_validation,383,439.001945,2026-06-28T19:08:10.282+00:00,1.5223194134551492,12.858651313374208,25.58879353054043,False,False,False,NORMAL,False
N4,post_hoc_diagnostic_not_final_v2_validation,384,440.001864,2026-06-28T19:08:11.282+00:00,1.290063952910465,12.858651313374208,25.58879353054043,False,False,False,NORMAL,False
N4,post_hoc_diagnostic_not_final_v2_validation,385,441.004212,2026-06-28T19:08:12.285+00:00,1.599135114663821,12.858651313374208,25.58879353054043,False,False,False,NORMAL,False
N4,post_hoc_diagnostic_not_final_v2_validation,386,442.002,2026-06-28T19:08:13.283+00:00,2.117490104685742,12.858651313374208,25.58879353054043,False,False,False,NORMAL,False
N4,post_hoc_diagnostic_not_final_v2_validation,387,443.006472,2026-06-28T19:08:14.288+00:00,1.920990677618585,12.858651313374208,25.58879353054043,False,False,False,NORMAL,False
N4,post_hoc_diagnostic_not_final_v2_validation,388,444.001864,2026-06-28T19:08:15.284+00:00,1.2349733943861634,12.858651313374208,25.58879353054043,False,False,False,NORMAL,False
N4,post_hoc_diagnostic_not_final_v2_validation,389,445.00201,2026-06-28T19:08:16.282+00:00,0.9099679021220053,12.858651313374208,25.58879353054043,False,False,False,NORMAL,False
N4,post_hoc_diagnostic_not_final_v2_validation,390,446.001394,2026-06-28T19:08:17.282+00:00,0.8850348296973769,12.858651313374208,25.58879353054043,False,False,False,NORMAL,False
N4,post_hoc_diagnostic_not_final_v2_validation,391,447.003354,2026-06-28T19:08:18.284+00:00,2.1445211984617987,12.858651313374208,25.58879353054043,False,False,False,NORMAL,False
N4,post_hoc_diagnostic_not_final_v2_validation,392,448.004853,2026-06-28T19:08:19.287+00:00,3.9687559992108676,12.858651313374208,25.58879353054043,False,False,False,NORMAL,False
N4,post_hoc_diagnostic_not_final_v2_validation,393,449.006118,2026-06-28T19:08:20.288+00:00,5.388838895808901,12.858651313374208,25.58879353054043,False,False,False,NORMAL,False
N4,post_hoc_diagnostic_not_final_v2_validation,394,450.00359,2026-06-28T19:08:21.284+00:00,6.841088454511228,12.858651313374208,25.58879353054043,False,False,False,NORMAL,False
N4,post_hoc_diagnostic_not_final_v2_validation,395,451.002057,2026-06-28T19:08:22.282+00:00,7.587611975328862,12.858651313374208,25.58879353054043,False,False,False,NORMAL,False
N4,post_hoc_diagnostic_not_final_v2_validation,396,452.002515,2026-06-28T19:08:23.283+00:00,7.2028176276197655,12.858651313374208,25.58879353054043,False,False,False,NORMAL,False
N4,post_hoc_diagnostic_not_final_v2_validation,397,453.002908,2026-06-28T19:08:24.284+00:00,7.065018739275198,12.858651313374208,25.58879353054043,False,False,False,NORMAL,False
N4,post_hoc_diagnostic_not_final_v2_validation,398,454.003824,2026-06-28T19:08:25.284+00:00,3.3057524534047937,12.858651313374208,25.58879353054043,False,False,False,NORMAL,False
N4,post_hoc_diagnostic_not_final_v2_validation,399,455.00278,2026-06-28T19:08:26.283+00:00,1.315835689661468,12.858651313374208,25.58879353054043,False,False,False,NORMAL,False
N4,post_hoc_diagnostic_not_final_v2_validation,400,456.003743,2026-06-28T19:08:27.284+00:00,0.46215962934354515,12.858651313374208,25.58879353054043,False,False,False,NORMAL,False
N4,post_hoc_diagnostic_not_final_v2_validation,401,457.002453,2026-06-28T19:08:28.283+00:00,0.3806669671471604,12.858651313374208,25.58879353054043,False,False,False,NORMAL,False
N4,post_hoc_diagnostic_not_final_v2_validation,402,458.002575,2026-06-28T19:08:29.283+00:00,0.4652476466087736,12.858651313374208,25.58879353054043,False,False,False,NORMAL,False
N4,post_hoc_diagnostic_not_final_v2_validation,403,459.002602,2026-06-28T19:08:30.283+00:00,1.0704253901164362,12.858651313374208,25.58879353054043,False,False,False,NORMAL,False
N4,post_hoc_diagnostic_not_final_v2_validation,404,460.003683,2026-06-28T19:08:31.286+00:00,1.792700569096004,12.858651313374208,25.58879353054043,False,False,False,NORMAL,False
N4,post_hoc_diagnostic_not_final_v2_validation,405,461.001581,2026-06-28T19:08:32.282+00:00,2.455889096462359,12.858651313374208,25.58879353054043,False,False,False,NORMAL,False
N4,post_hoc_diagnostic_not_final_v2_validation,406,462.003826,2026-06-28T19:08:33.285+00:00,3.238277184897333,12.858651313374208,25.58879353054043,False,False,False,NORMAL,False
N4,post_hoc_diagnostic_not_final_v2_validation,407,463.00301,2026-06-28T19:08:34.284+00:00,4.093856501088373,12.858651313374208,25.58879353054043,False,False,False,NORMAL,False
N4,post_hoc_diagnostic_not_final_v2_validation,408,464.004692,2026-06-28T19:08:35.286+00:00,4.801980783996562,12.858651313374208,25.58879353054043,False,False,False,NORMAL,False
N4,post_hoc_diagnostic_not_final_v2_validation,409,465.004396,2026-06-28T19:08:36.287+00:00,4.120325249810157,12.858651313374208,25.58879353054043,False,False,False,NORMAL,False
N4,post_hoc_diagnostic_not_final_v2_validation,410,466.003786,2026-06-28T19:08:37.285+00:00,4.401900701776837,12.858651313374208,25.58879353054043,False,False,False,NORMAL,False
N4,post_hoc_diagnostic_not_final_v2_validation,411,467.005325,2026-06-28T19:08:38.287+00:00,3.954869615761141,12.858651313374208,25.58879353054043,False,False,False,NORMAL,False
N4,post_hoc_diagnostic_not_final_v2_validation,412,468.001728,2026-06-28T19:08:39.283+00:00,3.1008077525714155,12.858651313374208,25.58879353054043,False,False,False,NORMAL,False
N4,post_hoc_diagnostic_not_final_v2_validation,413,469.002846,2026-06-28T19:08:40.283+00:00,2.7823875538604903,12.858651313374208,25.58879353054043,False,False,False,NORMAL,False
N4,post_hoc_diagnostic_not_final_v2_validation,414,470.009589,2026-06-28T19:08:41.293+00:00,2.6605150746996,12.858651313374208,25.58879353054043,False,False,False,NORMAL,False
N4,post_hoc_diagnostic_not_final_v2_validation,415,471.00345,2026-06-28T19:08:42.284+00:00,2.7838004257143725,12.858651313374208,25.58879353054043,False,False,False,NORMAL,False
N4,post_hoc_diagnostic_not_final_v2_validation,416,472.002533,2026-06-28T19:08:43.283+00:00,3.053937989234535,12.858651313374208,25.58879353054043,False,False,False,NORMAL,False
N4,post_hoc_diagnostic_not_final_v2_validation,417,473.002503,2026-06-28T19:08:44.284+00:00,3.491627752892352,12.858651313374208,25.58879353054043,False,False,False,NORMAL,False
N4,post_hoc_diagnostic_not_final_v2_validation,418,474.001472,2026-06-28T19:08:45.281+00:00,3.5513325203571915,12.858651313374208,25.58879353054043,False,False,False,NORMAL,False
N4,post_hoc_diagnostic_not_final_v2_validation,419,475.003293,2026-06-28T19:08:46.283+00:00,3.6418437063944564,12.858651313374208,25.58879353054043,False,False,False,NORMAL,False
N4,post_hoc_diagnostic_not_final_v2_validation,420,476.00463,2026-06-28T19:08:47.285+00:00,3.7311826454200223,12.858651313374208,25.58879353054043,False,False,False,NORMAL,False
N4,post_hoc_diagnostic_not_final_v2_validation,421,477.003069,2026-06-28T19:08:48.283+00:00,3.8386711337819825,12.858651313374208,25.58879353054043,False,False,False,NORMAL,False
N4,post_hoc_diagnostic_not_final_v2_validation,422,478.002185,2026-06-28T19:08:49.282+00:00,3.968206037043341,12.858651313374208,25.58879353054043,False,False,False,NORMAL,False
N4,post_hoc_diagnostic_not_final_v2_validation,423,479.005101,2026-06-28T19:08:50.286+00:00,4.135937023439949,12.858651313374208,25.58879353054043,False,False,False,NORMAL,False
N4,post_hoc_diagnostic_not_final_v2_validation,424,480.001947,2026-06-28T19:08:51.282+00:00,4.217175357521393,12.858651313374208,25.58879353054043,False,False,False,NORMAL,False
N4,post_hoc_diagnostic_not_final_v2_validation,425,481.004053,2026-06-28T19:08:52.284+00:00,4.02875145323293,12.858651313374208,25.58879353054043,False,False,False,NORMAL,False
N4,post_hoc_diagnostic_not_final_v2_validation,426,482.010126,2026-06-28T19:08:53.291+00:00,4.307084122106554,12.858651313374208,25.58879353054043,False,False,False,NORMAL,False
N4,post_hoc_diagnostic_not_final_v2_validation,427,483.006905,2026-06-28T19:08:54.289+00:00,4.742900389002855,12.858651313374208,25.58879353054043,False,False,False,NORMAL,False
N4,post_hoc_diagnostic_not_final_v2_validation,428,484.002115,2026-06-28T19:08:55.282+00:00,5.149296157334842,12.858651313374208,25.58879353054043,False,False,False,NORMAL,False
N4,post_hoc_diagnostic_not_final_v2_validation,429,485.006449,2026-06-28T19:08:56.288+00:00,5.527695551384934,12.858651313374208,25.58879353054043,False,False,False,NORMAL,False
N4,post_hoc_diagnostic_not_final_v2_validation,430,486.001322,2026-06-28T19:08:57.282+00:00,5.583821759121772,12.858651313374208,25.58879353054043,False,False,False,NORMAL,False
N4,post_hoc_diagnostic_not_final_v2_validation,431,487.003673,2026-06-28T19:08:58.284+00:00,5.278539309850656,12.858651313374208,25.58879353054043,False,False,False,NORMAL,False
N4,post_hoc_diagnostic_not_final_v2_validation,432,488.00515,2026-06-28T19:08:59.286+00:00,4.572962465972111,12.858651313374208,25.58879353054043,False,False,False,NORMAL,False
N4,post_hoc_diagnostic_not_final_v2_validation,433,489.00186,2026-06-28T19:09:00.284+00:00,4.435521226467968,12.858651313374208,25.58879353054043,False,False,False,NORMAL,False
N4,post_hoc_diagnostic_not_final_v2_validation,434,490.005751,2026-06-28T19:09:01.287+00:00,4.840082018275346,12.858651313374208,25.58879353054043,False,False,False,NORMAL,False
N4,post_hoc_diagnostic_not_final_v2_validation,435,491.00266,2026-06-28T19:09:02.283+00:00,3.7701061492113053,12.858651313374208,25.58879353054043,False,False,False,NORMAL,False
N4,post_hoc_diagnostic_not_final_v2_validation,436,492.001816,2026-06-28T19:09:03.282+00:00,2.9750976569718164,12.858651313374208,25.58879353054043,False,False,False,NORMAL,False
N4,post_hoc_diagnostic_not_final_v2_validation,437,493.005134,2026-06-28T19:09:04.286+00:00,2.4324516049220106,12.858651313374208,25.58879353054043,False,False,False,NORMAL,False
N4,post_hoc_diagnostic_not_final_v2_validation,438,494.003624,2026-06-28T19:09:05.284+00:00,2.0351942448723994,12.858651313374208,25.58879353054043,False,False,False,NORMAL,False
N4,post_hoc_diagnostic_not_final_v2_validation,439,495.002127,2026-06-28T19:09:06.282+00:00,1.3330889591558965,12.858651313374208,25.58879353054043,False,False,False,NORMAL,False
N4,post_hoc_diagnostic_not_final_v2_validation,440,496.005297,2026-06-28T19:09:07.287+00:00,1.0035806553378965,12.858651313374208,25.58879353054043,False,False,False,NORMAL,False
N4,post_hoc_diagnostic_not_final_v2_validation,441,497.004811,2026-06-28T19:09:08.286+00:00,2.6804265199768142,12.858651313374208,25.58879353054043,False,False,False,NORMAL,False
N4,post_hoc_diagnostic_not_final_v2_validation,442,498.003315,2026-06-28T19:09:09.284+00:00,5.434568980962586,12.858651313374208,25.58879353054043,False,False,False,NORMAL,False
N4,post_hoc_diagnostic_not_final_v2_validation,443,499.008346,2026-06-28T19:09:10.291+00:00,7.845771408821278,12.858651313374208,25.58879353054043,False,False,False,NORMAL,False
N4,post_hoc_diagnostic_not_final_v2_validation,444,500.004276,2026-06-28T19:09:11.285+00:00,6.952005723606394,12.858651313374208,25.58879353054043,False,False,False,NORMAL,False
N4,post_hoc_diagnostic_not_final_v2_validation,445,501.004741,2026-06-28T19:09:12.286+00:00,6.27632122457122,12.858651313374208,25.58879353054043,False,False,False,NORMAL,False
N4,post_hoc_diagnostic_not_final_v2_validation,446,502.003795,2026-06-28T19:09:13.284+00:00,5.249252073136571,12.858651313374208,25.58879353054043,False,False,False,NORMAL,False
N4,post_hoc_diagnostic_not_final_v2_validation,447,503.001997,2026-06-28T19:09:14.282+00:00,2.984222596973124,12.858651313374208,25.58879353054043,False,False,False,NORMAL,False
N4,post_hoc_diagnostic_not_final_v2_validation,448,504.005584,2026-06-28T19:09:15.288+00:00,0.6395267038835737,12.858651313374208,25.58879353054043,False,False,False,NORMAL,False
N4,post_hoc_diagnostic_not_final_v2_validation,449,505.002814,2026-06-28T19:09:16.284+00:00,0.25197556248920955,12.858651313374208,25.58879353054043,False,False,False,NORMAL,False
N4,post_hoc_diagnostic_not_final_v2_validation,450,506.001544,2026-06-28T19:09:17.282+00:00,0.9200043553786041,12.858651313374208,25.58879353054043,False,False,False,NORMAL,False
N4,post_hoc_diagnostic_not_final_v2_validation,451,507.002757,2026-06-28T19:09:18.283+00:00,2.0096867225876656,12.858651313374208,25.58879353054043,False,False,False,NORMAL,False
N4,post_hoc_diagnostic_not_final_v2_validation,452,508.008112,2026-06-28T19:09:19.289+00:00,1.6291915275387059,12.858651313374208,25.58879353054043,False,False,False,NORMAL,False
N4,post_hoc_diagnostic_not_final_v2_validation,453,509.001784,2026-06-28T19:09:20.284+00:00,1.4003306311136723,12.858651313374208,25.58879353054043,False,False,False,NORMAL,False
N4,post_hoc_diagnostic_not_final_v2_validation,454,510.003521,2026-06-28T19:09:21.284+00:00,1.0282535676311102,12.858651313374208,25.58879353054043,False,False,False,NORMAL,False
N4,post_hoc_diagnostic_not_final_v2_validation,455,511.002291,2026-06-28T19:09:22.282+00:00,0.5701092064361665,12.858651313374208,25.58879353054043,False,False,False,NORMAL,False
N4,post_hoc_diagnostic_not_final_v2_validation,456,512.002333,2026-06-28T19:09:23.283+00:00,0.4841414692399149,12.858651313374208,25.58879353054043,False,False,False,NORMAL,False
N4,post_hoc_diagnostic_not_final_v2_validation,457,513.006106,2026-06-28T19:09:24.287+00:00,2.232271919756092,12.858651313374208,25.58879353054043,False,False,False,NORMAL,False
N4,post_hoc_diagnostic_not_final_v2_validation,458,514.002462,2026-06-28T19:09:25.283+00:00,5.561927391675048,12.858651313374208,25.58879353054043,False,False,False,NORMAL,False
N4,post_hoc_diagnostic_not_final_v2_validation,459,515.007494,2026-06-28T19:09:26.289+00:00,9.379301609122075,12.858651313374208,25.58879353054043,False,False,False,NORMAL,False
N4,post_hoc_diagnostic_not_final_v2_validation,460,516.004439,2026-06-28T19:09:27.285+00:00,13.057945268856024,12.858651313374208,25.58879353054043,True,False,False,SUSPICIOUS,False
N4,post_hoc_diagnostic_not_final_v2_validation,461,517.002672,2026-06-28T19:09:28.283+00:00,12.96809112029709,12.858651313374208,25.58879353054043,True,False,False,SUSPICIOUS,False
N4,post_hoc_diagnostic_not_final_v2_validation,462,518.002643,2026-06-28T19:09:29.283+00:00,12.033232001678703,12.858651313374208,25.58879353054043,False,False,False,NORMAL,False
N4,post_hoc_diagnostic_not_final_v2_validation,463,519.001997,2026-06-28T19:09:30.282+00:00,12.0735720711034,12.858651313374208,25.58879353054043,False,False,False,NORMAL,False
N4,post_hoc_diagnostic_not_final_v2_validation,464,520.001857,2026-06-28T19:09:31.283+00:00,7.200855384233339,12.858651313374208,25.58879353054043,False,False,False,NORMAL,False
N4,post_hoc_diagnostic_not_final_v2_validation,465,521.002267,2026-06-28T19:09:32.283+00:00,5.091386577389671,12.858651313374208,25.58879353054043,False,False,False,NORMAL,False
N4,post_hoc_diagnostic_not_final_v2_validation,466,522.003521,2026-06-28T19:09:33.284+00:00,3.567717367306064,12.858651313374208,25.58879353054043,False,False,False,NORMAL,False
N4,post_hoc_diagnostic_not_final_v2_validation,467,523.004862,2026-06-28T19:09:34.287+00:00,2.9411770808372815,12.858651313374208,25.58879353054043,False,False,False,NORMAL,False
N4,post_hoc_diagnostic_not_final_v2_validation,468,524.003543,2026-06-28T19:09:35.284+00:00,2.807748543580729,12.858651313374208,25.58879353054043,False,False,False,NORMAL,False
N4,post_hoc_diagnostic_not_final_v2_validation,469,525.005309,2026-06-28T19:09:36.287+00:00,1.6273717791828277,12.858651313374208,25.58879353054043,False,False,False,NORMAL,False
N4,post_hoc_diagnostic_not_final_v2_validation,470,526.004031,2026-06-28T19:09:37.285+00:00,0.7188609365038124,12.858651313374208,25.58879353054043,False,False,False,NORMAL,False
N4,post_hoc_diagnostic_not_final_v2_validation,471,527.002678,2026-06-28T19:09:38.284+00:00,0.8448195298037136,12.858651313374208,25.58879353054043,False,False,False,NORMAL,False
N4,post_hoc_diagnostic_not_final_v2_validation,472,528.004117,2026-06-28T19:09:39.285+00:00,2.036959248546862,12.858651313374208,25.58879353054043,False,False,False,NORMAL,False
N4,post_hoc_diagnostic_not_final_v2_validation,473,529.001783,2026-06-28T19:09:40.282+00:00,3.640364928366111,12.858651313374208,25.58879353054043,False,False,False,NORMAL,False
N4,post_hoc_diagnostic_not_final_v2_validation,474,530.002022,2026-06-28T19:09:41.282+00:00,5.206382112629278,12.858651313374208,25.58879353054043,False,False,False,NORMAL,False
N4,post_hoc_diagnostic_not_final_v2_validation,475,531.003499,2026-06-28T19:09:42.284+00:00,6.6705763461158085,12.858651313374208,25.58879353054043,False,False,False,NORMAL,False
N4,post_hoc_diagnostic_not_final_v2_validation,476,532.002816,2026-06-28T19:09:43.283+00:00,7.94757897591035,12.858651313374208,25.58879353054043,False,False,False,NORMAL,False
N4,post_hoc_diagnostic_not_final_v2_validation,477,533.002755,2026-06-28T19:09:44.284+00:00,6.605539882759512,12.858651313374208,25.58879353054043,False,False,False,NORMAL,False
N4,post_hoc_diagnostic_not_final_v2_validation,478,534.009815,2026-06-28T19:09:45.291+00:00,2.8578539339251225,12.858651313374208,25.58879353054043,False,False,False,NORMAL,False
N4,post_hoc_diagnostic_not_final_v2_validation,479,535.004772,2026-06-28T19:09:46.287+00:00,1.0440149348467707,12.858651313374208,25.58879353054043,False,False,False,NORMAL,False
N4,post_hoc_diagnostic_not_final_v2_validation,480,536.006176,2026-06-28T19:09:47.288+00:00,0.42646297411607725,12.858651313374208,25.58879353054043,False,False,False,NORMAL,False
N4,post_hoc_diagnostic_not_final_v2_validation,481,537.002534,2026-06-28T19:09:48.283+00:00,0.8637072550387754,12.858651313374208,25.58879353054043,False,False,False,NORMAL,False
N4,post_hoc_diagnostic_not_final_v2_validation,482,538.004525,2026-06-28T19:09:49.285+00:00,2.746292730078543,12.858651313374208,25.58879353054043,False,False,False,NORMAL,False
N4,post_hoc_diagnostic_not_final_v2_validation,483,539.002856,2026-06-28T19:09:50.283+00:00,5.227009823062174,12.858651313374208,25.58879353054043,False,False,False,NORMAL,False
N4,post_hoc_diagnostic_not_final_v2_validation,484,540.003092,2026-06-28T19:09:51.284+00:00,7.857310139139027,12.858651313374208,25.58879353054043,False,False,False,NORMAL,False
N4,post_hoc_diagnostic_not_final_v2_validation,485,541.003435,2026-06-28T19:09:52.285+00:00,8.043856093020125,12.858651313374208,25.58879353054043,False,False,False,NORMAL,False
N4,post_hoc_diagnostic_not_final_v2_validation,486,542.00192,2026-06-28T19:09:53.283+00:00,5.161972235658317,12.858651313374208,25.58879353054043,False,False,False,NORMAL,False
N4,post_hoc_diagnostic_not_final_v2_validation,487,543.005283,2026-06-28T19:09:54.287+00:00,3.565600219776623,12.858651313374208,25.58879353054043,False,False,False,NORMAL,False
N4,post_hoc_diagnostic_not_final_v2_validation,488,544.00367,2026-06-28T19:09:55.285+00:00,2.4694547195412113,12.858651313374208,25.58879353054043,False,False,False,NORMAL,False
N4,post_hoc_diagnostic_not_final_v2_validation,489,545.004252,2026-06-28T19:09:56.284+00:00,1.681929984626913,12.858651313374208,25.58879353054043,False,False,False,NORMAL,False
N4,post_hoc_diagnostic_not_final_v2_validation,490,546.00419,2026-06-28T19:09:57.285+00:00,1.8011822185371227,12.858651313374208,25.58879353054043,False,False,False,NORMAL,False
N4,post_hoc_diagnostic_not_final_v2_validation,491,547.002312,2026-06-28T19:09:58.283+00:00,2.856879470962631,12.858651313374208,25.58879353054043,False,False,False,NORMAL,False
N4,post_hoc_diagnostic_not_final_v2_validation,492,548.004828,2026-06-28T19:09:59.287+00:00,3.295261294957358,12.858651313374208,25.58879353054043,False,False,False,NORMAL,False
N4,post_hoc_diagnostic_not_final_v2_validation,493,549.002502,2026-06-28T19:10:00.283+00:00,2.7372179173313826,12.858651313374208,25.58879353054043,False,False,False,NORMAL,False
N4,post_hoc_diagnostic_not_final_v2_validation,494,550.003111,2026-06-28T19:10:01.284+00:00,2.3209517967802302,12.858651313374208,25.58879353054043,False,False,False,NORMAL,False
N4,post_hoc_diagnostic_not_final_v2_validation,495,551.008109,2026-06-28T19:10:02.291+00:00,1.1416654765315526,12.858651313374208,25.58879353054043,False,False,False,NORMAL,False
N4,post_hoc_diagnostic_not_final_v2_validation,496,552.003648,2026-06-28T19:10:03.284+00:00,0.8480042124985169,12.858651313374208,25.58879353054043,False,False,False,NORMAL,False
N4,post_hoc_diagnostic_not_final_v2_validation,497,553.003714,2026-06-28T19:10:04.285+00:00,1.284423345620336,12.858651313374208,25.58879353054043,False,False,False,NORMAL,False
N4,post_hoc_diagnostic_not_final_v2_validation,498,554.003617,2026-06-28T19:10:05.284+00:00,2.159585638383071,12.858651313374208,25.58879353054043,False,False,False,NORMAL,False
N4,post_hoc_diagnostic_not_final_v2_validation,499,555.0013,2026-06-28T19:10:06.281+00:00,3.5788499120789288,12.858651313374208,25.58879353054043,False,False,False,NORMAL,False
N4,post_hoc_diagnostic_not_final_v2_validation,500,556.001994,2026-06-28T19:10:07.283+00:00,3.833365266043407,12.858651313374208,25.58879353054043,False,False,False,NORMAL,False
N4,post_hoc_diagnostic_not_final_v2_validation,501,557.001475,2026-06-28T19:10:08.282+00:00,3.3241286640387893,12.858651313374208,25.58879353054043,False,False,False,NORMAL,False
N4,post_hoc_diagnostic_not_final_v2_validation,502,558.001762,2026-06-28T19:10:09.283+00:00,3.099111778981108,12.858651313374208,25.58879353054043,False,False,False,NORMAL,False
N4,post_hoc_diagnostic_not_final_v2_validation,503,559.00212,2026-06-28T19:10:10.283+00:00,2.633668743557061,12.858651313374208,25.58879353054043,False,False,False,NORMAL,False
N4,post_hoc_diagnostic_not_final_v2_validation,504,560.001323,2026-06-28T19:10:11.281+00:00,3.2386936182811596,12.858651313374208,25.58879353054043,False,False,False,NORMAL,False
N4,post_hoc_diagnostic_not_final_v2_validation,505,561.005263,2026-06-28T19:10:12.286+00:00,4.473459789807465,12.858651313374208,25.58879353054043,False,False,False,NORMAL,False
N4,post_hoc_diagnostic_not_final_v2_validation,506,562.003166,2026-06-28T19:10:13.285+00:00,5.829436448259685,12.858651313374208,25.58879353054043,False,False,False,NORMAL,False
N4,post_hoc_diagnostic_not_final_v2_validation,507,563.003535,2026-06-28T19:10:14.284+00:00,5.666482010924353,12.858651313374208,25.58879353054043,False,False,False,NORMAL,False
N4,post_hoc_diagnostic_not_final_v2_validation,508,564.00416,2026-06-28T19:10:15.285+00:00,3.9564333141276613,12.858651313374208,25.58879353054043,False,False,False,NORMAL,False
N4,post_hoc_diagnostic_not_final_v2_validation,509,565.004885,2026-06-28T19:10:16.286+00:00,2.888125285024611,12.858651313374208,25.58879353054043,False,False,False,NORMAL,False
N4,post_hoc_diagnostic_not_final_v2_validation,510,566.003652,2026-06-28T19:10:17.284+00:00,2.186549864695367,12.858651313374208,25.58879353054043,False,False,False,NORMAL,False
N4,post_hoc_diagnostic_not_final_v2_validation,511,567.005418,2026-06-28T19:10:18.286+00:00,1.6192450420097628,12.858651313374208,25.58879353054043,False,False,False,NORMAL,False
N4,post_hoc_diagnostic_not_final_v2_validation,512,568.005135,2026-06-28T19:10:19.287+00:00,1.3152879136183864,12.858651313374208,25.58879353054043,False,False,False,NORMAL,False
N4,post_hoc_diagnostic_not_final_v2_validation,513,569.004179,2026-06-28T19:10:20.284+00:00,1.6917860048169577,12.858651313374208,25.58879353054043,False,False,False,NORMAL,False
N4,post_hoc_diagnostic_not_final_v2_validation,514,570.001401,2026-06-28T19:10:21.282+00:00,2.813580578775781,12.858651313374208,25.58879353054043,False,False,False,NORMAL,False
N4,post_hoc_diagnostic_not_final_v2_validation,515,571.002086,2026-06-28T19:10:22.283+00:00,3.1306954792381005,12.858651313374208,25.58879353054043,False,False,False,NORMAL,False
N4,post_hoc_diagnostic_not_final_v2_validation,516,572.003137,2026-06-28T19:10:23.284+00:00,2.466767435038912,12.858651313374208,25.58879353054043,False,False,False,NORMAL,False
N4,post_hoc_diagnostic_not_final_v2_validation,517,573.001832,2026-06-28T19:10:24.282+00:00,2.0629113622866155,12.858651313374208,25.58879353054043,False,False,False,NORMAL,False
N4,post_hoc_diagnostic_not_final_v2_validation,518,574.002558,2026-06-28T19:10:25.283+00:00,1.3783912583066833,12.858651313374208,25.58879353054043,False,False,False,NORMAL,False
N4,post_hoc_diagnostic_not_final_v2_validation,519,575.002368,2026-06-28T19:10:26.283+00:00,1.0097833756886072,12.858651313374208,25.58879353054043,False,False,False,NORMAL,False
N4,post_hoc_diagnostic_not_final_v2_validation,520,576.004753,2026-06-28T19:10:27.286+00:00,0.29335160909931746,12.858651313374208,25.58879353054043,False,False,False,NORMAL,False
N4,post_hoc_diagnostic_not_final_v2_validation,521,577.002077,2026-06-28T19:10:28.282+00:00,1.3920563785762385,12.858651313374208,25.58879353054043,False,False,False,NORMAL,False
N4,post_hoc_diagnostic_not_final_v2_validation,522,578.004869,2026-06-28T19:10:29.286+00:00,3.2706272468361965,12.858651313374208,25.58879353054043,False,False,False,NORMAL,False
N4,post_hoc_diagnostic_not_final_v2_validation,523,579.00297,2026-06-28T19:10:30.283+00:00,5.123822166226545,12.858651313374208,25.58879353054043,False,False,False,NORMAL,False
N4,post_hoc_diagnostic_not_final_v2_validation,524,580.003738,2026-06-28T19:10:31.295+00:00,7.581334954128032,12.858651313374208,25.58879353054043,False,False,False,NORMAL,False
N4,post_hoc_diagnostic_not_final_v2_validation,525,581.004882,2026-06-28T19:10:32.286+00:00,13.297100388487287,12.858651313374208,25.58879353054043,True,False,False,SUSPICIOUS,False
N4,post_hoc_diagnostic_not_final_v2_validation,526,582.002487,2026-06-28T19:10:33.283+00:00,18.69038447824225,12.858651313374208,25.58879353054043,True,False,False,SUSPICIOUS,False
N4,post_hoc_diagnostic_not_final_v2_validation,527,583.001345,2026-06-28T19:10:34.281+00:00,23.76357667466987,12.858651313374208,25.58879353054043,True,False,False,SUSPICIOUS,False
N4,post_hoc_diagnostic_not_final_v2_validation,528,584.010032,2026-06-28T19:10:35.291+00:00,24.656076040991977,12.858651313374208,25.58879353054043,True,False,False,SUSPICIOUS,False
N4,post_hoc_diagnostic_not_final_v2_validation,529,585.002224,2026-06-28T19:10:36.285+00:00,26.569455120003703,12.858651313374208,25.58879353054043,True,True,False,SUSPICIOUS,False
N4,post_hoc_diagnostic_not_final_v2_validation,530,586.003084,2026-06-28T19:10:37.284+00:00,28.333680398013264,12.858651313374208,25.58879353054043,True,True,False,SUSPICIOUS,False
N4,post_hoc_diagnostic_not_final_v2_validation,531,587.005001,2026-06-28T19:10:38.288+00:00,29.48743263747415,12.858651313374208,25.58879353054043,True,True,False,SUSPICIOUS,False
N4,post_hoc_diagnostic_not_final_v2_validation,532,588.010381,2026-06-28T19:10:39.291+00:00,28.276153346131153,12.858651313374208,25.58879353054043,True,True,False,SUSPICIOUS,False
N4,post_hoc_diagnostic_not_final_v2_validation,533,589.007298,2026-06-28T19:10:40.290+00:00,19.488661255847507,12.858651313374208,25.58879353054043,True,False,False,SUSPICIOUS,False
N4,post_hoc_diagnostic_not_final_v2_validation,534,590.00254,2026-06-28T19:10:41.283+00:00,14.641224310452452,12.858651313374208,25.58879353054043,True,False,False,SUSPICIOUS,False
N4,post_hoc_diagnostic_not_final_v2_validation,535,591.011722,2026-06-28T19:10:42.292+00:00,12.51837764429959,12.858651313374208,25.58879353054043,False,False,False,NORMAL,False
N4,post_hoc_diagnostic_not_final_v2_validation,536,592.005602,2026-06-28T19:10:43.286+00:00,11.983107561828247,12.858651313374208,25.58879353054043,False,False,False,NORMAL,False
N4,post_hoc_diagnostic_not_final_v2_validation,537,593.012226,2026-06-28T19:10:44.292+00:00,12.140998941596502,12.858651313374208,25.58879353054043,False,False,False,NORMAL,False
N4,post_hoc_diagnostic_not_final_v2_validation,538,594.003789,2026-06-28T19:10:45.285+00:00,12.995334415493913,12.858651313374208,25.58879353054043,True,False,False,SUSPICIOUS,False
N4,post_hoc_diagnostic_not_final_v2_validation,539,595.002238,2026-06-28T19:10:46.283+00:00,14.124188924173811,12.858651313374208,25.58879353054043,True,False,False,SUSPICIOUS,False
N4,post_hoc_diagnostic_not_final_v2_validation,540,596.002593,2026-06-28T19:10:47.283+00:00,15.274432719134602,12.858651313374208,25.58879353054043,True,False,False,SUSPICIOUS,False
N4,post_hoc_diagnostic_not_final_v2_validation,541,597.004082,2026-06-28T19:10:48.285+00:00,16.279206362894765,12.858651313374208,25.58879353054043,True,False,False,SUSPICIOUS,False
N4,post_hoc_diagnostic_not_final_v2_validation,542,598.002322,2026-06-28T19:10:49.282+00:00,17.374324316127794,12.858651313374208,25.58879353054043,True,False,False,SUSPICIOUS,False
N4,post_hoc_diagnostic_not_final_v2_validation,543,599.004736,2026-06-28T19:10:50.285+00:00,18.39445511303346,12.858651313374208,25.58879353054043,True,False,False,SUSPICIOUS,False
N4,post_hoc_diagnostic_not_final_v2_validation,544,600.00396,2026-06-28T19:10:51.285+00:00,19.169212533086124,12.858651313374208,25.58879353054043,True,False,False,SUSPICIOUS,False
N4,post_hoc_diagnostic_not_final_v2_validation,545,601.00288,2026-06-28T19:10:52.283+00:00,19.655507294654296,12.858651313374208,25.58879353054043,True,False,False,SUSPICIOUS,False
N4,post_hoc_diagnostic_not_final_v2_validation,546,602.002076,2026-06-28T19:10:53.282+00:00,20.267602269984923,12.858651313374208,25.58879353054043,True,False,False,SUSPICIOUS,False
N4,post_hoc_diagnostic_not_final_v2_validation,547,603.002821,2026-06-28T19:10:54.283+00:00,19.56614147071853,12.858651313374208,25.58879353054043,True,False,False,SUSPICIOUS,False
N4,post_hoc_diagnostic_not_final_v2_validation,548,604.001886,2026-06-28T19:10:55.282+00:00,18.71715757424499,12.858651313374208,25.58879353054043,True,False,False,SUSPICIOUS,False
N4,post_hoc_diagnostic_not_final_v2_validation,549,605.003566,2026-06-28T19:10:56.284+00:00,17.824593778309346,12.858651313374208,25.58879353054043,True,False,False,SUSPICIOUS,False
N4,post_hoc_diagnostic_not_final_v2_validation,550,606.0017,2026-06-28T19:10:57.284+00:00,16.686008072163368,12.858651313374208,25.58879353054043,True,False,False,SUSPICIOUS,False
N4,post_hoc_diagnostic_not_final_v2_validation,551,607.004107,2026-06-28T19:10:58.285+00:00,15.083641895993111,12.858651313374208,25.58879353054043,True,False,False,SUSPICIOUS,False
N4,post_hoc_diagnostic_not_final_v2_validation,552,608.002148,2026-06-28T19:10:59.282+00:00,12.68507663849839,12.858651313374208,25.58879353054043,False,False,False,NORMAL,False
N4,post_hoc_diagnostic_not_final_v2_validation,553,609.00406,2026-06-28T19:11:00.285+00:00,9.871273951446843,12.858651313374208,25.58879353054043,False,False,False,NORMAL,False
N4,post_hoc_diagnostic_not_final_v2_validation,554,610.002375,2026-06-28T19:11:01.283+00:00,7.460791663922464,12.858651313374208,25.58879353054043,False,False,False,NORMAL,False
N4,post_hoc_diagnostic_not_final_v2_validation,555,611.003295,2026-06-28T19:11:02.284+00:00,5.8214418177818485,12.858651313374208,25.58879353054043,False,False,False,NORMAL,False
N4,post_hoc_diagnostic_not_final_v2_validation,556,612.004942,2026-06-28T19:11:03.285+00:00,4.4812859994828225,12.858651313374208,25.58879353054043,False,False,False,NORMAL,False
N4,post_hoc_diagnostic_not_final_v2_validation,557,613.003505,2026-06-28T19:11:04.285+00:00,3.0461460473094073,12.858651313374208,25.58879353054043,False,False,False,NORMAL,False
N4,post_hoc_diagnostic_not_final_v2_validation,558,614.001328,2026-06-28T19:11:05.281+00:00,2.177819827401552,12.858651313374208,25.58879353054043,False,False,False,NORMAL,False
N4,post_hoc_diagnostic_not_final_v2_validation,559,615.00192,2026-06-28T19:11:06.282+00:00,1.5762677849977988,12.858651313374208,25.58879353054043,False,False,False,NORMAL,False
N4,post_hoc_diagnostic_not_final_v2_validation,560,616.003788,2026-06-28T19:11:07.284+00:00,1.4583840425268098,12.858651313374208,25.58879353054043,False,False,False,NORMAL,False
N4,post_hoc_diagnostic_not_final_v2_validation,561,617.001859,2026-06-28T19:11:08.282+00:00,1.4596792112300037,12.858651313374208,25.58879353054043,False,False,False,NORMAL,False
N4,post_hoc_diagnostic_not_final_v2_validation,562,618.003495,2026-06-28T19:11:09.284+00:00,1.5667117025629462,12.858651313374208,25.58879353054043,False,False,False,NORMAL,False
N4,post_hoc_diagnostic_not_final_v2_validation,563,619.004019,2026-06-28T19:11:10.290+00:00,1.7509866669787015,12.858651313374208,25.58879353054043,False,False,False,NORMAL,False
N4,post_hoc_diagnostic_not_final_v2_validation,564,620.007063,2026-06-28T19:11:11.291+00:00,0.8904745562765066,12.858651313374208,25.58879353054043,False,False,False,NORMAL,False
N4,post_hoc_diagnostic_not_final_v2_validation,565,621.004787,2026-06-28T19:11:12.287+00:00,0.5494091751665338,12.858651313374208,25.58879353054043,False,False,False,NORMAL,False
N4,post_hoc_diagnostic_not_final_v2_validation,566,622.002179,2026-06-28T19:11:13.282+00:00,0.30769321801719296,12.858651313374208,25.58879353054043,False,False,False,NORMAL,False
N4,post_hoc_diagnostic_not_final_v2_validation,567,623.007006,2026-06-28T19:11:14.290+00:00,0.793402781852067,12.858651313374208,25.58879353054043,False,False,False,NORMAL,False
N4,post_hoc_diagnostic_not_final_v2_validation,568,624.004774,2026-06-28T19:11:15.286+00:00,2.5940492570735385,12.858651313374208,25.58879353054043,False,False,False,NORMAL,False
N4,post_hoc_diagnostic_not_final_v2_validation,569,625.002741,2026-06-28T19:11:16.284+00:00,3.278832044983149,12.858651313374208,25.58879353054043,False,False,False,NORMAL,False
N4,post_hoc_diagnostic_not_final_v2_validation,570,626.002269,2026-06-28T19:11:17.283+00:00,4.014314352291075,12.858651313374208,25.58879353054043,False,False,False,NORMAL,False
N4,post_hoc_diagnostic_not_final_v2_validation,571,627.001898,2026-06-28T19:11:18.283+00:00,4.749196762023804,12.858651313374208,25.58879353054043,False,False,False,NORMAL,False
N4,post_hoc_diagnostic_not_final_v2_validation,572,628.003106,2026-06-28T19:11:19.284+00:00,3.2689154304564783,12.858651313374208,25.58879353054043,False,False,False,NORMAL,False
N4,post_hoc_diagnostic_not_final_v2_validation,573,629.002178,2026-06-28T19:11:20.283+00:00,2.3461266504381326,12.858651313374208,25.58879353054043,False,False,False,NORMAL,False
N4,post_hoc_diagnostic_not_final_v2_validation,574,630.001944,2026-06-28T19:11:21.282+00:00,1.6933746328048949,12.858651313374208,25.58879353054043,False,False,False,NORMAL,False
N4,post_hoc_diagnostic_not_final_v2_validation,575,631.002919,2026-06-28T19:11:22.283+00:00,1.2282899662866253,12.858651313374208,25.58879353054043,False,False,False,NORMAL,False
N4,post_hoc_diagnostic_not_final_v2_validation,576,632.004927,2026-06-28T19:11:23.286+00:00,1.5602492312404006,12.858651313374208,25.58879353054043,False,False,False,NORMAL,False
N4,post_hoc_diagnostic_not_final_v2_validation,577,633.002284,2026-06-28T19:11:24.282+00:00,2.5107209859404414,12.858651313374208,25.58879353054043,False,False,False,NORMAL,False
N4,post_hoc_diagnostic_not_final_v2_validation,578,634.007536,2026-06-28T19:11:25.289+00:00,3.944470776305163,12.858651313374208,25.58879353054043,False,False,False,NORMAL,False
N4,post_hoc_diagnostic_not_final_v2_validation,579,635.002472,2026-06-28T19:11:26.283+00:00,5.540894698151995,12.858651313374208,25.58879353054043,False,False,False,NORMAL,False
N4,post_hoc_diagnostic_not_final_v2_validation,580,636.002974,2026-06-28T19:11:27.284+00:00,7.093962532184673,12.858651313374208,25.58879353054043,False,False,False,NORMAL,False
N4,post_hoc_diagnostic_not_final_v2_validation,581,637.002948,2026-06-28T19:11:28.283+00:00,5.979764417336609,12.858651313374208,25.58879353054043,False,False,False,NORMAL,False
N4,post_hoc_diagnostic_not_final_v2_validation,582,638.002988,2026-06-28T19:11:29.283+00:00,3.6533030186018083,12.858651313374208,25.58879353054043,False,False,False,NORMAL,False
N4,post_hoc_diagnostic_not_final_v2_validation,583,639.006188,2026-06-28T19:11:30.289+00:00,1.9666968526997564,12.858651313374208,25.58879353054043,False,False,False,NORMAL,False
N4,post_hoc_diagnostic_not_final_v2_validation,584,640.003021,2026-06-28T19:11:31.283+00:00,1.7423723093511456,12.858651313374208,25.58879353054043,False,False,False,NORMAL,False
N4,post_hoc_diagnostic_not_final_v2_validation,585,641.00342,2026-06-28T19:11:32.283+00:00,3.0039672207265276,12.858651313374208,25.58879353054043,False,False,False,NORMAL,False
N4,post_hoc_diagnostic_not_final_v2_validation,586,642.006853,2026-06-28T19:11:33.288+00:00,5.249742398402451,12.858651313374208,25.58879353054043,False,False,False,NORMAL,False
N4,post_hoc_diagnostic_not_final_v2_validation,587,643.002135,2026-06-28T19:11:34.283+00:00,7.816422947797326,12.858651313374208,25.58879353054043,False,False,False,NORMAL,False
N4,post_hoc_diagnostic_not_final_v2_validation,588,644.005155,2026-06-28T19:11:35.287+00:00,10.240078641137739,12.858651313374208,25.58879353054043,False,False,False,NORMAL,False
N4,post_hoc_diagnostic_not_final_v2_validation,589,645.018146,2026-06-28T19:11:36.304+00:00,12.79215465012447,12.858651313374208,25.58879353054043,False,False,False,NORMAL,False
N4,post_hoc_diagnostic_not_final_v2_validation,590,646.00177,2026-06-28T19:11:37.282+00:00,14.862043809804522,12.858651313374208,25.58879353054043,True,False,False,SUSPICIOUS,False
N4,post_hoc_diagnostic_not_final_v2_validation,591,647.002842,2026-06-28T19:11:38.284+00:00,15.759872359766932,12.858651313374208,25.58879353054043,True,False,False,SUSPICIOUS,False
N4,post_hoc_diagnostic_not_final_v2_validation,592,648.00247,2026-06-28T19:11:39.283+00:00,15.356846869372053,12.858651313374208,25.58879353054043,True,False,False,SUSPICIOUS,False
N4,post_hoc_diagnostic_not_final_v2_validation,593,649.005311,2026-06-28T19:11:40.287+00:00,11.065082327545683,12.858651313374208,25.58879353054043,False,False,False,NORMAL,False
N4,post_hoc_diagnostic_not_final_v2_validation,594,650.003369,2026-06-28T19:11:41.284+00:00,8.800639692873832,12.858651313374208,25.58879353054043,False,False,False,NORMAL,False
N4,post_hoc_diagnostic_not_final_v2_validation,595,651.020415,2026-06-28T19:11:42.302+00:00,7.372481157464163,12.858651313374208,25.58879353054043,False,False,False,NORMAL,False
N4,post_hoc_diagnostic_not_final_v2_validation,596,652.004982,2026-06-28T19:11:43.286+00:00,7.60218456196389,12.858651313374208,25.58879353054043,False,False,False,NORMAL,False
N4,post_hoc_diagnostic_not_final_v2_validation,597,653.007403,2026-06-28T19:11:44.289+00:00,6.20667194573112,12.858651313374208,25.58879353054043,False,False,False,NORMAL,False
N4,post_hoc_diagnostic_not_final_v2_validation,598,654.009053,2026-06-28T19:11:45.290+00:00,2.4673524904389956,12.858651313374208,25.58879353054043,False,False,False,NORMAL,False
N4,post_hoc_diagnostic_not_final_v2_validation,599,655.003841,2026-06-28T19:11:46.284+00:00,0.9366427986468787,12.858651313374208,25.58879353054043,False,False,False,NORMAL,False
N4,post_hoc_diagnostic_not_final_v2_validation,600,656.002689,2026-06-28T19:11:47.283+00:00,0.34805378969891154,12.858651313374208,25.58879353054043,False,False,False,NORMAL,False
N4,post_hoc_diagnostic_not_final_v2_validation,601,657.003957,2026-06-28T19:11:48.285+00:00,0.3149898640012927,12.858651313374208,25.58879353054043,False,False,False,NORMAL,False
N4,post_hoc_diagnostic_not_final_v2_validation,602,658.005332,2026-06-28T19:11:49.287+00:00,0.587519198722287,12.858651313374208,25.58879353054043,False,False,False,NORMAL,False
N4,post_hoc_diagnostic_not_final_v2_validation,603,659.002667,2026-06-28T19:11:50.285+00:00,0.8509008793113696,12.858651313374208,25.58879353054043,False,False,False,NORMAL,False
N4,post_hoc_diagnostic_not_final_v2_validation,604,660.002602,2026-06-28T19:11:51.282+00:00,1.4473941530608763,12.858651313374208,25.58879353054043,False,False,False,NORMAL,False
N4,post_hoc_diagnostic_not_final_v2_validation,605,661.002315,2026-06-28T19:11:52.283+00:00,1.3875560170595236,12.858651313374208,25.58879353054043,False,False,False,NORMAL,False
N4,post_hoc_diagnostic_not_final_v2_validation,606,662.001769,2026-06-28T19:11:53.282+00:00,0.5455106331263155,12.858651313374208,25.58879353054043,False,False,False,NORMAL,False
N4,post_hoc_diagnostic_not_final_v2_validation,607,663.003929,2026-06-28T19:11:54.285+00:00,0.7181988709093292,12.858651313374208,25.58879353054043,False,False,False,NORMAL,False
N4,post_hoc_diagnostic_not_final_v2_validation,608,664.011295,2026-06-28T19:11:55.295+00:00,1.3916417883536356,12.858651313374208,25.58879353054043,False,False,False,NORMAL,False
N4,post_hoc_diagnostic_not_final_v2_validation,609,665.004206,2026-06-28T19:11:56.285+00:00,2.421858827709638,12.858651313374208,25.58879353054043,False,False,False,NORMAL,False
N4,post_hoc_diagnostic_not_final_v2_validation,610,666.00358,2026-06-28T19:11:57.284+00:00,3.658406083205863,12.858651313374208,25.58879353054043,False,False,False,NORMAL,False
N4,post_hoc_diagnostic_not_final_v2_validation,611,667.00151,2026-06-28T19:11:58.282+00:00,5.182063865644086,12.858651313374208,25.58879353054043,False,False,False,NORMAL,False
N4,post_hoc_diagnostic_not_final_v2_validation,612,668.00367,2026-06-28T19:11:59.284+00:00,5.411540540681809,12.858651313374208,25.58879353054043,False,False,False,NORMAL,False
N4,post_hoc_diagnostic_not_final_v2_validation,613,669.002565,2026-06-28T19:12:00.283+00:00,4.614663609035393,12.858651313374208,25.58879353054043,False,False,False,NORMAL,False
N4,post_hoc_diagnostic_not_final_v2_validation,614,670.006184,2026-06-28T19:12:01.289+00:00,4.715817516036415,12.858651313374208,25.58879353054043,False,False,False,NORMAL,False
N4,post_hoc_diagnostic_not_final_v2_validation,615,671.006654,2026-06-28T19:12:02.288+00:00,5.066600565268782,12.858651313374208,25.58879353054043,False,False,False,NORMAL,False
N4,post_hoc_diagnostic_not_final_v2_validation,616,672.002704,2026-06-28T19:12:03.283+00:00,3.875417395699256,12.858651313374208,25.58879353054043,False,False,False,NORMAL,False
N4,post_hoc_diagnostic_not_final_v2_validation,617,673.003579,2026-06-28T19:12:04.285+00:00,2.7960453949719963,12.858651313374208,25.58879353054043,False,False,False,NORMAL,False
N4,post_hoc_diagnostic_not_final_v2_validation,618,674.002603,2026-06-28T19:12:05.283+00:00,2.333658215803589,12.858651313374208,25.58879353054043,False,False,False,NORMAL,False
N4,post_hoc_diagnostic_not_final_v2_validation,619,675.004046,2026-06-28T19:12:06.285+00:00,2.083098327242582,12.858651313374208,25.58879353054043,False,False,False,NORMAL,False
N4,post_hoc_diagnostic_not_final_v2_validation,620,676.001805,2026-06-28T19:12:07.282+00:00,1.966918053148931,12.858651313374208,25.58879353054043,False,False,False,NORMAL,False
N4,post_hoc_diagnostic_not_final_v2_validation,621,677.004167,2026-06-28T19:12:08.285+00:00,1.7236522285911475,12.858651313374208,25.58879353054043,False,False,False,NORMAL,False
N4,post_hoc_diagnostic_not_final_v2_validation,622,678.004191,2026-06-28T19:12:09.285+00:00,1.336058735783459,12.858651313374208,25.58879353054043,False,False,False,NORMAL,False
N4,post_hoc_diagnostic_not_final_v2_validation,623,679.003623,2026-06-28T19:12:10.284+00:00,0.9620961273579949,12.858651313374208,25.58879353054043,False,False,False,NORMAL,False
N4,post_hoc_diagnostic_not_final_v2_validation,624,680.002402,2026-06-28T19:12:11.283+00:00,1.0288573621100692,12.858651313374208,25.58879353054043,False,False,False,NORMAL,False
N4,post_hoc_diagnostic_not_final_v2_validation,625,681.006096,2026-06-28T19:12:12.287+00:00,1.5142441097382258,12.858651313374208,25.58879353054043,False,False,False,NORMAL,False
N4,post_hoc_diagnostic_not_final_v2_validation,626,682.00425,2026-06-28T19:12:13.285+00:00,2.1849400391010523,12.858651313374208,25.58879353054043,False,False,False,NORMAL,False
N4,post_hoc_diagnostic_not_final_v2_validation,627,683.003109,2026-06-28T19:12:14.283+00:00,2.004565920077601,12.858651313374208,25.58879353054043,False,False,False,NORMAL,False
N4,post_hoc_diagnostic_not_final_v2_validation,628,684.004008,2026-06-28T19:12:15.285+00:00,1.086936213242669,12.858651313374208,25.58879353054043,False,False,False,NORMAL,False
N4,post_hoc_diagnostic_not_final_v2_validation,629,685.002642,2026-06-28T19:12:16.283+00:00,0.57638665427135,12.858651313374208,25.58879353054043,False,False,False,NORMAL,False
N4,post_hoc_diagnostic_not_final_v2_validation,630,686.003213,2026-06-28T19:12:17.284+00:00,0.571949884098605,12.858651313374208,25.58879353054043,False,False,False,NORMAL,False
N4,post_hoc_diagnostic_not_final_v2_validation,631,687.004372,2026-06-28T19:12:18.285+00:00,0.567462478130867,12.858651313374208,25.58879353054043,False,False,False,NORMAL,False
N4,post_hoc_diagnostic_not_final_v2_validation,632,688.00603,2026-06-28T19:12:19.287+00:00,0.5704879709713222,12.858651313374208,25.58879353054043,False,False,False,NORMAL,False
N4,post_hoc_diagnostic_not_final_v2_validation,633,689.001944,2026-06-28T19:12:20.282+00:00,0.2722238745833694,12.858651313374208,25.58879353054043,False,False,False,NORMAL,False
N4,post_hoc_diagnostic_not_final_v2_validation,634,690.00195,2026-06-28T19:12:21.283+00:00,0.5148392142463494,12.858651313374208,25.58879353054043,False,False,False,NORMAL,False
N4,post_hoc_diagnostic_not_final_v2_validation,635,691.003021,2026-06-28T19:12:22.284+00:00,0.8100852481334951,12.858651313374208,25.58879353054043,False,False,False,NORMAL,False
N4,post_hoc_diagnostic_not_final_v2_validation,636,692.002138,2026-06-28T19:12:23.283+00:00,0.8424918811664484,12.858651313374208,25.58879353054043,False,False,False,NORMAL,False
N4,post_hoc_diagnostic_not_final_v2_validation,637,693.003877,2026-06-28T19:12:24.285+00:00,0.9975915309359058,12.858651313374208,25.58879353054043,False,False,False,NORMAL,False
N4,post_hoc_diagnostic_not_final_v2_validation,638,694.002362,2026-06-28T19:12:25.283+00:00,1.111897586642671,12.858651313374208,25.58879353054043,False,False,False,NORMAL,False
N4,post_hoc_diagnostic_not_final_v2_validation,639,695.00631,2026-06-28T19:12:26.288+00:00,1.2123454873196464,12.858651313374208,25.58879353054043,False,False,False,NORMAL,False
N4,post_hoc_diagnostic_not_final_v2_validation,640,696.002158,2026-06-28T19:12:27.282+00:00,1.3002467848774346,12.858651313374208,25.58879353054043,False,False,False,NORMAL,False
N4,post_hoc_diagnostic_not_final_v2_validation,641,697.01232,2026-06-28T19:12:28.294+00:00,0.7443255041810828,12.858651313374208,25.58879353054043,False,False,False,NORMAL,False
N4,post_hoc_diagnostic_not_final_v2_validation,642,698.004052,2026-06-28T19:12:29.284+00:00,0.5248827397996009,12.858651313374208,25.58879353054043,False,False,False,NORMAL,False
N4,post_hoc_diagnostic_not_final_v2_validation,643,699.00299,2026-06-28T19:12:30.283+00:00,0.9263820031591561,12.858651313374208,25.58879353054043,False,False,False,NORMAL,False
N4,post_hoc_diagnostic_not_final_v2_validation,644,700.003116,2026-06-28T19:12:31.284+00:00,2.08265018255457,12.858651313374208,25.58879353054043,False,False,False,NORMAL,False
N4,post_hoc_diagnostic_not_final_v2_validation,645,701.001623,2026-06-28T19:12:32.282+00:00,3.3366562756970866,12.858651313374208,25.58879353054043,False,False,False,NORMAL,False
N4,post_hoc_diagnostic_not_final_v2_validation,646,702.001501,2026-06-28T19:12:33.282+00:00,4.5259193833840925,12.858651313374208,25.58879353054043,False,False,False,NORMAL,False
N4,post_hoc_diagnostic_not_final_v2_validation,647,703.005482,2026-06-28T19:12:34.287+00:00,5.6663780482141695,12.858651313374208,25.58879353054043,False,False,False,NORMAL,False
N4,post_hoc_diagnostic_not_final_v2_validation,648,704.00424,2026-06-28T19:12:35.285+00:00,6.828088048704518,12.858651313374208,25.58879353054043,False,False,False,NORMAL,False
N4,post_hoc_diagnostic_not_final_v2_validation,649,705.003622,2026-06-28T19:12:36.284+00:00,6.069850525998049,12.858651313374208,25.58879353054043,False,False,False,NORMAL,False
N4,post_hoc_diagnostic_not_final_v2_validation,650,706.003372,2026-06-28T19:12:37.284+00:00,5.789982051101455,12.858651313374208,25.58879353054043,False,False,False,NORMAL,False
N4,post_hoc_diagnostic_not_final_v2_validation,651,707.002028,2026-06-28T19:12:38.282+00:00,4.975318180077441,12.858651313374208,25.58879353054043,False,False,False,NORMAL,False
N4,post_hoc_diagnostic_not_final_v2_validation,652,708.00512,2026-06-28T19:12:39.288+00:00,3.6797934700290296,12.858651313374208,25.58879353054043,False,False,False,NORMAL,False
N4,post_hoc_diagnostic_not_final_v2_validation,653,709.002283,2026-06-28T19:12:40.282+00:00,3.2784214938646383,12.858651313374208,25.58879353054043,False,False,False,NORMAL,False
N4,post_hoc_diagnostic_not_final_v2_validation,654,710.005368,2026-06-28T19:12:41.287+00:00,3.3753603971297332,12.858651313374208,25.58879353054043,False,False,False,NORMAL,False
N4,post_hoc_diagnostic_not_final_v2_validation,655,711.002326,2026-06-28T19:12:42.283+00:00,3.7689339732066154,12.858651313374208,25.58879353054043,False,False,False,NORMAL,False
N4,post_hoc_diagnostic_not_final_v2_validation,656,712.002708,2026-06-28T19:12:43.283+00:00,4.324798461602559,12.858651313374208,25.58879353054043,False,False,False,NORMAL,False
N4,post_hoc_diagnostic_not_final_v2_validation,657,713.003368,2026-06-28T19:12:44.285+00:00,5.1690433841980505,12.858651313374208,25.58879353054043,False,False,False,NORMAL,False
N4,post_hoc_diagnostic_not_final_v2_validation,658,714.004111,2026-06-28T19:12:45.285+00:00,3.7885567517452516,12.858651313374208,25.58879353054043,False,False,False,NORMAL,False
N4,post_hoc_diagnostic_not_final_v2_validation,659,715.003578,2026-06-28T19:12:46.284+00:00,3.089970482696653,12.858651313374208,25.58879353054043,False,False,False,NORMAL,False
N4,post_hoc_diagnostic_not_final_v2_validation,660,716.004334,2026-06-28T19:12:47.287+00:00,3.014181637648357,12.858651313374208,25.58879353054043,False,False,False,NORMAL,False
N4,post_hoc_diagnostic_not_final_v2_validation,661,717.010886,2026-06-28T19:12:48.292+00:00,3.0213505424182254,12.858651313374208,25.58879353054043,False,False,False,NORMAL,False
N4,post_hoc_diagnostic_not_final_v2_validation,662,718.008524,2026-06-28T19:12:49.288+00:00,3.1764760479621073,12.858651313374208,25.58879353054043,False,False,False,NORMAL,False
N4,post_hoc_diagnostic_not_final_v2_validation,663,719.007461,2026-06-28T19:12:50.290+00:00,3.4094448260894827,12.858651313374208,25.58879353054043,False,False,False,NORMAL,False
N4,post_hoc_diagnostic_not_final_v2_validation,664,720.003432,2026-06-28T19:12:51.284+00:00,3.699700558523119,12.858651313374208,25.58879353054043,False,False,False,NORMAL,False
N4,post_hoc_diagnostic_not_final_v2_validation,665,721.005946,2026-06-28T19:12:52.287+00:00,4.310424645752039,12.858651313374208,25.58879353054043,False,False,False,NORMAL,False
N4,post_hoc_diagnostic_not_final_v2_validation,666,722.003242,2026-06-28T19:12:53.284+00:00,5.8612647532417865,12.858651313374208,25.58879353054043,False,False,False,NORMAL,False
N4,post_hoc_diagnostic_not_final_v2_validation,667,723.00906,2026-06-28T19:12:54.291+00:00,5.723888787116506,12.858651313374208,25.58879353054043,False,False,False,NORMAL,False
N4,post_hoc_diagnostic_not_final_v2_validation,668,724.005163,2026-06-28T19:12:55.287+00:00,5.124333777542576,12.858651313374208,25.58879353054043,False,False,False,NORMAL,False
N4,post_hoc_diagnostic_not_final_v2_validation,669,725.003592,2026-06-28T19:12:56.284+00:00,4.7955362837185405,12.858651313374208,25.58879353054043,False,False,False,NORMAL,False
N4,post_hoc_diagnostic_not_final_v2_validation,670,726.005851,2026-06-28T19:12:57.287+00:00,4.238911945332153,12.858651313374208,25.58879353054043,False,False,False,NORMAL,False
N4,post_hoc_diagnostic_not_final_v2_validation,671,727.007849,2026-06-28T19:12:58.289+00:00,3.6071182060098836,12.858651313374208,25.58879353054043,False,False,False,NORMAL,False
N4,post_hoc_diagnostic_not_final_v2_validation,672,728.001909,2026-06-28T19:12:59.283+00:00,2.7697394389264023,12.858651313374208,25.58879353054043,False,False,False,NORMAL,False
N4,post_hoc_diagnostic_not_final_v2_validation,673,729.004162,2026-06-28T19:13:00.286+00:00,2.6502608751520307,12.858651313374208,25.58879353054043,False,False,False,NORMAL,False
N4,post_hoc_diagnostic_not_final_v2_validation,674,730.00343,2026-06-28T19:13:01.283+00:00,2.8332446068049366,12.858651313374208,25.58879353054043,False,False,False,NORMAL,False
N4,post_hoc_diagnostic_not_final_v2_validation,675,731.001813,2026-06-28T19:13:02.282+00:00,1.9708589760239459,12.858651313374208,25.58879353054043,False,False,False,NORMAL,False
N4,post_hoc_diagnostic_not_final_v2_validation,676,732.003063,2026-06-28T19:13:03.284+00:00,1.3486025997349889,12.858651313374208,25.58879353054043,False,False,False,NORMAL,False
N4,post_hoc_diagnostic_not_final_v2_validation,677,733.004939,2026-06-28T19:13:04.286+00:00,0.9014637453280024,12.858651313374208,25.58879353054043,False,False,False,NORMAL,False
N4,post_hoc_diagnostic_not_final_v2_validation,678,734.002373,2026-06-28T19:13:05.283+00:00,0.6001971793710011,12.858651313374208,25.58879353054043,False,False,False,NORMAL,False
N4,post_hoc_diagnostic_not_final_v2_validation,679,735.006443,2026-06-28T19:13:06.287+00:00,0.3478285596652444,12.858651313374208,25.58879353054043,False,False,False,NORMAL,False
N4,post_hoc_diagnostic_not_final_v2_validation,680,736.003748,2026-06-28T19:13:07.286+00:00,0.21025197538049278,12.858651313374208,25.58879353054043,False,False,False,NORMAL,False
N4,post_hoc_diagnostic_not_final_v2_validation,681,737.001683,2026-06-28T19:13:08.282+00:00,1.116839098476564,12.858651313374208,25.58879353054043,False,False,False,NORMAL,False
N4,post_hoc_diagnostic_not_final_v2_validation,682,738.004201,2026-06-28T19:13:09.286+00:00,2.4237190712421413,12.858651313374208,25.58879353054043,False,False,False,NORMAL,False
N4,post_hoc_diagnostic_not_final_v2_validation,683,739.00187,2026-06-28T19:13:10.283+00:00,3.8453342122761214,12.858651313374208,25.58879353054043,False,False,False,NORMAL,False
N4,post_hoc_diagnostic_not_final_v2_validation,684,740.002124,2026-06-28T19:13:11.282+00:00,3.316592788586167,12.858651313374208,25.58879353054043,False,False,False,NORMAL,False
N4,post_hoc_diagnostic_not_final_v2_validation,685,741.00408,2026-06-28T19:13:12.285+00:00,3.0376171297409673,12.858651313374208,25.58879353054043,False,False,False,NORMAL,False
N4,post_hoc_diagnostic_not_final_v2_validation,686,742.003788,2026-06-28T19:13:13.285+00:00,2.686022624504858,12.858651313374208,25.58879353054043,False,False,False,NORMAL,False
N4,post_hoc_diagnostic_not_final_v2_validation,687,743.006767,2026-06-28T19:13:14.289+00:00,1.912242174625109,12.858651313374208,25.58879353054043,False,False,False,NORMAL,False
N4,post_hoc_diagnostic_not_final_v2_validation,688,744.001739,2026-06-28T19:13:15.282+00:00,1.505884365943683,12.858651313374208,25.58879353054043,False,False,False,NORMAL,False
N4,post_hoc_diagnostic_not_final_v2_validation,689,745.001904,2026-06-28T19:13:16.282+00:00,1.9715872699541401,12.858651313374208,25.58879353054043,False,False,False,NORMAL,False
N4,post_hoc_diagnostic_not_final_v2_validation,690,746.005196,2026-06-28T19:13:17.285+00:00,2.7878066055961606,12.858651313374208,25.58879353054043,False,False,False,NORMAL,False
N4,post_hoc_diagnostic_not_final_v2_validation,691,747.001697,2026-06-28T19:13:18.282+00:00,3.7666141670002333,12.858651313374208,25.58879353054043,False,False,False,NORMAL,False
N4,post_hoc_diagnostic_not_final_v2_validation,692,748.003514,2026-06-28T19:13:19.284+00:00,2.682226864455843,12.858651313374208,25.58879353054043,False,False,False,NORMAL,False
N4,post_hoc_diagnostic_not_final_v2_validation,693,749.004888,2026-06-28T19:13:20.286+00:00,1.9796135766556968,12.858651313374208,25.58879353054043,False,False,False,NORMAL,False
N4,post_hoc_diagnostic_not_final_v2_validation,694,750.001747,2026-06-28T19:13:21.282+00:00,1.3478344212391782,12.858651313374208,25.58879353054043,False,False,False,NORMAL,False
N4,post_hoc_diagnostic_not_final_v2_validation,695,751.002539,2026-06-28T19:13:22.283+00:00,0.5474166071092104,12.858651313374208,25.58879353054043,False,False,False,NORMAL,False
N4,post_hoc_diagnostic_not_final_v2_validation,696,752.002005,2026-06-28T19:13:23.282+00:00,0.5344834200150087,12.858651313374208,25.58879353054043,False,False,False,NORMAL,False
N4,post_hoc_diagnostic_not_final_v2_validation,697,753.00231,2026-06-28T19:13:24.283+00:00,1.227628981088384,12.858651313374208,25.58879353054043,False,False,False,NORMAL,False
N4,post_hoc_diagnostic_not_final_v2_validation,698,754.004032,2026-06-28T19:13:25.286+00:00,2.543184401277328,12.858651313374208,25.58879353054043,False,False,False,NORMAL,False
N4,post_hoc_diagnostic_not_final_v2_validation,699,755.003887,2026-06-28T19:13:26.284+00:00,4.126435068085291,12.858651313374208,25.58879353054043,False,False,False,NORMAL,False
N4,post_hoc_diagnostic_not_final_v2_validation,700,756.00495,2026-06-28T19:13:27.286+00:00,5.657689743188357,12.858651313374208,25.58879353054043,False,False,False,NORMAL,False
N4,post_hoc_diagnostic_not_final_v2_validation,701,757.005803,2026-06-28T19:13:28.289+00:00,4.561045451054714,12.858651313374208,25.58879353054043,False,False,False,NORMAL,False
N4,post_hoc_diagnostic_not_final_v2_validation,702,758.005986,2026-06-28T19:13:29.288+00:00,2.427033356829752,12.858651313374208,25.58879353054043,False,False,False,NORMAL,False
N4,post_hoc_diagnostic_not_final_v2_validation,703,759.003164,2026-06-28T19:13:30.284+00:00,0.8473113030247073,12.858651313374208,25.58879353054043,False,False,False,NORMAL,False
N4,post_hoc_diagnostic_not_final_v2_validation,704,760.016365,2026-06-28T19:13:31.298+00:00,0.6028055576490159,12.858651313374208,25.58879353054043,False,False,False,NORMAL,False
N4,post_hoc_diagnostic_not_final_v2_validation,705,761.002829,2026-06-28T19:13:32.284+00:00,1.2293172143641646,12.858651313374208,25.58879353054043,False,False,False,NORMAL,False
N4,post_hoc_diagnostic_not_final_v2_validation,706,762.003502,2026-06-28T19:13:33.285+00:00,2.3272289634548846,12.858651313374208,25.58879353054043,False,False,False,NORMAL,False
N4,post_hoc_diagnostic_not_final_v2_validation,707,763.006279,2026-06-28T19:13:34.288+00:00,3.48035160814058,12.858651313374208,25.58879353054043,False,False,False,NORMAL,False
N4,post_hoc_diagnostic_not_final_v2_validation,708,764.001786,2026-06-28T19:13:35.282+00:00,4.838916949605158,12.858651313374208,25.58879353054043,False,False,False,NORMAL,False
N4,post_hoc_diagnostic_not_final_v2_validation,709,765.001686,2026-06-28T19:13:36.282+00:00,4.258765478151741,12.858651313374208,25.58879353054043,False,False,False,NORMAL,False
N4,post_hoc_diagnostic_not_final_v2_validation,710,766.001861,2026-06-28T19:13:37.283+00:00,3.2679025733081013,12.858651313374208,25.58879353054043,False,False,False,NORMAL,False
N4,post_hoc_diagnostic_not_final_v2_validation,711,767.001746,2026-06-28T19:13:38.282+00:00,2.8922248801591204,12.858651313374208,25.58879353054043,False,False,False,NORMAL,False
N4,post_hoc_diagnostic_not_final_v2_validation,712,768.001976,2026-06-28T19:13:39.283+00:00,3.553177370259267,12.858651313374208,25.58879353054043,False,False,False,NORMAL,False
N4,post_hoc_diagnostic_not_final_v2_validation,713,769.005085,2026-06-28T19:13:40.287+00:00,3.9773838638901653,12.858651313374208,25.58879353054043,False,False,False,NORMAL,False
N4,post_hoc_diagnostic_not_final_v2_validation,714,770.001613,2026-06-28T19:13:41.284+00:00,4.5662183995808565,12.858651313374208,25.58879353054043,False,False,False,NORMAL,False
N4,post_hoc_diagnostic_not_final_v2_validation,715,771.003032,2026-06-28T19:13:42.284+00:00,4.160449855555273,12.858651313374208,25.58879353054043,False,False,False,NORMAL,False
N4,post_hoc_diagnostic_not_final_v2_validation,716,772.00247,2026-06-28T19:13:43.283+00:00,4.846358606869338,12.858651313374208,25.58879353054043,False,False,False,NORMAL,False
N4,post_hoc_diagnostic_not_final_v2_validation,717,773.001768,2026-06-28T19:13:44.282+00:00,4.472239993099501,12.858651313374208,25.58879353054043,False,False,False,NORMAL,False
N4,post_hoc_diagnostic_not_final_v2_validation,718,774.002938,2026-06-28T19:13:45.285+00:00,3.10563505302514,12.858651313374208,25.58879353054043,False,False,False,NORMAL,False
N4,post_hoc_diagnostic_not_final_v2_validation,719,775.002169,2026-06-28T19:13:46.282+00:00,3.7706609280902157,12.858651313374208,25.58879353054043,False,False,False,NORMAL,False
N4,post_hoc_diagnostic_not_final_v2_validation,720,776.004263,2026-06-28T19:13:47.286+00:00,5.363361897793062,12.858651313374208,25.58879353054043,False,False,False,NORMAL,False
N4,post_hoc_diagnostic_not_final_v2_validation,721,777.001825,2026-06-28T19:13:48.282+00:00,9.581070466249933,12.858651313374208,25.58879353054043,False,False,False,NORMAL,False
N4,post_hoc_diagnostic_not_final_v2_validation,722,778.002863,2026-06-28T19:13:49.283+00:00,14.294645762905205,12.858651313374208,25.58879353054043,True,False,False,SUSPICIOUS,False
N4,post_hoc_diagnostic_not_final_v2_validation,723,779.001889,2026-06-28T19:13:50.282+00:00,13.838301259178962,12.858651313374208,25.58879353054043,True,False,False,SUSPICIOUS,False
N4,post_hoc_diagnostic_not_final_v2_validation,724,780.001826,2026-06-28T19:13:51.282+00:00,14.23397878330588,12.858651313374208,25.58879353054043,True,False,False,SUSPICIOUS,False
N4,post_hoc_diagnostic_not_final_v2_validation,725,781.004045,2026-06-28T19:13:52.284+00:00,12.064044465744132,12.858651313374208,25.58879353054043,False,False,False,NORMAL,False
N4,post_hoc_diagnostic_not_final_v2_validation,726,782.001729,2026-06-28T19:13:53.282+00:00,6.084500052628787,12.858651313374208,25.58879353054043,False,False,False,NORMAL,False
N4,post_hoc_diagnostic_not_final_v2_validation,727,783.004895,2026-06-28T19:13:54.286+00:00,2.791411744625375,12.858651313374208,25.58879353054043,False,False,False,NORMAL,False
N4,post_hoc_diagnostic_not_final_v2_validation,728,784.004531,2026-06-28T19:13:55.286+00:00,1.1198345284474476,12.858651313374208,25.58879353054043,False,False,False,NORMAL,False
N4,post_hoc_diagnostic_not_final_v2_validation,729,785.00506,2026-06-28T19:13:56.286+00:00,0.17646578905438937,12.858651313374208,25.58879353054043,False,False,False,NORMAL,False
N4,post_hoc_diagnostic_not_final_v2_validation,730,786.002838,2026-06-28T19:13:57.283+00:00,0.7450866584676532,12.858651313374208,25.58879353054043,False,False,False,NORMAL,False
N4,post_hoc_diagnostic_not_final_v2_validation,731,787.001995,2026-06-28T19:13:58.282+00:00,2.0352821017805827,12.858651313374208,25.58879353054043,False,False,False,NORMAL,False
N4,post_hoc_diagnostic_not_final_v2_validation,732,788.002461,2026-06-28T19:13:59.284+00:00,2.918644252449903,12.858651313374208,25.58879353054043,False,False,False,NORMAL,False
N4,post_hoc_diagnostic_not_final_v2_validation,733,789.003496,2026-06-28T19:14:00.284+00:00,2.4967630526507953,12.858651313374208,25.58879353054043,False,False,False,NORMAL,False
N4,post_hoc_diagnostic_not_final_v2_validation,734,790.002237,2026-06-28T19:14:01.282+00:00,1.8900171865908266,12.858651313374208,25.58879353054043,False,False,False,NORMAL,False
N4,post_hoc_diagnostic_not_final_v2_validation,735,791.006815,2026-06-28T19:14:02.287+00:00,0.5218245541447959,12.858651313374208,25.58879353054043,False,False,False,NORMAL,False
N4,post_hoc_diagnostic_not_final_v2_validation,736,792.003469,2026-06-28T19:14:03.284+00:00,0.20772395366236127,12.858651313374208,25.58879353054043,False,False,False,NORMAL,False
N4,post_hoc_diagnostic_not_final_v2_validation,737,793.003709,2026-06-28T19:14:04.285+00:00,0.7225933109891391,12.858651313374208,25.58879353054043,False,False,False,NORMAL,False
N4,post_hoc_diagnostic_not_final_v2_validation,738,794.001691,2026-06-28T19:14:05.282+00:00,1.554268864379035,12.858651313374208,25.58879353054043,False,False,False,NORMAL,False
N4,post_hoc_diagnostic_not_final_v2_validation,739,795.002095,2026-06-28T19:14:06.283+00:00,2.53928317355335,12.858651313374208,25.58879353054043,False,False,False,NORMAL,False
N4,post_hoc_diagnostic_not_final_v2_validation,740,796.004477,2026-06-28T19:14:07.285+00:00,3.098628405407059,12.858651313374208,25.58879353054043,False,False,False,NORMAL,False
N4,post_hoc_diagnostic_not_final_v2_validation,741,797.002995,2026-06-28T19:14:08.283+00:00,2.515838558931509,12.858651313374208,25.58879353054043,False,False,False,NORMAL,False
N4,post_hoc_diagnostic_not_final_v2_validation,742,798.00927,2026-06-28T19:14:09.291+00:00,2.1354973361269156,12.858651313374208,25.58879353054043,False,False,False,NORMAL,False
N4,post_hoc_diagnostic_not_final_v2_validation,743,799.00945,2026-06-28T19:14:10.291+00:00,1.0870163023154737,12.858651313374208,25.58879353054043,False,False,False,NORMAL,False
N4,post_hoc_diagnostic_not_final_v2_validation,744,800.001284,2026-06-28T19:14:11.283+00:00,1.1129722491272926,12.858651313374208,25.58879353054043,False,False,False,NORMAL,False
N4,post_hoc_diagnostic_not_final_v2_validation,745,801.00405,2026-06-28T19:14:12.285+00:00,1.8618300194443185,12.858651313374208,25.58879353054043,False,False,False,NORMAL,False
N4,post_hoc_diagnostic_not_final_v2_validation,746,802.006895,2026-06-28T19:14:13.287+00:00,2.950598552260338,12.858651313374208,25.58879353054043,False,False,False,NORMAL,False
N4,post_hoc_diagnostic_not_final_v2_validation,747,803.006472,2026-06-28T19:14:14.287+00:00,3.065342808903898,12.858651313374208,25.58879353054043,False,False,False,NORMAL,False
N4,post_hoc_diagnostic_not_final_v2_validation,748,804.003331,2026-06-28T19:14:15.284+00:00,2.319198868185828,12.858651313374208,25.58879353054043,False,False,False,NORMAL,False
N4,post_hoc_diagnostic_not_final_v2_validation,749,805.004676,2026-06-28T19:14:16.286+00:00,1.8628199595794541,12.858651313374208,25.58879353054043,False,False,False,NORMAL,False
N4,post_hoc_diagnostic_not_final_v2_validation,750,806.005178,2026-06-28T19:14:17.287+00:00,1.5961164375786054,12.858651313374208,25.58879353054043,False,False,False,NORMAL,False
N4,post_hoc_diagnostic_not_final_v2_validation,751,807.007767,2026-06-28T19:14:18.291+00:00,1.2488558251498794,12.858651313374208,25.58879353054043,False,False,False,NORMAL,False
N4,post_hoc_diagnostic_not_final_v2_validation,752,808.011131,2026-06-28T19:14:19.293+00:00,1.0869371748289376,12.858651313374208,25.58879353054043,False,False,False,NORMAL,False
N4,post_hoc_diagnostic_not_final_v2_validation,753,809.002652,2026-06-28T19:14:20.284+00:00,1.6766257116906953,12.858651313374208,25.58879353054043,False,False,False,NORMAL,False
N4,post_hoc_diagnostic_not_final_v2_validation,754,810.002429,2026-06-28T19:14:21.283+00:00,2.9732139765838044,12.858651313374208,25.58879353054043,False,False,False,NORMAL,False
N4,post_hoc_diagnostic_not_final_v2_validation,755,811.002451,2026-06-28T19:14:22.283+00:00,3.3894686103505496,12.858651313374208,25.58879353054043,False,False,False,NORMAL,False
N4,post_hoc_diagnostic_not_final_v2_validation,756,812.003372,2026-06-28T19:14:23.284+00:00,2.7379390874489644,12.858651313374208,25.58879353054043,False,False,False,NORMAL,False
N4,post_hoc_diagnostic_not_final_v2_validation,757,813.002691,2026-06-28T19:14:24.284+00:00,2.313568722186693,12.858651313374208,25.58879353054043,False,False,False,NORMAL,False
N4,post_hoc_diagnostic_not_final_v2_validation,758,814.015798,2026-06-28T19:14:25.296+00:00,1.739824112476534,12.858651313374208,25.58879353054043,False,False,False,NORMAL,False
N4,post_hoc_diagnostic_not_final_v2_validation,759,815.003983,2026-06-28T19:14:26.285+00:00,1.348236302924503,12.858651313374208,25.58879353054043,False,False,False,NORMAL,False
N4,post_hoc_diagnostic_not_final_v2_validation,760,816.003101,2026-06-28T19:14:27.285+00:00,1.1571021092712772,12.858651313374208,25.58879353054043,False,False,False,NORMAL,False
N4,post_hoc_diagnostic_not_final_v2_validation,761,817.004913,2026-06-28T19:14:28.285+00:00,1.112749439282488,12.858651313374208,25.58879353054043,False,False,False,NORMAL,False
N4,post_hoc_diagnostic_not_final_v2_validation,762,818.006091,2026-06-28T19:14:29.287+00:00,1.326248083819939,12.858651313374208,25.58879353054043,False,False,False,NORMAL,False
N4,post_hoc_diagnostic_not_final_v2_validation,763,819.001734,2026-06-28T19:14:30.282+00:00,1.2098727689611009,12.858651313374208,25.58879353054043,False,False,False,NORMAL,False
N4,post_hoc_diagnostic_not_final_v2_validation,764,820.007077,2026-06-28T19:14:31.290+00:00,0.9796057086665653,12.858651313374208,25.58879353054043,False,False,False,NORMAL,False
N4,post_hoc_diagnostic_not_final_v2_validation,765,821.00226,2026-06-28T19:14:32.284+00:00,1.0207055620781036,12.858651313374208,25.58879353054043,False,False,False,NORMAL,False
N4,post_hoc_diagnostic_not_final_v2_validation,766,822.005125,2026-06-28T19:14:33.286+00:00,1.4797489122158045,12.858651313374208,25.58879353054043,False,False,False,NORMAL,False
N4,post_hoc_diagnostic_not_final_v2_validation,767,823.001543,2026-06-28T19:14:34.282+00:00,2.323668799962052,12.858651313374208,25.58879353054043,False,False,False,NORMAL,False
N4,post_hoc_diagnostic_not_final_v2_validation,768,824.007459,2026-06-28T19:14:35.290+00:00,3.417149697934507,12.858651313374208,25.58879353054043,False,False,False,NORMAL,False
N4,post_hoc_diagnostic_not_final_v2_validation,769,825.003541,2026-06-28T19:14:36.286+00:00,4.724360709809944,12.858651313374208,25.58879353054043,False,False,False,NORMAL,False
N4,post_hoc_diagnostic_not_final_v2_validation,770,826.001562,2026-06-28T19:14:37.282+00:00,5.084897516693489,12.858651313374208,25.58879353054043,False,False,False,NORMAL,False
N4,post_hoc_diagnostic_not_final_v2_validation,771,827.003907,2026-06-28T19:14:38.285+00:00,5.675096923500701,12.858651313374208,25.58879353054043,False,False,False,NORMAL,False
N4,post_hoc_diagnostic_not_final_v2_validation,772,828.001824,2026-06-28T19:14:39.282+00:00,5.024082870337965,12.858651313374208,25.58879353054043,False,False,False,NORMAL,False
N4,post_hoc_diagnostic_not_final_v2_validation,773,829.002492,2026-06-28T19:14:40.284+00:00,3.9247520476922024,12.858651313374208,25.58879353054043,False,False,False,NORMAL,False
N4,post_hoc_diagnostic_not_final_v2_validation,774,830.003988,2026-06-28T19:14:41.285+00:00,3.0656399304036897,12.858651313374208,25.58879353054043,False,False,False,NORMAL,False
N4,post_hoc_diagnostic_not_final_v2_validation,775,831.003487,2026-06-28T19:14:42.284+00:00,2.5498889419049293,12.858651313374208,25.58879353054043,False,False,False,NORMAL,False
N4,post_hoc_diagnostic_not_final_v2_validation,776,832.001325,2026-06-28T19:14:43.281+00:00,2.038021844525121,12.858651313374208,25.58879353054043,False,False,False,NORMAL,False
N4,post_hoc_diagnostic_not_final_v2_validation,777,833.003839,2026-06-28T19:14:44.285+00:00,1.2352153904258003,12.858651313374208,25.58879353054043,False,False,False,NORMAL,False
N4,post_hoc_diagnostic_not_final_v2_validation,778,834.001555,2026-06-28T19:14:45.283+00:00,0.7822794849428609,12.858651313374208,25.58879353054043,False,False,False,NORMAL,False
N4,post_hoc_diagnostic_not_final_v2_validation,779,835.001702,2026-06-28T19:14:46.282+00:00,0.6290132369540091,12.858651313374208,25.58879353054043,False,False,False,NORMAL,False
N4,post_hoc_diagnostic_not_final_v2_validation,780,836.001223,2026-06-28T19:14:47.282+00:00,0.7187874058349393,12.858651313374208,25.58879353054043,False,False,False,NORMAL,False
N4,post_hoc_diagnostic_not_final_v2_validation,781,837.002134,2026-06-28T19:14:48.282+00:00,0.6708004406558106,12.858651313374208,25.58879353054043,False,False,False,NORMAL,False
N4,post_hoc_diagnostic_not_final_v2_validation,782,838.003931,2026-06-28T19:14:49.285+00:00,2.0210158925741344,12.858651313374208,25.58879353054043,False,False,False,NORMAL,False
N4,post_hoc_diagnostic_not_final_v2_validation,783,839.001252,2026-06-28T19:14:50.281+00:00,4.0628154342248255,12.858651313374208,25.58879353054043,False,False,False,NORMAL,False
N4,post_hoc_diagnostic_not_final_v2_validation,784,840.008354,2026-06-28T19:14:51.290+00:00,6.412764769260193,12.858651313374208,25.58879353054043,False,False,False,NORMAL,False
N4,post_hoc_diagnostic_not_final_v2_validation,785,841.002702,2026-06-28T19:14:52.283+00:00,8.516561316216437,12.858651313374208,25.58879353054043,False,False,False,NORMAL,False
N4,post_hoc_diagnostic_not_final_v2_validation,786,842.002722,2026-06-28T19:14:53.283+00:00,10.56048400503633,12.858651313374208,25.58879353054043,False,False,False,NORMAL,False
N4,post_hoc_diagnostic_not_final_v2_validation,787,843.004393,2026-06-28T19:14:54.285+00:00,11.863322176652396,12.858651313374208,25.58879353054043,False,False,False,NORMAL,False
N4,post_hoc_diagnostic_not_final_v2_validation,788,844.003172,2026-06-28T19:14:55.283+00:00,13.149110014295992,12.858651313374208,25.58879353054043,True,False,False,SUSPICIOUS,False
N4,post_hoc_diagnostic_not_final_v2_validation,789,845.002728,2026-06-28T19:14:56.283+00:00,10.99800336938832,12.858651313374208,25.58879353054043,False,False,False,NORMAL,False
N4,post_hoc_diagnostic_not_final_v2_validation,790,846.004738,2026-06-28T19:14:57.285+00:00,10.160862418195734,12.858651313374208,25.58879353054043,False,False,False,NORMAL,False
N4,post_hoc_diagnostic_not_final_v2_validation,791,847.005827,2026-06-28T19:14:58.287+00:00,10.399809768390206,12.858651313374208,25.58879353054043,False,False,False,NORMAL,False
N4,post_hoc_diagnostic_not_final_v2_validation,792,848.004858,2026-06-28T19:14:59.286+00:00,10.465462388909364,12.858651313374208,25.58879353054043,False,False,False,NORMAL,False
N4,post_hoc_diagnostic_not_final_v2_validation,793,849.001543,2026-06-28T19:15:00.281+00:00,10.521996748711063,12.858651313374208,25.58879353054043,False,False,False,NORMAL,False
N4,post_hoc_diagnostic_not_final_v2_validation,794,850.002422,2026-06-28T19:15:01.283+00:00,10.672407654113595,12.858651313374208,25.58879353054043,False,False,False,NORMAL,False
N4,post_hoc_diagnostic_not_final_v2_validation,795,851.014547,2026-06-28T19:15:02.296+00:00,9.819896223106284,12.858651313374208,25.58879353054043,False,False,False,NORMAL,False
N4,post_hoc_diagnostic_not_final_v2_validation,796,852.00227,2026-06-28T19:15:03.283+00:00,8.766119465328186,12.858651313374208,25.58879353054043,False,False,False,NORMAL,False
N4,post_hoc_diagnostic_not_final_v2_validation,797,853.004278,2026-06-28T19:15:04.285+00:00,7.5647774381401724,12.858651313374208,25.58879353054043,False,False,False,NORMAL,False
N4,post_hoc_diagnostic_not_final_v2_validation,798,854.006791,2026-06-28T19:15:05.288+00:00,6.3073821021728635,12.858651313374208,25.58879353054043,False,False,False,NORMAL,False
N4,post_hoc_diagnostic_not_final_v2_validation,799,855.003168,2026-06-28T19:15:06.283+00:00,5.1955884669170205,12.858651313374208,25.58879353054043,False,False,False,NORMAL,False
N4,post_hoc_diagnostic_not_final_v2_validation,800,856.004293,2026-06-28T19:15:07.284+00:00,3.9470884219034565,12.858651313374208,25.58879353054043,False,False,False,NORMAL,False
N4,post_hoc_diagnostic_not_final_v2_validation,801,857.003673,2026-06-28T19:15:08.284+00:00,2.927351621142577,12.858651313374208,25.58879353054043,False,False,False,NORMAL,False
N4,post_hoc_diagnostic_not_final_v2_validation,802,858.006535,2026-06-28T19:15:09.287+00:00,2.080411081248852,12.858651313374208,25.58879353054043,False,False,False,NORMAL,False
N4,post_hoc_diagnostic_not_final_v2_validation,803,859.004045,2026-06-28T19:15:10.285+00:00,1.6414788820408062,12.858651313374208,25.58879353054043,False,False,False,NORMAL,False
N4,post_hoc_diagnostic_not_final_v2_validation,804,860.004676,2026-06-28T19:15:11.286+00:00,1.620086375497236,12.858651313374208,25.58879353054043,False,False,False,NORMAL,False
N4,post_hoc_diagnostic_not_final_v2_validation,805,861.006893,2026-06-28T19:15:12.287+00:00,1.563835814527395,12.858651313374208,25.58879353054043,False,False,False,NORMAL,False
N4,post_hoc_diagnostic_not_final_v2_validation,806,862.005487,2026-06-28T19:15:13.285+00:00,1.6912398936935915,12.858651313374208,25.58879353054043,False,False,False,NORMAL,False
N4,post_hoc_diagnostic_not_final_v2_validation,807,863.004428,2026-06-28T19:15:14.286+00:00,2.848768291652167,12.858651313374208,25.58879353054043,False,False,False,NORMAL,False
N4,post_hoc_diagnostic_not_final_v2_validation,808,864.004875,2026-06-28T19:15:15.286+00:00,5.586410120745706,12.858651313374208,25.58879353054043,False,False,False,NORMAL,False
N4,post_hoc_diagnostic_not_final_v2_validation,809,865.001543,2026-06-28T19:15:16.282+00:00,6.590275204850622,12.858651313374208,25.58879353054043,False,False,False,NORMAL,False
N4,post_hoc_diagnostic_not_final_v2_validation,810,866.003145,2026-06-28T19:15:17.285+00:00,7.49877767822737,12.858651313374208,25.58879353054043,False,False,False,NORMAL,False
N4,post_hoc_diagnostic_not_final_v2_validation,811,867.00155,2026-06-28T19:15:18.282+00:00,5.334460868510906,12.858651313374208,25.58879353054043,False,False,False,NORMAL,False
N4,post_hoc_diagnostic_not_final_v2_validation,812,868.004909,2026-06-28T19:15:19.285+00:00,3.2196192209786627,12.858651313374208,25.58879353054043,False,False,False,NORMAL,False
N4,post_hoc_diagnostic_not_final_v2_validation,813,869.004844,2026-06-28T19:15:20.285+00:00,1.9622417962654377,12.858651313374208,25.58879353054043,False,False,False,NORMAL,False
N4,post_hoc_diagnostic_not_final_v2_validation,814,870.006059,2026-06-28T19:15:21.286+00:00,1.1694057479255435,12.858651313374208,25.58879353054043,False,False,False,NORMAL,False
N4,post_hoc_diagnostic_not_final_v2_validation,815,871.004187,2026-06-28T19:15:22.285+00:00,0.3457425891885109,12.858651313374208,25.58879353054043,False,False,False,NORMAL,False
N4,post_hoc_diagnostic_not_final_v2_validation,816,872.003773,2026-06-28T19:15:23.284+00:00,0.3716642043456695,12.858651313374208,25.58879353054043,False,False,False,NORMAL,False
N4,post_hoc_diagnostic_not_final_v2_validation,817,873.00591,2026-06-28T19:15:24.288+00:00,1.1598073456604423,12.858651313374208,25.58879353054043,False,False,False,NORMAL,False
N4,post_hoc_diagnostic_not_final_v2_validation,818,874.005641,2026-06-28T19:15:25.287+00:00,2.2446515042395436,12.858651313374208,25.58879353054043,False,False,False,NORMAL,False
N4,post_hoc_diagnostic_not_final_v2_validation,819,875.004949,2026-06-28T19:15:26.287+00:00,3.465440824111983,12.858651313374208,25.58879353054043,False,False,False,NORMAL,False
N4,post_hoc_diagnostic_not_final_v2_validation,820,876.002891,2026-06-28T19:15:27.284+00:00,2.520671313263633,12.858651313374208,25.58879353054043,False,False,False,NORMAL,False
N4,post_hoc_diagnostic_not_final_v2_validation,821,877.00298,2026-06-28T19:15:28.284+00:00,2.0594614397878983,12.858651313374208,25.58879353054043,False,False,False,NORMAL,False
N4,post_hoc_diagnostic_not_final_v2_validation,822,878.003667,2026-06-28T19:15:29.284+00:00,1.3605702363277037,12.858651313374208,25.58879353054043,False,False,False,NORMAL,False
N4,post_hoc_diagnostic_not_final_v2_validation,823,879.001565,2026-06-28T19:15:30.281+00:00,1.199536540325673,12.858651313374208,25.58879353054043,False,False,False,NORMAL,False
N4,post_hoc_diagnostic_not_final_v2_validation,824,880.002126,2026-06-28T19:15:31.284+00:00,1.3998141514724667,12.858651313374208,25.58879353054043,False,False,False,NORMAL,False
N4,post_hoc_diagnostic_not_final_v2_validation,825,881.01549,2026-06-28T19:15:32.299+00:00,1.6699691537640886,12.858651313374208,25.58879353054043,False,False,False,NORMAL,False
N4,post_hoc_diagnostic_not_final_v2_validation,826,882.014876,2026-06-28T19:15:33.295+00:00,2.062893225442353,12.858651313374208,25.58879353054043,False,False,False,NORMAL,False
N4,post_hoc_diagnostic_not_final_v2_validation,827,883.005633,2026-06-28T19:15:34.288+00:00,2.4880690093820217,12.858651313374208,25.58879353054043,False,False,False,NORMAL,False
N4,post_hoc_diagnostic_not_final_v2_validation,828,884.003045,2026-06-28T19:15:35.283+00:00,1.4821417360028701,12.858651313374208,25.58879353054043,False,False,False,NORMAL,False
N4,post_hoc_diagnostic_not_final_v2_validation,829,885.010806,2026-06-28T19:15:36.294+00:00,0.9474026267976534,12.858651313374208,25.58879353054043,False,False,False,NORMAL,False
N4,post_hoc_diagnostic_not_final_v2_validation,830,886.003211,2026-06-28T19:15:37.284+00:00,0.6319010259915376,12.858651313374208,25.58879353054043,False,False,False,NORMAL,False
N4,post_hoc_diagnostic_not_final_v2_validation,831,887.004011,2026-06-28T19:15:38.285+00:00,1.0217819917684254,12.858651313374208,25.58879353054043,False,False,False,NORMAL,False
N4,post_hoc_diagnostic_not_final_v2_validation,832,888.00266,2026-06-28T19:15:39.283+00:00,1.6292811969498344,12.858651313374208,25.58879353054043,False,False,False,NORMAL,False
N4,post_hoc_diagnostic_not_final_v2_validation,833,889.00247,2026-06-28T19:15:40.282+00:00,2.277209182979707,12.858651313374208,25.58879353054043,False,False,False,NORMAL,False
N4,post_hoc_diagnostic_not_final_v2_validation,834,890.002302,2026-06-28T19:15:41.282+00:00,2.7160891240705762,12.858651313374208,25.58879353054043,False,False,False,NORMAL,False
N4,post_hoc_diagnostic_not_final_v2_validation,835,891.003382,2026-06-28T19:15:42.284+00:00,3.160579953933226,12.858651313374208,25.58879353054043,False,False,False,NORMAL,False
N4,post_hoc_diagnostic_not_final_v2_validation,836,892.001637,2026-06-28T19:15:43.281+00:00,3.5398630469173824,12.858651313374208,25.58879353054043,False,False,False,NORMAL,False
N4,post_hoc_diagnostic_not_final_v2_validation,837,893.00419,2026-06-28T19:15:44.284+00:00,2.770851114609451,12.858651313374208,25.58879353054043,False,False,False,NORMAL,False
N4,post_hoc_diagnostic_not_final_v2_validation,838,894.002625,2026-06-28T19:15:45.284+00:00,1.4272603348143587,12.858651313374208,25.58879353054043,False,False,False,NORMAL,False
N4,post_hoc_diagnostic_not_final_v2_validation,839,895.004128,2026-06-28T19:15:46.285+00:00,1.5322734874668757,12.858651313374208,25.58879353054043,False,False,False,NORMAL,False
N4,post_hoc_diagnostic_not_final_v2_validation,840,896.001565,2026-06-28T19:15:47.282+00:00,2.2394143946534646,12.858651313374208,25.58879353054043,False,False,False,NORMAL,False
N4,post_hoc_diagnostic_not_final_v2_validation,841,897.002358,2026-06-28T19:15:48.286+00:00,3.212928654829031,12.858651313374208,25.58879353054043,False,False,False,NORMAL,False
N4,post_hoc_diagnostic_not_final_v2_validation,842,898.002736,2026-06-28T19:15:49.283+00:00,3.731883457210282,12.858651313374208,25.58879353054043,False,False,False,NORMAL,False
N4,post_hoc_diagnostic_not_final_v2_validation,843,899.002327,2026-06-28T19:15:50.283+00:00,4.186378939707398,12.858651313374208,25.58879353054043,False,False,False,NORMAL,False
N4,post_hoc_diagnostic_not_final_v2_validation,844,900.004796,2026-06-28T19:15:51.286+00:00,4.5678834215689985,12.858651313374208,25.58879353054043,False,False,False,NORMAL,False
N4,post_hoc_diagnostic_not_final_v2_validation,845,901.002442,2026-06-28T19:15:52.283+00:00,2.8694713251232358,12.858651313374208,25.58879353054043,False,False,False,NORMAL,False
N4,post_hoc_diagnostic_not_final_v2_validation,846,902.003255,2026-06-28T19:15:53.283+00:00,1.029497620858693,12.858651313374208,25.58879353054043,False,False,False,NORMAL,False
N4,post_hoc_diagnostic_not_final_v2_validation,847,903.002698,2026-06-28T19:15:54.284+00:00,1.1304579595628204,12.858651313374208,25.58879353054043,False,False,False,NORMAL,False
N4,post_hoc_diagnostic_not_final_v2_validation,848,904.001641,2026-06-28T19:15:55.282+00:00,2.2325624370451083,12.858651313374208,25.58879353054043,False,False,False,NORMAL,False
N4,post_hoc_diagnostic_not_final_v2_validation,849,905.002286,2026-06-28T19:15:56.283+00:00,3.7626500962844434,12.858651313374208,25.58879353054043,False,False,False,NORMAL,False
N4,post_hoc_diagnostic_not_final_v2_validation,850,906.00264,2026-06-28T19:15:57.284+00:00,5.4185612979569315,12.858651313374208,25.58879353054043,False,False,False,NORMAL,False
N4,post_hoc_diagnostic_not_final_v2_validation,851,907.003019,2026-06-28T19:15:58.283+00:00,7.002754271384423,12.858651313374208,25.58879353054043,False,False,False,NORMAL,False
N4,post_hoc_diagnostic_not_final_v2_validation,852,908.003003,2026-06-28T19:15:59.284+00:00,8.358183627868604,12.858651313374208,25.58879353054043,False,False,False,NORMAL,False
N4,post_hoc_diagnostic_not_final_v2_validation,853,909.002532,2026-06-28T19:16:00.283+00:00,5.108251477398824,12.858651313374208,25.58879353054043,False,False,False,NORMAL,False
N4,post_hoc_diagnostic_not_final_v2_validation,854,910.002573,2026-06-28T19:16:01.283+00:00,3.199592087554289,12.858651313374208,25.58879353054043,False,False,False,NORMAL,False
N4,post_hoc_diagnostic_not_final_v2_validation,855,911.001604,2026-06-28T19:16:02.282+00:00,1.3987420450682844,12.858651313374208,25.58879353054043,False,False,False,NORMAL,False
N4,post_hoc_diagnostic_not_final_v2_validation,856,912.003307,2026-06-28T19:16:03.284+00:00,0.801097476979431,12.858651313374208,25.58879353054043,False,False,False,NORMAL,False
N4,post_hoc_diagnostic_not_final_v2_validation,857,913.004149,2026-06-28T19:16:04.285+00:00,0.861219519232554,12.858651313374208,25.58879353054043,False,False,False,NORMAL,False
N4,post_hoc_diagnostic_not_final_v2_validation,858,914.002579,2026-06-28T19:16:05.283+00:00,1.2771657021926814,12.858651313374208,25.58879353054043,False,False,False,NORMAL,False
N4,post_hoc_diagnostic_not_final_v2_validation,859,915.004276,2026-06-28T19:16:06.286+00:00,1.99198568825547,12.858651313374208,25.58879353054043,False,False,False,NORMAL,False
N4,post_hoc_diagnostic_not_final_v2_validation,860,916.002473,2026-06-28T19:16:07.283+00:00,2.135710209606405,12.858651313374208,25.58879353054043,False,False,False,NORMAL,False
N4,post_hoc_diagnostic_not_final_v2_validation,861,917.001952,2026-06-28T19:16:08.282+00:00,1.8794680468938494,12.858651313374208,25.58879353054043,False,False,False,NORMAL,False
N4,post_hoc_diagnostic_not_final_v2_validation,862,918.015369,2026-06-28T19:16:09.297+00:00,2.1320325956445987,12.858651313374208,25.58879353054043,False,False,False,NORMAL,False
N4,post_hoc_diagnostic_not_final_v2_validation,863,919.004013,2026-06-28T19:16:10.284+00:00,1.8112184215512448,12.858651313374208,25.58879353054043,False,False,False,NORMAL,False
N4,post_hoc_diagnostic_not_final_v2_validation,864,920.003235,2026-06-28T19:16:11.284+00:00,2.0539750654626476,12.858651313374208,25.58879353054043,False,False,False,NORMAL,False
N4,post_hoc_diagnostic_not_final_v2_validation,865,921.010016,2026-06-28T19:16:12.292+00:00,2.506889762711489,12.858651313374208,25.58879353054043,False,False,False,NORMAL,False
N4,post_hoc_diagnostic_not_final_v2_validation,866,922.001722,2026-06-28T19:16:13.283+00:00,2.9188369371812763,12.858651313374208,25.58879353054043,False,False,False,NORMAL,False
N4,post_hoc_diagnostic_not_final_v2_validation,867,923.119504,2026-06-28T19:16:14.400+00:00,2.7561101067353135,12.858651313374208,25.58879353054043,False,False,False,NORMAL,False
N4,post_hoc_diagnostic_not_final_v2_validation,868,924.004526,2026-06-28T19:16:15.284+00:00,1.7348918615127973,12.858651313374208,25.58879353054043,False,False,False,NORMAL,False
N4,post_hoc_diagnostic_not_final_v2_validation,869,925.002704,2026-06-28T19:16:16.284+00:00,1.2919988489435066,12.858651313374208,25.58879353054043,False,False,False,NORMAL,False
N4,post_hoc_diagnostic_not_final_v2_validation,870,926.003442,2026-06-28T19:16:17.283+00:00,0.941416707122833,12.858651313374208,25.58879353054043,False,False,False,NORMAL,False
N4,post_hoc_diagnostic_not_final_v2_validation,871,927.004115,2026-06-28T19:16:18.284+00:00,0.7211662371647696,12.858651313374208,25.58879353054043,False,False,False,NORMAL,False
N4,post_hoc_diagnostic_not_final_v2_validation,872,928.002036,2026-06-28T19:16:19.282+00:00,0.21805771281608383,12.858651313374208,25.58879353054043,False,False,False,NORMAL,False
N4,post_hoc_diagnostic_not_final_v2_validation,873,929.001748,2026-06-28T19:16:20.282+00:00,0.21611496735869945,12.858651313374208,25.58879353054043,False,False,False,NORMAL,False
N4,post_hoc_diagnostic_not_final_v2_validation,874,930.003529,2026-06-28T19:16:21.284+00:00,0.28158858360460387,12.858651313374208,25.58879353054043,False,False,False,NORMAL,False
N4,post_hoc_diagnostic_not_final_v2_validation,875,931.002809,2026-06-28T19:16:22.283+00:00,0.22757470326574514,12.858651313374208,25.58879353054043,False,False,False,NORMAL,False
N4,post_hoc_diagnostic_not_final_v2_validation,876,932.003534,2026-06-28T19:16:23.284+00:00,0.04398312243189011,12.858651313374208,25.58879353054043,False,False,False,NORMAL,False
N4,post_hoc_diagnostic_not_final_v2_validation,877,933.005283,2026-06-28T19:16:24.287+00:00,0.09007004612836501,12.858651313374208,25.58879353054043,False,False,False,NORMAL,False
N4,post_hoc_diagnostic_not_final_v2_validation,878,934.005982,2026-06-28T19:16:25.287+00:00,0.22532225871509365,12.858651313374208,25.58879353054043,False,False,False,NORMAL,False
N4,post_hoc_diagnostic_not_final_v2_validation,879,935.004338,2026-06-28T19:16:26.286+00:00,0.42803317044892086,12.858651313374208,25.58879353054043,False,False,False,NORMAL,False
N4,post_hoc_diagnostic_not_final_v2_validation,880,936.003509,2026-06-28T19:16:27.284+00:00,1.997029417634244,12.858651313374208,25.58879353054043,False,False,False,NORMAL,False
N4,post_hoc_diagnostic_not_final_v2_validation,881,937.001741,2026-06-28T19:16:28.283+00:00,2.1898760829585404,12.858651313374208,25.58879353054043,False,False,False,NORMAL,False
N4,post_hoc_diagnostic_not_final_v2_validation,882,938.003324,2026-06-28T19:16:29.284+00:00,1.51579005801773,12.858651313374208,25.58879353054043,False,False,False,NORMAL,False
N4,post_hoc_diagnostic_not_final_v2_validation,883,939.001788,2026-06-28T19:16:30.282+00:00,1.1154690218935566,12.858651313374208,25.58879353054043,False,False,False,NORMAL,False
N4,post_hoc_diagnostic_not_final_v2_validation,884,940.002573,2026-06-28T19:16:31.283+00:00,1.5290519688535942,12.858651313374208,25.58879353054043,False,False,False,NORMAL,False
N4,post_hoc_diagnostic_not_final_v2_validation,885,941.0033,2026-06-28T19:16:32.283+00:00,2.1783253471061403,12.858651313374208,25.58879353054043,False,False,False,NORMAL,False
N4,post_hoc_diagnostic_not_final_v2_validation,886,942.004038,2026-06-28T19:16:33.284+00:00,2.6845280391267505,12.858651313374208,25.58879353054043,False,False,False,NORMAL,False
N4,post_hoc_diagnostic_not_final_v2_validation,887,943.003809,2026-06-28T19:16:34.285+00:00,2.981766013591788,12.858651313374208,25.58879353054043,False,False,False,NORMAL,False
N4,post_hoc_diagnostic_not_final_v2_validation,888,944.010707,2026-06-28T19:16:35.294+00:00,3.242010710836327,12.858651313374208,25.58879353054043,False,False,False,NORMAL,False
N4,post_hoc_diagnostic_not_final_v2_validation,889,945.003831,2026-06-28T19:16:36.285+00:00,2.459494327825849,12.858651313374208,25.58879353054043,False,False,False,NORMAL,False
N4,post_hoc_diagnostic_not_final_v2_validation,890,946.00563,2026-06-28T19:16:37.286+00:00,1.8451920450996078,12.858651313374208,25.58879353054043,False,False,False,NORMAL,False
N4,post_hoc_diagnostic_not_final_v2_validation,891,947.003084,2026-06-28T19:16:38.284+00:00,1.134544223595165,12.858651313374208,25.58879353054043,False,False,False,NORMAL,False
N4,post_hoc_diagnostic_not_final_v2_validation,892,948.00395,2026-06-28T19:16:39.286+00:00,0.5735684807357176,12.858651313374208,25.58879353054043,False,False,False,NORMAL,False
N4,post_hoc_diagnostic_not_final_v2_validation,893,949.005498,2026-06-28T19:16:40.287+00:00,0.39661499737554984,12.858651313374208,25.58879353054043,False,False,False,NORMAL,False
N4,post_hoc_diagnostic_not_final_v2_validation,894,950.005156,2026-06-28T19:16:41.286+00:00,0.4652738728768376,12.858651313374208,25.58879353054043,False,False,False,NORMAL,False
N4,post_hoc_diagnostic_not_final_v2_validation,895,951.01174,2026-06-28T19:16:42.294+00:00,0.6332501162931329,12.858651313374208,25.58879353054043,False,False,False,NORMAL,False
N4,post_hoc_diagnostic_not_final_v2_validation,896,952.004899,2026-06-28T19:16:43.287+00:00,0.8186994086242405,12.858651313374208,25.58879353054043,False,False,False,NORMAL,False
N4,post_hoc_diagnostic_not_final_v2_validation,897,953.00806,2026-06-28T19:16:44.288+00:00,0.79349555648386,12.858651313374208,25.58879353054043,False,False,False,NORMAL,False
N4,post_hoc_diagnostic_not_final_v2_validation,898,954.004502,2026-06-28T19:16:45.285+00:00,0.6370584187085389,12.858651313374208,25.58879353054043,False,False,False,NORMAL,False
N4,post_hoc_diagnostic_not_final_v2_validation,899,955.007518,2026-06-28T19:16:46.287+00:00,0.5770118386905818,12.858651313374208,25.58879353054043,False,False,False,NORMAL,False
N4,post_hoc_diagnostic_not_final_v2_validation,900,956.006226,2026-06-28T19:16:47.288+00:00,0.6440798294086623,12.858651313374208,25.58879353054043,False,False,False,NORMAL,False
N4,post_hoc_diagnostic_not_final_v2_validation,901,957.003582,2026-06-28T19:16:48.284+00:00,0.7554643119883311,12.858651313374208,25.58879353054043,False,False,False,NORMAL,False
N4,post_hoc_diagnostic_not_final_v2_validation,902,958.005171,2026-06-28T19:16:49.285+00:00,0.9363254845256697,12.858651313374208,25.58879353054043,False,False,False,NORMAL,False
N4,post_hoc_diagnostic_not_final_v2_validation,903,959.001825,2026-06-28T19:16:50.282+00:00,1.1807269216742857,12.858651313374208,25.58879353054043,False,False,False,NORMAL,False
N4,post_hoc_diagnostic_not_final_v2_validation,904,960.001603,2026-06-28T19:16:51.282+00:00,1.5547070153987466,12.858651313374208,25.58879353054043,False,False,False,NORMAL,False
N4,post_hoc_diagnostic_not_final_v2_validation,905,961.003391,2026-06-28T19:16:52.284+00:00,2.110932636291559,12.858651313374208,25.58879353054043,False,False,False,NORMAL,False
N4,post_hoc_diagnostic_not_final_v2_validation,906,962.002482,2026-06-28T19:16:53.285+00:00,3.1410420832786436,12.858651313374208,25.58879353054043,False,False,False,NORMAL,False
N4,post_hoc_diagnostic_not_final_v2_validation,907,963.001672,2026-06-28T19:16:54.282+00:00,3.7236331552721267,12.858651313374208,25.58879353054043,False,False,False,NORMAL,False
N4,post_hoc_diagnostic_not_final_v2_validation,908,964.005303,2026-06-28T19:16:55.292+00:00,4.322932379207577,12.858651313374208,25.58879353054043,False,False,False,NORMAL,False
N4,post_hoc_diagnostic_not_final_v2_validation,909,965.010221,2026-06-28T19:16:56.291+00:00,5.091043477663287,12.858651313374208,25.58879353054043,False,False,False,NORMAL,False
N4,post_hoc_diagnostic_not_final_v2_validation,910,966.004505,2026-06-28T19:16:57.285+00:00,5.81597486686014,12.858651313374208,25.58879353054043,False,False,False,NORMAL,False
N4,post_hoc_diagnostic_not_final_v2_validation,911,967.003867,2026-06-28T19:16:58.285+00:00,4.969177868118489,12.858651313374208,25.58879353054043,False,False,False,NORMAL,False
N4,post_hoc_diagnostic_not_final_v2_validation,912,968.004288,2026-06-28T19:16:59.286+00:00,5.092760556318606,12.858651313374208,25.58879353054043,False,False,False,NORMAL,False
N4,post_hoc_diagnostic_not_final_v2_validation,913,969.0029,2026-06-28T19:17:00.283+00:00,6.410709175985958,12.858651313374208,25.58879353054043,False,False,False,NORMAL,False
N4,post_hoc_diagnostic_not_final_v2_validation,914,970.001933,2026-06-28T19:17:01.282+00:00,8.523393144013811,12.858651313374208,25.58879353054043,False,False,False,NORMAL,False
N4,post_hoc_diagnostic_not_final_v2_validation,915,971.002306,2026-06-28T19:17:02.283+00:00,9.585532164495737,12.858651313374208,25.58879353054043,False,False,False,NORMAL,False
N4,post_hoc_diagnostic_not_final_v2_validation,916,972.00151,2026-06-28T19:17:03.282+00:00,10.544071462389036,12.858651313374208,25.58879353054043,False,False,False,NORMAL,False
N4,post_hoc_diagnostic_not_final_v2_validation,917,973.003128,2026-06-28T19:17:04.285+00:00,11.324004006918685,12.858651313374208,25.58879353054043,False,False,False,NORMAL,False
N4,post_hoc_diagnostic_not_final_v2_validation,918,974.00156,2026-06-28T19:17:05.282+00:00,11.917306275999909,12.858651313374208,25.58879353054043,False,False,False,NORMAL,False
N4,post_hoc_diagnostic_not_final_v2_validation,919,975.002768,2026-06-28T19:17:06.283+00:00,7.83848341940398,12.858651313374208,25.58879353054043,False,False,False,NORMAL,False
N4,post_hoc_diagnostic_not_final_v2_validation,920,976.001938,2026-06-28T19:17:07.282+00:00,4.53908000599497,12.858651313374208,25.58879353054043,False,False,False,NORMAL,False
N4,post_hoc_diagnostic_not_final_v2_validation,921,977.004245,2026-06-28T19:17:08.285+00:00,2.883416228802549,12.858651313374208,25.58879353054043,False,False,False,NORMAL,False
N4,post_hoc_diagnostic_not_final_v2_validation,922,978.002423,2026-06-28T19:17:09.283+00:00,2.6394064201972913,12.858651313374208,25.58879353054043,False,False,False,NORMAL,False
N4,post_hoc_diagnostic_not_final_v2_validation,923,979.003835,2026-06-28T19:17:10.285+00:00,3.1327050095911293,12.858651313374208,25.58879353054043,False,False,False,NORMAL,False
N4,post_hoc_diagnostic_not_final_v2_validation,924,980.003665,2026-06-28T19:17:11.285+00:00,2.1563573390106097,12.858651313374208,25.58879353054043,False,False,False,NORMAL,False
N4,post_hoc_diagnostic_not_final_v2_validation,925,981.002832,2026-06-28T19:17:12.284+00:00,1.6277525992179314,12.858651313374208,25.58879353054043,False,False,False,NORMAL,False
N4,post_hoc_diagnostic_not_final_v2_validation,926,982.004478,2026-06-28T19:17:13.286+00:00,1.1853011193596439,12.858651313374208,25.58879353054043,False,False,False,NORMAL,False
N4,post_hoc_diagnostic_not_final_v2_validation,927,983.005654,2026-06-28T19:17:14.288+00:00,0.5992348589405694,12.858651313374208,25.58879353054043,False,False,False,NORMAL,False
N4,post_hoc_diagnostic_not_final_v2_validation,928,984.005192,2026-06-28T19:17:15.287+00:00,0.7648341741160927,12.858651313374208,25.58879353054043,False,False,False,NORMAL,False
N4,post_hoc_diagnostic_not_final_v2_validation,929,985.004283,2026-06-28T19:17:16.285+00:00,1.9667791732945785,12.858651313374208,25.58879353054043,False,False,False,NORMAL,False
N4,post_hoc_diagnostic_not_final_v2_validation,930,986.002767,2026-06-28T19:17:17.284+00:00,3.6031826059795096,12.858651313374208,25.58879353054043,False,False,False,NORMAL,False
N4,post_hoc_diagnostic_not_final_v2_validation,931,987.003544,2026-06-28T19:17:18.284+00:00,5.340361378663487,12.858651313374208,25.58879353054043,False,False,False,NORMAL,False
N4,post_hoc_diagnostic_not_final_v2_validation,932,988.005218,2026-06-28T19:17:19.286+00:00,4.5539316000289265,12.858651313374208,25.58879353054043,False,False,False,NORMAL,False
N4,post_hoc_diagnostic_not_final_v2_validation,933,989.005027,2026-06-28T19:17:20.286+00:00,4.048264344670955,12.858651313374208,25.58879353054043,False,False,False,NORMAL,False
N4,post_hoc_diagnostic_not_final_v2_validation,934,990.003097,2026-06-28T19:17:21.284+00:00,3.438435724007601,12.858651313374208,25.58879353054043,False,False,False,NORMAL,False
N4,post_hoc_diagnostic_not_final_v2_validation,935,991.001689,2026-06-28T19:17:22.282+00:00,2.3448388177299844,12.858651313374208,25.58879353054043,False,False,False,NORMAL,False
N4,post_hoc_diagnostic_not_final_v2_validation,936,992.00508,2026-06-28T19:17:23.286+00:00,1.7159368010519311,12.858651313374208,25.58879353054043,False,False,False,NORMAL,False
N4,post_hoc_diagnostic_not_final_v2_validation,937,993.004662,2026-06-28T19:17:24.286+00:00,2.010010676169477,12.858651313374208,25.58879353054043,False,False,False,NORMAL,False
N4,post_hoc_diagnostic_not_final_v2_validation,938,994.004795,2026-06-28T19:17:25.285+00:00,2.753442486128108,12.858651313374208,25.58879353054043,False,False,False,NORMAL,False
N4,post_hoc_diagnostic_not_final_v2_validation,939,995.005345,2026-06-28T19:17:26.287+00:00,3.6056642987932896,12.858651313374208,25.58879353054043,False,False,False,NORMAL,False
N4,post_hoc_diagnostic_not_final_v2_validation,940,996.004064,2026-06-28T19:17:27.285+00:00,4.400414674399713,12.858651313374208,25.58879353054043,False,False,False,NORMAL,False
N4,post_hoc_diagnostic_not_final_v2_validation,941,997.004009,2026-06-28T19:17:28.285+00:00,3.3385353689612742,12.858651313374208,25.58879353054043,False,False,False,NORMAL,False
N4,post_hoc_diagnostic_not_final_v2_validation,942,998.001373,2026-06-28T19:17:29.281+00:00,1.7477091493207144,12.858651313374208,25.58879353054043,False,False,False,NORMAL,False
N4,post_hoc_diagnostic_not_final_v2_validation,943,999.002881,2026-06-28T19:17:30.283+00:00,0.8206560526949422,12.858651313374208,25.58879353054043,False,False,False,NORMAL,False
N4,post_hoc_diagnostic_not_final_v2_validation,944,1000.003667,2026-06-28T19:17:31.284+00:00,1.0999106910859613,12.858651313374208,25.58879353054043,False,False,False,NORMAL,False
N4,post_hoc_diagnostic_not_final_v2_validation,945,1001.002047,2026-06-28T19:17:32.282+00:00,1.9811930245722562,12.858651313374208,25.58879353054043,False,False,False,NORMAL,False
N4,post_hoc_diagnostic_not_final_v2_validation,946,1002.002195,2026-06-28T19:17:33.283+00:00,3.107274635774236,12.858651313374208,25.58879353054043,False,False,False,NORMAL,False
N4,post_hoc_diagnostic_not_final_v2_validation,947,1003.005097,2026-06-28T19:17:34.286+00:00,4.261763917142082,12.858651313374208,25.58879353054043,False,False,False,NORMAL,False
N4,post_hoc_diagnostic_not_final_v2_validation,948,1004.00173,2026-06-28T19:17:35.282+00:00,5.355655722886344,12.858651313374208,25.58879353054043,False,False,False,NORMAL,False
N4,post_hoc_diagnostic_not_final_v2_validation,949,1005.004776,2026-06-28T19:17:36.286+00:00,3.902767501698088,12.858651313374208,25.58879353054043,False,False,False,NORMAL,False
N4,post_hoc_diagnostic_not_final_v2_validation,950,1006.00192,2026-06-28T19:17:37.282+00:00,2.1668320333372693,12.858651313374208,25.58879353054043,False,False,False,NORMAL,False
N4,post_hoc_diagnostic_not_final_v2_validation,951,1007.009527,2026-06-28T19:17:38.290+00:00,1.0630799763868612,12.858651313374208,25.58879353054043,False,False,False,NORMAL,False
N4,post_hoc_diagnostic_not_final_v2_validation,952,1008.003567,2026-06-28T19:17:39.284+00:00,1.2897914263973669,12.858651313374208,25.58879353054043,False,False,False,NORMAL,False
N4,post_hoc_diagnostic_not_final_v2_validation,953,1009.005574,2026-06-28T19:17:40.287+00:00,2.81973529948848,12.858651313374208,25.58879353054043,False,False,False,NORMAL,False
N4,post_hoc_diagnostic_not_final_v2_validation,954,1010.004359,2026-06-28T19:17:41.286+00:00,4.856186662265671,12.858651313374208,25.58879353054043,False,False,False,NORMAL,False
N4,post_hoc_diagnostic_not_final_v2_validation,955,1011.00443,2026-06-28T19:17:42.285+00:00,6.9908288815071735,12.858651313374208,25.58879353054043,False,False,False,NORMAL,False
N4,post_hoc_diagnostic_not_final_v2_validation,956,1012.004047,2026-06-28T19:17:43.285+00:00,9.046967743344652,12.858651313374208,25.58879353054043,False,False,False,NORMAL,False
N4,post_hoc_diagnostic_not_final_v2_validation,957,1013.003937,2026-06-28T19:17:44.286+00:00,8.2419168313072,12.858651313374208,25.58879353054043,False,False,False,NORMAL,False
N4,post_hoc_diagnostic_not_final_v2_validation,958,1014.001578,2026-06-28T19:17:45.282+00:00,4.351459837431026,12.858651313374208,25.58879353054043,False,False,False,NORMAL,False
N4,post_hoc_diagnostic_not_final_v2_validation,959,1015.004029,2026-06-28T19:17:46.286+00:00,2.209832507412999,12.858651313374208,25.58879353054043,False,False,False,NORMAL,False
N4,post_hoc_diagnostic_not_final_v2_validation,960,1016.001906,2026-06-28T19:17:47.282+00:00,0.7991911378515171,12.858651313374208,25.58879353054043,False,False,False,NORMAL,False
N4,post_hoc_diagnostic_not_final_v2_validation,961,1017.005763,2026-06-28T19:17:48.287+00:00,0.8130690262817153,12.858651313374208,25.58879353054043,False,False,False,NORMAL,False
N4,post_hoc_diagnostic_not_final_v2_validation,962,1018.002256,2026-06-28T19:17:49.282+00:00,2.391813196468142,12.858651313374208,25.58879353054043,False,False,False,NORMAL,False
N4,post_hoc_diagnostic_not_final_v2_validation,963,1019.003306,2026-06-28T19:17:50.283+00:00,4.6161709353581095,12.858651313374208,25.58879353054043,False,False,False,NORMAL,False
N4,post_hoc_diagnostic_not_final_v2_validation,964,1020.004117,2026-06-28T19:17:51.285+00:00,6.845034763582159,12.858651313374208,25.58879353054043,False,False,False,NORMAL,False
N4,post_hoc_diagnostic_not_final_v2_validation,965,1021.003014,2026-06-28T19:17:52.284+00:00,6.846139745726692,12.858651313374208,25.58879353054043,False,False,False,NORMAL,False
N4,post_hoc_diagnostic_not_final_v2_validation,966,1022.0063,2026-06-28T19:17:53.288+00:00,3.780181789179122,12.858651313374208,25.58879353054043,False,False,False,NORMAL,False
N4,post_hoc_diagnostic_not_final_v2_validation,967,1023.007833,2026-06-28T19:17:54.292+00:00,2.10113679787924,12.858651313374208,25.58879353054043,False,False,False,NORMAL,False
N4,post_hoc_diagnostic_not_final_v2_validation,968,1024.001824,2026-06-28T19:17:55.282+00:00,1.207448946664028,12.858651313374208,25.58879353054043,False,False,False,NORMAL,False
N4,post_hoc_diagnostic_not_final_v2_validation,969,1025.00203,2026-06-28T19:17:56.282+00:00,0.5948909470600843,12.858651313374208,25.58879353054043,False,False,False,NORMAL,False
N4,post_hoc_diagnostic_not_final_v2_validation,970,1026.004716,2026-06-28T19:17:57.286+00:00,0.9402000214551216,12.858651313374208,25.58879353054043,False,False,False,NORMAL,False
N4,post_hoc_diagnostic_not_final_v2_validation,971,1027.004052,2026-06-28T19:17:58.285+00:00,1.795874654460147,12.858651313374208,25.58879353054043,False,False,False,NORMAL,False
N4,post_hoc_diagnostic_not_final_v2_validation,972,1028.003949,2026-06-28T19:17:59.284+00:00,1.8275230178957047,12.858651313374208,25.58879353054043,False,False,False,NORMAL,False
N4,post_hoc_diagnostic_not_final_v2_validation,973,1029.00425,2026-06-28T19:18:00.286+00:00,1.151459674317607,12.858651313374208,25.58879353054043,False,False,False,NORMAL,False
N4,post_hoc_diagnostic_not_final_v2_validation,974,1030.007512,2026-06-28T19:18:01.288+00:00,0.7792329726122036,12.858651313374208,25.58879353054043,False,False,False,NORMAL,False
N4,post_hoc_diagnostic_not_final_v2_validation,975,1031.002471,2026-06-28T19:18:02.283+00:00,0.12473658123304136,12.858651313374208,25.58879353054043,False,False,False,NORMAL,False
N4,post_hoc_diagnostic_not_final_v2_validation,976,1032.012175,2026-06-28T19:18:03.292+00:00,1.1477819973591155,12.858651313374208,25.58879353054043,False,False,False,NORMAL,False
N4,post_hoc_diagnostic_not_final_v2_validation,977,1033.003558,2026-06-28T19:18:04.285+00:00,3.082822629561452,12.858651313374208,25.58879353054043,False,False,False,NORMAL,False
N4,post_hoc_diagnostic_not_final_v2_validation,978,1034.003147,2026-06-28T19:18:05.284+00:00,5.3161147637706705,12.858651313374208,25.58879353054043,False,False,False,NORMAL,False
N4,post_hoc_diagnostic_not_final_v2_validation,979,1035.002239,2026-06-28T19:18:06.284+00:00,7.486949381484816,12.858651313374208,25.58879353054043,False,False,False,NORMAL,False
N4,post_hoc_diagnostic_not_final_v2_validation,980,1036.002396,2026-06-28T19:18:07.283+00:00,7.727009746398181,12.858651313374208,25.58879353054043,False,False,False,NORMAL,False
N4,post_hoc_diagnostic_not_final_v2_validation,981,1037.001906,2026-06-28T19:18:08.282+00:00,6.665880170775733,12.858651313374208,25.58879353054043,False,False,False,NORMAL,False
N4,post_hoc_diagnostic_not_final_v2_validation,982,1038.006704,2026-06-28T19:18:09.288+00:00,5.6252915546198,12.858651313374208,25.58879353054043,False,False,False,NORMAL,False
N4,post_hoc_diagnostic_not_final_v2_validation,983,1039.002983,2026-06-28T19:18:10.283+00:00,2.2328238252053554,12.858651313374208,25.58879353054043,False,False,False,NORMAL,False
N4,post_hoc_diagnostic_not_final_v2_validation,984,1040.002294,2026-06-28T19:18:11.283+00:00,1.170941921403339,12.858651313374208,25.58879353054043,False,False,False,NORMAL,False
N4,post_hoc_diagnostic_not_final_v2_validation,985,1041.040219,2026-06-28T19:18:12.321+00:00,1.6861539484007435,12.858651313374208,25.58879353054043,False,False,False,NORMAL,False
N4,post_hoc_diagnostic_not_final_v2_validation,986,1042.036791,2026-06-28T19:18:13.317+00:00,2.9920601521526633,12.858651313374208,25.58879353054043,False,False,False,NORMAL,False
N4,post_hoc_diagnostic_not_final_v2_validation,987,1043.004387,2026-06-28T19:18:14.287+00:00,3.224346993871457,12.858651313374208,25.58879353054043,False,False,False,NORMAL,False
N4,post_hoc_diagnostic_not_final_v2_validation,988,1044.003728,2026-06-28T19:18:15.286+00:00,2.594227983980722,12.858651313374208,25.58879353054043,False,False,False,NORMAL,False
N4,post_hoc_diagnostic_not_final_v2_validation,989,1045.002865,2026-06-28T19:18:16.283+00:00,2.1556297370171755,12.858651313374208,25.58879353054043,False,False,False,NORMAL,False
N4,post_hoc_diagnostic_not_final_v2_validation,990,1046.001396,2026-06-28T19:18:17.282+00:00,1.6598866996784243,12.858651313374208,25.58879353054043,False,False,False,NORMAL,False
N4,post_hoc_diagnostic_not_final_v2_validation,991,1047.002246,2026-06-28T19:18:18.283+00:00,1.2330830923134455,12.858651313374208,25.58879353054043,False,False,False,NORMAL,False
N4,post_hoc_diagnostic_not_final_v2_validation,992,1048.007588,2026-06-28T19:18:19.291+00:00,0.8953769926074446,12.858651313374208,25.58879353054043,False,False,False,NORMAL,False
N4,post_hoc_diagnostic_not_final_v2_validation,993,1049.00181,2026-06-28T19:18:20.282+00:00,1.235454205589824,12.858651313374208,25.58879353054043,False,False,False,NORMAL,False
N4,post_hoc_diagnostic_not_final_v2_validation,994,1050.004081,2026-06-28T19:18:21.285+00:00,1.9067557033199858,12.858651313374208,25.58879353054043,False,False,False,NORMAL,False
N4,post_hoc_diagnostic_not_final_v2_validation,995,1051.004575,2026-06-28T19:18:22.286+00:00,1.6687385396119194,12.858651313374208,25.58879353054043,False,False,False,NORMAL,False
N4,post_hoc_diagnostic_not_final_v2_validation,996,1052.002948,2026-06-28T19:18:23.283+00:00,1.1001271055613124,12.858651313374208,25.58879353054043,False,False,False,NORMAL,False
N4,post_hoc_diagnostic_not_final_v2_validation,997,1053.002223,2026-06-28T19:18:24.282+00:00,0.7851004052440771,12.858651313374208,25.58879353054043,False,False,False,NORMAL,False
N4,post_hoc_diagnostic_not_final_v2_validation,998,1054.003614,2026-06-28T19:18:25.284+00:00,0.3960610189712849,12.858651313374208,25.58879353054043,False,False,False,NORMAL,False
N4,post_hoc_diagnostic_not_final_v2_validation,999,1055.004905,2026-06-28T19:18:26.288+00:00,0.35648684296535804,12.858651313374208,25.58879353054043,False,False,False,NORMAL,False
N4,post_hoc_diagnostic_not_final_v2_validation,1000,1056.004395,2026-06-28T19:18:27.286+00:00,2.0584275200845434,12.858651313374208,25.58879353054043,False,False,False,NORMAL,False
N4,post_hoc_diagnostic_not_final_v2_validation,1001,1057.004243,2026-06-28T19:18:28.285+00:00,4.3523730170601915,12.858651313374208,25.58879353054043,False,False,False,NORMAL,False
N4,post_hoc_diagnostic_not_final_v2_validation,1002,1058.006665,2026-06-28T19:18:29.292+00:00,5.597045121441443,12.858651313374208,25.58879353054043,False,False,False,NORMAL,False
N4,post_hoc_diagnostic_not_final_v2_validation,1003,1059.002578,2026-06-28T19:18:30.283+00:00,5.088102823398234,12.858651313374208,25.58879353054043,False,False,False,NORMAL,False
N4,post_hoc_diagnostic_not_final_v2_validation,1004,1060.005918,2026-06-28T19:18:31.290+00:00,5.104431307481377,12.858651313374208,25.58879353054043,False,False,False,NORMAL,False
N4,post_hoc_diagnostic_not_final_v2_validation,1005,1061.003875,2026-06-28T19:18:32.285+00:00,5.660254258321596,12.858651313374208,25.58879353054043,False,False,False,NORMAL,False
N4,post_hoc_diagnostic_not_final_v2_validation,1006,1062.009883,2026-06-28T19:18:33.291+00:00,5.208865774587731,12.858651313374208,25.58879353054043,False,False,False,NORMAL,False
N4,post_hoc_diagnostic_not_final_v2_validation,1007,1063.003941,2026-06-28T19:18:34.286+00:00,4.6400334988214835,12.858651313374208,25.58879353054043,False,False,False,NORMAL,False
N4,post_hoc_diagnostic_not_final_v2_validation,1008,1064.004138,2026-06-28T19:18:35.285+00:00,4.812285030807705,12.858651313374208,25.58879353054043,False,False,False,NORMAL,False
N4,post_hoc_diagnostic_not_final_v2_validation,1009,1065.004494,2026-06-28T19:18:36.285+00:00,4.1270192081414825,12.858651313374208,25.58879353054043,False,False,False,NORMAL,False
N4,post_hoc_diagnostic_not_final_v2_validation,1010,1066.004328,2026-06-28T19:18:37.284+00:00,4.194759162064745,12.858651313374208,25.58879353054043,False,False,False,NORMAL,False
N4,post_hoc_diagnostic_not_final_v2_validation,1011,1067.002654,2026-06-28T19:18:38.284+00:00,4.036300795423834,12.858651313374208,25.58879353054043,False,False,False,NORMAL,False
N4,post_hoc_diagnostic_not_final_v2_validation,1012,1068.004148,2026-06-28T19:18:39.285+00:00,3.1787688600136446,12.858651313374208,25.58879353054043,False,False,False,NORMAL,False
N4,post_hoc_diagnostic_not_final_v2_validation,1013,1069.002367,2026-06-28T19:18:40.283+00:00,2.7987982418912685,12.858651313374208,25.58879353054043,False,False,False,NORMAL,False
N4,post_hoc_diagnostic_not_final_v2_validation,1014,1070.002008,2026-06-28T19:18:41.283+00:00,3.052966803257104,12.858651313374208,25.58879353054043,False,False,False,NORMAL,False
N4,post_hoc_diagnostic_not_final_v2_validation,1015,1071.003283,2026-06-28T19:18:42.283+00:00,3.7153072718206768,12.858651313374208,25.58879353054043,False,False,False,NORMAL,False
N4,post_hoc_diagnostic_not_final_v2_validation,1016,1072.005604,2026-06-28T19:18:43.287+00:00,4.224687256340994,12.858651313374208,25.58879353054043,False,False,False,NORMAL,False
N4,post_hoc_diagnostic_not_final_v2_validation,1017,1073.002259,2026-06-28T19:18:44.283+00:00,5.284576320565528,12.858651313374208,25.58879353054043,False,False,False,NORMAL,False
N4,post_hoc_diagnostic_not_final_v2_validation,1018,1074.004328,2026-06-28T19:18:45.285+00:00,5.425443187828542,12.858651313374208,25.58879353054043,False,False,False,NORMAL,False
N4,post_hoc_diagnostic_not_final_v2_validation,1019,1075.002516,2026-06-28T19:18:46.283+00:00,5.601510756775562,12.858651313374208,25.58879353054043,False,False,False,NORMAL,False
N4,post_hoc_diagnostic_not_final_v2_validation,1020,1076.001753,2026-06-28T19:18:47.283+00:00,5.6675664942039345,12.858651313374208,25.58879353054043,False,False,False,NORMAL,False
N4,post_hoc_diagnostic_not_final_v2_validation,1021,1077.004251,2026-06-28T19:18:48.285+00:00,5.711921438999627,12.858651313374208,25.58879353054043,False,False,False,NORMAL,False
N4,post_hoc_diagnostic_not_final_v2_validation,1022,1078.001867,2026-06-28T19:18:49.282+00:00,5.56250699701269,12.858651313374208,25.58879353054043,False,False,False,NORMAL,False
N4,post_hoc_diagnostic_not_final_v2_validation,1023,1079.002344,2026-06-28T19:18:50.282+00:00,5.30736978656015,12.858651313374208,25.58879353054043,False,False,False,NORMAL,False
N4,post_hoc_diagnostic_not_final_v2_validation,1024,1080.001428,2026-06-28T19:18:51.282+00:00,5.080604308515502,12.858651313374208,25.58879353054043,False,False,False,NORMAL,False
N4,post_hoc_diagnostic_not_final_v2_validation,1025,1081.003281,2026-06-28T19:18:52.284+00:00,5.272344586730429,12.858651313374208,25.58879353054043,False,False,False,NORMAL,False
N4,post_hoc_diagnostic_not_final_v2_validation,1026,1082.002842,2026-06-28T19:18:53.283+00:00,5.274285915420929,12.858651313374208,25.58879353054043,False,False,False,NORMAL,False
N4,post_hoc_diagnostic_not_final_v2_validation,1027,1083.003961,2026-06-28T19:18:54.285+00:00,5.421277186052182,12.858651313374208,25.58879353054043,False,False,False,NORMAL,False
N4,post_hoc_diagnostic_not_final_v2_validation,1028,1084.003159,2026-06-28T19:18:55.283+00:00,5.53072807739826,12.858651313374208,25.58879353054043,False,False,False,NORMAL,False
N4,post_hoc_diagnostic_not_final_v2_validation,1029,1085.002491,2026-06-28T19:18:56.283+00:00,5.838168228138887,12.858651313374208,25.58879353054043,False,False,False,NORMAL,False
N4,post_hoc_diagnostic_not_final_v2_validation,1030,1086.002124,2026-06-28T19:18:57.282+00:00,6.405193999849871,12.858651313374208,25.58879353054043,False,False,False,NORMAL,False
N4,post_hoc_diagnostic_not_final_v2_validation,1031,1087.005145,2026-06-28T19:18:58.286+00:00,6.802751135117048,12.858651313374208,25.58879353054043,False,False,False,NORMAL,False
N4,post_hoc_diagnostic_not_final_v2_validation,1032,1088.003255,2026-06-28T19:18:59.284+00:00,6.418043420220174,12.858651313374208,25.58879353054043,False,False,False,NORMAL,False
N4,post_hoc_diagnostic_not_final_v2_validation,1033,1089.002918,2026-06-28T19:19:00.284+00:00,5.8755656835700165,12.858651313374208,25.58879353054043,False,False,False,NORMAL,False
N4,post_hoc_diagnostic_not_final_v2_validation,1034,1090.002825,2026-06-28T19:19:01.283+00:00,5.094386459988265,12.858651313374208,25.58879353054043,False,False,False,NORMAL,False
N4,post_hoc_diagnostic_not_final_v2_validation,1035,1091.003994,2026-06-28T19:19:02.287+00:00,4.248691721009048,12.858651313374208,25.58879353054043,False,False,False,NORMAL,False
N4,post_hoc_diagnostic_not_final_v2_validation,1036,1092.002993,2026-06-28T19:19:03.284+00:00,3.431525100672461,12.858651313374208,25.58879353054043,False,False,False,NORMAL,False
N4,post_hoc_diagnostic_not_final_v2_validation,1037,1093.004584,2026-06-28T19:19:04.285+00:00,2.6689258620968936,12.858651313374208,25.58879353054043,False,False,False,NORMAL,False
N4,post_hoc_diagnostic_not_final_v2_validation,1038,1094.006003,2026-06-28T19:19:05.288+00:00,1.942705008054551,12.858651313374208,25.58879353054043,False,False,False,NORMAL,False
N4,post_hoc_diagnostic_not_final_v2_validation,1039,1095.004897,2026-06-28T19:19:06.286+00:00,1.271444166892109,12.858651313374208,25.58879353054043,False,False,False,NORMAL,False
N4,post_hoc_diagnostic_not_final_v2_validation,1040,1096.002322,2026-06-28T19:19:07.283+00:00,1.5915085200863601,12.858651313374208,25.58879353054043,False,False,False,NORMAL,False
N4,post_hoc_diagnostic_not_final_v2_validation,1041,1097.004022,2026-06-28T19:19:08.285+00:00,3.6570435041236538,12.858651313374208,25.58879353054043,False,False,False,NORMAL,False
N4,post_hoc_diagnostic_not_final_v2_validation,1042,1098.005327,2026-06-28T19:19:09.285+00:00,6.466373332505742,12.858651313374208,25.58879353054043,False,False,False,NORMAL,False
N4,post_hoc_diagnostic_not_final_v2_validation,1043,1099.00611,2026-06-28T19:19:10.287+00:00,8.515695281062463,12.858651313374208,25.58879353054043,False,False,False,NORMAL,False
N4,post_hoc_diagnostic_not_final_v2_validation,1044,1100.004262,2026-06-28T19:19:11.285+00:00,10.744864093959634,12.858651313374208,25.58879353054043,False,False,False,NORMAL,False
N4,post_hoc_diagnostic_not_final_v2_validation,1045,1101.005279,2026-06-28T19:19:12.287+00:00,12.686387326588068,12.858651313374208,25.58879353054043,False,False,False,NORMAL,False
N4,post_hoc_diagnostic_not_final_v2_validation,1046,1102.003998,2026-06-28T19:19:13.284+00:00,14.377765784755688,12.858651313374208,25.58879353054043,True,False,False,SUSPICIOUS,False
N4,post_hoc_diagnostic_not_final_v2_validation,1047,1103.002483,2026-06-28T19:19:14.284+00:00,16.34210244589701,12.858651313374208,25.58879353054043,True,False,False,SUSPICIOUS,False
N4,post_hoc_diagnostic_not_final_v2_validation,1048,1104.002575,2026-06-28T19:19:15.322+00:00,13.211433693856513,12.858651313374208,25.58879353054043,True,False,False,SUSPICIOUS,False
N4,post_hoc_diagnostic_not_final_v2_validation,1049,1105.001879,2026-06-28T19:19:16.283+00:00,9.196811105976181,12.858651313374208,25.58879353054043,False,False,False,NORMAL,False
N4,post_hoc_diagnostic_not_final_v2_validation,1050,1106.003552,2026-06-28T19:19:17.286+00:00,6.7513478528884185,12.858651313374208,25.58879353054043,False,False,False,NORMAL,False
N4,post_hoc_diagnostic_not_final_v2_validation,1051,1107.014195,2026-06-28T19:19:18.298+00:00,4.033137474469632,12.858651313374208,25.58879353054043,False,False,False,NORMAL,False
N4,post_hoc_diagnostic_not_final_v2_validation,1052,1108.005977,2026-06-28T19:19:19.288+00:00,2.573859676305413,12.858651313374208,25.58879353054043,False,False,False,NORMAL,False
N4,post_hoc_diagnostic_not_final_v2_validation,1053,1109.001831,2026-06-28T19:19:20.282+00:00,1.807440310313034,12.858651313374208,25.58879353054043,False,False,False,NORMAL,False
N4,post_hoc_diagnostic_not_final_v2_validation,1054,1110.003665,2026-06-28T19:19:21.285+00:00,1.3677028744503144,12.858651313374208,25.58879353054043,False,False,False,NORMAL,False
N4,post_hoc_diagnostic_not_final_v2_validation,1055,1111.002006,2026-06-28T19:19:22.282+00:00,1.128765477831061,12.858651313374208,25.58879353054043,False,False,False,NORMAL,False
N4,post_hoc_diagnostic_not_final_v2_validation,1056,1112.004398,2026-06-28T19:19:23.285+00:00,1.1777754997354628,12.858651313374208,25.58879353054043,False,False,False,NORMAL,False
N4,post_hoc_diagnostic_not_final_v2_validation,1057,1113.002909,2026-06-28T19:19:24.283+00:00,1.5668095502343733,12.858651313374208,25.58879353054043,False,False,False,NORMAL,False
N4,post_hoc_diagnostic_not_final_v2_validation,1058,1114.01329,2026-06-28T19:19:25.295+00:00,2.15222852144183,12.858651313374208,25.58879353054043,False,False,False,NORMAL,False
N4,post_hoc_diagnostic_not_final_v2_validation,1059,1115.006966,2026-06-28T19:19:26.288+00:00,2.7422191005968877,12.858651313374208,25.58879353054043,False,False,False,NORMAL,False
N4,post_hoc_diagnostic_not_final_v2_validation,1060,1116.00491,2026-06-28T19:19:27.288+00:00,3.3612506866882264,12.858651313374208,25.58879353054043,False,False,False,NORMAL,False
N4,post_hoc_diagnostic_not_final_v2_validation,1061,1117.002705,2026-06-28T19:19:28.283+00:00,2.2094531992179878,12.858651313374208,25.58879353054043,False,False,False,NORMAL,False
N4,post_hoc_diagnostic_not_final_v2_validation,1062,1118.002849,2026-06-28T19:19:29.283+00:00,0.9518272272919392,12.858651313374208,25.58879353054043,False,False,False,NORMAL,False
N4,post_hoc_diagnostic_not_final_v2_validation,1063,1119.007077,2026-06-28T19:19:30.288+00:00,0.5603659226400909,12.858651313374208,25.58879353054043,False,False,False,NORMAL,False
N4,post_hoc_diagnostic_not_final_v2_validation,1064,1120.002125,2026-06-28T19:19:31.282+00:00,1.1967229143361706,12.858651313374208,25.58879353054043,False,False,False,NORMAL,False
N4,post_hoc_diagnostic_not_final_v2_validation,1065,1121.002186,2026-06-28T19:19:32.282+00:00,2.2118760171190006,12.858651313374208,25.58879353054043,False,False,False,NORMAL,False
N4,post_hoc_diagnostic_not_final_v2_validation,1066,1122.001699,2026-06-28T19:19:33.282+00:00,2.7649243654078934,12.858651313374208,25.58879353054043,False,False,False,NORMAL,False
N4,post_hoc_diagnostic_not_final_v2_validation,1067,1123.001527,2026-06-28T19:19:34.282+00:00,3.3258130533787496,12.858651313374208,25.58879353054043,False,False,False,NORMAL,False
N4,post_hoc_diagnostic_not_final_v2_validation,1068,1124.002118,2026-06-28T19:19:35.282+00:00,3.884160803873862,12.858651313374208,25.58879353054043,False,False,False,NORMAL,False
N4,post_hoc_diagnostic_not_final_v2_validation,1069,1125.001576,2026-06-28T19:19:36.282+00:00,2.55869349972476,12.858651313374208,25.58879353054043,False,False,False,NORMAL,False
N4,post_hoc_diagnostic_not_final_v2_validation,1070,1126.004313,2026-06-28T19:19:37.285+00:00,1.3189874857063046,12.858651313374208,25.58879353054043,False,False,False,NORMAL,False
N4,post_hoc_diagnostic_not_final_v2_validation,1071,1127.001311,2026-06-28T19:19:38.282+00:00,1.0399861559620458,12.858651313374208,25.58879353054043,False,False,False,NORMAL,False
N4,post_hoc_diagnostic_not_final_v2_validation,1072,1128.001456,2026-06-28T19:19:39.282+00:00,1.4550546841711267,12.858651313374208,25.58879353054043,False,False,False,NORMAL,False
N4,post_hoc_diagnostic_not_final_v2_validation,1073,1129.003282,2026-06-28T19:19:40.283+00:00,2.2887593016386782,12.858651313374208,25.58879353054043,False,False,False,NORMAL,False
N4,post_hoc_diagnostic_not_final_v2_validation,1074,1130.001534,2026-06-28T19:19:41.281+00:00,2.910558919687455,12.858651313374208,25.58879353054043,False,False,False,NORMAL,False
N4,post_hoc_diagnostic_not_final_v2_validation,1075,1131.002994,2026-06-28T19:19:42.283+00:00,3.457731865271729,12.858651313374208,25.58879353054043,False,False,False,NORMAL,False
N4,post_hoc_diagnostic_not_final_v2_validation,1076,1132.003367,2026-06-28T19:19:43.286+00:00,4.011844630072934,12.858651313374208,25.58879353054043,False,False,False,NORMAL,False
N4,post_hoc_diagnostic_not_final_v2_validation,1077,1133.004504,2026-06-28T19:19:44.286+00:00,3.4005423484215296,12.858651313374208,25.58879353054043,False,False,False,NORMAL,False
N4,post_hoc_diagnostic_not_final_v2_validation,1078,1134.001736,2026-06-28T19:19:45.282+00:00,1.1999941156746203,12.858651313374208,25.58879353054043,False,False,False,NORMAL,False
N4,post_hoc_diagnostic_not_final_v2_validation,1079,1135.002396,2026-06-28T19:19:46.283+00:00,0.49707272182937645,12.858651313374208,25.58879353054043,False,False,False,NORMAL,False
N4,post_hoc_diagnostic_not_final_v2_validation,1080,1136.001402,2026-06-28T19:19:47.281+00:00,0.22340470601093876,12.858651313374208,25.58879353054043,False,False,False,NORMAL,False
N4,post_hoc_diagnostic_not_final_v2_validation,1081,1137.004355,2026-06-28T19:19:48.285+00:00,0.10211323787589031,12.858651313374208,25.58879353054043,False,False,False,NORMAL,False
N4,post_hoc_diagnostic_not_final_v2_validation,1082,1138.004339,2026-06-28T19:19:49.285+00:00,0.08449957253032778,12.858651313374208,25.58879353054043,False,False,False,NORMAL,False
N4,post_hoc_diagnostic_not_final_v2_validation,1083,1139.002025,2026-06-28T19:19:50.282+00:00,0.13853236406339725,12.858651313374208,25.58879353054043,False,False,False,NORMAL,False
N4,post_hoc_diagnostic_not_final_v2_validation,1084,1140.006306,2026-06-28T19:19:51.289+00:00,0.2158356010522174,12.858651313374208,25.58879353054043,False,False,False,NORMAL,False
N4,post_hoc_diagnostic_not_final_v2_validation,1085,1141.002031,2026-06-28T19:19:52.282+00:00,0.17623224302724677,12.858651313374208,25.58879353054043,False,False,False,NORMAL,False
N4,post_hoc_diagnostic_not_final_v2_validation,1086,1142.003784,2026-06-28T19:19:53.285+00:00,0.5798231868084948,12.858651313374208,25.58879353054043,False,False,False,NORMAL,False
N4,post_hoc_diagnostic_not_final_v2_validation,1087,1143.007126,2026-06-28T19:19:54.289+00:00,1.545630266992755,12.858651313374208,25.58879353054043,False,False,False,NORMAL,False
N4,post_hoc_diagnostic_not_final_v2_validation,1088,1144.002561,2026-06-28T19:19:55.283+00:00,2.553624650292087,12.858651313374208,25.58879353054043,False,False,False,NORMAL,False
N4,post_hoc_diagnostic_not_final_v2_validation,1089,1145.003504,2026-06-28T19:19:56.284+00:00,3.5486220777909647,12.858651313374208,25.58879353054043,False,False,False,NORMAL,False
N4,post_hoc_diagnostic_not_final_v2_validation,1090,1146.013729,2026-06-28T19:19:57.299+00:00,4.5025740539200605,12.858651313374208,25.58879353054043,False,False,False,NORMAL,False
N4,post_hoc_diagnostic_not_final_v2_validation,1091,1147.003158,2026-06-28T19:19:58.284+00:00,5.732407816934321,12.858651313374208,25.58879353054043,False,False,False,NORMAL,False
N4,post_hoc_diagnostic_not_final_v2_validation,1092,1148.00291,2026-06-28T19:19:59.283+00:00,5.39280857001598,12.858651313374208,25.58879353054043,False,False,False,NORMAL,False
N4,post_hoc_diagnostic_not_final_v2_validation,1093,1149.002376,2026-06-28T19:20:00.283+00:00,3.89807514683768,12.858651313374208,25.58879353054043,False,False,False,NORMAL,False
N4,post_hoc_diagnostic_not_final_v2_validation,1094,1150.011541,2026-06-28T19:20:01.293+00:00,2.993940262994581,12.858651313374208,25.58879353054043,False,False,False,NORMAL,False
N4,post_hoc_diagnostic_not_final_v2_validation,1095,1151.003542,2026-06-28T19:20:02.284+00:00,1.4828926704739627,12.858651313374208,25.58879353054043,False,False,False,NORMAL,False
N4,post_hoc_diagnostic_not_final_v2_validation,1096,1152.012043,2026-06-28T19:20:03.297+00:00,0.8573508504170371,12.858651313374208,25.58879353054043,False,False,False,NORMAL,False
N4,post_hoc_diagnostic_not_final_v2_validation,1097,1153.004954,2026-06-28T19:20:04.285+00:00,0.7952699965972299,12.858651313374208,25.58879353054043,False,False,False,NORMAL,False
N4,post_hoc_diagnostic_not_final_v2_validation,1098,1154.003353,2026-06-28T19:20:05.284+00:00,1.1222793993729963,12.858651313374208,25.58879353054043,False,False,False,NORMAL,False
N4,post_hoc_diagnostic_not_final_v2_validation,1099,1155.006356,2026-06-28T19:20:06.287+00:00,1.8657238652753445,12.858651313374208,25.58879353054043,False,False,False,NORMAL,False
N4,post_hoc_diagnostic_not_final_v2_validation,1100,1156.002577,2026-06-28T19:20:07.283+00:00,2.2541559641571443,12.858651313374208,25.58879353054043,False,False,False,NORMAL,False
N4,post_hoc_diagnostic_not_final_v2_validation,1101,1157.003905,2026-06-28T19:20:08.284+00:00,2.1138899162857983,12.858651313374208,25.58879353054043,False,False,False,NORMAL,False
N4,post_hoc_diagnostic_not_final_v2_validation,1102,1158.001606,2026-06-28T19:20:09.282+00:00,2.146064992146973,12.858651313374208,25.58879353054043,False,False,False,NORMAL,False
N4,post_hoc_diagnostic_not_final_v2_validation,1103,1159.003614,2026-06-28T19:20:10.284+00:00,1.431973740126553,12.858651313374208,25.58879353054043,False,False,False,NORMAL,False
N4,post_hoc_diagnostic_not_final_v2_validation,1104,1160.003345,2026-06-28T19:20:11.284+00:00,1.617568951388087,12.858651313374208,25.58879353054043,False,False,False,NORMAL,False
N4,post_hoc_diagnostic_not_final_v2_validation,1105,1161.001982,2026-06-28T19:20:12.282+00:00,1.4776773157582348,12.858651313374208,25.58879353054043,False,False,False,NORMAL,False
N4,post_hoc_diagnostic_not_final_v2_validation,1106,1162.002616,2026-06-28T19:20:13.284+00:00,3.0433244193816855,12.858651313374208,25.58879353054043,False,False,False,NORMAL,False
N4,post_hoc_diagnostic_not_final_v2_validation,1107,1163.003308,2026-06-28T19:20:14.284+00:00,4.5819884427276545,12.858651313374208,25.58879353054043,False,False,False,NORMAL,False
N4,post_hoc_diagnostic_not_final_v2_validation,1108,1164.002015,2026-06-28T19:20:15.282+00:00,6.142409829694005,12.858651313374208,25.58879353054043,False,False,False,NORMAL,False
N4,post_hoc_diagnostic_not_final_v2_validation,1109,1165.005096,2026-06-28T19:20:16.287+00:00,8.138388123350511,12.858651313374208,25.58879353054043,False,False,False,NORMAL,False
N4,post_hoc_diagnostic_not_final_v2_validation,1110,1166.002956,2026-06-28T19:20:17.284+00:00,9.946380181368568,12.858651313374208,25.58879353054043,False,False,False,NORMAL,False
N4,post_hoc_diagnostic_not_final_v2_validation,1111,1167.004183,2026-06-28T19:20:18.284+00:00,11.53877228776102,12.858651313374208,25.58879353054043,False,False,False,NORMAL,False
N4,post_hoc_diagnostic_not_final_v2_validation,1112,1168.005324,2026-06-28T19:20:19.287+00:00,12.249512958632751,12.858651313374208,25.58879353054043,False,False,False,NORMAL,False
N4,post_hoc_diagnostic_not_final_v2_validation,1113,1169.002781,2026-06-28T19:20:20.283+00:00,8.172270070991683,12.858651313374208,25.58879353054043,False,False,False,NORMAL,False
N4,post_hoc_diagnostic_not_final_v2_validation,1114,1170.004037,2026-06-28T19:20:21.285+00:00,5.444674786699319,12.858651313374208,25.58879353054043,False,False,False,NORMAL,False
N4,post_hoc_diagnostic_not_final_v2_validation,1115,1171.003072,2026-06-28T19:20:22.283+00:00,3.435883509263112,12.858651313374208,25.58879353054043,False,False,False,NORMAL,False
N4,post_hoc_diagnostic_not_final_v2_validation,1116,1172.002867,2026-06-28T19:20:23.284+00:00,1.7353740532790902,12.858651313374208,25.58879353054043,False,False,False,NORMAL,False
N4,post_hoc_diagnostic_not_final_v2_validation,1117,1173.014234,2026-06-28T19:20:24.295+00:00,0.9615520296455322,12.858651313374208,25.58879353054043,False,False,False,NORMAL,False
N4,post_hoc_diagnostic_not_final_v2_validation,1118,1174.001758,2026-06-28T19:20:25.282+00:00,0.5911567832862565,12.858651313374208,25.58879353054043,False,False,False,NORMAL,False
N4,post_hoc_diagnostic_not_final_v2_validation,1119,1175.005159,2026-06-28T19:20:26.286+00:00,0.3708744322451984,12.858651313374208,25.58879353054043,False,False,False,NORMAL,False
N4,post_hoc_diagnostic_not_final_v2_validation,1120,1176.003408,2026-06-28T19:20:27.283+00:00,0.6763304296051385,12.858651313374208,25.58879353054043,False,False,False,NORMAL,False
N4,post_hoc_diagnostic_not_final_v2_validation,1121,1177.004626,2026-06-28T19:20:28.286+00:00,0.900598648214285,12.858651313374208,25.58879353054043,False,False,False,NORMAL,False
N4,post_hoc_diagnostic_not_final_v2_validation,1122,1178.00898,2026-06-28T19:20:29.290+00:00,0.8815853003961818,12.858651313374208,25.58879353054043,False,False,False,NORMAL,False
N4,post_hoc_diagnostic_not_final_v2_validation,1123,1179.00491,2026-06-28T19:20:30.287+00:00,1.0896380107359789,12.858651313374208,25.58879353054043,False,False,False,NORMAL,False
N4,post_hoc_diagnostic_not_final_v2_validation,1124,1180.003686,2026-06-28T19:20:31.287+00:00,1.6460858828198217,12.858651313374208,25.58879353054043,False,False,False,NORMAL,False
N4,post_hoc_diagnostic_not_final_v2_validation,1125,1181.003195,2026-06-28T19:20:32.284+00:00,3.48764992772812,12.858651313374208,25.58879353054043,False,False,False,NORMAL,False
N4,post_hoc_diagnostic_not_final_v2_validation,1126,1182.005152,2026-06-28T19:20:33.286+00:00,4.929428636664924,12.858651313374208,25.58879353054043,False,False,False,NORMAL,False
N4,post_hoc_diagnostic_not_final_v2_validation,1127,1183.004653,2026-06-28T19:20:34.286+00:00,6.745877672607508,12.858651313374208,25.58879353054043,False,False,False,NORMAL,False
N4,post_hoc_diagnostic_not_final_v2_validation,1128,1184.00422,2026-06-28T19:20:35.285+00:00,8.419692371571234,12.858651313374208,25.58879353054043,False,False,False,NORMAL,False
N4,post_hoc_diagnostic_not_final_v2_validation,1129,1185.00571,2026-06-28T19:20:36.288+00:00,8.98720841769077,12.858651313374208,25.58879353054043,False,False,False,NORMAL,False
N4,post_hoc_diagnostic_not_final_v2_validation,1130,1186.003241,2026-06-28T19:20:37.283+00:00,8.68938003210166,12.858651313374208,25.58879353054043,False,False,False,NORMAL,False
N4,post_hoc_diagnostic_not_final_v2_validation,1131,1187.009777,2026-06-28T19:20:38.292+00:00,7.409563574103991,12.858651313374208,25.58879353054043,False,False,False,NORMAL,False
N4,post_hoc_diagnostic_not_final_v2_validation,1132,1188.002306,2026-06-28T19:20:39.286+00:00,6.709939554199993,12.858651313374208,25.58879353054043,False,False,False,NORMAL,False
N4,post_hoc_diagnostic_not_final_v2_validation,1133,1189.012112,2026-06-28T19:20:40.294+00:00,4.138670720086557,12.858651313374208,25.58879353054043,False,False,False,NORMAL,False
N4,post_hoc_diagnostic_not_final_v2_validation,1134,1190.006391,2026-06-28T19:20:41.287+00:00,2.699641142469882,12.858651313374208,25.58879353054043,False,False,False,NORMAL,False
N4,post_hoc_diagnostic_not_final_v2_validation,1135,1191.005413,2026-06-28T19:20:42.287+00:00,1.733341915958706,12.858651313374208,25.58879353054043,False,False,False,NORMAL,False
N4,post_hoc_diagnostic_not_final_v2_validation,1136,1192.005882,2026-06-28T19:20:43.287+00:00,1.2016875738255826,12.858651313374208,25.58879353054043,False,False,False,NORMAL,False
N4,post_hoc_diagnostic_not_final_v2_validation,1137,1193.002417,2026-06-28T19:20:44.283+00:00,0.8594744094846519,12.858651313374208,25.58879353054043,False,False,False,NORMAL,False
N4,post_hoc_diagnostic_not_final_v2_validation,1138,1194.001933,2026-06-28T19:20:45.282+00:00,0.5640294443636623,12.858651313374208,25.58879353054043,False,False,False,NORMAL,False
N4,post_hoc_diagnostic_not_final_v2_validation,1139,1195.004893,2026-06-28T19:20:46.287+00:00,0.4060000755823889,12.858651313374208,25.58879353054043,False,False,False,NORMAL,False
N4,post_hoc_diagnostic_not_final_v2_validation,1140,1196.022568,2026-06-28T19:20:47.303+00:00,0.36595160812917077,12.858651313374208,25.58879353054043,False,False,False,NORMAL,False
N4,post_hoc_diagnostic_not_final_v2_validation,1141,1197.002167,2026-06-28T19:20:48.286+00:00,0.4832625223609819,12.858651313374208,25.58879353054043,False,False,False,NORMAL,False
N4,post_hoc_diagnostic_not_final_v2_validation,1142,1198.006414,2026-06-28T19:20:49.289+00:00,0.7087955862676217,12.858651313374208,25.58879353054043,False,False,False,NORMAL,False
N4,post_hoc_diagnostic_not_final_v2_validation,1143,1199.001566,2026-06-28T19:20:50.282+00:00,0.9849240705469968,12.858651313374208,25.58879353054043,False,False,False,NORMAL,False
N4,post_hoc_diagnostic_not_final_v2_validation,1144,1200.003347,2026-06-28T19:20:51.286+00:00,1.2059675346865557,12.858651313374208,25.58879353054043,False,False,False,NORMAL,False
N4,post_hoc_diagnostic_not_final_v2_validation,1145,1201.007725,2026-06-28T19:20:52.289+00:00,1.4930582770412208,12.858651313374208,25.58879353054043,False,False,False,NORMAL,False
N4,post_hoc_diagnostic_not_final_v2_validation,1146,1202.005527,2026-06-28T19:20:53.286+00:00,1.8521524449808893,12.858651313374208,25.58879353054043,False,False,False,NORMAL,False
N4,post_hoc_diagnostic_not_final_v2_validation,1147,1203.005348,2026-06-28T19:20:54.286+00:00,2.07583228564544,12.858651313374208,25.58879353054043,False,False,False,NORMAL,False
N4,post_hoc_diagnostic_not_final_v2_validation,1148,1204.005586,2026-06-28T19:20:55.286+00:00,2.134522236289328,12.858651313374208,25.58879353054043,False,False,False,NORMAL,False
N4,post_hoc_diagnostic_not_final_v2_validation,1149,1205.002708,2026-06-28T19:20:56.283+00:00,2.155655655903674,12.858651313374208,25.58879353054043,False,False,False,NORMAL,False
N4,post_hoc_diagnostic_not_final_v2_validation,1150,1206.001946,2026-06-28T19:20:57.282+00:00,2.169759303187006,12.858651313374208,25.58879353054043,False,False,False,NORMAL,False
N4,post_hoc_diagnostic_not_final_v2_validation,1151,1207.001476,2026-06-28T19:20:58.282+00:00,2.175804708415902,12.858651313374208,25.58879353054043,False,False,False,NORMAL,False
N4,post_hoc_diagnostic_not_final_v2_validation,1152,1208.002681,2026-06-28T19:20:59.283+00:00,1.9142896844394137,12.858651313374208,25.58879353054043,False,False,False,NORMAL,False
N4,post_hoc_diagnostic_not_final_v2_validation,1153,1209.002117,2026-06-28T19:21:00.283+00:00,1.930621726229677,12.858651313374208,25.58879353054043,False,False,False,NORMAL,False
N4,post_hoc_diagnostic_not_final_v2_validation,1154,1210.002039,2026-06-28T19:21:01.283+00:00,1.3718100807640161,12.858651313374208,25.58879353054043,False,False,False,NORMAL,False
N4,post_hoc_diagnostic_not_final_v2_validation,1155,1211.004612,2026-06-28T19:21:02.286+00:00,0.9596812022166522,12.858651313374208,25.58879353054043,False,False,False,NORMAL,False
N4,post_hoc_diagnostic_not_final_v2_validation,1156,1212.003962,2026-06-28T19:21:03.284+00:00,0.7082826357270462,12.858651313374208,25.58879353054043,False,False,False,NORMAL,False
N4,post_hoc_diagnostic_not_final_v2_validation,1157,1213.00385,2026-06-28T19:21:04.285+00:00,0.45543986922476093,12.858651313374208,25.58879353054043,False,False,False,NORMAL,False
N4,post_hoc_diagnostic_not_final_v2_validation,1158,1214.001819,2026-06-28T19:21:05.283+00:00,0.3135575062058923,12.858651313374208,25.58879353054043,False,False,False,NORMAL,False
N4,post_hoc_diagnostic_not_final_v2_validation,1159,1215.002889,2026-06-28T19:21:06.283+00:00,0.328584141353409,12.858651313374208,25.58879353054043,False,False,False,NORMAL,False
N4,post_hoc_diagnostic_not_final_v2_validation,1160,1216.002377,2026-06-28T19:21:07.283+00:00,0.7229548280597871,12.858651313374208,25.58879353054043,False,False,False,NORMAL,False
N4,post_hoc_diagnostic_not_final_v2_validation,1161,1217.001375,2026-06-28T19:21:08.282+00:00,1.8622040139469833,12.858651313374208,25.58879353054043,False,False,False,NORMAL,False
N4,post_hoc_diagnostic_not_final_v2_validation,1162,1218.006818,2026-06-28T19:21:09.289+00:00,3.2557363432009847,12.858651313374208,25.58879353054043,False,False,False,NORMAL,False
N4,post_hoc_diagnostic_not_final_v2_validation,1163,1219.004269,2026-06-28T19:21:10.286+00:00,2.660747336195781,12.858651313374208,25.58879353054043,False,False,False,NORMAL,False
N4,post_hoc_diagnostic_not_final_v2_validation,1164,1220.005599,2026-06-28T19:21:11.287+00:00,2.289364691524735,12.858651313374208,25.58879353054043,False,False,False,NORMAL,False
N4,post_hoc_diagnostic_not_final_v2_validation,1165,1221.001972,2026-06-28T19:21:12.282+00:00,2.031450990021794,12.858651313374208,25.58879353054043,False,False,False,NORMAL,False
N4,post_hoc_diagnostic_not_final_v2_validation,1166,1222.002915,2026-06-28T19:21:13.283+00:00,1.676944080828008,12.858651313374208,25.58879353054043,False,False,False,NORMAL,False
N4,post_hoc_diagnostic_not_final_v2_validation,1167,1223.002305,2026-06-28T19:21:14.283+00:00,1.0822534456077593,12.858651313374208,25.58879353054043,False,False,False,NORMAL,False
N4,post_hoc_diagnostic_not_final_v2_validation,1168,1224.003297,2026-06-28T19:21:15.284+00:00,0.9334967002288539,12.858651313374208,25.58879353054043,False,False,False,NORMAL,False
N4,post_hoc_diagnostic_not_final_v2_validation,1169,1225.006566,2026-06-28T19:21:16.287+00:00,1.2246709831303475,12.858651313374208,25.58879353054043,False,False,False,NORMAL,False
N4,post_hoc_diagnostic_not_final_v2_validation,1170,1226.002659,2026-06-28T19:21:17.283+00:00,1.8471322439578364,12.858651313374208,25.58879353054043,False,False,False,NORMAL,False
N4,post_hoc_diagnostic_not_final_v2_validation,1171,1227.003904,2026-06-28T19:21:18.285+00:00,1.426612660192088,12.858651313374208,25.58879353054043,False,False,False,NORMAL,False
N4,post_hoc_diagnostic_not_final_v2_validation,1172,1228.006511,2026-06-28T19:21:19.288+00:00,2.8203766508700276,12.858651313374208,25.58879353054043,False,False,False,NORMAL,False
N4,post_hoc_diagnostic_not_final_v2_validation,1173,1229.001494,2026-06-28T19:21:20.282+00:00,5.153524954299404,12.858651313374208,25.58879353054043,False,False,False,NORMAL,False
N4,post_hoc_diagnostic_not_final_v2_validation,1174,1230.002392,2026-06-28T19:21:21.283+00:00,7.412472386936461,12.858651313374208,25.58879353054043,False,False,False,NORMAL,False
N4,post_hoc_diagnostic_not_final_v2_validation,1175,1231.004147,2026-06-28T19:21:22.286+00:00,9.460347625339063,12.858651313374208,25.58879353054043,False,False,False,NORMAL,False
N4,post_hoc_diagnostic_not_final_v2_validation,1176,1232.002956,2026-06-28T19:21:23.284+00:00,11.553834276704835,12.858651313374208,25.58879353054043,False,False,False,NORMAL,False
N4,post_hoc_diagnostic_not_final_v2_validation,1177,1233.002924,2026-06-28T19:21:24.283+00:00,12.638450624988,12.858651313374208,25.58879353054043,False,False,False,NORMAL,False
N4,post_hoc_diagnostic_not_final_v2_validation,1178,1234.001655,2026-06-28T19:21:25.282+00:00,13.748400470554744,12.858651313374208,25.58879353054043,True,False,False,SUSPICIOUS,False
N4,post_hoc_diagnostic_not_final_v2_validation,1179,1235.005142,2026-06-28T19:21:26.285+00:00,9.79428935468648,12.858651313374208,25.58879353054043,False,False,False,NORMAL,False
N4,post_hoc_diagnostic_not_final_v2_validation,1180,1236.004962,2026-06-28T19:21:27.286+00:00,5.424109317867769,12.858651313374208,25.58879353054043,False,False,False,NORMAL,False
N4,post_hoc_diagnostic_not_final_v2_validation,1181,1237.004605,2026-06-28T19:21:28.287+00:00,2.7321344714177496,12.858651313374208,25.58879353054043,False,False,False,NORMAL,False
N4,post_hoc_diagnostic_not_final_v2_validation,1182,1238.004114,2026-06-28T19:21:29.286+00:00,0.9891434196623123,12.858651313374208,25.58879353054043,False,False,False,NORMAL,False
N4,post_hoc_diagnostic_not_final_v2_validation,1183,1239.003516,2026-06-28T19:21:30.284+00:00,0.23445019180725385,12.858651313374208,25.58879353054043,False,False,False,NORMAL,False
N4,post_hoc_diagnostic_not_final_v2_validation,1184,1240.004748,2026-06-28T19:21:31.285+00:00,0.672799346565373,12.858651313374208,25.58879353054043,False,False,False,NORMAL,False
N4,post_hoc_diagnostic_not_final_v2_validation,1185,1241.001843,2026-06-28T19:21:32.282+00:00,1.700642211097657,12.858651313374208,25.58879353054043,False,False,False,NORMAL,False
N4,post_hoc_diagnostic_not_final_v2_validation,1186,1242.003609,2026-06-28T19:21:33.284+00:00,2.904631469426352,12.858651313374208,25.58879353054043,False,False,False,NORMAL,False
N4,post_hoc_diagnostic_not_final_v2_validation,1187,1243.0049,2026-06-28T19:21:34.285+00:00,4.154896070336079,12.858651313374208,25.58879353054043,False,False,False,NORMAL,False
N4,post_hoc_diagnostic_not_final_v2_validation,1188,1244.004716,2026-06-28T19:21:35.287+00:00,3.1102554497391655,12.858651313374208,25.58879353054043,False,False,False,NORMAL,False
N4,post_hoc_diagnostic_not_final_v2_validation,1189,1245.005798,2026-06-28T19:21:36.286+00:00,2.0914864183392265,12.858651313374208,25.58879353054043,False,False,False,NORMAL,False
N4,post_hoc_diagnostic_not_final_v2_validation,1190,1246.004569,2026-06-28T19:21:37.285+00:00,1.2054675580850445,12.858651313374208,25.58879353054043,False,False,False,NORMAL,False
N4,post_hoc_diagnostic_not_final_v2_validation,1191,1247.00416,2026-06-28T19:21:38.285+00:00,1.0027301189629956,12.858651313374208,25.58879353054043,False,False,False,NORMAL,False
N4,post_hoc_diagnostic_not_final_v2_validation,1192,1248.00187,2026-06-28T19:21:39.283+00:00,1.6333625228648558,12.858651313374208,25.58879353054043,False,False,False,NORMAL,False
N4,post_hoc_diagnostic_not_final_v2_validation,1193,1249.004292,2026-06-28T19:21:40.285+00:00,2.6134916776736503,12.858651313374208,25.58879353054043,False,False,False,NORMAL,False
N4,post_hoc_diagnostic_not_final_v2_validation,1194,1250.004513,2026-06-28T19:21:41.285+00:00,3.7842540414269425,12.858651313374208,25.58879353054043,False,False,False,NORMAL,False
N4,post_hoc_diagnostic_not_final_v2_validation,1195,1251.005917,2026-06-28T19:21:42.286+00:00,4.926322524016271,12.858651313374208,25.58879353054043,False,False,False,NORMAL,False
N4,post_hoc_diagnostic_not_final_v2_validation,1196,1252.006893,2026-06-28T19:21:43.290+00:00,5.972276208816583,12.858651313374208,25.58879353054043,False,False,False,NORMAL,False
N4,post_hoc_diagnostic_not_final_v2_validation,1197,1253.007425,2026-06-28T19:21:44.289+00:00,4.091426074624637,12.858651313374208,25.58879353054043,False,False,False,NORMAL,False
N4,post_hoc_diagnostic_not_final_v2_validation,1198,1254.002677,2026-06-28T19:21:45.284+00:00,2.6204972097605235,12.858651313374208,25.58879353054043,False,False,False,NORMAL,False
N4,post_hoc_diagnostic_not_final_v2_validation,1199,1255.001944,2026-06-28T19:21:46.282+00:00,2.40337966698487,12.858651313374208,25.58879353054043,False,False,False,NORMAL,False
N4,post_hoc_diagnostic_not_final_v2_validation,1200,1256.005267,2026-06-28T19:21:47.286+00:00,2.930808223482123,12.858651313374208,25.58879353054043,False,False,False,NORMAL,False
N4,post_hoc_diagnostic_not_final_v2_validation,1201,1257.01234,2026-06-28T19:21:48.293+00:00,4.0956773582442185,12.858651313374208,25.58879353054043,False,False,False,NORMAL,False
N4,post_hoc_diagnostic_not_final_v2_validation,1202,1258.003511,2026-06-28T19:21:49.285+00:00,5.889914387194379,12.858651313374208,25.58879353054043,False,False,False,NORMAL,False
N4,post_hoc_diagnostic_not_final_v2_validation,1203,1259.005039,2026-06-28T19:21:50.285+00:00,7.7009251208524825,12.858651313374208,25.58879353054043,False,False,False,NORMAL,False
N4,post_hoc_diagnostic_not_final_v2_validation,1204,1260.002722,2026-06-28T19:21:51.284+00:00,8.493593084066463,12.858651313374208,25.58879353054043,False,False,False,NORMAL,False
N4,post_hoc_diagnostic_not_final_v2_validation,1205,1261.002447,2026-06-28T19:21:52.283+00:00,5.293220717786051,12.858651313374208,25.58879353054043,False,False,False,NORMAL,False
N4,post_hoc_diagnostic_not_final_v2_validation,1206,1262.003528,2026-06-28T19:21:53.285+00:00,2.4852052523111112,12.858651313374208,25.58879353054043,False,False,False,NORMAL,False
N4,post_hoc_diagnostic_not_final_v2_validation,1207,1263.004292,2026-06-28T19:21:54.287+00:00,1.2896086654603571,12.858651313374208,25.58879353054043,False,False,False,NORMAL,False
N4,post_hoc_diagnostic_not_final_v2_validation,1208,1264.006155,2026-06-28T19:21:55.288+00:00,0.9204107228781956,12.858651313374208,25.58879353054043,False,False,False,NORMAL,False
N4,post_hoc_diagnostic_not_final_v2_validation,1209,1265.003952,2026-06-28T19:21:56.285+00:00,1.2275835129216441,12.858651313374208,25.58879353054043,False,False,False,NORMAL,False
N4,post_hoc_diagnostic_not_final_v2_validation,1210,1266.001954,2026-06-28T19:21:57.282+00:00,2.2467311262987977,12.858651313374208,25.58879353054043,False,False,False,NORMAL,False
N4,post_hoc_diagnostic_not_final_v2_validation,1211,1267.001453,2026-06-28T19:21:58.282+00:00,3.5751944705581558,12.858651313374208,25.58879353054043,False,False,False,NORMAL,False
N4,post_hoc_diagnostic_not_final_v2_validation,1212,1268.001885,2026-06-28T19:21:59.282+00:00,3.3973003987883867,12.858651313374208,25.58879353054043,False,False,False,NORMAL,False
N4,post_hoc_diagnostic_not_final_v2_validation,1213,1269.009762,2026-06-28T19:22:00.294+00:00,2.2391950488337873,12.858651313374208,25.58879353054043,False,False,False,NORMAL,False
N4,post_hoc_diagnostic_not_final_v2_validation,1214,1270.008451,2026-06-28T19:22:01.294+00:00,0.644557987245227,12.858651313374208,25.58879353054043,False,False,False,NORMAL,False
N4,post_hoc_diagnostic_not_final_v2_validation,1215,1271.002188,2026-06-28T19:22:02.282+00:00,0.5004671735913463,12.858651313374208,25.58879353054043,False,False,False,NORMAL,False
N4,post_hoc_diagnostic_not_final_v2_validation,1216,1272.003345,2026-06-28T19:22:03.283+00:00,1.2945488137948047,12.858651313374208,25.58879353054043,False,False,False,NORMAL,False
N4,post_hoc_diagnostic_not_final_v2_validation,1217,1273.00542,2026-06-28T19:22:04.286+00:00,2.584040299622398,12.858651313374208,25.58879353054043,False,False,False,NORMAL,False
N4,post_hoc_diagnostic_not_final_v2_validation,1218,1274.004459,2026-06-28T19:22:05.286+00:00,4.097088826926086,12.858651313374208,25.58879353054043,False,False,False,NORMAL,False
N4,post_hoc_diagnostic_not_final_v2_validation,1219,1275.001902,2026-06-28T19:22:06.282+00:00,5.355737248825452,12.858651313374208,25.58879353054043,False,False,False,NORMAL,False
N4,post_hoc_diagnostic_not_final_v2_validation,1220,1276.006056,2026-06-28T19:22:07.288+00:00,5.531926823280088,12.858651313374208,25.58879353054043,False,False,False,NORMAL,False
N4,post_hoc_diagnostic_not_final_v2_validation,1221,1277.004331,2026-06-28T19:22:08.285+00:00,4.27204199004174,12.858651313374208,25.58879353054043,False,False,False,NORMAL,False
N4,post_hoc_diagnostic_not_final_v2_validation,1222,1278.001834,2026-06-28T19:22:09.282+00:00,2.1970985800454876,12.858651313374208,25.58879353054043,False,False,False,NORMAL,False
N4,post_hoc_diagnostic_not_final_v2_validation,1223,1279.003591,2026-06-28T19:22:10.285+00:00,1.5912241019051785,12.858651313374208,25.58879353054043,False,False,False,NORMAL,False
N4,post_hoc_diagnostic_not_final_v2_validation,1224,1280.001791,2026-06-28T19:22:11.282+00:00,1.912682455303353,12.858651313374208,25.58879353054043,False,False,False,NORMAL,False
N4,post_hoc_diagnostic_not_final_v2_validation,1225,1281.003259,2026-06-28T19:22:12.285+00:00,2.8175799530686882,12.858651313374208,25.58879353054043,False,False,False,NORMAL,False
N4,post_hoc_diagnostic_not_final_v2_validation,1226,1282.00497,2026-06-28T19:22:13.285+00:00,3.878918531227887,12.858651313374208,25.58879353054043,False,False,False,NORMAL,False
N4,post_hoc_diagnostic_not_final_v2_validation,1227,1283.002281,2026-06-28T19:22:14.283+00:00,3.8648499271342516,12.858651313374208,25.58879353054043,False,False,False,NORMAL,False
N4,post_hoc_diagnostic_not_final_v2_validation,1228,1284.002236,2026-06-28T19:22:15.283+00:00,2.9232035122051876,12.858651313374208,25.58879353054043,False,False,False,NORMAL,False
N4,post_hoc_diagnostic_not_final_v2_validation,1229,1285.002404,2026-06-28T19:22:16.283+00:00,2.338167104690522,12.858651313374208,25.58879353054043,False,False,False,NORMAL,False
N4,post_hoc_diagnostic_not_final_v2_validation,1230,1286.002495,2026-06-28T19:22:17.283+00:00,1.8970509663545778,12.858651313374208,25.58879353054043,False,False,False,NORMAL,False
N4,post_hoc_diagnostic_not_final_v2_validation,1231,1287.006896,2026-06-28T19:22:18.289+00:00,1.5839870449737745,12.858651313374208,25.58879353054043,False,False,False,NORMAL,False
N4,post_hoc_diagnostic_not_final_v2_validation,1232,1288.003884,2026-06-28T19:22:19.285+00:00,2.149781142303714,12.858651313374208,25.58879353054043,False,False,False,NORMAL,False
N4,post_hoc_diagnostic_not_final_v2_validation,1233,1289.002334,2026-06-28T19:22:20.283+00:00,3.092274174835442,12.858651313374208,25.58879353054043,False,False,False,NORMAL,False
N4,post_hoc_diagnostic_not_final_v2_validation,1234,1290.002237,2026-06-28T19:22:21.282+00:00,4.262002580341014,12.858651313374208,25.58879353054043,False,False,False,NORMAL,False
N4,post_hoc_diagnostic_not_final_v2_validation,1235,1291.002851,2026-06-28T19:22:22.284+00:00,4.242748566103964,12.858651313374208,25.58879353054043,False,False,False,NORMAL,False
N4,post_hoc_diagnostic_not_final_v2_validation,1236,1292.002009,2026-06-28T19:22:23.282+00:00,2.351734113962385,12.858651313374208,25.58879353054043,False,False,False,NORMAL,False
N4,post_hoc_diagnostic_not_final_v2_validation,1237,1293.003965,2026-06-28T19:22:24.285+00:00,1.7928804707566925,12.858651313374208,25.58879353054043,False,False,False,NORMAL,False
N4,post_hoc_diagnostic_not_final_v2_validation,1238,1294.004697,2026-06-28T19:22:25.286+00:00,2.414687375867201,12.858651313374208,25.58879353054043,False,False,False,NORMAL,False
N4,post_hoc_diagnostic_not_final_v2_validation,1239,1295.001535,2026-06-28T19:22:26.282+00:00,3.625356180997655,12.858651313374208,25.58879353054043,False,False,False,NORMAL,False
N4,post_hoc_diagnostic_not_final_v2_validation,1240,1296.00219,2026-06-28T19:22:27.283+00:00,7.1898892677066595,12.858651313374208,25.58879353054043,False,False,False,NORMAL,False
N4,post_hoc_diagnostic_not_final_v2_validation,1241,1297.003769,2026-06-28T19:22:28.284+00:00,11.76697891454414,12.858651313374208,25.58879353054043,False,False,False,NORMAL,False
N4,post_hoc_diagnostic_not_final_v2_validation,1242,1298.003132,2026-06-28T19:22:29.283+00:00,15.033261283155584,12.858651313374208,25.58879353054043,True,False,False,SUSPICIOUS,False
N4,post_hoc_diagnostic_not_final_v2_validation,1243,1299.003993,2026-06-28T19:22:30.285+00:00,17.5771809911705,12.858651313374208,25.58879353054043,True,False,False,SUSPICIOUS,False
N4,post_hoc_diagnostic_not_final_v2_validation,1244,1300.001882,2026-06-28T19:22:31.282+00:00,13.670795576618932,12.858651313374208,25.58879353054043,True,False,False,SUSPICIOUS,False
N4,post_hoc_diagnostic_not_final_v2_validation,1245,1301.003423,2026-06-28T19:22:32.284+00:00,10.20594214909272,12.858651313374208,25.58879353054043,False,False,False,NORMAL,False
N4,post_hoc_diagnostic_not_final_v2_validation,1246,1302.003144,2026-06-28T19:22:33.284+00:00,7.868587317441676,12.858651313374208,25.58879353054043,False,False,False,NORMAL,False
N4,post_hoc_diagnostic_not_final_v2_validation,1247,1303.005201,2026-06-28T19:22:34.289+00:00,6.399376801837268,12.858651313374208,25.58879353054043,False,False,False,NORMAL,False
N4,post_hoc_diagnostic_not_final_v2_validation,1248,1304.002875,2026-06-28T19:22:35.284+00:00,3.728726455062796,12.858651313374208,25.58879353054043,False,False,False,NORMAL,False
N4,post_hoc_diagnostic_not_final_v2_validation,1249,1305.001506,2026-06-28T19:22:36.282+00:00,2.90432270749741,12.858651313374208,25.58879353054043,False,False,False,NORMAL,False
N4,post_hoc_diagnostic_not_final_v2_validation,1250,1306.00125,2026-06-28T19:22:37.282+00:00,2.850254604220019,12.858651313374208,25.58879353054043,False,False,False,NORMAL,False
N4,post_hoc_diagnostic_not_final_v2_validation,1251,1307.002685,2026-06-28T19:22:38.283+00:00,2.5265647313757382,12.858651313374208,25.58879353054043,False,False,False,NORMAL,False
N4,post_hoc_diagnostic_not_final_v2_validation,1252,1308.002944,2026-06-28T19:22:39.283+00:00,2.242153759461492,12.858651313374208,25.58879353054043,False,False,False,NORMAL,False
N4,post_hoc_diagnostic_not_final_v2_validation,1253,1309.006621,2026-06-28T19:22:40.288+00:00,1.6081832766346627,12.858651313374208,25.58879353054043,False,False,False,NORMAL,False
N4,post_hoc_diagnostic_not_final_v2_validation,1254,1310.001791,2026-06-28T19:22:41.282+00:00,1.5646168565088527,12.858651313374208,25.58879353054043,False,False,False,NORMAL,False
N4,post_hoc_diagnostic_not_final_v2_validation,1255,1311.002004,2026-06-28T19:22:42.282+00:00,1.8255237033153018,12.858651313374208,25.58879353054043,False,False,False,NORMAL,False
N4,post_hoc_diagnostic_not_final_v2_validation,1256,1312.001332,2026-06-28T19:22:43.284+00:00,3.30072899686429,12.858651313374208,25.58879353054043,False,False,False,NORMAL,False
N4,post_hoc_diagnostic_not_final_v2_validation,1257,1313.002974,2026-06-28T19:22:44.284+00:00,4.20251723606337,12.858651313374208,25.58879353054043,False,False,False,NORMAL,False
N4,post_hoc_diagnostic_not_final_v2_validation,1258,1314.008259,2026-06-28T19:22:45.291+00:00,4.320828363200926,12.858651313374208,25.58879353054043,False,False,False,NORMAL,False
N4,post_hoc_diagnostic_not_final_v2_validation,1259,1315.002029,2026-06-28T19:22:46.283+00:00,4.427200377975325,12.858651313374208,25.58879353054043,False,False,False,NORMAL,False
N4,post_hoc_diagnostic_not_final_v2_validation,1260,1316.003228,2026-06-28T19:22:47.284+00:00,4.515504061748993,12.858651313374208,25.58879353054043,False,False,False,NORMAL,False
N4,post_hoc_diagnostic_not_final_v2_validation,1261,1317.001759,2026-06-28T19:22:48.283+00:00,4.248599326038755,12.858651313374208,25.58879353054043,False,False,False,NORMAL,False
N4,post_hoc_diagnostic_not_final_v2_validation,1262,1318.001797,2026-06-28T19:22:49.282+00:00,3.902230702106392,12.858651313374208,25.58879353054043,False,False,False,NORMAL,False
N4,post_hoc_diagnostic_not_final_v2_validation,1263,1319.004644,2026-06-28T19:22:50.285+00:00,3.7367835747319917,12.858651313374208,25.58879353054043,False,False,False,NORMAL,False
N4,post_hoc_diagnostic_not_final_v2_validation,1264,1320.002639,2026-06-28T19:22:51.283+00:00,3.662183282041153,12.858651313374208,25.58879353054043,False,False,False,NORMAL,False
N4,post_hoc_diagnostic_not_final_v2_validation,1265,1321.005848,2026-06-28T19:22:52.287+00:00,3.812199140465605,12.858651313374208,25.58879353054043,False,False,False,NORMAL,False
N4,post_hoc_diagnostic_not_final_v2_validation,1266,1322.005072,2026-06-28T19:22:53.285+00:00,3.7754084527154252,12.858651313374208,25.58879353054043,False,False,False,NORMAL,False
N4,post_hoc_diagnostic_not_final_v2_validation,1267,1323.002578,2026-06-28T19:22:54.283+00:00,3.934645938488411,12.858651313374208,25.58879353054043,False,False,False,NORMAL,False
N4,post_hoc_diagnostic_not_final_v2_validation,1268,1324.003431,2026-06-28T19:22:55.284+00:00,4.164712559213123,12.858651313374208,25.58879353054043,False,False,False,NORMAL,False
N4,post_hoc_diagnostic_not_final_v2_validation,1269,1325.002308,2026-06-28T19:22:56.283+00:00,4.407189174598228,12.858651313374208,25.58879353054043,False,False,False,NORMAL,False
N4,post_hoc_diagnostic_not_final_v2_validation,1270,1326.004157,2026-06-28T19:22:57.284+00:00,4.74079153737785,12.858651313374208,25.58879353054043,False,False,False,NORMAL,False
N4,post_hoc_diagnostic_not_final_v2_validation,1271,1327.00503,2026-06-28T19:22:58.286+00:00,5.004836911384003,12.858651313374208,25.58879353054043,False,False,False,NORMAL,False
N4,post_hoc_diagnostic_not_final_v2_validation,1272,1328.002742,2026-06-28T19:22:59.283+00:00,4.560311985784059,12.858651313374208,25.58879353054043,False,False,False,NORMAL,False
N4,post_hoc_diagnostic_not_final_v2_validation,1273,1329.002851,2026-06-28T19:23:00.285+00:00,3.99773713845239,12.858651313374208,25.58879353054043,False,False,False,NORMAL,False
N4,post_hoc_diagnostic_not_final_v2_validation,1274,1330.004298,2026-06-28T19:23:01.285+00:00,3.340077701277599,12.858651313374208,25.58879353054043,False,False,False,NORMAL,False
N4,post_hoc_diagnostic_not_final_v2_validation,1275,1331.00436,2026-06-28T19:23:02.284+00:00,2.8176809830335956,12.858651313374208,25.58879353054043,False,False,False,NORMAL,False
N4,post_hoc_diagnostic_not_final_v2_validation,1276,1332.003731,2026-06-28T19:23:03.285+00:00,2.4495487353626957,12.858651313374208,25.58879353054043,False,False,False,NORMAL,False
N4,post_hoc_diagnostic_not_final_v2_validation,1277,1333.002201,2026-06-28T19:23:04.283+00:00,2.094152132295113,12.858651313374208,25.58879353054043,False,False,False,NORMAL,False
N4,post_hoc_diagnostic_not_final_v2_validation,1278,1334.004258,2026-06-28T19:23:05.284+00:00,1.7772120145487968,12.858651313374208,25.58879353054043,False,False,False,NORMAL,False
N4,post_hoc_diagnostic_not_final_v2_validation,1279,1335.004879,2026-06-28T19:23:06.286+00:00,1.5274911527935207,12.858651313374208,25.58879353054043,False,False,False,NORMAL,False
N4,post_hoc_diagnostic_not_final_v2_validation,1280,1336.004349,2026-06-28T19:23:07.285+00:00,1.4859062002641354,12.858651313374208,25.58879353054043,False,False,False,NORMAL,False
N4,post_hoc_diagnostic_not_final_v2_validation,1281,1337.005502,2026-06-28T19:23:08.286+00:00,1.3887415988576148,12.858651313374208,25.58879353054043,False,False,False,NORMAL,False
N4,post_hoc_diagnostic_not_final_v2_validation,1282,1338.004364,2026-06-28T19:23:09.285+00:00,1.3534561532504732,12.858651313374208,25.58879353054043,False,False,False,NORMAL,False
N4,post_hoc_diagnostic_not_final_v2_validation,1283,1339.002585,2026-06-28T19:23:10.283+00:00,1.1957564475307154,12.858651313374208,25.58879353054043,False,False,False,NORMAL,False
N4,post_hoc_diagnostic_not_final_v2_validation,1284,1340.002594,2026-06-28T19:23:11.283+00:00,1.4778176200703328,12.858651313374208,25.58879353054043,False,False,False,NORMAL,False
N4,post_hoc_diagnostic_not_final_v2_validation,1285,1341.005032,2026-06-28T19:23:12.286+00:00,1.7609751345074085,12.858651313374208,25.58879353054043,False,False,False,NORMAL,False
N4,post_hoc_diagnostic_not_final_v2_validation,1286,1342.004127,2026-06-28T19:23:13.284+00:00,2.05089521204529,12.858651313374208,25.58879353054043,False,False,False,NORMAL,False
N4,post_hoc_diagnostic_not_final_v2_validation,1287,1343.001638,2026-06-28T19:23:14.282+00:00,3.1937722113061526,12.858651313374208,25.58879353054043,False,False,False,NORMAL,False
N4,post_hoc_diagnostic_not_final_v2_validation,1288,1344.003959,2026-06-28T19:23:15.285+00:00,5.825868195930383,12.858651313374208,25.58879353054043,False,False,False,NORMAL,False
N4,post_hoc_diagnostic_not_final_v2_validation,1289,1345.002376,2026-06-28T19:23:16.282+00:00,6.694631172783376,12.858651313374208,25.58879353054043,False,False,False,NORMAL,False
N4,post_hoc_diagnostic_not_final_v2_validation,1290,1346.003395,2026-06-28T19:23:17.284+00:00,7.439541716669565,12.858651313374208,25.58879353054043,False,False,False,NORMAL,False
N4,post_hoc_diagnostic_not_final_v2_validation,1291,1347.004067,2026-06-28T19:23:18.285+00:00,5.318557173472109,12.858651313374208,25.58879353054043,False,False,False,NORMAL,False
N4,post_hoc_diagnostic_not_final_v2_validation,1292,1348.003318,2026-06-28T19:23:19.283+00:00,3.8881138315871615,12.858651313374208,25.58879353054043,False,False,False,NORMAL,False
N4,post_hoc_diagnostic_not_final_v2_validation,1293,1349.004034,2026-06-28T19:23:20.285+00:00,2.927027686116343,12.858651313374208,25.58879353054043,False,False,False,NORMAL,False
N4,post_hoc_diagnostic_not_final_v2_validation,1294,1350.002518,2026-06-28T19:23:21.282+00:00,2.2667554461259107,12.858651313374208,25.58879353054043,False,False,False,NORMAL,False
N4,post_hoc_diagnostic_not_final_v2_validation,1295,1351.00233,2026-06-28T19:23:22.283+00:00,1.1922349531726053,12.858651313374208,25.58879353054043,False,False,False,NORMAL,False
N4,post_hoc_diagnostic_not_final_v2_validation,1296,1352.003632,2026-06-28T19:23:23.285+00:00,0.6681733242720262,12.858651313374208,25.58879353054043,False,False,False,NORMAL,False
N4,post_hoc_diagnostic_not_final_v2_validation,1297,1353.005266,2026-06-28T19:23:24.287+00:00,0.9001851702994785,12.858651313374208,25.58879353054043,False,False,False,NORMAL,False
N4,post_hoc_diagnostic_not_final_v2_validation,1298,1354.003883,2026-06-28T19:23:25.286+00:00,1.5117451005478362,12.858651313374208,25.58879353054043,False,False,False,NORMAL,False
N4,post_hoc_diagnostic_not_final_v2_validation,1299,1355.004899,2026-06-28T19:23:26.286+00:00,2.2262168928846684,12.858651313374208,25.58879353054043,False,False,False,NORMAL,False
N4,post_hoc_diagnostic_not_final_v2_validation,1300,1356.0147,2026-06-28T19:23:27.295+00:00,1.8518233113388414,12.858651313374208,25.58879353054043,False,False,False,NORMAL,False
N4,post_hoc_diagnostic_not_final_v2_validation,1301,1357.00392,2026-06-28T19:23:28.286+00:00,0.8592253275319062,12.858651313374208,25.58879353054043,False,False,False,NORMAL,False
N4,post_hoc_diagnostic_not_final_v2_validation,1302,1358.004038,2026-06-28T19:23:29.285+00:00,0.8625265980483514,12.858651313374208,25.58879353054043,False,False,False,NORMAL,False
N4,post_hoc_diagnostic_not_final_v2_validation,1303,1359.004014,2026-06-28T19:23:30.284+00:00,2.297113361463208,12.858651313374208,25.58879353054043,False,False,False,NORMAL,False
N4,post_hoc_diagnostic_not_final_v2_validation,1304,1360.003029,2026-06-28T19:23:31.285+00:00,4.368479834819357,12.858651313374208,25.58879353054043,False,False,False,NORMAL,False
N4,post_hoc_diagnostic_not_final_v2_validation,1305,1361.005084,2026-06-28T19:23:32.287+00:00,6.613870347299365,12.858651313374208,25.58879353054043,False,False,False,NORMAL,False
N4,post_hoc_diagnostic_not_final_v2_validation,1306,1362.002939,2026-06-28T19:23:33.284+00:00,8.785122789460441,12.858651313374208,25.58879353054043,False,False,False,NORMAL,False
N4,post_hoc_diagnostic_not_final_v2_validation,1307,1363.00566,2026-06-28T19:23:34.287+00:00,10.81538378063604,12.858651313374208,25.58879353054043,False,False,False,NORMAL,False
N4,post_hoc_diagnostic_not_final_v2_validation,1308,1364.005774,2026-06-28T19:23:35.287+00:00,11.307273540155855,12.858651313374208,25.58879353054043,False,False,False,NORMAL,False
N4,post_hoc_diagnostic_not_final_v2_validation,1309,1365.003334,2026-06-28T19:23:36.284+00:00,7.394658040872333,12.858651313374208,25.58879353054043,False,False,False,NORMAL,False
N4,post_hoc_diagnostic_not_final_v2_validation,1310,1366.002671,2026-06-28T19:23:37.283+00:00,4.481979050341162,12.858651313374208,25.58879353054043,False,False,False,NORMAL,False
N4,post_hoc_diagnostic_not_final_v2_validation,1311,1367.002762,2026-06-28T19:23:38.283+00:00,2.662097460066449,12.858651313374208,25.58879353054043,False,False,False,NORMAL,False
N4,post_hoc_diagnostic_not_final_v2_validation,1312,1368.002295,2026-06-28T19:23:39.283+00:00,2.181069744816961,12.858651313374208,25.58879353054043,False,False,False,NORMAL,False
N4,post_hoc_diagnostic_not_final_v2_validation,1313,1369.002172,2026-06-28T19:23:40.283+00:00,2.374852053042214,12.858651313374208,25.58879353054043,False,False,False,NORMAL,False
N4,post_hoc_diagnostic_not_final_v2_validation,1314,1370.001624,2026-06-28T19:23:41.282+00:00,2.7043952818127477,12.858651313374208,25.58879353054043,False,False,False,NORMAL,False
N4,post_hoc_diagnostic_not_final_v2_validation,1315,1371.00518,2026-06-28T19:23:42.286+00:00,3.1422320591023833,12.858651313374208,25.58879353054043,False,False,False,NORMAL,False
N4,post_hoc_diagnostic_not_final_v2_validation,1316,1372.003395,2026-06-28T19:23:43.284+00:00,4.004773464483422,12.858651313374208,25.58879353054043,False,False,False,NORMAL,False
N4,post_hoc_diagnostic_not_final_v2_validation,1317,1373.003817,2026-06-28T19:23:44.285+00:00,2.12370404532726,12.858651313374208,25.58879353054043,False,False,False,NORMAL,False
N4,post_hoc_diagnostic_not_final_v2_validation,1318,1374.004363,2026-06-28T19:23:45.285+00:00,0.5540095844623503,12.858651313374208,25.58879353054043,False,False,False,NORMAL,False
N4,post_hoc_diagnostic_not_final_v2_validation,1319,1375.0054,2026-06-28T19:23:46.288+00:00,0.23241171933404728,12.858651313374208,25.58879353054043,False,False,False,NORMAL,False
N4,post_hoc_diagnostic_not_final_v2_validation,1320,1376.004968,2026-06-28T19:23:47.286+00:00,0.30688206942222007,12.858651313374208,25.58879353054043,False,False,False,NORMAL,False
N4,post_hoc_diagnostic_not_final_v2_validation,1321,1377.003899,2026-06-28T19:23:48.285+00:00,0.5179442222018028,12.858651313374208,25.58879353054043,False,False,False,NORMAL,False
N4,post_hoc_diagnostic_not_final_v2_validation,1322,1378.004909,2026-06-28T19:23:49.287+00:00,0.7725388499254476,12.858651313374208,25.58879353054043,False,False,False,NORMAL,False
N4,post_hoc_diagnostic_not_final_v2_validation,1323,1379.002367,2026-06-28T19:23:50.282+00:00,1.074372019194938,12.858651313374208,25.58879353054043,False,False,False,NORMAL,False
N4,post_hoc_diagnostic_not_final_v2_validation,1324,1380.007162,2026-06-28T19:23:51.290+00:00,1.7842625840064912,12.858651313374208,25.58879353054043,False,False,False,NORMAL,False
N4,post_hoc_diagnostic_not_final_v2_validation,1325,1381.004428,2026-06-28T19:23:52.285+00:00,0.9917666398844661,12.858651313374208,25.58879353054043,False,False,False,NORMAL,False
N4,post_hoc_diagnostic_not_final_v2_validation,1326,1382.002696,2026-06-28T19:23:53.283+00:00,1.036960749808451,12.858651313374208,25.58879353054043,False,False,False,NORMAL,False
N4,post_hoc_diagnostic_not_final_v2_validation,1327,1383.005892,2026-06-28T19:23:54.287+00:00,1.7943409719441448,12.858651313374208,25.58879353054043,False,False,False,NORMAL,False
N4,post_hoc_diagnostic_not_final_v2_validation,1328,1384.002311,2026-06-28T19:23:55.283+00:00,2.4620902353001766,12.858651313374208,25.58879353054043,False,False,False,NORMAL,False
N4,post_hoc_diagnostic_not_final_v2_validation,1329,1385.001708,2026-06-28T19:23:56.282+00:00,3.065835952467168,12.858651313374208,25.58879353054043,False,False,False,NORMAL,False
N4,post_hoc_diagnostic_not_final_v2_validation,1330,1386.001669,2026-06-28T19:23:57.282+00:00,3.7066741878989067,12.858651313374208,25.58879353054043,False,False,False,NORMAL,False
N4,post_hoc_diagnostic_not_final_v2_validation,1331,1387.003506,2026-06-28T19:23:58.284+00:00,4.095917505777745,12.858651313374208,25.58879353054043,False,False,False,NORMAL,False
N4,post_hoc_diagnostic_not_final_v2_validation,1332,1388.004999,2026-06-28T19:23:59.287+00:00,3.212512019027937,12.858651313374208,25.58879353054043,False,False,False,NORMAL,False
N4,post_hoc_diagnostic_not_final_v2_validation,1333,1389.004388,2026-06-28T19:24:00.285+00:00,1.7739737471593786,12.858651313374208,25.58879353054043,False,False,False,NORMAL,False
N4,post_hoc_diagnostic_not_final_v2_validation,1334,1390.003985,2026-06-28T19:24:01.286+00:00,0.764537540212554,12.858651313374208,25.58879353054043,False,False,False,NORMAL,False
N4,post_hoc_diagnostic_not_final_v2_validation,1335,1391.00279,2026-06-28T19:24:02.284+00:00,1.0654543150924616,12.858651313374208,25.58879353054043,False,False,False,NORMAL,False
N4,post_hoc_diagnostic_not_final_v2_validation,1336,1392.002843,2026-06-28T19:24:03.283+00:00,1.981951572491253,12.858651313374208,25.58879353054043,False,False,False,NORMAL,False
N4,post_hoc_diagnostic_not_final_v2_validation,1337,1393.004979,2026-06-28T19:24:04.285+00:00,3.1363913248190896,12.858651313374208,25.58879353054043,False,False,False,NORMAL,False
N4,post_hoc_diagnostic_not_final_v2_validation,1338,1394.002348,2026-06-28T19:24:05.284+00:00,4.32055489545426,12.858651313374208,25.58879353054043,False,False,False,NORMAL,False
N4,post_hoc_diagnostic_not_final_v2_validation,1339,1395.001865,2026-06-28T19:24:06.282+00:00,4.959306488204704,12.858651313374208,25.58879353054043,False,False,False,NORMAL,False
N4,post_hoc_diagnostic_not_final_v2_validation,1340,1396.003816,2026-06-28T19:24:07.284+00:00,4.212043553379392,12.858651313374208,25.58879353054043,False,False,False,NORMAL,False
N4,post_hoc_diagnostic_not_final_v2_validation,1341,1397.002572,2026-06-28T19:24:08.283+00:00,2.7925521312515222,12.858651313374208,25.58879353054043,False,False,False,NORMAL,False
N4,post_hoc_diagnostic_not_final_v2_validation,1342,1398.003873,2026-06-28T19:24:09.286+00:00,1.3560650938996894,12.858651313374208,25.58879353054043,False,False,False,NORMAL,False
N4,post_hoc_diagnostic_not_final_v2_validation,1343,1399.00263,2026-06-28T19:24:10.283+00:00,1.2991332840828882,12.858651313374208,25.58879353054043,False,False,False,NORMAL,False
N4,post_hoc_diagnostic_not_final_v2_validation,1344,1400.010774,2026-06-28T19:24:11.292+00:00,1.9602129818312077,12.858651313374208,25.58879353054043,False,False,False,NORMAL,False
N4,post_hoc_diagnostic_not_final_v2_validation,1345,1401.00378,2026-06-28T19:24:12.284+00:00,2.935388141127481,12.858651313374208,25.58879353054043,False,False,False,NORMAL,False
N4,post_hoc_diagnostic_not_final_v2_validation,1346,1402.005226,2026-06-28T19:24:13.286+00:00,3.9929293412692246,12.858651313374208,25.58879353054043,False,False,False,NORMAL,False
N4,post_hoc_diagnostic_not_final_v2_validation,1347,1403.006162,2026-06-28T19:24:14.286+00:00,3.3808077057538544,12.858651313374208,25.58879353054043,False,False,False,NORMAL,False
N4,post_hoc_diagnostic_not_final_v2_validation,1348,1404.004053,2026-06-28T19:24:15.285+00:00,1.974654158045258,12.858651313374208,25.58879353054043,False,False,False,NORMAL,False
N4,post_hoc_diagnostic_not_final_v2_validation,1349,1405.002754,2026-06-28T19:24:16.284+00:00,1.1782433960058571,12.858651313374208,25.58879353054043,False,False,False,NORMAL,False
N4,post_hoc_diagnostic_not_final_v2_validation,1350,1406.004958,2026-06-28T19:24:17.286+00:00,0.9488716262173567,12.858651313374208,25.58879353054043,False,False,False,NORMAL,False
N4,post_hoc_diagnostic_not_final_v2_validation,1351,1407.009627,2026-06-28T19:24:18.293+00:00,0.5641948792427034,12.858651313374208,25.58879353054043,False,False,False,NORMAL,False
N4,post_hoc_diagnostic_not_final_v2_validation,1352,1408.00977,2026-06-28T19:24:19.291+00:00,0.9474851056840013,12.858651313374208,25.58879353054043,False,False,False,NORMAL,False
N4,post_hoc_diagnostic_not_final_v2_validation,1353,1409.003535,2026-06-28T19:24:20.284+00:00,1.6977857515192145,12.858651313374208,25.58879353054043,False,False,False,NORMAL,False
N4,post_hoc_diagnostic_not_final_v2_validation,1354,1410.002199,2026-06-28T19:24:21.283+00:00,2.6031222094873625,12.858651313374208,25.58879353054043,False,False,False,NORMAL,False
N4,post_hoc_diagnostic_not_final_v2_validation,1355,1411.00417,2026-06-28T19:24:22.284+00:00,2.8476905430624955,12.858651313374208,25.58879353054043,False,False,False,NORMAL,False
N4,post_hoc_diagnostic_not_final_v2_validation,1356,1412.001841,2026-06-28T19:24:23.282+00:00,2.2205963956686037,12.858651313374208,25.58879353054043,False,False,False,NORMAL,False
N4,post_hoc_diagnostic_not_final_v2_validation,1357,1413.022428,2026-06-28T19:24:24.311+00:00,1.9203214515818252,12.858651313374208,25.58879353054043,False,False,False,NORMAL,False
N4,post_hoc_diagnostic_not_final_v2_validation,1358,1414.002479,2026-06-28T19:24:25.284+00:00,1.814164427683699,12.858651313374208,25.58879353054043,False,False,False,NORMAL,False
N4,post_hoc_diagnostic_not_final_v2_validation,1359,1415.001751,2026-06-28T19:24:26.282+00:00,1.2936786221703716,12.858651313374208,25.58879353054043,False,False,False,NORMAL,False
N4,post_hoc_diagnostic_not_final_v2_validation,1360,1416.001711,2026-06-28T19:24:27.283+00:00,1.4631667293056543,12.858651313374208,25.58879353054043,False,False,False,NORMAL,False
N4,post_hoc_diagnostic_not_final_v2_validation,1361,1417.003315,2026-06-28T19:24:28.283+00:00,1.0349602922709011,12.858651313374208,25.58879353054043,False,False,False,NORMAL,False
N4,post_hoc_diagnostic_not_final_v2_validation,1362,1418.005014,2026-06-28T19:24:29.286+00:00,0.4329660203665799,12.858651313374208,25.58879353054043,False,False,False,NORMAL,False
N4,post_hoc_diagnostic_not_final_v2_validation,1363,1419.005438,2026-06-28T19:24:30.288+00:00,0.22067021725970673,12.858651313374208,25.58879353054043,False,False,False,NORMAL,False
N4,post_hoc_diagnostic_not_final_v2_validation,1364,1420.004031,2026-06-28T19:24:31.285+00:00,0.5691309981095278,12.858651313374208,25.58879353054043,False,False,False,NORMAL,False
N4,post_hoc_diagnostic_not_final_v2_validation,1365,1421.003046,2026-06-28T19:24:32.283+00:00,2.5412002887144185,12.858651313374208,25.58879353054043,False,False,False,NORMAL,False
N4,post_hoc_diagnostic_not_final_v2_validation,1366,1422.006523,2026-06-28T19:24:33.289+00:00,5.681817311694223,12.858651313374208,25.58879353054043,False,False,False,NORMAL,False
N4,post_hoc_diagnostic_not_final_v2_validation,1367,1423.003627,2026-06-28T19:24:34.284+00:00,9.231689961025776,12.858651313374208,25.58879353054043,False,False,False,NORMAL,False
N4,post_hoc_diagnostic_not_final_v2_validation,1368,1424.002356,2026-06-28T19:24:35.283+00:00,14.319690691334117,12.858651313374208,25.58879353054043,True,False,False,SUSPICIOUS,False
N4,post_hoc_diagnostic_not_final_v2_validation,1369,1425.003942,2026-06-28T19:24:36.284+00:00,16.05314103349977,12.858651313374208,25.58879353054043,True,False,False,SUSPICIOUS,False
N4,post_hoc_diagnostic_not_final_v2_validation,1370,1426.004509,2026-06-28T19:24:37.286+00:00,15.749483518462938,12.858651313374208,25.58879353054043,True,False,False,SUSPICIOUS,False
N4,post_hoc_diagnostic_not_final_v2_validation,1371,1427.002656,2026-06-28T19:24:38.283+00:00,14.067989932206373,12.858651313374208,25.58879353054043,True,False,False,SUSPICIOUS,False
N4,post_hoc_diagnostic_not_final_v2_validation,1372,1428.003965,2026-06-28T19:24:39.284+00:00,12.998594296721492,12.858651313374208,25.58879353054043,True,False,False,SUSPICIOUS,False
N4,post_hoc_diagnostic_not_final_v2_validation,1373,1429.001442,2026-06-28T19:24:40.282+00:00,7.599826600687681,12.858651313374208,25.58879353054043,False,False,False,NORMAL,False
N4,post_hoc_diagnostic_not_final_v2_validation,1374,1430.002122,2026-06-28T19:24:41.282+00:00,4.930431014140535,12.858651313374208,25.58879353054043,False,False,False,NORMAL,False
N4,post_hoc_diagnostic_not_final_v2_validation,1375,1431.002283,2026-06-28T19:24:42.283+00:00,3.705938539760847,12.858651313374208,25.58879353054043,False,False,False,NORMAL,False
N4,post_hoc_diagnostic_not_final_v2_validation,1376,1432.002207,2026-06-28T19:24:43.283+00:00,3.4115552103364375,12.858651313374208,25.58879353054043,False,False,False,NORMAL,False
N4,post_hoc_diagnostic_not_final_v2_validation,1377,1433.003708,2026-06-28T19:24:44.284+00:00,3.6654177130546852,12.858651313374208,25.58879353054043,False,False,False,NORMAL,False
N4,post_hoc_diagnostic_not_final_v2_validation,1378,1434.002335,2026-06-28T19:24:45.283+00:00,3.6540545311573718,12.858651313374208,25.58879353054043,False,False,False,NORMAL,False
N4,post_hoc_diagnostic_not_final_v2_validation,1379,1435.004101,2026-06-28T19:24:46.285+00:00,3.738834940851845,12.858651313374208,25.58879353054043,False,False,False,NORMAL,False
N4,post_hoc_diagnostic_not_final_v2_validation,1380,1436.005942,2026-06-28T19:24:47.287+00:00,3.807396543003313,12.858651313374208,25.58879353054043,False,False,False,NORMAL,False
N4,post_hoc_diagnostic_not_final_v2_validation,1381,1437.001814,2026-06-28T19:24:48.282+00:00,3.937644548109524,12.858651313374208,25.58879353054043,False,False,False,NORMAL,False
N4,post_hoc_diagnostic_not_final_v2_validation,1382,1438.003576,2026-06-28T19:24:49.284+00:00,3.971362176708336,12.858651313374208,25.58879353054043,False,False,False,NORMAL,False
N4,post_hoc_diagnostic_not_final_v2_validation,1383,1439.002458,2026-06-28T19:24:50.284+00:00,3.9485697531455246,12.858651313374208,25.58879353054043,False,False,False,NORMAL,False
N4,post_hoc_diagnostic_not_final_v2_validation,1384,1440.002937,2026-06-28T19:24:51.283+00:00,3.8138646782647267,12.858651313374208,25.58879353054043,False,False,False,NORMAL,False
N4,post_hoc_diagnostic_not_final_v2_validation,1385,1441.003133,2026-06-28T19:24:52.284+00:00,3.7282554599983437,12.858651313374208,25.58879353054043,False,False,False,NORMAL,False
N4,post_hoc_diagnostic_not_final_v2_validation,1386,1442.001944,2026-06-28T19:24:53.282+00:00,3.4746009234052497,12.858651313374208,25.58879353054043,False,False,False,NORMAL,False
N4,post_hoc_diagnostic_not_final_v2_validation,1387,1443.005028,2026-06-28T19:24:54.286+00:00,3.1810682169287006,12.858651313374208,25.58879353054043,False,False,False,NORMAL,False
N4,post_hoc_diagnostic_not_final_v2_validation,1388,1444.001612,2026-06-28T19:24:55.282+00:00,2.908960532732613,12.858651313374208,25.58879353054043,False,False,False,NORMAL,False
N4,post_hoc_diagnostic_not_final_v2_validation,1389,1445.007708,2026-06-28T19:24:56.289+00:00,2.5745376906457915,12.858651313374208,25.58879353054043,False,False,False,NORMAL,False
N4,post_hoc_diagnostic_not_final_v2_validation,1390,1446.009297,2026-06-28T19:24:57.291+00:00,2.262708665888917,12.858651313374208,25.58879353054043,False,False,False,NORMAL,False
N4,post_hoc_diagnostic_not_final_v2_validation,1391,1447.001712,2026-06-28T19:24:58.282+00:00,1.9453666789777,12.858651313374208,25.58879353054043,False,False,False,NORMAL,False
N4,post_hoc_diagnostic_not_final_v2_validation,1392,1448.003889,2026-06-28T19:24:59.284+00:00,1.8054989891981108,12.858651313374208,25.58879353054043,False,False,False,NORMAL,False
N4,post_hoc_diagnostic_not_final_v2_validation,1393,1449.004185,2026-06-28T19:25:00.286+00:00,1.2437051701290636,12.858651313374208,25.58879353054043,False,False,False,NORMAL,False
N4,post_hoc_diagnostic_not_final_v2_validation,1394,1450.001642,2026-06-28T19:25:01.282+00:00,0.8722695567905157,12.858651313374208,25.58879353054043,False,False,False,NORMAL,False
N4,post_hoc_diagnostic_not_final_v2_validation,1395,1451.002529,2026-06-28T19:25:02.284+00:00,0.6487151044811207,12.858651313374208,25.58879353054043,False,False,False,NORMAL,False
N4,post_hoc_diagnostic_not_final_v2_validation,1396,1452.006068,2026-06-28T19:25:03.292+00:00,0.5053012017939049,12.858651313374208,25.58879353054043,False,False,False,NORMAL,False
N4,post_hoc_diagnostic_not_final_v2_validation,1397,1453.002699,2026-06-28T19:25:04.284+00:00,0.4648240046096883,12.858651313374208,25.58879353054043,False,False,False,NORMAL,False
N4,post_hoc_diagnostic_not_final_v2_validation,1398,1454.005419,2026-06-28T19:25:05.288+00:00,0.4778979040767848,12.858651313374208,25.58879353054043,False,False,False,NORMAL,False
N4,post_hoc_diagnostic_not_final_v2_validation,1399,1455.002004,2026-06-28T19:25:06.282+00:00,0.4523631102280663,12.858651313374208,25.58879353054043,False,False,False,NORMAL,False
N4,post_hoc_diagnostic_not_final_v2_validation,1400,1456.002109,2026-06-28T19:25:07.283+00:00,0.4498759089052455,12.858651313374208,25.58879353054043,False,False,False,NORMAL,False
N4,post_hoc_diagnostic_not_final_v2_validation,1401,1457.006879,2026-06-28T19:25:08.289+00:00,1.2137910077376883,12.858651313374208,25.58879353054043,False,False,False,NORMAL,False
N4,post_hoc_diagnostic_not_final_v2_validation,1402,1458.002771,2026-06-28T19:25:09.287+00:00,1.262357684493729,12.858651313374208,25.58879353054043,False,False,False,NORMAL,False
N4,post_hoc_diagnostic_not_final_v2_validation,1403,1459.005716,2026-06-28T19:25:10.287+00:00,1.459550474934594,12.858651313374208,25.58879353054043,False,False,False,NORMAL,False
N4,post_hoc_diagnostic_not_final_v2_validation,1404,1460.045842,2026-06-28T19:25:11.327+00:00,1.6585161004120668,12.858651313374208,25.58879353054043,False,False,False,NORMAL,False
N4,post_hoc_diagnostic_not_final_v2_validation,1405,1461.00225,2026-06-28T19:25:12.283+00:00,1.7689582326257947,12.858651313374208,25.58879353054043,False,False,False,NORMAL,False
N4,post_hoc_diagnostic_not_final_v2_validation,1406,1462.003647,2026-06-28T19:25:13.284+00:00,1.6143467341512947,12.858651313374208,25.58879353054043,False,False,False,NORMAL,False
N4,post_hoc_diagnostic_not_final_v2_validation,1407,1463.004612,2026-06-28T19:25:14.285+00:00,0.8863991399616102,12.858651313374208,25.58879353054043,False,False,False,NORMAL,False
N4,post_hoc_diagnostic_not_final_v2_validation,1408,1464.002139,2026-06-28T19:25:15.282+00:00,0.2887444713235999,12.858651313374208,25.58879353054043,False,False,False,NORMAL,False
N4,post_hoc_diagnostic_not_final_v2_validation,1409,1465.01366,2026-06-28T19:25:16.295+00:00,0.37886669704692844,12.858651313374208,25.58879353054043,False,False,False,NORMAL,False
N4,post_hoc_diagnostic_not_final_v2_validation,1410,1466.001252,2026-06-28T19:25:17.282+00:00,0.1766664393015966,12.858651313374208,25.58879353054043,False,False,False,NORMAL,False
N4,post_hoc_diagnostic_not_final_v2_validation,1411,1467.003057,2026-06-28T19:25:18.283+00:00,0.09273229797250898,12.858651313374208,25.58879353054043,False,False,False,NORMAL,False
N4,post_hoc_diagnostic_not_final_v2_validation,1412,1468.001671,2026-06-28T19:25:19.283+00:00,0.05958384872680876,12.858651313374208,25.58879353054043,False,False,False,NORMAL,False
N4,post_hoc_diagnostic_not_final_v2_validation,1413,1469.001749,2026-06-28T19:25:20.282+00:00,0.07774311922742753,12.858651313374208,25.58879353054043,False,False,False,NORMAL,False
N4,post_hoc_diagnostic_not_final_v2_validation,1414,1470.001962,2026-06-28T19:25:21.282+00:00,0.13288926695269482,12.858651313374208,25.58879353054043,False,False,False,NORMAL,False
N4,post_hoc_diagnostic_not_final_v2_validation,1415,1471.002011,2026-06-28T19:25:22.282+00:00,0.5743618830489382,12.858651313374208,25.58879353054043,False,False,False,NORMAL,False
N4,post_hoc_diagnostic_not_final_v2_validation,1416,1472.002747,2026-06-28T19:25:23.284+00:00,1.8965187052262165,12.858651313374208,25.58879353054043,False,False,False,NORMAL,False
N4,post_hoc_diagnostic_not_final_v2_validation,1417,1473.004952,2026-06-28T19:25:24.287+00:00,3.55266004730559,12.858651313374208,25.58879353054043,False,False,False,NORMAL,False
N4,post_hoc_diagnostic_not_final_v2_validation,1418,1474.003036,2026-06-28T19:25:25.285+00:00,5.292900220503901,12.858651313374208,25.58879353054043,False,False,False,NORMAL,False
N4,post_hoc_diagnostic_not_final_v2_validation,1419,1475.004462,2026-06-28T19:25:26.286+00:00,3.7933089513680827,12.858651313374208,25.58879353054043,False,False,False,NORMAL,False
N4,post_hoc_diagnostic_not_final_v2_validation,1420,1476.006048,2026-06-28T19:25:27.287+00:00,2.9414505821780335,12.858651313374208,25.58879353054043,False,False,False,NORMAL,False
N4,post_hoc_diagnostic_not_final_v2_validation,1421,1477.002603,2026-06-28T19:25:28.283+00:00,2.117854928237029,12.858651313374208,25.58879353054043,False,False,False,NORMAL,False
N4,post_hoc_diagnostic_not_final_v2_validation,1422,1478.004481,2026-06-28T19:25:29.284+00:00,1.1820237751353102,12.858651313374208,25.58879353054043,False,False,False,NORMAL,False
N4,post_hoc_diagnostic_not_final_v2_validation,1423,1479.006629,2026-06-28T19:25:30.287+00:00,0.8564324933155429,12.858651313374208,25.58879353054043,False,False,False,NORMAL,False
N4,post_hoc_diagnostic_not_final_v2_validation,1424,1480.001537,2026-06-28T19:25:31.282+00:00,1.3837100291349729,12.858651313374208,25.58879353054043,False,False,False,NORMAL,False
N4,post_hoc_diagnostic_not_final_v2_validation,1425,1481.00443,2026-06-28T19:25:32.285+00:00,2.297062972220628,12.858651313374208,25.58879353054043,False,False,False,NORMAL,False
N4,post_hoc_diagnostic_not_final_v2_validation,1426,1482.004575,2026-06-28T19:25:33.285+00:00,3.328474201692016,12.858651313374208,25.58879353054043,False,False,False,NORMAL,False
N4,post_hoc_diagnostic_not_final_v2_validation,1427,1483.004257,2026-06-28T19:25:34.288+00:00,2.3815725259877114,12.858651313374208,25.58879353054043,False,False,False,NORMAL,False
N4,post_hoc_diagnostic_not_final_v2_validation,1428,1484.004081,2026-06-28T19:25:35.286+00:00,1.7413068640510767,12.858651313374208,25.58879353054043,False,False,False,NORMAL,False
N4,post_hoc_diagnostic_not_final_v2_validation,1429,1485.004394,2026-06-28T19:25:36.285+00:00,1.0609526692656632,12.858651313374208,25.58879353054043,False,False,False,NORMAL,False
N4,post_hoc_diagnostic_not_final_v2_validation,1430,1486.005916,2026-06-28T19:25:37.288+00:00,0.5186920396302015,12.858651313374208,25.58879353054043,False,False,False,NORMAL,False
N4,post_hoc_diagnostic_not_final_v2_validation,1431,1487.005336,2026-06-28T19:25:38.286+00:00,1.1833411525893185,12.858651313374208,25.58879353054043,False,False,False,NORMAL,False
N4,post_hoc_diagnostic_not_final_v2_validation,1432,1488.003908,2026-06-28T19:25:39.285+00:00,2.71972332852724,12.858651313374208,25.58879353054043,False,False,False,NORMAL,False
N4,post_hoc_diagnostic_not_final_v2_validation,1433,1489.005872,2026-06-28T19:25:40.288+00:00,4.562569820457057,12.858651313374208,25.58879353054043,False,False,False,NORMAL,False
N4,post_hoc_diagnostic_not_final_v2_validation,1434,1490.003946,2026-06-28T19:25:41.285+00:00,6.52516108010533,12.858651313374208,25.58879353054043,False,False,False,NORMAL,False
N4,post_hoc_diagnostic_not_final_v2_validation,1435,1491.005353,2026-06-28T19:25:42.288+00:00,8.761752659378939,12.858651313374208,25.58879353054043,False,False,False,NORMAL,False
N4,post_hoc_diagnostic_not_final_v2_validation,1436,1492.003798,2026-06-28T19:25:43.285+00:00,10.857374156828497,12.858651313374208,25.58879353054043,False,False,False,NORMAL,False
N4,post_hoc_diagnostic_not_final_v2_validation,1437,1493.002096,2026-06-28T19:25:44.283+00:00,9.27780400537803,12.858651313374208,25.58879353054043,False,False,False,NORMAL,False
N4,post_hoc_diagnostic_not_final_v2_validation,1438,1494.001672,2026-06-28T19:25:45.282+00:00,4.292513172953217,12.858651313374208,25.58879353054043,False,False,False,NORMAL,False
N4,post_hoc_diagnostic_not_final_v2_validation,1439,1495.002956,2026-06-28T19:25:46.284+00:00,1.9410994166132098,12.858651313374208,25.58879353054043,False,False,False,NORMAL,False
N4,post_hoc_diagnostic_not_final_v2_validation,1440,1496.004667,2026-06-28T19:25:47.286+00:00,1.1336471342210304,12.858651313374208,25.58879353054043,False,False,False,NORMAL,False
N4,post_hoc_diagnostic_not_final_v2_validation,1441,1497.002459,2026-06-28T19:25:48.283+00:00,2.1201395140777333,12.858651313374208,25.58879353054043,False,False,False,NORMAL,False
N4,post_hoc_diagnostic_not_final_v2_validation,1442,1498.002819,2026-06-28T19:25:49.283+00:00,3.7235853821909544,12.858651313374208,25.58879353054043,False,False,False,NORMAL,False
N4,post_hoc_diagnostic_not_final_v2_validation,1443,1499.003399,2026-06-28T19:25:50.283+00:00,5.988925390685871,12.858651313374208,25.58879353054043,False,False,False,NORMAL,False
N4,post_hoc_diagnostic_not_final_v2_validation,1444,1500.001906,2026-06-28T19:25:51.282+00:00,8.235156405360172,12.858651313374208,25.58879353054043,False,False,False,NORMAL,False
N4,post_hoc_diagnostic_not_final_v2_validation,1445,1501.001737,2026-06-28T19:25:52.282+00:00,5.853216414082217,12.858651313374208,25.58879353054043,False,False,False,NORMAL,False
N4,post_hoc_diagnostic_not_final_v2_validation,1446,1502.001381,2026-06-28T19:25:53.282+00:00,2.67674046783322,12.858651313374208,25.58879353054043,False,False,False,NORMAL,False
N4,post_hoc_diagnostic_not_final_v2_validation,1447,1503.002885,2026-06-28T19:25:54.283+00:00,1.2973557101254563,12.858651313374208,25.58879353054043,False,False,False,NORMAL,False
N4,post_hoc_diagnostic_not_final_v2_validation,1448,1504.002826,2026-06-28T19:25:55.283+00:00,0.8457819185210435,12.858651313374208,25.58879353054043,False,False,False,NORMAL,False
N4,post_hoc_diagnostic_not_final_v2_validation,1449,1505.002648,2026-06-28T19:25:56.284+00:00,0.8733415758047398,12.858651313374208,25.58879353054043,False,False,False,NORMAL,False
N4,post_hoc_diagnostic_not_final_v2_validation,1450,1506.004027,2026-06-28T19:25:57.285+00:00,1.9008507593403758,12.858651313374208,25.58879353054043,False,False,False,NORMAL,False
N4,post_hoc_diagnostic_not_final_v2_validation,1451,1507.004645,2026-06-28T19:25:58.285+00:00,3.381880525749038,12.858651313374208,25.58879353054043,False,False,False,NORMAL,False
N4,post_hoc_diagnostic_not_final_v2_validation,1452,1508.00571,2026-06-28T19:25:59.288+00:00,3.667182939782796,12.858651313374208,25.58879353054043,False,False,False,NORMAL,False
N4,post_hoc_diagnostic_not_final_v2_validation,1453,1509.037806,2026-06-28T19:26:00.318+00:00,2.757401035235029,12.858651313374208,25.58879353054043,False,False,False,NORMAL,False
N4,post_hoc_diagnostic_not_final_v2_validation,1454,1510.002509,2026-06-28T19:26:01.283+00:00,0.7537432723520359,12.858651313374208,25.58879353054043,False,False,False,NORMAL,False
N4,post_hoc_diagnostic_not_final_v2_validation,1455,1511.003932,2026-06-28T19:26:02.284+00:00,0.4514118208922218,12.858651313374208,25.58879353054043,False,False,False,NORMAL,False
N4,post_hoc_diagnostic_not_final_v2_validation,1456,1512.004751,2026-06-28T19:26:03.286+00:00,1.2550168200612686,12.858651313374208,25.58879353054043,False,False,False,NORMAL,False
N4,post_hoc_diagnostic_not_final_v2_validation,1457,1513.002507,2026-06-28T19:26:04.284+00:00,2.693339302998657,12.858651313374208,25.58879353054043,False,False,False,NORMAL,False
N4,post_hoc_diagnostic_not_final_v2_validation,1458,1514.002098,2026-06-28T19:26:05.282+00:00,4.318685648366427,12.858651313374208,25.58879353054043,False,False,False,NORMAL,False
N4,post_hoc_diagnostic_not_final_v2_validation,1459,1515.001401,2026-06-28T19:26:06.282+00:00,5.978960123931999,12.858651313374208,25.58879353054043,False,False,False,NORMAL,False
N4,post_hoc_diagnostic_not_final_v2_validation,1460,1516.002483,2026-06-28T19:26:07.283+00:00,5.904794537202946,12.858651313374208,25.58879353054043,False,False,False,NORMAL,False
N4,post_hoc_diagnostic_not_final_v2_validation,1461,1517.005771,2026-06-28T19:26:08.287+00:00,4.57412830025742,12.858651313374208,25.58879353054043,False,False,False,NORMAL,False
N4,post_hoc_diagnostic_not_final_v2_validation,1462,1518.001777,2026-06-28T19:26:09.283+00:00,1.5137413681275749,12.858651313374208,25.58879353054043,False,False,False,NORMAL,False
N4,post_hoc_diagnostic_not_final_v2_validation,1463,1519.014233,2026-06-28T19:26:10.296+00:00,0.6014704188040062,12.858651313374208,25.58879353054043,False,False,False,NORMAL,False
N4,post_hoc_diagnostic_not_final_v2_validation,1464,1520.002053,2026-06-28T19:26:11.282+00:00,1.0106103562286624,12.858651313374208,25.58879353054043,False,False,False,NORMAL,False
N4,post_hoc_diagnostic_not_final_v2_validation,1465,1521.005516,2026-06-28T19:26:12.287+00:00,2.234300897837354,12.858651313374208,25.58879353054043,False,False,False,NORMAL,False
N4,post_hoc_diagnostic_not_final_v2_validation,1466,1522.002825,2026-06-28T19:26:13.283+00:00,3.721153668895198,12.858651313374208,25.58879353054043,False,False,False,NORMAL,False
N4,post_hoc_diagnostic_not_final_v2_validation,1467,1523.005273,2026-06-28T19:26:14.286+00:00,3.8219850770242214,12.858651313374208,25.58879353054043,False,False,False,NORMAL,False
N4,post_hoc_diagnostic_not_final_v2_validation,1468,1524.005057,2026-06-28T19:26:15.287+00:00,2.6952734549185307,12.858651313374208,25.58879353054043,False,False,False,NORMAL,False
N4,post_hoc_diagnostic_not_final_v2_validation,1469,1525.003877,2026-06-28T19:26:16.284+00:00,1.9574319703566605,12.858651313374208,25.58879353054043,False,False,False,NORMAL,False
N4,post_hoc_diagnostic_not_final_v2_validation,1470,1526.003952,2026-06-28T19:26:17.285+00:00,1.3191861567853986,12.858651313374208,25.58879353054043,False,False,False,NORMAL,False
N4,post_hoc_diagnostic_not_final_v2_validation,1471,1527.002102,2026-06-28T19:26:18.283+00:00,0.7151236068997116,12.858651313374208,25.58879353054043,False,False,False,NORMAL,False
N4,post_hoc_diagnostic_not_final_v2_validation,1472,1528.004901,2026-06-28T19:26:19.285+00:00,1.4600882182109838,12.858651313374208,25.58879353054043,False,False,False,NORMAL,False
N4,post_hoc_diagnostic_not_final_v2_validation,1473,1529.004005,2026-06-28T19:26:20.285+00:00,2.7165300243551203,12.858651313374208,25.58879353054043,False,False,False,NORMAL,False
N4,post_hoc_diagnostic_not_final_v2_validation,1474,1530.00236,2026-06-28T19:26:21.283+00:00,4.145875967495237,12.858651313374208,25.58879353054043,False,False,False,NORMAL,False
N4,post_hoc_diagnostic_not_final_v2_validation,1475,1531.003808,2026-06-28T19:26:22.285+00:00,4.188057214178385,12.858651313374208,25.58879353054043,False,False,False,NORMAL,False
N4,post_hoc_diagnostic_not_final_v2_validation,1476,1532.001797,2026-06-28T19:26:23.283+00:00,3.090193645536992,12.858651313374208,25.58879353054043,False,False,False,NORMAL,False
N4,post_hoc_diagnostic_not_final_v2_validation,1477,1533.005017,2026-06-28T19:26:24.286+00:00,2.400083595250745,12.858651313374208,25.58879353054043,False,False,False,NORMAL,False
N4,post_hoc_diagnostic_not_final_v2_validation,1478,1534.014864,2026-06-28T19:26:25.297+00:00,1.8100627980167658,12.858651313374208,25.58879353054043,False,False,False,NORMAL,False
N4,post_hoc_diagnostic_not_final_v2_validation,1479,1535.002652,2026-06-28T19:26:26.283+00:00,1.1804169728358187,12.858651313374208,25.58879353054043,False,False,False,NORMAL,False
N4,post_hoc_diagnostic_not_final_v2_validation,1480,1536.003383,2026-06-28T19:26:27.283+00:00,2.00802696063655,12.858651313374208,25.58879353054043,False,False,False,NORMAL,False
N4,post_hoc_diagnostic_not_final_v2_validation,1481,1537.00404,2026-06-28T19:26:28.286+00:00,3.5490030745855545,12.858651313374208,25.58879353054043,False,False,False,NORMAL,False
N4,post_hoc_diagnostic_not_final_v2_validation,1482,1538.004278,2026-06-28T19:26:29.285+00:00,4.1894340279880495,12.858651313374208,25.58879353054043,False,False,False,NORMAL,False
N4,post_hoc_diagnostic_not_final_v2_validation,1483,1539.001766,2026-06-28T19:26:30.282+00:00,3.756907611796782,12.858651313374208,25.58879353054043,False,False,False,NORMAL,False
N4,post_hoc_diagnostic_not_final_v2_validation,1484,1540.008104,2026-06-28T19:26:31.290+00:00,3.4374561305819356,12.858651313374208,25.58879353054043,False,False,False,NORMAL,False
N4,post_hoc_diagnostic_not_final_v2_validation,1485,1541.001729,2026-06-28T19:26:32.282+00:00,3.4166375433126497,12.858651313374208,25.58879353054043,False,False,False,NORMAL,False
N4,post_hoc_diagnostic_not_final_v2_validation,1486,1542.002274,2026-06-28T19:26:33.285+00:00,2.946978268767274,12.858651313374208,25.58879353054043,False,False,False,NORMAL,False
N4,post_hoc_diagnostic_not_final_v2_validation,1487,1543.008731,2026-06-28T19:26:34.291+00:00,2.2891239291257057,12.858651313374208,25.58879353054043,False,False,False,NORMAL,False
N4,post_hoc_diagnostic_not_final_v2_validation,1488,1544.004752,2026-06-28T19:26:35.285+00:00,0.7953825358736968,12.858651313374208,25.58879353054043,False,False,False,NORMAL,False
N4,post_hoc_diagnostic_not_final_v2_validation,1489,1545.002549,2026-06-28T19:26:36.283+00:00,0.6027987156310007,12.858651313374208,25.58879353054043,False,False,False,NORMAL,False
N4,post_hoc_diagnostic_not_final_v2_validation,1490,1546.003624,2026-06-28T19:26:37.284+00:00,0.6805696921740945,12.858651313374208,25.58879353054043,False,False,False,NORMAL,False
N4,post_hoc_diagnostic_not_final_v2_validation,1491,1547.00233,2026-06-28T19:26:38.283+00:00,0.7077469830981566,12.858651313374208,25.58879353054043,False,False,False,NORMAL,False
N4,post_hoc_diagnostic_not_final_v2_validation,1492,1548.002223,2026-06-28T19:26:39.282+00:00,0.9517650270140998,12.858651313374208,25.58879353054043,False,False,False,NORMAL,False
N4,post_hoc_diagnostic_not_final_v2_validation,1493,1549.004176,2026-06-28T19:26:40.284+00:00,1.078542287441868,12.858651313374208,25.58879353054043,False,False,False,NORMAL,False
N4,post_hoc_diagnostic_not_final_v2_validation,1494,1550.005914,2026-06-28T19:26:41.287+00:00,1.452341076450375,12.858651313374208,25.58879353054043,False,False,False,NORMAL,False
N4,post_hoc_diagnostic_not_final_v2_validation,1495,1551.003266,2026-06-28T19:26:42.283+00:00,1.9685070644665368,12.858651313374208,25.58879353054043,False,False,False,NORMAL,False
N4,post_hoc_diagnostic_not_final_v2_validation,1496,1552.005892,2026-06-28T19:26:43.287+00:00,2.889032837611868,12.858651313374208,25.58879353054043,False,False,False,NORMAL,False
N4,post_hoc_diagnostic_not_final_v2_validation,1497,1553.002592,2026-06-28T19:26:44.282+00:00,5.1480287596153955,12.858651313374208,25.58879353054043,False,False,False,NORMAL,False
N4,post_hoc_diagnostic_not_final_v2_validation,1498,1554.004049,2026-06-28T19:26:45.285+00:00,7.82453222370717,12.858651313374208,25.58879353054043,False,False,False,NORMAL,False
N4,post_hoc_diagnostic_not_final_v2_validation,1499,1555.004648,2026-06-28T19:26:46.286+00:00,10.800351931395184,12.858651313374208,25.58879353054043,False,False,False,NORMAL,False
N4,post_hoc_diagnostic_not_final_v2_validation,1500,1556.002566,2026-06-28T19:26:47.283+00:00,13.806257116416266,12.858651313374208,25.58879353054043,True,False,False,SUSPICIOUS,False
N4,post_hoc_diagnostic_not_final_v2_validation,1501,1557.010548,2026-06-28T19:26:48.292+00:00,15.62430832700538,12.858651313374208,25.58879353054043,True,False,False,SUSPICIOUS,False
N4,post_hoc_diagnostic_not_final_v2_validation,1502,1558.002396,2026-06-28T19:26:49.283+00:00,17.2529438919196,12.858651313374208,25.58879353054043,True,False,False,SUSPICIOUS,False
N4,post_hoc_diagnostic_not_final_v2_validation,1503,1559.004225,2026-06-28T19:26:50.285+00:00,18.786525061865223,12.858651313374208,25.58879353054043,True,False,False,SUSPICIOUS,False
N4,post_hoc_diagnostic_not_final_v2_validation,1504,1560.002218,2026-06-28T19:26:51.284+00:00,14.195080952968611,12.858651313374208,25.58879353054043,True,False,False,SUSPICIOUS,False
N4,post_hoc_diagnostic_not_final_v2_validation,1505,1561.003366,2026-06-28T19:26:52.284+00:00,10.866673836900157,12.858651313374208,25.58879353054043,False,False,False,NORMAL,False
N4,post_hoc_diagnostic_not_final_v2_validation,1506,1562.005274,2026-06-28T19:26:53.286+00:00,8.818237300571997,12.858651313374208,25.58879353054043,False,False,False,NORMAL,False
N4,post_hoc_diagnostic_not_final_v2_validation,1507,1563.002939,2026-06-28T19:26:54.284+00:00,7.985745336212679,12.858651313374208,25.58879353054043,False,False,False,NORMAL,False
N4,post_hoc_diagnostic_not_final_v2_validation,1508,1564.003516,2026-06-28T19:26:55.285+00:00,7.712862497731345,12.858651313374208,25.58879353054043,False,False,False,NORMAL,False
N4,post_hoc_diagnostic_not_final_v2_validation,1509,1565.002539,2026-06-28T19:26:56.283+00:00,7.600873939702643,12.858651313374208,25.58879353054043,False,False,False,NORMAL,False
N4,post_hoc_diagnostic_not_final_v2_validation,1510,1566.004471,2026-06-28T19:26:57.286+00:00,7.502158804871526,12.858651313374208,25.58879353054043,False,False,False,NORMAL,False
N4,post_hoc_diagnostic_not_final_v2_validation,1511,1567.001764,2026-06-28T19:26:58.282+00:00,7.476070206477399,12.858651313374208,25.58879353054043,False,False,False,NORMAL,False
N4,post_hoc_diagnostic_not_final_v2_validation,1512,1568.002781,2026-06-28T19:26:59.287+00:00,7.652513781077496,12.858651313374208,25.58879353054043,False,False,False,NORMAL,False
N4,post_hoc_diagnostic_not_final_v2_validation,1513,1569.007525,2026-06-28T19:27:00.288+00:00,7.231122712007066,12.858651313374208,25.58879353054043,False,False,False,NORMAL,False
N4,post_hoc_diagnostic_not_final_v2_validation,1514,1570.002851,2026-06-28T19:27:01.283+00:00,6.7136184652977136,12.858651313374208,25.58879353054043,False,False,False,NORMAL,False
N4,post_hoc_diagnostic_not_final_v2_validation,1515,1571.004976,2026-06-28T19:27:02.287+00:00,6.0087093228578174,12.858651313374208,25.58879353054043,False,False,False,NORMAL,False
N4,post_hoc_diagnostic_not_final_v2_validation,1516,1572.001917,2026-06-28T19:27:03.282+00:00,5.252199126820888,12.858651313374208,25.58879353054043,False,False,False,NORMAL,False
N4,post_hoc_diagnostic_not_final_v2_validation,1517,1573.011554,2026-06-28T19:27:04.298+00:00,4.695339559072522,12.858651313374208,25.58879353054043,False,False,False,NORMAL,False
N4,post_hoc_diagnostic_not_final_v2_validation,1518,1574.002179,2026-06-28T19:27:05.282+00:00,4.1792665750787155,12.858651313374208,25.58879353054043,False,False,False,NORMAL,False
N4,post_hoc_diagnostic_not_final_v2_validation,1519,1575.003247,2026-06-28T19:27:06.283+00:00,3.776830641103955,12.858651313374208,25.58879353054043,False,False,False,NORMAL,False
N4,post_hoc_diagnostic_not_final_v2_validation,1520,1576.003291,2026-06-28T19:27:07.284+00:00,2.7886759257320537,12.858651313374208,25.58879353054043,False,False,False,NORMAL,False
N4,post_hoc_diagnostic_not_final_v2_validation,1521,1577.008488,2026-06-28T19:27:08.291+00:00,1.9128039994883987,12.858651313374208,25.58879353054043,False,False,False,NORMAL,False
N4,post_hoc_diagnostic_not_final_v2_validation,1522,1578.003855,2026-06-28T19:27:09.285+00:00,1.6393099092015722,12.858651313374208,25.58879353054043,False,False,False,NORMAL,False
N4,post_hoc_diagnostic_not_final_v2_validation,1523,1579.001651,2026-06-28T19:27:10.282+00:00,1.6537074801977063,12.858651313374208,25.58879353054043,False,False,False,NORMAL,False
N4,post_hoc_diagnostic_not_final_v2_validation,1524,1580.002747,2026-06-28T19:27:11.283+00:00,1.8069815907157987,12.858651313374208,25.58879353054043,False,False,False,NORMAL,False
N4,post_hoc_diagnostic_not_final_v2_validation,1525,1581.006596,2026-06-28T19:27:12.288+00:00,1.722109319173481,12.858651313374208,25.58879353054043,False,False,False,NORMAL,False
N4,post_hoc_diagnostic_not_final_v2_validation,1526,1582.001876,2026-06-28T19:27:13.282+00:00,1.6534579681671326,12.858651313374208,25.58879353054043,False,False,False,NORMAL,False
N4,post_hoc_diagnostic_not_final_v2_validation,1527,1583.008846,2026-06-28T19:27:14.291+00:00,2.5369787404887276,12.858651313374208,25.58879353054043,False,False,False,NORMAL,False
N4,post_hoc_diagnostic_not_final_v2_validation,1528,1584.00652,2026-06-28T19:27:15.289+00:00,4.727579383721938,12.858651313374208,25.58879353054043,False,False,False,NORMAL,False
N4,post_hoc_diagnostic_not_final_v2_validation,1529,1585.00174,2026-06-28T19:27:16.282+00:00,5.2110044867279335,12.858651313374208,25.58879353054043,False,False,False,NORMAL,False
N4,post_hoc_diagnostic_not_final_v2_validation,1530,1586.002854,2026-06-28T19:27:17.283+00:00,3.3198901693272163,12.858651313374208,25.58879353054043,False,False,False,NORMAL,False
N4,post_hoc_diagnostic_not_final_v2_validation,1531,1587.001689,2026-06-28T19:27:18.283+00:00,2.027751487259457,12.858651313374208,25.58879353054043,False,False,False,NORMAL,False
N4,post_hoc_diagnostic_not_final_v2_validation,1532,1588.003513,2026-06-28T19:27:19.284+00:00,0.9802846724043603,12.858651313374208,25.58879353054043,False,False,False,NORMAL,False
N4,post_hoc_diagnostic_not_final_v2_validation,1533,1589.009273,2026-06-28T19:27:20.292+00:00,0.5211150088770309,12.858651313374208,25.58879353054043,False,False,False,NORMAL,False
N4,post_hoc_diagnostic_not_final_v2_validation,1534,1590.001865,2026-06-28T19:27:21.282+00:00,0.33149755322057195,12.858651313374208,25.58879353054043,False,False,False,NORMAL,False
N4,post_hoc_diagnostic_not_final_v2_validation,1535,1591.002634,2026-06-28T19:27:22.283+00:00,0.7081447330073166,12.858651313374208,25.58879353054043,False,False,False,NORMAL,False
N4,post_hoc_diagnostic_not_final_v2_validation,1536,1592.002191,2026-06-28T19:27:23.282+00:00,1.9953153618046926,12.858651313374208,25.58879353054043,False,False,False,NORMAL,False
N4,post_hoc_diagnostic_not_final_v2_validation,1537,1593.006984,2026-06-28T19:27:24.288+00:00,3.80456606167869,12.858651313374208,25.58879353054043,False,False,False,NORMAL,False
N4,post_hoc_diagnostic_not_final_v2_validation,1538,1594.004296,2026-06-28T19:27:25.287+00:00,5.715211323034101,12.858651313374208,25.58879353054043,False,False,False,NORMAL,False
N4,post_hoc_diagnostic_not_final_v2_validation,1539,1595.004836,2026-06-28T19:27:26.287+00:00,4.880326061059588,12.858651313374208,25.58879353054043,False,False,False,NORMAL,False
N4,post_hoc_diagnostic_not_final_v2_validation,1540,1596.003941,2026-06-28T19:27:27.285+00:00,4.426467318511925,12.858651313374208,25.58879353054043,False,False,False,NORMAL,False
N4,post_hoc_diagnostic_not_final_v2_validation,1541,1597.003837,2026-06-28T19:27:28.284+00:00,4.033301896144493,12.858651313374208,25.58879353054043,False,False,False,NORMAL,False
N4,post_hoc_diagnostic_not_final_v2_validation,1542,1598.003597,2026-06-28T19:27:29.284+00:00,2.5356475965054113,12.858651313374208,25.58879353054043,False,False,False,NORMAL,False
N4,post_hoc_diagnostic_not_final_v2_validation,1543,1599.002834,2026-06-28T19:27:30.283+00:00,1.5200658652792312,12.858651313374208,25.58879353054043,False,False,False,NORMAL,False
N4,post_hoc_diagnostic_not_final_v2_validation,1544,1600.017511,2026-06-28T19:27:31.299+00:00,1.4040178567447095,12.858651313374208,25.58879353054043,False,False,False,NORMAL,False
N4,post_hoc_diagnostic_not_final_v2_validation,1545,1601.002885,2026-06-28T19:27:32.284+00:00,1.623531240021597,12.858651313374208,25.58879353054043,False,False,False,NORMAL,False
N4,post_hoc_diagnostic_not_final_v2_validation,1546,1602.006759,2026-06-28T19:27:33.288+00:00,1.9906872011933934,12.858651313374208,25.58879353054043,False,False,False,NORMAL,False
N4,post_hoc_diagnostic_not_final_v2_validation,1547,1603.006911,2026-06-28T19:27:34.287+00:00,1.3169329766361701,12.858651313374208,25.58879353054043,False,False,False,NORMAL,False
N4,post_hoc_diagnostic_not_final_v2_validation,1548,1604.002194,2026-06-28T19:27:35.283+00:00,1.1515016504519946,12.858651313374208,25.58879353054043,False,False,False,NORMAL,False
N4,post_hoc_diagnostic_not_final_v2_validation,1549,1605.005473,2026-06-28T19:27:36.287+00:00,1.0135068570719563,12.858651313374208,25.58879353054043,False,False,False,NORMAL,False
N4,post_hoc_diagnostic_not_final_v2_validation,1550,1606.006456,2026-06-28T19:27:37.287+00:00,0.6973363083369519,12.858651313374208,25.58879353054043,False,False,False,NORMAL,False
N4,post_hoc_diagnostic_not_final_v2_validation,1551,1607.003846,2026-06-28T19:27:38.285+00:00,0.8132462235554818,12.858651313374208,25.58879353054043,False,False,False,NORMAL,False
N4,post_hoc_diagnostic_not_final_v2_validation,1552,1608.003846,2026-06-28T19:27:39.285+00:00,1.2965882970020672,12.858651313374208,25.58879353054043,False,False,False,NORMAL,False
N4,post_hoc_diagnostic_not_final_v2_validation,1553,1609.004141,2026-06-28T19:27:40.286+00:00,1.9248921876961083,12.858651313374208,25.58879353054043,False,False,False,NORMAL,False
N4,post_hoc_diagnostic_not_final_v2_validation,1554,1610.003311,2026-06-28T19:27:41.284+00:00,2.5690260254138035,12.858651313374208,25.58879353054043,False,False,False,NORMAL,False
N4,post_hoc_diagnostic_not_final_v2_validation,1555,1611.013765,2026-06-28T19:27:42.294+00:00,3.2155354841054287,12.858651313374208,25.58879353054043,False,False,False,NORMAL,False
N4,post_hoc_diagnostic_not_final_v2_validation,1556,1612.004545,2026-06-28T19:27:43.286+00:00,2.2218404607274636,12.858651313374208,25.58879353054043,False,False,False,NORMAL,False
N4,post_hoc_diagnostic_not_final_v2_validation,1557,1613.003112,2026-06-28T19:27:44.284+00:00,1.1160134660754402,12.858651313374208,25.58879353054043,False,False,False,NORMAL,False
N4,post_hoc_diagnostic_not_final_v2_validation,1558,1614.001547,2026-06-28T19:27:45.282+00:00,0.6541982082945739,12.858651313374208,25.58879353054043,False,False,False,NORMAL,False
N4,post_hoc_diagnostic_not_final_v2_validation,1559,1615.006716,2026-06-28T19:27:46.288+00:00,1.0573366454716129,12.858651313374208,25.58879353054043,False,False,False,NORMAL,False
N4,post_hoc_diagnostic_not_final_v2_validation,1560,1616.003971,2026-06-28T19:27:47.285+00:00,1.7693465957504735,12.858651313374208,25.58879353054043,False,False,False,NORMAL,False
N4,post_hoc_diagnostic_not_final_v2_validation,1561,1617.006569,2026-06-28T19:27:48.288+00:00,2.34206279474647,12.858651313374208,25.58879353054043,False,False,False,NORMAL,False
N4,post_hoc_diagnostic_not_final_v2_validation,1562,1618.002271,2026-06-28T19:27:49.283+00:00,4.035515177317421,12.858651313374208,25.58879353054043,False,False,False,NORMAL,False
N4,post_hoc_diagnostic_not_final_v2_validation,1563,1619.005367,2026-06-28T19:27:50.286+00:00,6.478563263673596,12.858651313374208,25.58879353054043,False,False,False,NORMAL,False
N4,post_hoc_diagnostic_not_final_v2_validation,1564,1620.001589,2026-06-28T19:27:51.282+00:00,8.237862707214815,12.858651313374208,25.58879353054043,False,False,False,NORMAL,False
N4,post_hoc_diagnostic_not_final_v2_validation,1565,1621.002992,2026-06-28T19:27:52.283+00:00,9.82135247909988,12.858651313374208,25.58879353054043,False,False,False,NORMAL,False
N4,post_hoc_diagnostic_not_final_v2_validation,1566,1622.004628,2026-06-28T19:27:53.287+00:00,11.864711405698566,12.858651313374208,25.58879353054043,False,False,False,NORMAL,False
N4,post_hoc_diagnostic_not_final_v2_validation,1567,1623.003926,2026-06-28T19:27:54.285+00:00,14.371191268941097,12.858651313374208,25.58879353054043,True,False,False,SUSPICIOUS,False
N4,post_hoc_diagnostic_not_final_v2_validation,1568,1624.001927,2026-06-28T19:27:55.282+00:00,16.76694644977758,12.858651313374208,25.58879353054043,True,False,False,SUSPICIOUS,False
N4,post_hoc_diagnostic_not_final_v2_validation,1569,1625.00391,2026-06-28T19:27:56.284+00:00,13.389233796139434,12.858651313374208,25.58879353054043,True,False,False,SUSPICIOUS,False
N4,post_hoc_diagnostic_not_final_v2_validation,1570,1626.002455,2026-06-28T19:27:57.284+00:00,10.515926886018542,12.858651313374208,25.58879353054043,False,False,False,NORMAL,False
N4,post_hoc_diagnostic_not_final_v2_validation,1571,1627.003479,2026-06-28T19:27:58.284+00:00,8.934950015521041,12.858651313374208,25.58879353054043,False,False,False,NORMAL,False
N4,post_hoc_diagnostic_not_final_v2_validation,1572,1628.004038,2026-06-28T19:27:59.287+00:00,7.26931740281238,12.858651313374208,25.58879353054043,False,False,False,NORMAL,False
N4,post_hoc_diagnostic_not_final_v2_validation,1573,1629.00451,2026-06-28T19:28:00.286+00:00,5.410930983887927,12.858651313374208,25.58879353054043,False,False,False,NORMAL,False
N4,post_hoc_diagnostic_not_final_v2_validation,1574,1630.004841,2026-06-28T19:28:01.286+00:00,3.121001410653758,12.858651313374208,25.58879353054043,False,False,False,NORMAL,False
N4,post_hoc_diagnostic_not_final_v2_validation,1575,1631.002196,2026-06-28T19:28:02.283+00:00,2.167974699687061,12.858651313374208,25.58879353054043,False,False,False,NORMAL,False
N4,post_hoc_diagnostic_not_final_v2_validation,1576,1632.001991,2026-06-28T19:28:03.283+00:00,1.9831295550261236,12.858651313374208,25.58879353054043,False,False,False,NORMAL,False
N4,post_hoc_diagnostic_not_final_v2_validation,1577,1633.004275,2026-06-28T19:28:04.286+00:00,2.24685655128115,12.858651313374208,25.58879353054043,False,False,False,NORMAL,False
N4,post_hoc_diagnostic_not_final_v2_validation,1578,1634.002619,2026-06-28T19:28:05.284+00:00,2.630527769672707,12.858651313374208,25.58879353054043,False,False,False,NORMAL,False
N4,post_hoc_diagnostic_not_final_v2_validation,1579,1635.003259,2026-06-28T19:28:06.284+00:00,3.006765126449738,12.858651313374208,25.58879353054043,False,False,False,NORMAL,False
N4,post_hoc_diagnostic_not_final_v2_validation,1580,1636.003763,2026-06-28T19:28:07.284+00:00,2.67229932572344,12.858651313374208,25.58879353054043,False,False,False,NORMAL,False
N4,post_hoc_diagnostic_not_final_v2_validation,1581,1637.004942,2026-06-28T19:28:08.287+00:00,1.795120307094967,12.858651313374208,25.58879353054043,False,False,False,NORMAL,False
N4,post_hoc_diagnostic_not_final_v2_validation,1582,1638.006152,2026-06-28T19:28:09.290+00:00,0.8816865233714517,12.858651313374208,25.58879353054043,False,False,False,NORMAL,False
N4,post_hoc_diagnostic_not_final_v2_validation,1583,1639.002912,2026-06-28T19:28:10.285+00:00,0.8232681647446265,12.858651313374208,25.58879353054043,False,False,False,NORMAL,False
N4,post_hoc_diagnostic_not_final_v2_validation,1584,1640.007556,2026-06-28T19:28:11.291+00:00,1.175315466633231,12.858651313374208,25.58879353054043,False,False,False,NORMAL,False
N4,post_hoc_diagnostic_not_final_v2_validation,1585,1641.003791,2026-06-28T19:28:12.285+00:00,1.7370392632901526,12.858651313374208,25.58879353054043,False,False,False,NORMAL,False
N4,post_hoc_diagnostic_not_final_v2_validation,1586,1642.001978,2026-06-28T19:28:13.282+00:00,2.4131467811274128,12.858651313374208,25.58879353054043,False,False,False,NORMAL,False
N4,post_hoc_diagnostic_not_final_v2_validation,1587,1643.003863,2026-06-28T19:28:14.285+00:00,2.055909931485436,12.858651313374208,25.58879353054043,False,False,False,NORMAL,False
N4,post_hoc_diagnostic_not_final_v2_validation,1588,1644.00197,2026-06-28T19:28:15.282+00:00,1.0870836790814313,12.858651313374208,25.58879353054043,False,False,False,NORMAL,False
N4,post_hoc_diagnostic_not_final_v2_validation,1589,1645.004838,2026-06-28T19:28:16.286+00:00,0.602444568311477,12.858651313374208,25.58879353054043,False,False,False,NORMAL,False
N4,post_hoc_diagnostic_not_final_v2_validation,1590,1646.002255,2026-06-28T19:28:17.283+00:00,0.4917689371797487,12.858651313374208,25.58879353054043,False,False,False,NORMAL,False
N4,post_hoc_diagnostic_not_final_v2_validation,1591,1647.002171,2026-06-28T19:28:18.284+00:00,0.6932383008000348,12.858651313374208,25.58879353054043,False,False,False,NORMAL,False
N4,post_hoc_diagnostic_not_final_v2_validation,1592,1648.002506,2026-06-28T19:28:19.283+00:00,1.5675125081378336,12.858651313374208,25.58879353054043,False,False,False,NORMAL,False
N4,post_hoc_diagnostic_not_final_v2_validation,1593,1649.002479,2026-06-28T19:28:20.284+00:00,2.1413228227764747,12.858651313374208,25.58879353054043,False,False,False,NORMAL,False
N4,post_hoc_diagnostic_not_final_v2_validation,1594,1650.003314,2026-06-28T19:28:21.286+00:00,2.8053642520914224,12.858651313374208,25.58879353054043,False,False,False,NORMAL,False
N4,post_hoc_diagnostic_not_final_v2_validation,1595,1651.003394,2026-06-28T19:28:22.284+00:00,2.4577121857562867,12.858651313374208,25.58879353054043,False,False,False,NORMAL,False
N4,post_hoc_diagnostic_not_final_v2_validation,1596,1652.004922,2026-06-28T19:28:23.286+00:00,1.5427610682457962,12.858651313374208,25.58879353054043,False,False,False,NORMAL,False
N4,post_hoc_diagnostic_not_final_v2_validation,1597,1653.002461,2026-06-28T19:28:24.283+00:00,1.221790954011881,12.858651313374208,25.58879353054043,False,False,False,NORMAL,False
N4,post_hoc_diagnostic_not_final_v2_validation,1598,1654.001877,2026-06-28T19:28:25.282+00:00,0.9054938598813055,12.858651313374208,25.58879353054043,False,False,False,NORMAL,False
N4,post_hoc_diagnostic_not_final_v2_validation,1599,1655.00167,2026-06-28T19:28:26.282+00:00,1.0919578070503613,12.858651313374208,25.58879353054043,False,False,False,NORMAL,False
N4,post_hoc_diagnostic_not_final_v2_validation,1600,1656.002533,2026-06-28T19:28:27.283+00:00,2.192477037135504,12.858651313374208,25.58879353054043,False,False,False,NORMAL,False
N4,post_hoc_diagnostic_not_final_v2_validation,1601,1657.003464,2026-06-28T19:28:28.284+00:00,1.9896773840392372,12.858651313374208,25.58879353054043,False,False,False,NORMAL,False
N4,post_hoc_diagnostic_not_final_v2_validation,1602,1658.001712,2026-06-28T19:28:29.282+00:00,1.1271599522560174,12.858651313374208,25.58879353054043,False,False,False,NORMAL,False
N4,post_hoc_diagnostic_not_final_v2_validation,1603,1659.001742,2026-06-28T19:28:30.283+00:00,0.39616945866364117,12.858651313374208,25.58879353054043,False,False,False,NORMAL,False
N4,post_hoc_diagnostic_not_final_v2_validation,1604,1660.00516,2026-06-28T19:28:31.286+00:00,0.45125101557090747,12.858651313374208,25.58879353054043,False,False,False,NORMAL,False
N4,post_hoc_diagnostic_not_final_v2_validation,1605,1661.007633,2026-06-28T19:28:32.290+00:00,0.9229526499844838,12.858651313374208,25.58879353054043,False,False,False,NORMAL,False
N4,post_hoc_diagnostic_not_final_v2_validation,1606,1662.006222,2026-06-28T19:28:33.288+00:00,2.06627233067532,12.858651313374208,25.58879353054043,False,False,False,NORMAL,False
N4,post_hoc_diagnostic_not_final_v2_validation,1607,1663.007979,2026-06-28T19:28:34.288+00:00,3.7120913511530693,12.858651313374208,25.58879353054043,False,False,False,NORMAL,False
N4,post_hoc_diagnostic_not_final_v2_validation,1608,1664.011539,2026-06-28T19:28:35.295+00:00,6.788928087703788,12.858651313374208,25.58879353054043,False,False,False,NORMAL,False
N4,post_hoc_diagnostic_not_final_v2_validation,1609,1665.005197,2026-06-28T19:28:36.287+00:00,8.587449483936851,12.858651313374208,25.58879353054043,False,False,False,NORMAL,False
N4,post_hoc_diagnostic_not_final_v2_validation,1610,1666.002533,2026-06-28T19:28:37.283+00:00,9.244529801882784,12.858651313374208,25.58879353054043,False,False,False,NORMAL,False
N4,post_hoc_diagnostic_not_final_v2_validation,1611,1667.002286,2026-06-28T19:28:38.283+00:00,8.978593764005161,12.858651313374208,25.58879353054043,False,False,False,NORMAL,False
N4,post_hoc_diagnostic_not_final_v2_validation,1612,1668.002437,2026-06-28T19:28:39.283+00:00,9.402206558273207,12.858651313374208,25.58879353054043,False,False,False,NORMAL,False
N4,post_hoc_diagnostic_not_final_v2_validation,1613,1669.001894,2026-06-28T19:28:40.282+00:00,8.021349882848067,12.858651313374208,25.58879353054043,False,False,False,NORMAL,False
N4,post_hoc_diagnostic_not_final_v2_validation,1614,1670.006165,2026-06-28T19:28:41.287+00:00,6.588623697122289,12.858651313374208,25.58879353054043,False,False,False,NORMAL,False
N4,post_hoc_diagnostic_not_final_v2_validation,1615,1671.001745,2026-06-28T19:28:42.282+00:00,5.355610761593372,12.858651313374208,25.58879353054043,False,False,False,NORMAL,False
N4,post_hoc_diagnostic_not_final_v2_validation,1616,1672.014502,2026-06-28T19:28:43.294+00:00,4.517171043541323,12.858651313374208,25.58879353054043,False,False,False,NORMAL,False
N4,post_hoc_diagnostic_not_final_v2_validation,1617,1673.005945,2026-06-28T19:28:44.288+00:00,3.179154156370809,12.858651313374208,25.58879353054043,False,False,False,NORMAL,False
N4,post_hoc_diagnostic_not_final_v2_validation,1618,1674.004936,2026-06-28T19:28:45.287+00:00,1.927385678203127,12.858651313374208,25.58879353054043,False,False,False,NORMAL,False
N4,post_hoc_diagnostic_not_final_v2_validation,1619,1675.002688,2026-06-28T19:28:46.283+00:00,1.2049477681193874,12.858651313374208,25.58879353054043,False,False,False,NORMAL,False
N4,post_hoc_diagnostic_not_final_v2_validation,1620,1676.002512,2026-06-28T19:28:47.283+00:00,0.7274877092833456,12.858651313374208,25.58879353054043,False,False,False,NORMAL,False
N4,post_hoc_diagnostic_not_final_v2_validation,1621,1677.00387,2026-06-28T19:28:48.286+00:00,0.42772116361424106,12.858651313374208,25.58879353054043,False,False,False,NORMAL,False
N4,post_hoc_diagnostic_not_final_v2_validation,1622,1678.00459,2026-06-28T19:28:49.284+00:00,0.2749363865944349,12.858651313374208,25.58879353054043,False,False,False,NORMAL,False
N4,post_hoc_diagnostic_not_final_v2_validation,1623,1679.001919,2026-06-28T19:28:50.283+00:00,0.25023247445829816,12.858651313374208,25.58879353054043,False,False,False,NORMAL,False
N4,post_hoc_diagnostic_not_final_v2_validation,1624,1680.006459,2026-06-28T19:28:51.290+00:00,0.5677430379667979,12.858651313374208,25.58879353054043,False,False,False,NORMAL,False
N4,post_hoc_diagnostic_not_final_v2_validation,1625,1681.0072,2026-06-28T19:28:52.289+00:00,1.5935774004446233,12.858651313374208,25.58879353054043,False,False,False,NORMAL,False
N4,post_hoc_diagnostic_not_final_v2_validation,1626,1682.003878,2026-06-28T19:28:53.284+00:00,3.1080035664917567,12.858651313374208,25.58879353054043,False,False,False,NORMAL,False
N4,post_hoc_diagnostic_not_final_v2_validation,1627,1683.002633,2026-06-28T19:28:54.284+00:00,5.793755349198391,12.858651313374208,25.58879353054043,False,False,False,NORMAL,False
N4,post_hoc_diagnostic_not_final_v2_validation,1628,1684.001515,2026-06-28T19:28:55.282+00:00,8.653800311128345,12.858651313374208,25.58879353054043,False,False,False,NORMAL,False
N4,post_hoc_diagnostic_not_final_v2_validation,1629,1685.002411,2026-06-28T19:28:56.283+00:00,10.107438254967146,12.858651313374208,25.58879353054043,False,False,False,NORMAL,False
N4,post_hoc_diagnostic_not_final_v2_validation,1630,1686.00589,2026-06-28T19:28:57.288+00:00,12.716969967065808,12.858651313374208,25.58879353054043,False,False,False,NORMAL,False
N4,post_hoc_diagnostic_not_final_v2_validation,1631,1687.00613,2026-06-28T19:28:58.287+00:00,13.23427027938606,12.858651313374208,25.58879353054043,True,False,False,SUSPICIOUS,False
N4,post_hoc_diagnostic_not_final_v2_validation,1632,1688.005083,2026-06-28T19:28:59.285+00:00,13.384659353800073,12.858651313374208,25.58879353054043,True,False,False,SUSPICIOUS,False
N4,post_hoc_diagnostic_not_final_v2_validation,1633,1689.00423,2026-06-28T19:29:00.285+00:00,13.005375747518785,12.858651313374208,25.58879353054043,True,False,False,SUSPICIOUS,False
N4,post_hoc_diagnostic_not_final_v2_validation,1634,1690.001714,2026-06-28T19:29:01.282+00:00,9.770717616422441,12.858651313374208,25.58879353054043,False,False,False,NORMAL,False
N4,post_hoc_diagnostic_not_final_v2_validation,1635,1691.00349,2026-06-28T19:29:02.285+00:00,6.699423161945216,12.858651313374208,25.58879353054043,False,False,False,NORMAL,False
N4,post_hoc_diagnostic_not_final_v2_validation,1636,1692.004802,2026-06-28T19:29:03.286+00:00,4.706054205015058,12.858651313374208,25.58879353054043,False,False,False,NORMAL,False
N4,post_hoc_diagnostic_not_final_v2_validation,1637,1693.005963,2026-06-28T19:29:04.287+00:00,3.4130540244365264,12.858651313374208,25.58879353054043,False,False,False,NORMAL,False
N4,post_hoc_diagnostic_not_final_v2_validation,1638,1694.004531,2026-06-28T19:29:05.285+00:00,2.0437099011203808,12.858651313374208,25.58879353054043,False,False,False,NORMAL,False
N4,post_hoc_diagnostic_not_final_v2_validation,1639,1695.003886,2026-06-28T19:29:06.284+00:00,1.443157884721011,12.858651313374208,25.58879353054043,False,False,False,NORMAL,False
N4,post_hoc_diagnostic_not_final_v2_validation,1640,1696.001787,2026-06-28T19:29:07.283+00:00,1.1876544712501926,12.858651313374208,25.58879353054043,False,False,False,NORMAL,False
N4,post_hoc_diagnostic_not_final_v2_validation,1641,1697.003108,2026-06-28T19:29:08.284+00:00,2.051718313742251,12.858651313374208,25.58879353054043,False,False,False,NORMAL,False
N4,post_hoc_diagnostic_not_final_v2_validation,1642,1698.005277,2026-06-28T19:29:09.286+00:00,3.397064058402451,12.858651313374208,25.58879353054043,False,False,False,NORMAL,False
N4,post_hoc_diagnostic_not_final_v2_validation,1643,1699.001717,2026-06-28T19:29:10.282+00:00,2.719707684667421,12.858651313374208,25.58879353054043,False,False,False,NORMAL,False
N4,post_hoc_diagnostic_not_final_v2_validation,1644,1700.005159,2026-06-28T19:29:11.287+00:00,2.3210976714945195,12.858651313374208,25.58879353054043,False,False,False,NORMAL,False
N4,post_hoc_diagnostic_not_final_v2_validation,1645,1701.003246,2026-06-28T19:29:12.284+00:00,2.0209190756805215,12.858651313374208,25.58879353054043,False,False,False,NORMAL,False
N4,post_hoc_diagnostic_not_final_v2_validation,1646,1702.002633,2026-06-28T19:29:13.283+00:00,1.7725292546308111,12.858651313374208,25.58879353054043,False,False,False,NORMAL,False
N4,post_hoc_diagnostic_not_final_v2_validation,1647,1703.004782,2026-06-28T19:29:14.286+00:00,0.9443482420145868,12.858651313374208,25.58879353054043,False,False,False,NORMAL,False
N4,post_hoc_diagnostic_not_final_v2_validation,1648,1704.003972,2026-06-28T19:29:15.285+00:00,0.3516525443471454,12.858651313374208,25.58879353054043,False,False,False,NORMAL,False
N4,post_hoc_diagnostic_not_final_v2_validation,1649,1705.001799,2026-06-28T19:29:16.282+00:00,0.4638306028572132,12.858651313374208,25.58879353054043,False,False,False,NORMAL,False
N4,post_hoc_diagnostic_not_final_v2_validation,1650,1706.005643,2026-06-28T19:29:17.288+00:00,0.9365277436468469,12.858651313374208,25.58879353054043,False,False,False,NORMAL,False
N4,post_hoc_diagnostic_not_final_v2_validation,1651,1707.002291,2026-06-28T19:29:18.283+00:00,0.5353315075780626,12.858651313374208,25.58879353054043,False,False,False,NORMAL,False
N4,post_hoc_diagnostic_not_final_v2_validation,1652,1708.002648,2026-06-28T19:29:19.283+00:00,0.3184784258863269,12.858651313374208,25.58879353054043,False,False,False,NORMAL,False
N4,post_hoc_diagnostic_not_final_v2_validation,1653,1709.008677,2026-06-28T19:29:20.289+00:00,0.21939064763072624,12.858651313374208,25.58879353054043,False,False,False,NORMAL,False
N4,post_hoc_diagnostic_not_final_v2_validation,1654,1710.002184,2026-06-28T19:29:21.283+00:00,0.10264448696998074,12.858651313374208,25.58879353054043,False,False,False,NORMAL,False
N4,post_hoc_diagnostic_not_final_v2_validation,1655,1711.003714,2026-06-28T19:29:22.285+00:00,0.23417407935355022,12.858651313374208,25.58879353054043,False,False,False,NORMAL,False
N4,post_hoc_diagnostic_not_final_v2_validation,1656,1712.006157,2026-06-28T19:29:23.287+00:00,1.2205629180930355,12.858651313374208,25.58879353054043,False,False,False,NORMAL,False
N4,post_hoc_diagnostic_not_final_v2_validation,1657,1713.00485,2026-06-28T19:29:24.287+00:00,2.675886403345004,12.858651313374208,25.58879353054043,False,False,False,NORMAL,False
N4,post_hoc_diagnostic_not_final_v2_validation,1658,1714.003564,2026-06-28T19:29:25.284+00:00,4.255888115240394,12.858651313374208,25.58879353054043,False,False,False,NORMAL,False
N4,post_hoc_diagnostic_not_final_v2_validation,1659,1715.002139,2026-06-28T19:29:26.283+00:00,5.779149252011678,12.858651313374208,25.58879353054043,False,False,False,NORMAL,False
N4,post_hoc_diagnostic_not_final_v2_validation,1660,1716.002653,2026-06-28T19:29:27.284+00:00,4.7525067895758575,12.858651313374208,25.58879353054043,False,False,False,NORMAL,False
N4,post_hoc_diagnostic_not_final_v2_validation,1661,1717.00295,2026-06-28T19:29:28.284+00:00,4.082569841577648,12.858651313374208,25.58879353054043,False,False,False,NORMAL,False
N4,post_hoc_diagnostic_not_final_v2_validation,1662,1718.003301,2026-06-28T19:29:29.285+00:00,2.198821505528864,12.858651313374208,25.58879353054043,False,False,False,NORMAL,False
N4,post_hoc_diagnostic_not_final_v2_validation,1663,1719.004653,2026-06-28T19:29:30.287+00:00,0.9546287642855322,12.858651313374208,25.58879353054043,False,False,False,NORMAL,False
N4,post_hoc_diagnostic_not_final_v2_validation,1664,1720.00381,2026-06-28T19:29:31.285+00:00,0.9010659840162615,12.858651313374208,25.58879353054043,False,False,False,NORMAL,False
N4,post_hoc_diagnostic_not_final_v2_validation,1665,1721.003649,2026-06-28T19:29:32.285+00:00,1.4966344290463092,12.858651313374208,25.58879353054043,False,False,False,NORMAL,False
N4,post_hoc_diagnostic_not_final_v2_validation,1666,1722.001885,2026-06-28T19:29:33.283+00:00,2.320913138988768,12.858651313374208,25.58879353054043,False,False,False,NORMAL,False
N4,post_hoc_diagnostic_not_final_v2_validation,1667,1723.003315,2026-06-28T19:29:34.284+00:00,3.0598097683657954,12.858651313374208,25.58879353054043,False,False,False,NORMAL,False
N4,post_hoc_diagnostic_not_final_v2_validation,1668,1724.001984,2026-06-28T19:29:35.282+00:00,2.0808765687917097,12.858651313374208,25.58879353054043,False,False,False,NORMAL,False
N4,post_hoc_diagnostic_not_final_v2_validation,1669,1725.002747,2026-06-28T19:29:36.283+00:00,1.4509175862733175,12.858651313374208,25.58879353054043,False,False,False,NORMAL,False
N4,post_hoc_diagnostic_not_final_v2_validation,1670,1726.005435,2026-06-28T19:29:37.288+00:00,0.5856728101596245,12.858651313374208,25.58879353054043,False,False,False,NORMAL,False
N4,post_hoc_diagnostic_not_final_v2_validation,1671,1727.005888,2026-06-28T19:29:38.288+00:00,0.5829435548626326,12.858651313374208,25.58879353054043,False,False,False,NORMAL,False
N4,post_hoc_diagnostic_not_final_v2_validation,1672,1728.002717,2026-06-28T19:29:39.283+00:00,1.3113819615092468,12.858651313374208,25.58879353054043,False,False,False,NORMAL,False
N4,post_hoc_diagnostic_not_final_v2_validation,1673,1729.002552,2026-06-28T19:29:40.285+00:00,2.342394813658771,12.858651313374208,25.58879353054043,False,False,False,NORMAL,False
N4,post_hoc_diagnostic_not_final_v2_validation,1674,1730.009414,2026-06-28T19:29:41.290+00:00,3.5607203506715273,12.858651313374208,25.58879353054043,False,False,False,NORMAL,False
N4,post_hoc_diagnostic_not_final_v2_validation,1675,1731.002752,2026-06-28T19:29:42.283+00:00,4.786719624081991,12.858651313374208,25.58879353054043,False,False,False,NORMAL,False
N4,post_hoc_diagnostic_not_final_v2_validation,1676,1732.007948,2026-06-28T19:29:43.291+00:00,5.875532194692806,12.858651313374208,25.58879353054043,False,False,False,NORMAL,False
N4,post_hoc_diagnostic_not_final_v2_validation,1677,1733.007808,2026-06-28T19:29:44.291+00:00,4.8016799256125395,12.858651313374208,25.58879353054043,False,False,False,NORMAL,False
N4,post_hoc_diagnostic_not_final_v2_validation,1678,1734.001927,2026-06-28T19:29:45.282+00:00,1.834690952150826,12.858651313374208,25.58879353054043,False,False,False,NORMAL,False
N4,post_hoc_diagnostic_not_final_v2_validation,1679,1735.002643,2026-06-28T19:29:46.283+00:00,0.7907946685284164,12.858651313374208,25.58879353054043,False,False,False,NORMAL,False
N4,post_hoc_diagnostic_not_final_v2_validation,1680,1736.002632,2026-06-28T19:29:47.284+00:00,0.7484667761929489,12.858651313374208,25.58879353054043,False,False,False,NORMAL,False
N4,post_hoc_diagnostic_not_final_v2_validation,1681,1737.002205,2026-06-28T19:29:48.283+00:00,1.7909474826790035,12.858651313374208,25.58879353054043,False,False,False,NORMAL,False
N4,post_hoc_diagnostic_not_final_v2_validation,1682,1738.005098,2026-06-28T19:29:49.286+00:00,3.6815880905469696,12.858651313374208,25.58879353054043,False,False,False,NORMAL,False
N4,post_hoc_diagnostic_not_final_v2_validation,1683,1739.002429,2026-06-28T19:29:50.283+00:00,5.803524043313615,12.858651313374208,25.58879353054043,False,False,False,NORMAL,False
N4,post_hoc_diagnostic_not_final_v2_validation,1684,1740.001156,2026-06-28T19:29:51.282+00:00,7.309515252014364,12.858651313374208,25.58879353054043,False,False,False,NORMAL,False
N4,post_hoc_diagnostic_not_final_v2_validation,1685,1741.002539,2026-06-28T19:29:52.283+00:00,6.405811346052328,12.858651313374208,25.58879353054043,False,False,False,NORMAL,False
N4,post_hoc_diagnostic_not_final_v2_validation,1686,1742.001328,2026-06-28T19:29:53.282+00:00,2.7451719469765195,12.858651313374208,25.58879353054043,False,False,False,NORMAL,False
N4,post_hoc_diagnostic_not_final_v2_validation,1687,1743.002202,2026-06-28T19:29:54.282+00:00,1.4013930936353294,12.858651313374208,25.58879353054043,False,False,False,NORMAL,False
N4,post_hoc_diagnostic_not_final_v2_validation,1688,1744.003884,2026-06-28T19:29:55.285+00:00,1.3660341368949163,12.858651313374208,25.58879353054043,False,False,False,NORMAL,False
N4,post_hoc_diagnostic_not_final_v2_validation,1689,1745.004397,2026-06-28T19:29:56.286+00:00,2.042287746820357,12.858651313374208,25.58879353054043,False,False,False,NORMAL,False
N4,post_hoc_diagnostic_not_final_v2_validation,1690,1746.003685,2026-06-28T19:29:57.284+00:00,3.7919825430270357,12.858651313374208,25.58879353054043,False,False,False,NORMAL,False
N4,post_hoc_diagnostic_not_final_v2_validation,1691,1747.001999,2026-06-28T19:29:58.282+00:00,7.7246344796134325,12.858651313374208,25.58879353054043,False,False,False,NORMAL,False
N4,post_hoc_diagnostic_not_final_v2_validation,1692,1748.003459,2026-06-28T19:29:59.284+00:00,9.492716399321095,12.858651313374208,25.58879353054043,False,False,False,NORMAL,False
N4,post_hoc_diagnostic_not_final_v2_validation,1693,1749.001425,2026-06-28T19:30:00.283+00:00,10.451296590545727,12.858651313374208,25.58879353054043,False,False,False,NORMAL,False
N4,post_hoc_diagnostic_not_final_v2_validation,1694,1750.001476,2026-06-28T19:30:01.283+00:00,11.82548132431682,12.858651313374208,25.58879353054043,False,False,False,NORMAL,False
N4,post_hoc_diagnostic_not_final_v2_validation,1695,1751.002916,2026-06-28T19:30:02.283+00:00,11.637855523714682,12.858651313374208,25.58879353054043,False,False,False,NORMAL,False
N4,post_hoc_diagnostic_not_final_v2_validation,1696,1752.002922,2026-06-28T19:30:03.284+00:00,12.485388301877283,12.858651313374208,25.58879353054043,False,False,False,NORMAL,False
N4,post_hoc_diagnostic_not_final_v2_validation,1697,1753.004346,2026-06-28T19:30:04.285+00:00,13.993873632167496,12.858651313374208,25.58879353054043,True,False,False,SUSPICIOUS,False
N4,post_hoc_diagnostic_not_final_v2_validation,1698,1754.001467,2026-06-28T19:30:05.281+00:00,15.671450260199332,12.858651313374208,25.58879353054043,True,False,False,SUSPICIOUS,False
N4,post_hoc_diagnostic_not_final_v2_validation,1699,1755.004126,2026-06-28T19:30:06.286+00:00,11.796721924040554,12.858651313374208,25.58879353054043,False,False,False,NORMAL,False
N4,post_hoc_diagnostic_not_final_v2_validation,1700,1756.00197,2026-06-28T19:30:07.282+00:00,8.324163857009223,12.858651313374208,25.58879353054043,False,False,False,NORMAL,False
N4,post_hoc_diagnostic_not_final_v2_validation,1701,1757.004178,2026-06-28T19:30:08.286+00:00,5.2355017025615735,12.858651313374208,25.58879353054043,False,False,False,NORMAL,False
N4,post_hoc_diagnostic_not_final_v2_validation,1702,1758.005846,2026-06-28T19:30:09.288+00:00,3.120900769377984,12.858651313374208,25.58879353054043,False,False,False,NORMAL,False
N4,post_hoc_diagnostic_not_final_v2_validation,1703,1759.001892,2026-06-28T19:30:10.282+00:00,2.116494895163553,12.858651313374208,25.58879353054043,False,False,False,NORMAL,False
N4,post_hoc_diagnostic_not_final_v2_validation,1704,1760.00187,2026-06-28T19:30:11.282+00:00,2.5982605789439184,12.858651313374208,25.58879353054043,False,False,False,NORMAL,False
N4,post_hoc_diagnostic_not_final_v2_validation,1705,1761.002483,2026-06-28T19:30:12.283+00:00,3.7643246345217154,12.858651313374208,25.58879353054043,False,False,False,NORMAL,False
N4,post_hoc_diagnostic_not_final_v2_validation,1706,1762.002996,2026-06-28T19:30:13.284+00:00,5.217371442899536,12.858651313374208,25.58879353054043,False,False,False,NORMAL,False
N4,post_hoc_diagnostic_not_final_v2_validation,1707,1763.002261,2026-06-28T19:30:14.282+00:00,4.834468306428278,12.858651313374208,25.58879353054043,False,False,False,NORMAL,False
N4,post_hoc_diagnostic_not_final_v2_validation,1708,1764.003869,2026-06-28T19:30:15.285+00:00,3.631790878291498,12.858651313374208,25.58879353054043,False,False,False,NORMAL,False
N4,post_hoc_diagnostic_not_final_v2_validation,1709,1765.004688,2026-06-28T19:30:16.285+00:00,2.78983205874838,12.858651313374208,25.58879353054043,False,False,False,NORMAL,False
N4,post_hoc_diagnostic_not_final_v2_validation,1710,1766.005301,2026-06-28T19:30:17.286+00:00,2.17343627627101,12.858651313374208,25.58879353054043,False,False,False,NORMAL,False
N4,post_hoc_diagnostic_not_final_v2_validation,1711,1767.006315,2026-06-28T19:30:18.291+00:00,1.5100892650348388,12.858651313374208,25.58879353054043,False,False,False,NORMAL,False
N4,post_hoc_diagnostic_not_final_v2_validation,1712,1768.010044,2026-06-28T19:30:19.294+00:00,0.25314769922827896,12.858651313374208,25.58879353054043,False,False,False,NORMAL,False
N4,post_hoc_diagnostic_not_final_v2_validation,1713,1769.002727,2026-06-28T19:30:20.283+00:00,0.1833804391561052,12.858651313374208,25.58879353054043,False,False,False,NORMAL,False
N4,post_hoc_diagnostic_not_final_v2_validation,1714,1770.004612,2026-06-28T19:30:21.286+00:00,0.7591188539638012,12.858651313374208,25.58879353054043,False,False,False,NORMAL,False
N4,post_hoc_diagnostic_not_final_v2_validation,1715,1771.005207,2026-06-28T19:30:22.287+00:00,1.0629896191922668,12.858651313374208,25.58879353054043,False,False,False,NORMAL,False
N4,post_hoc_diagnostic_not_final_v2_validation,1716,1772.004075,2026-06-28T19:30:23.285+00:00,0.9458895213183747,12.858651313374208,25.58879353054043,False,False,False,NORMAL,False
N4,post_hoc_diagnostic_not_final_v2_validation,1717,1773.008956,2026-06-28T19:30:24.292+00:00,0.9661839140665844,12.858651313374208,25.58879353054043,False,False,False,NORMAL,False
N4,post_hoc_diagnostic_not_final_v2_validation,1718,1774.004259,2026-06-28T19:30:25.286+00:00,1.029850160431029,12.858651313374208,25.58879353054043,False,False,False,NORMAL,False
N4,post_hoc_diagnostic_not_final_v2_validation,1719,1775.00473,2026-06-28T19:30:26.287+00:00,1.0438957644358693,12.858651313374208,25.58879353054043,False,False,False,NORMAL,False
N4,post_hoc_diagnostic_not_final_v2_validation,1720,1776.002646,2026-06-28T19:30:27.285+00:00,1.0233809406977086,12.858651313374208,25.58879353054043,False,False,False,NORMAL,False
N4,post_hoc_diagnostic_not_final_v2_validation,1721,1777.006008,2026-06-28T19:30:28.288+00:00,1.876218785163089,12.858651313374208,25.58879353054043,False,False,False,NORMAL,False
N4,post_hoc_diagnostic_not_final_v2_validation,1722,1778.001715,2026-06-28T19:30:29.282+00:00,2.1658361580566696,12.858651313374208,25.58879353054043,False,False,False,NORMAL,False
N4,post_hoc_diagnostic_not_final_v2_validation,1723,1779.004523,2026-06-28T19:30:30.285+00:00,1.6705820704478942,12.858651313374208,25.58879353054043,False,False,False,NORMAL,False
N4,post_hoc_diagnostic_not_final_v2_validation,1724,1780.004738,2026-06-28T19:30:31.285+00:00,1.422476821860878,12.858651313374208,25.58879353054043,False,False,False,NORMAL,False
N4,post_hoc_diagnostic_not_final_v2_validation,1725,1781.005142,2026-06-28T19:30:32.286+00:00,1.5515338291025405,12.858651313374208,25.58879353054043,False,False,False,NORMAL,False
N4,post_hoc_diagnostic_not_final_v2_validation,1726,1782.008388,2026-06-28T19:30:33.289+00:00,1.6635424795332336,12.858651313374208,25.58879353054043,False,False,False,NORMAL,False
N4,post_hoc_diagnostic_not_final_v2_validation,1727,1783.003115,2026-06-28T19:30:34.284+00:00,1.7695878778594167,12.858651313374208,25.58879353054043,False,False,False,NORMAL,False
N4,post_hoc_diagnostic_not_final_v2_validation,1728,1784.002094,2026-06-28T19:30:35.295+00:00,1.9041925791502303,12.858651313374208,25.58879353054043,False,False,False,NORMAL,False
N4,post_hoc_diagnostic_not_final_v2_validation,1729,1785.003043,2026-06-28T19:30:36.283+00:00,1.612766902179979,12.858651313374208,25.58879353054043,False,False,False,NORMAL,False
N4,post_hoc_diagnostic_not_final_v2_validation,1730,1786.002022,2026-06-28T19:30:37.283+00:00,1.6215554611523804,12.858651313374208,25.58879353054043,False,False,False,NORMAL,False
N4,post_hoc_diagnostic_not_final_v2_validation,1731,1787.002819,2026-06-28T19:30:38.283+00:00,1.6058739479152286,12.858651313374208,25.58879353054043,False,False,False,NORMAL,False
N4,post_hoc_diagnostic_not_final_v2_validation,1732,1788.004175,2026-06-28T19:30:39.287+00:00,1.6478654621540891,12.858651313374208,25.58879353054043,False,False,False,NORMAL,False
N4,post_hoc_diagnostic_not_final_v2_validation,1733,1789.003936,2026-06-28T19:30:40.284+00:00,1.4386241470809895,12.858651313374208,25.58879353054043,False,False,False,NORMAL,False
N4,post_hoc_diagnostic_not_final_v2_validation,1734,1790.004715,2026-06-28T19:30:41.286+00:00,1.550991761255176,12.858651313374208,25.58879353054043,False,False,False,NORMAL,False
N4,post_hoc_diagnostic_not_final_v2_validation,1735,1791.005894,2026-06-28T19:30:42.288+00:00,1.8063615568171771,12.858651313374208,25.58879353054043,False,False,False,NORMAL,False
N4,post_hoc_diagnostic_not_final_v2_validation,1736,1792.003949,2026-06-28T19:30:43.285+00:00,1.8071049153427357,12.858651313374208,25.58879353054043,False,False,False,NORMAL,False
N4,post_hoc_diagnostic_not_final_v2_validation,1737,1793.005611,2026-06-28T19:30:44.287+00:00,2.0749156483610856,12.858651313374208,25.58879353054043,False,False,False,NORMAL,False
N4,post_hoc_diagnostic_not_final_v2_validation,1738,1794.001872,2026-06-28T19:30:45.283+00:00,1.5488921192430372,12.858651313374208,25.58879353054043,False,False,False,NORMAL,False
N4,post_hoc_diagnostic_not_final_v2_validation,1739,1795.002691,2026-06-28T19:30:46.284+00:00,1.1676219421502019,12.858651313374208,25.58879353054043,False,False,False,NORMAL,False
N4,post_hoc_diagnostic_not_final_v2_validation,1740,1796.002614,2026-06-28T19:30:47.283+00:00,0.824275751422261,12.858651313374208,25.58879353054043,False,False,False,NORMAL,False
N4,post_hoc_diagnostic_not_final_v2_validation,1741,1797.006532,2026-06-28T19:30:48.288+00:00,0.5313257378556845,12.858651313374208,25.58879353054043,False,False,False,NORMAL,False
N4,post_hoc_diagnostic_not_final_v2_validation,1742,1798.002298,2026-06-28T19:30:49.283+00:00,0.4320064783685971,12.858651313374208,25.58879353054043,False,False,False,NORMAL,False
N4,post_hoc_diagnostic_not_final_v2_validation,1743,1799.005358,2026-06-28T19:30:50.286+00:00,0.4407115284774373,12.858651313374208,25.58879353054043,False,False,False,NORMAL,False
N4,post_hoc_diagnostic_not_final_v2_validation,1744,1800.001448,2026-06-28T19:30:51.282+00:00,0.495126037837108,12.858651313374208,25.58879353054043,False,False,False,NORMAL,False
