M1_log1p,M4_identity,M5_log1p,M6_log1p,dataset_id,window_seconds,window_start_index,window_end_index
0.6590137842988261,-0.44157531873139544,33.76102686854482,20.83298809090366,N3,5,0,4
0.3964010212508216,-0.40004435503768504,33.61518409368796,20.67536941132172,N3,5,1,5
0.8195685706386582,-0.32741709785257833,63.268471657791245,51.72787845912002,N3,5,2,6
0.12403806548018145,-0.4872104861219304,38.23769680605308,37.36635360107156,N3,5,3,7
-0.17870477715553612,-0.6658175918083332,28.985500491948432,30.319218227713417,N3,5,4,8
-0.6347982334658283,-0.8490688693873196,29.100538799597995,30.50230837769282,N3,5,5,9
-0.3634029846060455,-0.9736988377629092,29.227357402062392,30.639400298212866,N3,5,6,10
-0.7432834928460321,-1.0593440172989845,-0.1830559757583501,-0.15060415985810777,N3,5,7,11
-0.602830148594896,-1.0001132801631327,0.1447232233281852,0.2038103795161419,N3,5,8,12
0.29730608956383947,-0.9059828173332308,30.533075754896707,19.516325437339674,N3,5,9,13
0.8763746228190223,-0.816658498797516,30.66759045690726,19.661755471152446,N3,5,10,14
0.6181617137413028,-0.7509745669039003,30.094702097984076,18.983706332939583,N3,5,11,15
0.7143878630904729,-0.7124395208309352,30.49039783783895,19.41140353223709,N3,5,12,16
1.1422895756118774,-0.6817607080446759,58.29655236698453,41.80847770093148,N3,5,13,17
0.3422626164709307,-0.47048916803485064,27.410465692685513,22.01668284283254,N3,5,14,18
0.39660917398572515,-0.23560709582781528,36.92471851718251,29.288393469272602,N3,5,15,19
0.3495673019586031,0.0006267928666296996,36.86563176709566,29.28330311990602,N3,5,16,20
0.22085854454677686,0.21477037862707746,41.505415613253355,24.91535241154717,N3,5,17,21
0.2026367149703468,0.33921146948641584,43.50679558671734,33.80613451656909,N3,5,18,22
0.16388788032583523,0.2684666674704495,43.602737461530545,33.90978369166898,N3,5,19,23
-0.00901841999969406,0.19101358372607785,38.96812196444371,22.529411940666115,N3,5,20,24
-0.06315558528577352,0.11176297348542405,39.36835131021569,22.96201284525622,N3,5,21,25
0.19433955447978235,0.02911780451818302,34.13046135478605,26.68343878790399,N3,5,22,26
1.040445050309226,0.04813135410666618,4.696871788076419,-4.2002878978412586,N3,5,23,27
1.4596984000511641,0.06919318345233094,32.379382170031,18.06324623251421,N3,5,24,28
1.52371071102455,0.09423817357411188,27.399463828491367,22.063472112762337,N3,5,25,29
1.8722452915692986,0.10864715656181971,32.53575388395755,18.232169107221626,N3,5,26,30
1.5966939403885618,0.1329728110568574,37.70282208162139,14.434259582709796,N3,5,27,31
0.854002612365391,0.24559455126092972,67.86634553310091,36.13369635096092,N3,5,28,32
0.8578927313531729,0.348534783901583,45.33081153879025,10.050477509240546,N3,5,29,33
0.8146563663473281,0.44568186985433017,54.96050759647899,17.395255645578754,N3,5,30,34
0.5515927552440367,0.551429082409064,49.81703072104051,21.21880344842025,N3,5,31,35
0.6050457707611244,0.6451961757151897,45.030789586607625,25.428411125487628,N3,5,32,36
0.2878699239268386,0.5420065140027243,14.379853844098307,3.202082314937934,N3,5,33,37
0.030586059029912606,0.4352053071245109,8.806133708228254,6.560524039725896,N3,5,34,38
0.6371876403106022,0.43069626270929684,26.057134900079927,28.364074483619696,N3,5,35,39
0.7013536657893624,0.4164845838956722,26.097952570370445,28.40818289254205,N3,5,36,40
0.992165776986537,0.49587453494261063,25.960841210502895,28.259964391249422,N3,5,37,41
1.1523897237446377,0.5607594391025625,132.1214201499116,61.722274393055066,N3,5,38,42
1.6807845051950359,0.6167131091981632,160.3377610914723,84.5627548656624,N3,5,39,43
0.7710062305173274,0.5506771837688436,133.3439215884301,55.29211721284796,N3,5,40,44
0.5286141339581881,0.490903830059057,133.4099370568494,55.30479723529154,N3,5,41,45
0.5642010487371941,0.30958165521935,138.46443290610105,51.38508035984346,N3,5,42,46
0.5849124688685627,0.33396731955623055,60.19892177261145,40.41600817893059,N3,5,43,47
0.24198617432986894,0.35536422893152275,32.30365237976948,17.922528516868898,N3,5,44,48
0.4565748581825275,0.39002331335407076,42.124145558336565,25.525280064593517,N3,5,45,49
0.790911415290612,0.4129147506861899,42.094026827586006,25.55139441768488,N3,5,46,50
0.3797927335685557,0.44873358398800234,36.94684526839701,29.37088929328006,N3,5,47,51
0.0058344231397434495,0.27695164981221043,9.310224231424854,7.157087384651504,N3,5,48,52
0.7285516238343235,0.20924556080069062,64.11551706982937,41.47148659115874,N3,5,49,53
0.7657095337590185,0.11722561461509713,54.31743414538405,33.893005722722684,N3,5,50,54
0.767395564498127,0.019897174947733864,54.23368992743035,33.80246421268521,N3,5,51,55
1.0331568537726306,-0.05368867475611729,83.78290058685562,64.81124729649733,N3,5,52,56
0.8238155206718304,-0.04810775946473824,83.45498856074036,64.39798514566624,N3,5,53,57
0.42445732905894074,-0.13678689696262664,56.341840642334226,52.357555791353526,N3,5,54,58
0.29055294972386037,-0.18137198240653243,56.860717353670864,52.91844555926368,N3,5,55,59
0.2035325654684918,-0.2369253862551377,56.812273223307145,52.86612230253586,N3,5,56,60
0.14214611401834815,-0.2860278223912631,27.49411950861431,22.107127001438084,N3,5,57,61
0.8851727777294229,-0.12353092152791847,55.04749973190064,44.28993203332902,N3,5,58,62
0.5364694929228847,0.03725398341613393,27.74271083593685,22.434773570466177,N3,5,59,63
0.7597775694803047,0.1640968523286846,27.2494003397519,21.901499812981456,N3,5,60,64
0.792346518586551,0.3198840870841228,27.518955104696214,22.19284327798232,N3,5,61,65
0.5755078031093006,0.4265494442000102,21.710371568612754,8.847979997040557,N3,5,62,66
0.04759424827861238,0.2637629070689148,-5.313981727038026,-12.704221485722929,N3,5,63,67
-0.26843118052754705,0.09366859169511688,3.7922784704836885,-5.873599723387588,N3,5,64,68
-0.32003676649028845,-0.06552295263382793,4.0402555308101,-5.6055514895835135,N3,5,65,69
-0.06177428146011721,-0.15745177053401518,3.849626994555274,-5.8116149407248034,N3,5,66,70
-0.03757640252853918,-0.01886948383477114,9.278264934349682,7.122503880040131,N3,5,67,71
0.3393270928689816,0.11914875850348117,38.530637283434956,37.7760512237327,N3,5,68,72
0.83945095076173,0.35861499276125725,56.8677740754657,52.910567408319096,N3,5,69,73
0.7528507688952587,0.6035763709717704,56.78145711064826,52.81726869671657,N3,5,70,74
0.41566782485800075,0.8663205853944783,56.79235060580195,52.829130839528716,N3,5,71,75
0.3769913266508439,0.9122214332683575,57.01497431455336,53.06975037871971,N3,5,72,76
0.5037248096578353,1.1209426452854836,55.03107286018767,41.543694050710975,N3,5,73,77
0.08506829389438195,1.2139778231685319,27.3223338577126,19.291664369731006,N3,5,74,78
0.12708773078438468,1.2834095111327004,27.241960465559806,19.20479706076876,N3,5,75,79
0.2395151252545972,1.3470342688043668,27.48325308168169,19.465495586634187,N3,5,76,80
0.12320343330558217,1.395852546000332,27.498572050479744,19.48211968912392,N3,5,77,81
-0.3536351060716868,1.2178524004394482,-0.20651024954095193,-0.1173043411229628,N3,5,78,82
-0.24778811207044527,1.1425621388083531,9.314114645986592,7.161271714946634,N3,5,79,83
-0.19719215828083775,1.0703957596162155,9.327150041216555,7.175318019577935,N3,5,80,84
-0.189795827208647,0.9088717163995159,9.277469284628296,7.12169348039115,N3,5,81,85
0.23187109114719676,0.757180318873484,9.302333446996363,7.148587290930846,N3,5,82,86
0.2386280113156687,0.6392837918189681,9.389927944634383,7.243273586302439,N3,5,83,87
0.6851148811785265,0.42157524827249804,30.49563369609614,19.475848907775163,N3,5,84,88
1.1721694035328014,0.16844434567518682,59.748459295261185,50.16433219242945,N3,5,85,89
1.1324356394288402,-0.1072370757545471,59.46916239822595,49.86235105242194,N3,5,86,90
0.8571208051811965,-0.39362047301109226,64.70286070361117,46.136290909254605,N3,5,87,91
1.2160176410768628,-0.54335279297213,95.39045001418563,65.71364837706096,N3,5,88,92
0.6309250492031836,-0.4991759189097465,64.73624841802366,46.17236566307365,N3,5,89,93
0.09780015061516564,-0.4386874429021326,35.3645637239767,15.355397985275886,N3,5,90,94
0.2087921038898358,-0.36969261695611344,35.58956736266018,15.598667939470852,N3,5,91,95
0.198853461870749,-0.15952460797973417,30.296096468774067,19.26011470211006,N3,5,92,96
-0.1098855836908669,-0.023972547436692082,-0.19131254164503844,-0.1008757818192862,N3,5,93,97
-0.22364867392644072,-0.06333665625944924,-0.2068729540239474,-0.11768102988762622,N3,5,94,98
-0.2920064873328613,-0.09257535322230766,9.562135367202973,7.377687209460328,N3,5,95,99
-0.05548138288504987,-0.17675880857668602,9.202161359291585,6.98860663120422,N3,5,96,100
0.21864516335307088,-0.3560914495023798,9.323136932214037,7.11934388396021,N3,5,97,101
0.1701712798473352,-0.5395082507173417,9.31314190577823,7.1086298163568244,N3,5,98,102
0.8001793934921111,-0.629350387376801,37.00755995439722,29.385011506650972,N3,5,99,103
0.88034446140108,-0.7004913626916732,27.318215875927308,21.97574318403422,N3,5,100,104
1.1213543288739984,-0.4975138810333128,56.88224984168865,53.00056653096044,N3,5,101,105
0.9358739891308744,-0.32135104783175805,56.82309861666217,52.936673455974685,N3,5,102,106
1.8582186276543269,-0.08008096708432647,168.03521338466516,97.8396919191623,N3,5,103,107
1.535216759256643,0.15569204361714917,140.49800602311862,75.73325077278768,N3,5,104,108
1.418294264832403,0.3955196009246567,140.50124701859167,75.7367791097915,N3,5,105,109
0.7246205771917928,0.5211348863623997,111.12726023829637,44.91737351141019,N3,5,106,110
0.9726092957177983,0.7505654526661821,111.25706980499089,45.05768038921788,N3,5,107,111
-0.06141449403915118,0.8616927852942535,-0.3602846249787035,-0.2833984197102836,N3,5,108,112
-0.29742664799496055,0.8769989665793616,-0.331070992439345,-0.2517662835869487,N3,5,109,113
-0.1979707780582359,0.8873382951673537,9.335734048161248,7.184815260112009,N3,5,110,114
-0.10810794246746128,0.7884908902354522,9.354369772258542,7.204964196531819,N3,5,111,115
-0.2129250546533342,0.5785795933708677,9.033327014461065,6.857881267997163,N3,5,112,116
-0.02971031599948475,0.365598043725382,9.425814380758311,7.282063040245885,N3,5,113,117
0.5166743585851463,0.17332939960092447,37.00031380271812,29.428737360545618,N3,5,114,118
0.4569444733318946,-0.01745199960668913,22.00214724955622,18.143728279969128,N3,5,115,119
0.5735024829203639,-0.19211392466763008,22.026379688659837,18.16991718079844,N3,5,116,120
0.40321791231191356,-0.3980160584976463,27.129119680494295,14.302406621438058,N3,5,117,121
1.1653337752793562,-0.26675575497859255,76.0886845365263,57.19068850074609,N3,5,118,122
0.5963707196162602,-0.084857919028169,48.216809994892174,34.722487626732985,N3,5,119,123
0.6134595547804125,0.10779299440977255,53.719582681636346,38.75620010561342,N3,5,120,124
0.5450933088392148,0.38752517044951384,53.771798697433404,38.81264755575794,N3,5,121,125
0.3724527904559153,0.7780561598427248,48.63000003827474,42.63795853928859,N3,5,122,126
-0.7034577233699579,0.9334483047266925,-0.3465726496569914,-0.268716164221496,N3,5,123,127
-0.3562523000226818,1.018644584162002,-0.04219180034342571,0.06030581799705033,N3,5,124,128
-0.24561264740098637,1.0786597227611388,9.26816444824417,7.008097014710438,N3,5,125,129
-0.2359528390332059,1.0443436635027452,-2.6582356513688863,-1.67313272119236,N3,5,126,130
0.05185764230098897,0.958533622425238,-2.0543503632830835,-1.0204074642304477,N3,5,127,131
0.2502104035578327,0.7575769135052809,-2.1872147574576957,-1.163945252139365,N3,5,128,132
1.3460984825550795,0.5968258957637935,65.42989622236709,44.44279088671019,N3,5,129,133
1.1502410501196223,0.4727714681180942,55.924409620098416,37.284070551228616,N3,5,130,134
1.2143550241683827,0.36829445385063053,67.85695867592968,45.97186851944643,N3,5,131,135
1.1738698276790387,0.3578656221183856,67.52257016396797,45.61042888408065,N3,5,132,136
1.5954432601451927,0.6719591807975711,94.99763380708536,67.64969441635003,N3,5,133,137
0.3586006535994784,0.9521163011536722,27.401298425932872,22.006701756775875,N3,5,134,138
0.7200238255215936,1.2242488958280895,56.83892200551272,52.894880668869064,N3,5,135,139
0.343537857244182,1.4892234660075523,56.72426077332439,52.77101317611223,N3,5,136,140
0.2959660550509483,1.7352210823696859,56.65079685663095,52.691590207237276,N3,5,137,141
-0.15847009779775192,1.6868300367257767,29.151411000144254,30.625947844724216,N3,5,138,142
-0.114434944955309,1.632389914757536,29.03168230269366,30.555301841070104,N3,5,139,143
-0.38771594037384033,1.6455093181449612,-0.26867521564108754,-0.18452320088535998,N3,5,140,144
-0.2060936079651981,1.736783685683708,-0.3180724657664541,-0.23790982943764902,N3,5,141,145
0.048663434862638154,1.7274288314920851,-0.33118199127329717,-0.25200966315815093,N3,5,142,146
1.1251206399976297,1.7936202287583953,-0.1519492414659908,-0.05819723670492749,N3,5,143,147
1.5993456498940162,1.8206339871016766,35.89918061106837,27.04347926737364,N3,5,144,148
1.6671225526437354,1.7480492243482062,35.92425763323335,27.070582102020126,N3,5,145,149
1.8780787728404618,1.5701486337305597,35.98510847339585,27.136367535574664,N3,5,146,150
1.6498956798730204,1.5115731294315182,36.16252272224701,27.328121462414128,N3,5,147,151
0.7794980385113519,1.5271496258617787,63.7625160949623,49.502362068163166,N3,5,148,152
0.4433887534917659,1.934761029346518,27.67817669032338,22.364713524258697,N3,5,149,153
0.06603247439479673,2.332704528301194,26.401898508076556,20.926421152796138,N3,5,150,154
0.5743778662070611,3.0179148993956333,56.61523772800174,52.65287073159679,N3,5,151,155
0.6451155234848927,3.5306065454677436,56.66779599789479,52.70964603829516,N3,5,152,156
0.3968078005718979,3.8394319984323375,23.46976926246207,26.335595325391296,N3,5,153,157
0.2581366045905867,3.733981283852445,23.37523308330274,26.233424335407108,N3,5,154,158
0.7416773480407783,3.617875782729598,24.80565561359854,27.77964880129366,N3,5,155,159
0.2215497059658503,3.1804709072446244,-5.339960523103582,-3.87363783552064,N3,5,156,160
0.07551591545330893,2.711999532522731,-5.7237775121720915,-4.288454074706896,N3,5,157,161
0.20459223387587713,2.2257028873474183,-0.18497454556545562,-0.1526867478462009,N3,5,158,162
0.6422495987885384,1.752370414484193,32.79850560164232,21.176491882839947,N3,5,159,163
0.5176116059055204,1.3160666022257288,36.27451763892204,24.992560696047804,N3,5,160,164
0.42922279535802377,0.8386775362824267,36.13178786386252,24.77950596014307,N3,5,161,165
0.5866009922360291,0.3988372363033278,36.33639397889783,24.883065422673646,N3,5,162,166
1.0734776037018379,0.28735784994914015,63.770351000701886,46.87791858902474,N3,5,163,167
0.6088824769647999,0.17673539450599945,31.050472237958274,25.83370557262533,N3,5,164,168
0.31887696832754103,0.02293913823448861,26.950801885254624,21.34352228930402,N3,5,165,169
0.43389497011224876,-0.022417106781824715,32.55861280213812,22.092982916281834,N3,5,166,170
0.20887422042653442,-0.12401665816149147,32.34457959233259,21.97922812645993,N3,5,167,171
0.711626654812821,-0.18173414812204952,116.08720268695433,52.52437898603821,N3,5,168,172
0.4988419307245664,-0.16015582484172625,115.91876873587807,52.342347461590904,N3,5,169,173
0.6967826949973471,-0.16259040667006844,116.33645956542333,52.85255014235936,N3,5,170,174
0.3141583060365633,-0.11426484819559164,110.45093731953894,51.802919242368986,N3,5,171,175
0.5092609134322856,0.04364662661834018,111.03219313633345,52.431157869802334,N3,5,172,176
-0.7401033267034535,-0.12859227317356953,-0.32421571904251323,-0.3032286277113599,N3,5,173,177
-0.19125028274917497,-0.32369408004179834,33.132996334095694,26.910265559594155,N3,5,174,178
0.01721999618387713,-0.4811521404739807,33.206023171393646,26.989172924027116,N3,5,175,179
0.3126939395199372,-0.7337333842190276,33.6248077494216,27.500578799779213,N3,5,176,180
0.2888278825586724,-0.9841264054964768,33.19892462894113,27.04018464357341,N3,5,177,181
1.1226534528450258,-0.9308477779294805,61.01537646308789,49.448426643842325,N3,5,178,182
0.7215353687191964,-0.8098237570112247,27.660486033733104,22.345533096106557,N3,5,179,183
0.5238792348271915,-0.646656696088624,27.624537219687774,22.30670899784036,N3,5,180,184
0.31142556761458023,-0.4676426430193743,27.554363452594952,22.230899577848323,N3,5,181,185
0.11448166347874462,-0.10731622614775063,27.476654889794553,22.146979943279984,N3,5,182,186
-0.5387357046967736,-0.031211708608481104,-0.1565795773265563,-0.063186245522229,N3,5,183,187
-0.21989759390475286,0.05870638835228874,28.93293868248238,30.448713073302496,N3,5,184,188
-0.2079836006552199,0.1132473292624411,28.96746892622832,30.486012854191358,N3,5,185,189
-0.26115071638584764,0.16958513457433072,29.014603730276214,30.536994136849717,N3,5,186,190
-0.305349985853303,0.056093161377918935,34.135855102122335,26.626454808557718,N3,5,187,191
-0.3552993121030624,-0.054333675222704866,34.022336493336844,26.503685007653075,N3,5,188,192
-0.30921611384046344,-0.25349309840803186,35.55697186648958,18.189008938549343,N3,5,189,193
-0.07134382284340006,-0.4656617163344322,45.00175978267616,25.38564290719223,N3,5,190,194
0.19821103414243452,-0.6245329272849546,49.962913678980655,21.36499858351872,N3,5,191,195
0.40876642211912895,-0.7994297153377403,44.97061358339615,25.414905242905114,N3,5,192,196
0.7065609620280299,-0.7896764608019282,66.12560721554364,42.214559409090725,N3,5,193,197
0.37688091703293763,-0.6953923920378429,35.366612592011734,19.871563668947783,N3,5,194,198
-0.0851623513463295,-0.5723922596676886,20.3368719391543,8.552308091093437,N3,5,195,199
-0.1655355402905883,-0.5422316863380644,15.390394703756465,12.588742711870328,N3,5,196,200
-0.4073055927434865,-0.47959405144094375,15.307465704333481,12.440370391324176,N3,5,197,201
-0.5252242668861612,-0.3459716955413114,-5.7537136755167015,-4.257856557373453,N3,5,198,202
-0.45466000716773464,-0.28171030387047435,-5.65905255614216,-4.155571682361551,N3,5,199,203
-0.2677734773632636,-0.10496398480450182,-0.3802146500938761,-0.3638052104559392,N3,5,200,204
0.11737882808260451,0.14149143983953252,29.053802353143872,30.52048162909905,N3,5,201,205
0.5494823802683072,0.36019047682368066,29.132943139605413,30.664744203170994,N3,5,202,206
0.46485375145466323,0.32980966677259005,28.958674772974156,30.476421172213122,N3,5,203,207
1.0485391677478475,0.40100198450982133,59.572276620449884,52.66226128890285,N3,5,204,208
1.1517774919845578,0.3757258030113917,69.50628285036964,60.387660490879895,N3,5,205,209
0.9094896622465001,0.33716246744427847,39.992995190825425,29.300174590885945,N3,5,206,210
0.8854216537436713,0.2986596232423125,44.899869054491866,25.220973770361887,N3,5,207,211
1.261672695386332,0.35044901960883407,78.6812154918478,42.249456639356865,N3,5,208,212
1.4677322591596549,0.37201771242306164,102.51040019783287,53.986239743312396,N3,5,209,213
1.2305477625818753,0.3854870026817309,92.82652379488063,46.53115923514033,N3,5,210,214
0.9443912342166442,0.41111698342825775,92.96666711065772,46.80017280114316,N3,5,211,215
0.692350925796697,0.4090248850503514,87.91738131289313,50.72551593964581,N3,5,212,216
0.5018574574884468,0.42481204792639743,54.40269274198617,33.92645108084598,N3,5,213,217
-0.6508084096463904,0.34327709112845356,-0.17582727657027136,-0.14293715106232413,N3,5,214,218
-0.5029092867256679,0.3570126637746,-0.18064001366801677,-0.1481021337054699,N3,5,215,219
-0.35248476079918023,0.33292434007834404,-0.4925211777626828,-0.4851860672559269,N3,5,216,220
0.020413123695388436,0.44809406084900444,-0.05653700993534585,-0.07269603660115535,N3,5,217,221
0.1514273255270581,0.4235884370188529,28.94983138205571,30.40812452472892,N3,5,218,222
0.6728318939245895,0.4206844903492993,59.81025310802943,50.17224992180163,N3,5,219,223
0.6423113627882117,0.30869095748656433,59.774183129871744,50.13320402843601,N3,5,220,224
1.0243461056234708,0.2398054975211153,60.03315951804761,50.413159199692565,N3,5,221,225
0.8264275935309116,0.05540759257291654,59.75031985170826,50.16615080035408,N3,5,222,226
0.8711743930274565,0.17701431688022068,58.26980896813984,41.83825265398154,N3,5,223,227
0.9290013484743241,0.4764900920287175,36.8379660149476,29.253295241696105,N3,5,224,228
1.151976920069154,0.7758746787013961,37.024523032424256,29.45499046007644,N3,5,225,229
0.6791977176693991,1.0467831207545515,37.00393030841879,29.37395063366366,N3,5,226,230
0.5302340436734312,1.3094386746987907,36.92630701539311,29.290005647775068,N3,5,227,231
0.006837341982546263,1.2790387842867545,9.31554852500667,7.1040806081407935,N3,5,228,232
-0.3956116759258407,1.028391518704447,-0.08506600273503864,-0.044764277668946306,N3,5,229,233
-0.6941581650264397,0.7987418592970442,-0.4289758386443282,-0.4165163077754187,N3,5,230,234
-0.4730479936253772,0.5376790640637807,-0.7985551728608697,-0.7572539106371551,N3,5,231,235
-0.4109989536068895,0.299463767161086,-0.15901706078948336,-0.06593282743797317,N3,5,232,236
0.07349512655912349,0.059360056238358536,105.0458394207948,30.922808471547434,N3,5,233,237
0.8239922086212885,0.10739290873401615,153.91182741837838,73.70998789744809,N3,5,234,238
0.9775118230052499,0.1469672626696706,154.3731511590995,74.2086662920694,N3,5,235,239
0.6025992121212056,0.18292555715859465,154.62319803866595,74.47890003946176,N3,5,236,240
0.3877402326414767,0.18042235825934086,153.96714143798164,73.71098722968127,N3,5,237,241
0.4283845367499083,0.5817799778248542,76.51713962486284,65.06386613920931,N3,5,238,242
-0.4668202766331177,0.6977532406101574,37.140658975424955,29.521598768514743,N3,5,239,243
-0.39151492180105263,0.7738740697513691,36.80952071833599,29.163660604589676,N3,5,240,244
-0.20884277105781165,0.8574419577511577,36.96250243233226,29.329051802864704,N3,5,241,245
0.03655223356081194,0.9591674274749892,37.042517809355196,29.474382975187655,N3,5,242,246
-0.24906539490041837,0.6418327956225767,9.347297053585862,7.197284785578449,N3,5,243,247
0.0762706471220497,0.42335176831461185,-0.11678668991589802,-0.020138793487603834,N3,5,244,248
-0.04827458530870103,0.2286467968398341,4.9033633194372666,0.03536789604095247,N3,5,245,249
0.09857410554572255,0.0112106751029728,4.351284791440048,-0.561398597679181,N3,5,246,250
0.012563680573245506,-0.11545415056768035,4.861075905238977,-0.010418654280147165,N3,5,247,251
-0.09452250560005666,-0.19744517012554752,4.668067043831615,-0.21913221927898122,N3,5,248,252
0.3113959939074533,-0.4034667819255304,32.05280000425482,21.722486012777882,N3,5,249,253
0.5634463665547174,-0.605197479367311,27.0752112399623,21.71303311646425,N3,5,250,254
0.5673346669719479,-0.7649513225352678,57.251942188179235,53.400116914347564,N3,5,251,255
0.43125625267939827,-1.0263425768527186,56.56537160483676,52.657990096797405,N3,5,252,256
0.7643417609210843,-0.8939260154983572,84.41977542943096,75.1072618229553,N3,5,253,257
0.4135878859072875,-0.6947536513742165,57.121880287117165,53.25946318434653,N3,5,254,258
0.2992311257354032,-0.4991789284304019,66.62465695312821,60.51876425421851,N3,5,255,259
0.39706555488401707,-0.2885803774292469,36.56645203401386,28.95982548324064,N3,5,256,260
0.5777061354012091,-0.03380224379712047,25.565286579957682,21.210962916402423,N3,5,257,261
0.2127216214609831,-0.121724486850502,-2.3470701178361195,-1.300947821900445,N3,5,258,262
0.11890559598975585,-0.2380440250822687,-2.4165447763185512,-1.3760381665122623,N3,5,259,263
0.05983197111816026,-0.3111234326504473,-11.831779571163134,-8.54070450604795,N3,5,260,264
-0.20686715035949704,-0.3919863032959142,-11.480704980622614,-8.161270358115871,N3,5,261,265
-0.049293569993207595,-0.5561554142155046,-0.34776866360843994,-0.2699575303282472,N3,5,262,266
1.188637910078566,-0.750852440555758,-0.13130292036585162,-0.035926273764198415,N3,5,263,267
1.9845477729577738,-1.0071193840554684,27.484886186477524,22.155849768542247,N3,5,264,268
1.766564438738746,-1.1969538074940629,27.524429793632954,22.19856898323651,N3,5,265,269
1.8435996478281111,-1.4398319353173945,32.33548557426984,22.028146243954325,N3,5,266,270
1.954690189369856,-1.6261174116198447,61.72636052815833,52.83138465266766,N3,5,267,271
0.9316708961134026,-1.7050067590011793,92.44344431497848,72.44050797654418,N3,5,268,272
0.04827671957367556,-1.4700304286072594,64.67268117041677,50.08159641509356,N3,5,269,273
0.30998127306879153,-1.3606124435203042,74.03180781922019,57.18558977258181,N3,5,270,274
0.36298035088170194,-1.19747535742342,69.45435615515126,57.608535520502116,N3,5,271,275
0.23018731094336148,-1.0519316883087613,40.054079846221065,26.795129630026715,N3,5,272,276
-0.06733452298731209,-1.0938071217365404,3.7079076560225075,3.0156419039902174,N3,5,273,277
0.04604116637121081,-1.3877135983433817,3.766044307108314,3.0785439416680673,N3,5,274,278
-0.010274709785628033,-1.6519070775322788,-5.586783294368797,-4.018654781263831,N3,5,275,279
-0.2160487975954993,-1.8764284535546778,-5.733256678117686,-4.176945173927015,N3,5,276,280
-0.13568370057833193,-2.1150537675512835,-0.7200352210853452,-8.141271181501725,N3,5,277,281
-0.2984657535142759,-2.30706166680627,4.781664822738821,-4.108625779228168,N3,5,278,282
0.041743485034683656,-2.345011421302425,35.45738280341611,15.455877087802218,N3,5,279,283
0.029029032819033775,-2.3674427631169452,35.35280051675509,15.342840857564989,N3,5,280,284
0.35382437585500953,-2.43826196048348,35.13993052167498,15.112770040725627,N3,5,281,285
-0.042392427479740036,-2.433225467478428,30.369503238900506,19.339520354873095,N3,5,282,286
0.6942301885188982,-2.3303772659793767,60.62920474318416,38.45444970609587,N3,5,283,287
0.7917180598661219,-2.3375907258447794,59.794827852634626,50.14564603564122,N3,5,284,288
0.8244140678960434,-2.3191799832433118,64.86449019355896,54.0043334608301,N3,5,285,289
0.665400607165904,-2.234756669092802,69.95450111425234,57.88498866418013,N3,5,286,290
1.0458270023787377,-2.1520324701131854,69.85728040007089,57.77987003313556,N3,5,287,291
0.4299978809375176,-2.0172533146645293,39.47091294326274,38.528008821395815,N3,5,288,292
0.8992049768054585,-1.8453414895773066,64.39188795696865,41.54017339586117,N3,5,289,293
1.0637462250418905,-1.6609367229220169,59.38789932680957,37.75245281049665,N3,5,290,294
0.8456696010699118,-1.4285774114984888,54.40877591489734,33.991650801377,N3,5,291,295
0.39271271304612865,-1.1941986515256446,54.32597822769894,33.90213342460811,N3,5,292,296
0.15096322029669124,-0.9972588702035431,54.52248931479553,34.11456713245862,N3,5,293,297
-0.49175646994589217,-0.8290990145157885,27.589593012602563,22.268950731878796,N3,5,294,298
-0.5134761509993723,-0.7209911941503904,27.379593231347826,22.041958717169656,N3,5,295,299
-0.4578553533903914,-0.6647951974517212,27.457203004861004,22.12583029972084,N3,5,296,300
-0.23096201177933723,-0.6385587982933949,27.52936251340616,22.20391648318964,N3,5,297,301
1.3233780509288664,-0.6177471203044995,138.3060784244066,69.06719093435167,N3,5,298,302
0.8410949602487193,-0.42526726802053716,110.50534751821579,46.67598665451951,N3,5,299,303
1.033774936924243,-0.10549161396558163,139.83312511599905,77.41110699122255,N3,5,300,304
1.2778238232797263,0.3823422341694325,144.7331282061212,73.26148662463784,N3,5,301,305
1.4001960706935392,0.9378141561491844,144.75085731861435,73.28059595464838,N3,5,302,306
-0.028885175106023554,1.3794753365048407,33.88636636148476,26.322487873717183,N3,5,303,307
-0.029541566572083865,1.6059766159751603,43.55599088458221,33.76207777120508,N3,5,304,308
-0.4270934204090139,1.7145709554495014,14.37001485492765,3.1802829615997323,N3,5,305,309
-0.6094705720026099,1.610570408491995,9.098065547177612,6.927874044376222,N3,5,306,310
-0.7102679021486097,1.4177507211357714,9.24628520312217,7.088117950979722,N3,5,307,311
-0.3992985884182957,1.2179744665971797,9.219023284996728,7.0586082509347765,N3,5,308,312
0.147509393510731,1.0229971936936166,30.47120603338262,22.137889165450908,N3,5,309,313
-0.01246113880107771,0.929127897066077,30.46584106685332,22.132019927107102,N3,5,310,314
-0.04261688660356526,0.8377005856876891,30.7201044322901,22.40684288970151,N3,5,311,315
-0.35456464570788737,0.7533254238676449,30.424197777981316,22.028279813614063,N3,5,312,316
-0.11900515846578515,0.6776861180310874,54.95481301469372,41.63701627118026,N3,5,313,317
-0.382316242628508,0.5839883640808324,23.928687183945293,19.00535747304384,N3,5,314,318
-0.1256164872583554,0.40620791352769886,24.275502235840758,19.38024855080075,N3,5,315,319
0.017622043531324037,0.19938883894479034,24.05793181812005,19.14507055191971,N3,5,316,320
0.596130835474014,-0.01568390622240514,53.66996722356525,50.28043359680087,N3,5,317,321
0.1348884942795962,-0.20486345796666683,29.182095595641293,30.717894841920135,N3,5,318,322
0.23955424441995204,-0.3812801141401877,38.92561045696057,38.23738041785655,N3,5,319,323
0.3527795707825362,-0.6024701915601482,38.4376123638016,37.709913166632035,N3,5,320,324
0.5662306582349004,-0.7990771800883195,27.185833880026983,29.757970661711077,N3,5,321,325
0.5929710649368758,-0.9899238858941274,-2.3851360903838215,-1.2742947018075939,N3,5,322,326
0.7439822942898416,-1.2069947120139943,-2.3883742335372515,-1.2777611756806437,N3,5,323,327
1.10762759721066,-1.4183805536182619,15.853371061453071,13.793410221834346,N3,5,324,328
0.8536238773227354,-1.5995298014011852,15.830503091441642,13.709956370778674,N3,5,325,329
0.8310728818752182,-1.7255708136306567,27.527084592902973,22.142657249885453,N3,5,326,330
0.4174046277282969,-1.898336620298687,27.436856780102243,22.04508946427668,N3,5,327,331
1.0238261584002715,-1.8554514926914565,58.22548175100201,41.73152967299065,N3,5,328,332
0.6197988786144663,-1.8108036888371195,30.314744488874567,19.221382578869452,N3,5,329,333
0.6590909579621155,-1.718115689256728,30.641554061446005,19.63334581217496,N3,5,330,334
0.2543357344203173,-1.5721898110189976,30.426101504226246,19.400528187588133,N3,5,331,335
0.2887011538590798,-1.163210700777796,30.671065393384197,19.66533757245161,N3,5,332,336
0.09855536367381319,-0.7520254915163122,29.12553250171768,30.65677075408821,N3,5,333,337
-0.15726234083531948,-0.3124459364066844,28.831977980287412,30.339491227199325,N3,5,334,338
0.03184044764824421,0.1028954208781137,38.555732466659904,37.73404705722169,N3,5,335,339
0.27510103530077573,0.4281648946967188,38.655402266535745,37.84179950411235,N3,5,336,340
0.4478797567283209,0.5622753948464464,38.51921418145321,37.69457989278635,N3,5,337,341
0.23646309390481407,0.503528107108469,14.315422255613885,3.0175839844843724,N3,5,338,342
0.7291469898629657,0.437450529913297,42.20471926689679,25.504632876532195,N3,5,339,343
0.9702756486505564,0.3695014522041653,32.43359103117073,18.000138134745065,N3,5,340,344
1.0797263784353845,0.3204964041564068,32.48351343870017,17.995324738121052,N3,5,341,345
0.7937167251082655,0.28392067641008795,32.43803958772442,17.946226120408028,N3,5,342,346
0.9802960752387151,0.44976681261896945,58.09300398370215,41.52985063937704,N3,5,343,347
0.496774252117217,0.6138368501186257,35.6561880741152,15.553296999492886,N3,5,344,348
0.12482322916403063,0.7853635769429494,35.37350720723589,15.306470662090579,N3,5,345,349
0.026164180120935042,1.031134696780655,35.28009114696433,15.264248067686276,N3,5,346,350
0.15289766312793063,1.3661006655755359,35.380381767008295,15.372608334912366,N3,5,347,351
-0.038322258970293885,1.5785719810893248,4.729065766161511,-4.165495553555957,N3,5,348,352
0.016538334656416964,1.7632108282610914,-0.2883028469819692,-0.2056545878713223,N3,5,349,353
0.46729190301114726,1.90212325937609,34.74284389709101,34.94980538386808,N3,5,350,354
0.4599175429045886,1.9301911324236762,34.751371779626425,34.95896897928615,N3,5,351,355
0.598434748688635,1.8242835124180785,34.75184477133662,34.959496777996534,N3,5,352,356
0.19445460179009047,1.601192260610509,34.6130841391765,34.80953657929531,N3,5,353,357
0.7793830853739735,1.3731554033216398,62.39081021779566,57.17587777858462,N3,5,354,358
0.07092496837113345,1.164271556808366,22.10640242836853,18.256316971920388,N3,5,355,359
-0.05171045578089206,0.9263673239604827,21.72597582802773,17.84510061018991,N3,5,356,360
-0.3036003017701375,0.7085362327329776,22.08235594144644,18.230267424998964,N3,5,357,361
0.3912064345973988,0.5932622019764466,55.77472288187782,35.16258616411651,N3,5,358,362
-0.152305067360777,0.5753820980567113,27.892661052694894,12.683459605328608,N3,5,359,363
0.32087618460798806,0.5271232305599313,33.20683247578963,16.513410323214337,N3,5,360,364
0.3480316025388447,0.519506434736465,33.661583081408025,17.004980315648574,N3,5,361,365
0.3265896800502617,0.4593298052590285,33.32262189088324,16.57986299278382,N3,5,362,366
0.5948722394468348,0.32810826436599855,105.76782751259779,33.08489704948188,N3,5,363,367
0.4350173666107821,0.19361344842874217,105.79468082747917,33.11392188582249,N3,5,364,368
-0.018258257137142665,0.04225363988837927,115.27268882113712,40.346450997758076,N3,5,365,369
0.4129744758281447,-0.13632409287643982,144.59963978386367,71.11501575877446,N3,5,366,370
0.6829988417268907,-0.2452391870620943,144.5703948025668,71.14218044175541,N3,5,367,371
0.06583021932754604,-0.38539990715400163,38.60495450794006,37.890881905608694,N3,5,368,372
1.271643289934366,-0.43074898951115725,104.88562144438183,85.38904056410429,N3,5,369,373
1.6510801084160334,-0.3639703143844059,95.45202599729745,78.20448300493953,N3,5,370,374
1.2410611245751795,-0.35435278923009295,70.9924564200639,43.314012597755934,N3,5,371,375
1.2299769715665376,-0.4009042954693882,75.92723122529314,39.20190068863085,N3,5,372,376
1.3227059708418494,-0.24475026033662745,106.53401642735771,58.6918444500745,N3,5,373,377
0.32240517999097734,-0.2809359542061742,45.368352331300045,7.3393475033524735,N3,5,374,378
0.12129493494153394,-0.36594708793084296,50.374855582657254,3.367848615091134,N3,5,375,379
0.20010407217538387,-0.38509540385421703,45.45043863435531,7.428134447629054,N3,5,376,380
0.08267889312010653,-0.19977044616372835,40.02445235568739,11.009293520460778,N3,5,377,381
-0.1630525242686133,-0.18467836217795366,9.814931917225476,-8.051207211859946,N3,5,378,382
-0.22983333642799836,-0.05816816567850793,4.33665460867378,-4.589536099887118,N3,5,379,383
-0.2581539071375403,0.06548238429541016,-0.22916682688046422,-0.1415665579294,N3,5,380,384
-0.19342008418994397,0.20564027543790217,-0.23406069992706763,-0.14685134069040942,N3,5,381,385
0.06289562479892083,0.1604960812468775,0.1511504691283335,0.2695470347171067,N3,5,382,386
1.3861282136067188,0.22808239133636476,31.967571293163566,28.26157167220699,N3,5,383,387
1.8858450119037742,0.19818948477371806,68.50450420689704,53.43052772028714,N3,5,384,388
1.735157519901088,0.16406266417405532,67.99204838072001,52.876494794358585,N3,5,385,389
1.6973614587778627,0.15073433986282367,68.20624518319673,53.10803903217129,N3,5,386,390
1.4065790582418685,0.13225172990813688,56.676273706911886,44.78745114705198,N3,5,387,391
0.5592209613375246,0.30347618047796204,55.10957072898164,35.89937822886277,N3,5,388,392
0.12573746702354355,0.47491990472264545,18.88875199519098,11.072080469446519,N3,5,389,393
0.3394680324393164,0.6420527915823939,13.640729417757393,7.31364505669444,N3,5,390,394
0.19776376574559434,0.7836144435387851,13.367059663094551,7.017763560191088,N3,5,391,395
0.32096789494502787,0.9283985698307617,24.813771528638245,15.248296970190495,N3,5,392,396
-0.16036145410589597,0.7664204501377725,-5.670676953288785,-4.168168411646912,N3,5,393,397
-0.5802458353974146,0.5817063047592412,-5.6641178199861315,-4.161113786411443,N3,5,394,398
-0.5594939382673771,0.410424914058639,-0.34187251174589617,-0.3224717794153548,N3,5,395,399
-0.4595485963345027,0.2028466577955271,-0.25967055202672784,-0.23353506721759915,N3,5,396,400
-0.34674777945922985,0.03356665852031711,0.0121589968304761,0.06033909591533302,N3,5,397,401
-0.40192369272872386,-0.19704141283458937,4.475333130445142,-4.439707540862583,N3,5,398,402
0.6891420838817794,-0.1960947380176364,57.494457294391395,42.08405918594726,N3,5,399,403
0.7129523529763901,-0.10092960198685433,57.76305007576557,42.37448449699186,N3,5,400,404
0.784924507865145,0.13926854769399882,57.83803404183418,42.396726461629804,N3,5,401,405
0.5785165168270396,0.35381167741648484,57.52440683223104,42.05774247758454,N3,5,402,406
1.1706236242968202,0.9120621092449284,80.73684800692281,68.87245372501638,N3,5,403,407
0.43952379743515735,1.2492347187738104,27.70073164580681,22.330401969544255,N3,5,404,408
0.4462495534794414,1.448957584416,27.479037682827038,22.031984556842872,N3,5,405,409
0.3429596865770009,1.522906743453214,27.49621151052197,22.10932405461899,N3,5,406,410
0.3294757087574055,1.5779600251595198,27.606887571920378,22.228910992597957,N3,5,407,411
-0.0685606255583707,1.4005672610570472,-0.3137429638336471,-0.2918736848158005,N3,5,408,412
-0.03239974075622172,1.2210413487149467,-0.10814773493766552,-0.06961570805324299,N3,5,409,413
-0.05438332985144143,1.0362138647885815,-0.08195298324935721,0.017473325444370857,N3,5,410,414
-0.3082314033910734,0.8012720836917694,4.680151248246693,-4.2182099838661085,N3,5,411,415
-0.5099858388255768,0.5460776731627675,4.650270115332387,-4.250495046875221,N3,5,412,416
-0.4812841960960384,0.310690242247496,4.774534759991366,-4.116145436461738,N3,5,413,417
0.023028690748373038,0.09776021559560917,35.379634874610204,15.371935095125082,N3,5,414,418
-0.2179627814144908,-0.1264380582893665,44.655833011638606,22.38624474493481,N3,5,415,419
0.5381830328830176,-0.30150759282769857,69.2436838058129,57.415305440049266,N3,5,416,420
0.7607194143667243,-0.41451786214821595,69.4291803306085,57.61577815183337,N3,5,417,421
1.0226173519800796,-0.44955951683631384,99.8193588969145,79.52035221576406,N3,5,418,422
0.5244222844813976,-0.47430740707912233,69.23228724938235,60.05171563440308,N3,5,419,423
0.6081814323450999,-0.47863768596748313,59.95672015158853,53.03805146428967,N3,5,420,424
0.07381461716784657,-0.4693121445070318,30.45350102325974,22.07896129680703,N3,5,421,425
0.24493733154947678,-0.35995272469200473,30.329882460203955,21.94539077881309,N3,5,422,426
-0.28151963075289926,-0.44413985166158054,-0.05872001290117623,0.04245818667914136,N3,5,423,427
-0.3260912020045737,-0.5243612730748339,-0.1691125054800068,-0.07682770875799179,N3,5,424,428
-0.237664060739678,-0.5892878891910514,4.701165883609065,-4.258644910214935,N3,5,425,429
-0.059016892827656875,-0.6552183008262389,4.831188844318968,-4.118075069761835,N3,5,426,430
-0.04838668814901439,-0.888568105687446,4.8820280340987665,-4.06310679099879,N3,5,427,431
0.6540322442957176,-1.0512284837127226,110.86034804636947,29.202148214918633,N3,5,428,432
0.8225236167864238,-1.2384361373340043,138.5325083681273,51.45438787066778,N3,5,429,433
0.730255262551401,-1.425526600221015,147.34079995484134,59.36698019896212,N3,5,430,434
0.31412773706720143,-1.5622882473053537,146.91919925649708,58.91126968227108,N3,5,431,435
0.7189123826521608,-1.606381998407271,179.39796053632162,87.6191582090265,N3,5,432,436
0.6548504133462416,-1.2037507497009385,97.70310124720564,73.69557446493346,N3,5,433,437
0.6095851323501051,-0.791168340380581,70.03038877966756,51.44268934535139,N3,5,434,438
0.46767642544720617,-0.36433187819578877,56.491409304611444,47.862815433979996,N3,5,435,439
0.5314596638397291,0.1245192481107253,56.79096485812916,48.186593927642754,N3,5,436,440
-0.21601530820739184,0.6663366739307535,24.22257068594481,19.381770710888304,N3,5,437,441
-0.5892775859833079,0.7162152052531582,-0.07192367330935667,0.02825634840191924,N3,5,438,442
-0.7102108103740818,0.8678854759441975,-0.08186328042065724,0.01751711063698167,N3,5,439,443
-0.3445009464235625,1.111322531943408,-0.3248075994604733,-0.2451016130598873,N3,5,440,444
-0.050191516469425324,1.2305347612374846,-0.19661634865697125,-0.16530747207762034,N3,5,441,445
0.4566917739909286,1.2459882886538167,-0.23116741620469838,-0.20265637976117432,N3,5,442,446
0.20200485852865882,1.3659479023071328,-0.41450369825179223,-0.40089291009317096,N3,5,443,447
0.6078678304523407,1.3620489479189188,30.209860837235464,19.10808591726127,N3,5,444,448
0.46913532696518134,1.243968178009959,39.90906196155483,26.579710447832987,N3,5,445,449
0.39981772573758007,1.2256429057950684,39.912055960319414,26.64169583086914,N3,5,446,450
0.08859434538266556,1.1920753143233511,39.8971058459756,26.625572403093248,N3,5,447,451
0.748958249688053,1.333337037451355,89.1856973962742,69.86951140293567,N3,5,448,452
1.1762616398519186,1.6470352053070045,109.39167249033562,80.10621209103519,N3,5,449,453
1.0988644058757473,1.9389601533247727,99.67848062713529,72.619475470631,N3,5,450,454
0.7714883001423744,2.095998746768187,104.60064933486937,68.55678626740955,N3,5,451,455
0.7488412290922156,2.2258497519553373,104.7820596447862,68.75284264425791,N3,5,452,456
0.08198197092919486,2.1346354544488477,55.421840749751574,25.372707393332167,N3,5,453,457
-0.735809562568636,1.8540111361064049,4.7448054381500695,-4.207295623770188,N3,5,454,458
-0.8432841232485998,1.5694162367841784,4.823800728724018,-4.121908835209615,N3,5,455,459
-0.5920758699003613,1.3881998766906691,-0.2099692254792899,-0.1798508146079257,N3,5,456,460
-0.4045188080746357,1.1748030733853312,-0.2591895572724752,-0.23301408400729998,N3,5,457,461
-0.5611505964119772,0.8535764090422049,-0.21430232452767087,-0.12571480337137472,N3,5,458,462
-0.015567704157740536,0.555646263511241,30.498674114474852,19.47900298261993,N3,5,459,463
0.19610532408802897,0.19144334327548335,30.38678209781283,19.35808414550447,N3,5,460,464
0.2791963228612019,-0.21646919284590355,30.37059422641396,19.34063732731338,N3,5,461,465
0.13131511261086642,-0.6714530998043784,30.461269322425505,19.438651738911723,N3,5,462,466
0.8635968213829812,-0.7060365248776804,58.05357944614953,41.60467648783415,N3,5,463,467
0.34158428377287464,-0.786795205918105,36.661486675088234,29.062691296906998,N3,5,464,468
0.9590527972750579,-0.8153805961373735,66.36507553743286,60.23825644831741,N3,5,465,469
0.8863312779676675,-0.7981898530186669,66.30106533070793,60.16900424604573,N3,5,466,470
0.817489006930964,-0.5989489922044384,66.10042615060665,59.95204485497597,N3,5,467,471
0.2522165569074559,-0.807428238760977,38.81756995378455,38.12053139021773,N3,5,468,472
0.1755160168564487,-0.905564554152727,29.264351058639296,30.806723640059136,N3,5,469,473
-0.44667805594187937,-0.6927031445717517,-5.873578495581751,-4.328740879605538,N3,5,470,474
-0.4681153730091353,-0.4932861064184323,-5.71803367936227,-4.160576233201209,N3,5,471,475
-0.29925170028415093,-0.2697893517979281,-5.5121164652679,-3.9966798378784008,N3,5,472,476
-0.20569151963910598,-0.06650080608475832,-0.7419244042524952,-8.223653792522963,N3,5,473,477
0.20193544897612697,0.11677496899235393,27.021162929889396,14.126881422457519,N3,5,474,478
0.20193544897612697,-0.017423950874191973,32.513059508898735,18.148947424569634,N3,5,475,479
-0.013314214433751203,-0.253064963999779,32.54245908639059,18.180727514159663,N3,5,476,480
-0.13213843963329736,-0.4338680567170655,32.27902015779473,17.954674719606555,N3,5,477,481
0.2066121900912094,-0.4213318984324047,55.23211570115309,44.48915108477231,N3,5,478,482
-0.42148731807656076,0.17529600096755474,27.467606153364613,22.137028858339544,N3,5,479,483
-0.4857311253859507,0.7768645100445297,36.69959487746892,29.103662432356213,N3,5,480,484
-0.33434362263201367,1.3819700485558541,36.80146082716165,29.155047894607197,N3,5,481,485
0.20864416010360287,1.7967299664502803,66.38797269157003,60.20414645612509,N3,5,482,486
-0.2663357172934582,2.0289037710206883,38.214028884686556,37.409520101993984,N3,5,483,487
-0.08714421267154648,1.6143781142139773,38.61829464297553,37.846575723932254,N3,5,484,488
-0.20860211715886975,1.2780079030818912,29.293141641747205,30.779218327384296,N3,5,485,489
-0.27566900586891735,0.9738900025148581,29.232313257468196,30.772189969819372,N3,5,486,490
-0.9881389947125967,0.7367472385828734,-0.26513369837703066,-0.18064192341116722,N3,5,487,491
-0.8092252486987774,0.5383637300125855,0.07424183304683538,0.18614437672586065,N3,5,488,492
-0.337922861191646,0.2685833766814142,27.428118936977263,22.094326164955056,N3,5,489,493
-0.27419323837874005,-0.08358158131876507,27.46657496565458,22.135943271066573,N3,5,490,494
-0.10432131826188992,-0.40140050523483806,15.853611534272932,13.725734384768293,N3,5,491,495
-0.010931880964932361,-0.8583080977954125,15.9011675435715,13.777155451772705,N3,5,492,496
1.0113095983840992,-1.0817987129937818,127.82554313646324,63.8267206292745,N3,5,493,497
0.6574323899322451,-1.1172080107249827,99.68733275961567,41.011918740498004,N3,5,494,498
0.9539011660902418,-1.1447677563053305,109.73623634850227,48.86149002044876,N3,5,495,499
0.9460821851832577,-1.2352367159266264,121.22062489920572,57.1327119160178,N3,5,496,500
0.8969575582605046,-1.1761949164974397,121.28533366431365,57.20268793838041,N3,5,497,501
0.12705979522395977,-1.2848720779801794,38.66643005491424,37.829748552535236,N3,5,498,502
0.060308688914210505,-1.51402390248098,38.806943272978245,38.040395198529225,N3,5,499,503
-0.008968014170505967,-1.6618862868788,29.10808135486368,30.56922678766823,N3,5,500,504
0.09263490300002672,-1.5958153908194788,29.144612232741927,30.60872868505794,N3,5,501,505
0.47100350615097,-1.3341570114487695,29.13814490777804,30.60174666204839,N3,5,502,506
1.5449316835377658,-1.151327728855901,-0.9233018498089223,-0.8920214794412459,N3,5,503,507
2.1935249145194518,-0.913983206659266,27.763858012563286,22.45720186599865,N3,5,504,508
2.2915719467758606,-0.7890309186216214,32.059310268541594,17.717137476502103,N3,5,505,509
2.612144976326243,-0.7540947175372438,32.42637505078092,18.113870924252115,N3,5,506,510
2.240259126879022,-0.9041856519794251,32.370581354061144,18.053578927629133,N3,5,507,511
1.654274263431489,-0.7940089065451588,60.695888955243575,41.0119043968185,N3,5,508,512
1.2108209831200611,-0.6846667011882743,32.43505675131964,18.12350137147805,N3,5,509,513
1.161114576911882,-0.30454546316636166,37.35827924702171,29.815695989028246,N3,5,510,514
0.8731263999535088,-0.010039309473984303,41.75921394753823,25.189624988631113,N3,5,511,515
1.2601058269911278,0.26774973946022984,42.04152441065453,25.436028201318187,N3,5,512,516
0.42304267722230404,0.31469747918884394,8.70358295702099,-1.0892463028092607,N3,5,513,517
0.5369687880486481,0.31280557412484883,8.56135417570331,-1.242970256137778,N3,5,514,518
0.6108520316266549,0.1499781075128567,22.150008168273054,17.683340175609555,N3,5,515,519
0.2339123342170865,0.07900620706833336,17.170285298077214,21.683799418051784,N3,5,516,520
0.19759627973027136,-0.011777066890077492,16.96174889814647,21.517106679641802,N3,5,517,521
0.2891107826819166,-0.07579938224015023,22.926457785730598,26.054476095149585,N3,5,518,522
0.356939180712061,-0.11395155709549983,53.637812918336564,45.65747731524389,N3,5,519,523
0.19924414345440483,-0.18047153382682382,30.61489834265303,19.54590936468885,N3,5,520,524
0.39096687245334466,-0.3712471547547821,30.507330256640124,19.429680278773596,N3,5,521,525
0.19695828343136554,-0.5663638888454543,30.444530170470536,19.361774887239154,N3,5,522,526
0.7698421053366644,-0.47775523432128464,57.64261381179749,41.160427933108075,N3,5,523,527
0.5411078990042995,-0.3700468375370988,27.503757297541597,22.17625484383534,N3,5,524,528
0.37188617427658527,-0.2866182301531822,27.256148438640956,21.90869081670171,N3,5,525,529
0.6005825976551137,-0.13209066036272504,37.16723842184219,29.60929029467661,N3,5,526,530
0.7008367108205391,-0.005916266177864315,35.95718343289991,28.242606499713656,N3,5,527,531
-0.029126486801715146,-0.08878221358029066,9.443208377405245,7.242221175758459,N3,5,528,532
0.5020909881680211,-0.15558424258731945,63.92765851636432,41.20958596010023,N3,5,529,533
0.3652823715111083,-0.21234530688400355,63.9106924753316,41.191243758523704,N3,5,530,534
-0.05008293290401866,-0.2811210999168168,54.245964994491075,33.75689690055624,N3,5,531,535
0.18739358560351888,-0.20053438288656764,85.00710859507527,66.13439309050409,N3,5,532,536
0.24477879739341687,-0.1898128451755042,83.65859286616906,64.67671048462907,N3,5,533,537
0.05400041134212756,-0.10807420401969096,56.738039480109,52.84451307018244,N3,5,534,538
-0.02302881344198795,0.10585155263581356,56.87013597761761,52.987203188375496,N3,5,535,539
0.03133784075995436,0.412834155723074,56.724847689676245,52.771457509897665,N3,5,536,540
-0.3466819914168468,0.6231766567069783,27.299915011906705,21.8970199758729,N3,5,537,541
0.20538010939937407,0.9043443740987257,55.58888798520784,44.815966248444965,N3,5,538,542
-0.11955736172767502,1.1070438964294738,27.40044127395013,21.946980317949418,N3,5,539,543
0.2841235949060604,1.192357125837401,27.576059704212092,22.13689782219517,N3,5,540,544
0.2716111054773876,1.1832806523062842,27.66824568285083,22.177754620597263,N3,5,541,545
0.37426852963798185,1.1665474165174146,27.70139065614567,22.154842870498033,N3,5,542,546
-0.29238509663871926,1.054371687274282,4.57599544390032,-4.565818196259715,N3,5,543,547
-0.43139946793366446,0.9225418018762312,14.30496038496276,2.99670966373269,N3,5,544,548
-0.3317833451439924,0.8955804693827446,14.10845649846524,2.784310533757889,N3,5,545,549
0.07510894244806536,0.8576295110783263,14.177747595079563,2.9767059715442885,N3,5,546,550
0.14254894016497702,0.801675239078594,18.9241939934298,-1.217141757941863,N3,5,547,551
0.6679451585985362,0.7351797598453913,43.71556388996396,33.99751595897105,N3,5,548,552
1.1743242039849804,0.6596192432595587,67.52860247957942,43.26363756262217,N3,5,549,553
0.9831538695945256,0.4764018528831372,62.17574748854531,39.391869064026835,N3,5,550,554
0.7440652098071382,0.31364330429412635,62.11641712564451,39.327750194330655,N3,5,551,555
0.8226153338460108,0.15952599235923515,62.38668322277226,39.61979144234137,N3,5,552,556
0.9874665568646378,0.1033424550760742,60.45230843910103,30.83571389426397,N3,5,553,557
0.2823235019745141,0.13161617933640174,26.955961188665242,14.115124346407537,N3,5,554,558
0.268631533033323,0.17428173231670882,32.43542663967965,18.12376457497994,N3,5,555,559
0.29546483026684883,0.1939401018005384,32.626846433428724,18.330673358630882,N3,5,556,560
0.025304668525620855,0.20921299778721333,27.29406094484002,21.949518815246485,N3,5,557,561
-0.1414044299745285,0.12319174855020094,105.58315703561966,32.911308831028876,N3,5,558,562
-0.05372833913684758,-0.07833147253768402,115.39543493720848,40.505109455902854,N3,5,559,563
-0.06635337792123437,-0.26364168357696655,115.38548775498857,40.49430330585638,N3,5,560,564
-0.1427593842718636,-0.4447669755754816,115.14978370765311,40.18080208050306,N3,5,561,565
0.04414473394324432,-0.6581406055717849,115.40892275817023,40.461008390656204,N3,5,562,566
-0.3043392452270666,-0.8291342860978546,9.552815999351878,7.360593896573846,N3,5,563,567
0.7469184613643393,-0.9024409124754186,46.640474903312864,44.50906536840339,N3,5,564,568
1.194017044817042,-0.965742989342553,46.66036740249474,44.47181551870672,N3,5,565,569
1.3008658943892897,-0.9240641378039015,46.717060429387494,44.59181361880546,N3,5,566,570
1.150798753406883,-0.8342081573494312,46.77131834952161,44.591696393965684,N3,5,567,571
1.7413717061165301,-0.5822743818779088,77.43558536669443,64.14376828107706,N3,5,568,572
0.6876339594932063,-0.19625141366288973,28.478460133375485,17.17771178059629,N3,5,569,573
0.15059453296877337,0.2479283743377721,30.609191602854118,19.539688240983377,N3,5,570,574
0.06907550227454066,0.5726122556275015,30.69857540208759,19.63631606345225,N3,5,571,575
0.02982672250436167,0.8753126719664521,35.461801485917384,15.397520992536737,N3,5,572,576
-0.70924871183351,0.9736848735870722,4.800136768296215,-4.151735053177253,N3,5,573,577
-0.7924619570439176,0.8644956722602416,6.875797709713515,-1.9079836432360024,N3,5,574,578
-0.6649981801848242,0.6506334164905383,14.259365006398003,3.060536252757811,N3,5,575,579
-0.7358440126829293,0.5427330122886218,14.158204798242513,2.9511496081206134,N3,5,576,580
-0.5252229222045741,0.4419079309540848,14.26860179349751,3.133506581444453,N3,5,577,581
-0.43151510986580777,0.331163890876519,14.237523572520876,3.0999421346619784,N3,5,578,582
-0.09417921431491436,0.22756541587840218,41.161031097605154,24.54320155745736,N3,5,579,583
-0.1426193328704244,0.1467455813782891,20.876615219312225,9.840373362826359,N3,5,580,584
0.1042904764570494,-0.045114249460516474,50.03681151576821,40.42878853880575,N3,5,581,585
-0.1598936091069561,-0.23519232369126541,45.175701616476,44.55745029101418,N3,5,582,586
0.4722234085945217,-0.1998131211666049,75.89555327934504,64.16958246469912,N3,5,583,587
0.2911583078898389,-0.07385113894951019,48.89479733510525,42.642826437233815,N3,5,584,588
0.4060482587101603,0.038664605937123044,59.79182961133483,50.21106541638219,N3,5,585,589
0.21230393276871382,0.15408568187281446,30.456417452790628,19.433345178603123,N3,5,586,590
0.30862728896212843,0.27763926509125836,30.39618544420664,19.36827180041655,N3,5,587,591
-0.007598346067527473,0.2819239196465048,-0.18710527638831992,-0.09625338332443789,N3,5,588,592
-0.11078091583847254,0.1860848917508548,4.876457754788862,-4.006086124353897,N3,5,589,593
-0.4327458054857004,0.05711736144692168,14.188061875968561,3.046630829014248,N3,5,590,594
-0.5227938721645273,-0.04530836354270491,14.504658863065561,3.3887959387626325,N3,5,591,595
-0.5625401594050572,-0.1637289685239267,14.361639193577867,3.234162875155744,N3,5,592,596
-0.7744842616058236,-0.4195277509906873,8.687717837404488,-0.984715011190201,N3,5,593,597
-0.12871232974237615,-0.6399759213789992,31.468239895492296,25.36323646468336,N3,5,594,598
-0.015604119753629676,-0.8371589321603665,21.970099728091007,18.108911124590303,N3,5,595,599
0.03771266603346248,-1.103383958171608,21.799701123378327,17.924700523854334,N3,5,596,600
0.39627676750580465,-1.3756133992206743,51.267247619050615,48.845207163992384,N3,5,597,601
0.7837373107658664,-1.3021119966663761,84.26928549261429,74.94447448665414,N3,5,598,602
0.32760285414904616,-1.2322723380823362,56.61346405201839,52.709918665055014,N3,5,599,603
0.37509649499718306,-0.9681667970869512,56.68563231604785,52.78798230016255,N3,5,600,604
0.4382613727015553,-0.6406603465661533,56.78376917925125,52.77650829900922,N3,5,601,605
0.39473680981580517,-0.28108299938533465,32.456349117222274,18.028899194238694,N3,5,602,606
0.10911918135457768,-0.2269048862852415,4.92472065042748,-4.071515499255474,N3,5,603,607
0.11680793579511146,-0.17158670657096167,4.887215927721263,-4.112076457195508,N3,5,604,608
-0.007322323186122049,-0.2932193127558918,14.410005293046561,3.168807780421048,N3,5,605,609
0.2666886723088851,-0.4341900152366449,14.248797539874795,3.112169059236476,N3,5,606,610
-0.27555111580608693,-0.5865695697554429,9.130942201599101,6.963418244402783,N3,5,607,611
-0.3710133922668774,-0.7002830436719961,9.34877542649192,7.198897374673106,N3,5,608,612
0.7197274116889787,-0.63863331402479,75.40261484525035,54.451909938592145,N3,5,609,613
0.705817388213751,-0.6010575225651138,65.92896053886652,47.224123358840735,N3,5,610,614
0.575260970395368,-0.5265561164878718,71.18325318048664,43.520351819374625,N3,5,611,615
0.8024612199237481,-0.45248410881755774,71.1792261218543,43.51594624240315,N3,5,612,616
1.2297287165487034,-0.1248198390336583,98.63677178402868,65.53624942670794,N3,5,613,617
0.15043875359941694,0.013491410235477019,61.88286675855998,49.02256747496794,N3,5,614,618
0.327011668657633,0.17625031996696805,61.80910761874984,48.94281443785148,N3,5,615,619
0.18043750684924476,0.3282737880019738,56.71286495108943,52.81733288952091,N3,5,616,620
0.15429163292158704,0.48466431126773274,56.675580401019396,52.77707960501866,N3,5,617,621
-0.3267006693930341,0.4609173875944791,25.284717319128685,26.504985960892373,N3,5,618,622
-0.36358242417748554,0.4422369919424057,0.08090580673961086,0.1932435638809693,N3,5,619,623
-0.39143865504331077,0.4313253729068293,5.02020021031276,-3.8509733293467434,N3,5,620,624
-0.37776661290996005,0.4137471239087006,10.003085375500813,-7.8480313523563385,N3,5,621,625
-0.017218067644432723,0.39724526006771865,-1.5942483685190383,-16.173552123338595,N3,5,622,626
1.5511367079448348,0.3928990909103035,109.65119975135094,25.456355771719974,N3,5,623,627
1.9203967301164595,0.3907038261643748,139.08474608265024,48.32053167931226,N3,5,624,628
2.123145865895566,0.3749183486198945,134.03386875941723,52.244174895141626,N3,5,625,629
2.0435354661539633,0.3625716095652038,128.71685664473915,55.88008322431851,N3,5,626,630
1.7037025590732013,0.38097579141164317,140.84295837158933,64.77718659609745,N3,5,627,631
0.5218606509409597,0.4961379883806686,61.053688020761186,49.489992488718414,N3,5,628,632
0.10891795045607182,0.7050117229045455,27.42390268467716,22.090003569315012,N3,5,629,633
0.6385000413981231,1.0206197927577023,53.69734716977691,50.58199972930015,N3,5,630,634
0.7832713774557704,1.3357064932527423,53.95697495956483,50.862691789738165,N3,5,631,635
0.9340497609519162,1.609593518087675,53.636490505221445,50.51622280845986,N3,5,632,636
0.5954623790525773,1.6600250187350638,30.819231135170412,24.128482631063527,N3,5,633,637
1.0773096332759848,1.592565710417182,35.6418488929281,23.97047405436897,N3,5,634,638
0.48218518626996454,1.403858352463547,14.691811436118588,-8.213593194426357,N3,5,635,639
0.49973565098526934,1.217859984431496,14.763942138022685,-8.135602268185176,N3,5,636,640
0.43159611614759685,1.0199648006825441,14.68107372557497,-8.225142831200355,N3,5,637,641
0.19367870080013744,0.7783581953355736,9.787019944713393,-4.132019080194732,N3,5,638,642
0.23875499065411532,0.5669967910390141,38.45884702117765,23.279755482875043,N3,5,639,643
0.13734489719307136,0.5522150488230892,33.38924281451837,27.246114605425827,N3,5,640,644
0.11211708178764752,0.506903946616589,33.410318371599715,27.26883953252036,N3,5,641,645
0.05225733383471152,0.46794461832180617,33.313737884839064,27.16441382798657,N3,5,642,646
0.6973505476890693,0.5933889629863955,61.039752146408865,49.47491078453167,N3,5,643,647
0.09754426667749953,0.7742239566226174,27.61254559990266,22.293825854582973,N3,5,644,648
-0.0049430281602553805,0.7575606620937492,27.32740678756454,21.9268924821401,N3,5,645,649
0.0710351630851278,0.7465526782068281,21.95261135107139,8.977189038790675,N3,5,646,650
0.6332896280089357,0.7523439589919292,54.158794111116,37.39059487224004,N3,5,647,651
0.29851006198075536,0.6333965073249999,26.463090966529855,15.112864308356075,N3,5,648,652
0.24191009833143085,0.4892299346712434,26.489662883905112,15.141606002267508,N3,5,649,653
0.47429145588237703,0.3314311363106043,26.557534145787212,15.27372585162957,N3,5,650,654
0.34144782523885625,0.20312232988744086,32.02237858022636,28.320803621831146,N3,5,651,655
-0.06395570753805942,0.03952370370304266,-0.22101563965552487,-0.1328031014825683,N3,5,652,656
-0.33728747601588793,-0.08831044112255597,-0.24722111199153005,-0.1611643190655741,N3,5,653,657
0.2110527187460832,-0.18126869565768403,30.230259920955724,21.87752545557596,N3,5,654,658
0.29511178601813415,-0.16839938343661628,39.82554813325551,29.23679401185145,N3,5,655,659
0.26826994493252415,-0.1617138536843555,39.7514383758411,29.15667756140683,N3,5,656,660
0.11498049231807954,-0.1877038332915248,39.81233779908435,29.22248886969974,N3,5,657,661
0.38610823524502963,0.06454208966224258,67.5217928727543,51.43546359417742,N3,5,658,662
0.005340351831966928,0.4125199617667846,37.212816063391074,29.578860248742423,N3,5,659,663
0.00014104075060004107,0.758376121810187,32.68793929630628,18.317130379862647,N3,5,660,664
0.14236724721749852,1.2684517721489244,32.70750171645923,18.338314067052853,N3,5,661,665
-0.08872360036070859,1.8325158755961382,32.46641758401747,18.077740892772272,N3,5,662,666
-0.12619171313237984,2.1513570132975817,4.9165991126828885,-3.9626415800441466,N3,5,663,667
0.0029954825249660644,2.3584093859215955,34.03654958600455,26.582163787847094,N3,5,664,668
-0.3174827739519287,2.454608954391605,28.996723002453656,30.517607521430183,N3,5,665,669
-0.5476627740667368,2.342751933385742,28.97211104429516,30.490906575018016,N3,5,666,670
-0.5920816271701994,2.2004570418171823,29.256674528367874,30.79844159509521,N3,5,667,671
-0.6417674429386636,1.955571322955913,28.98188044551862,30.501375623042257,N3,5,668,672
-0.4926591205716136,1.6168996711892247,30.451488441864786,22.116433467416936,N3,5,669,673
-0.32780423965285194,1.2560711458916671,40.016125821963215,29.442667881290255,N3,5,670,674
-0.41834735918811816,0.8898067641982607,39.943248502478674,29.363959774999238,N3,5,671,675
-0.3453452063887653,0.5148569660875324,39.808591468731905,29.218429084575472,N3,5,672,676
0.200770663497201,0.2847700233290908,67.8448440512082,46.35480631030005,N3,5,673,677
-0.3229240838647115,0.13625234590404603,37.03543905029655,23.95735464628742,N3,5,674,678
-0.24229784535704085,0.007113694255721725,27.483283444400875,16.64469571346417,N3,5,675,679
-0.10542737474933687,-0.11938229730623676,27.576513777281797,16.745469670126475,N3,5,676,680
0.2561712340381462,-0.2385048428848222,27.665165247308323,16.841278308993786,N3,5,677,681
-0.3489103776932495,-0.5567986089697001,-0.4021127257976332,-0.3286006895941682,N3,5,678,682
-0.35228173179751254,-0.869541976302628,-0.2627918029567809,-0.17800195937525132,N3,5,679,683
0.2423035267590933,-1.1814683791587952,28.98214576389073,30.50190021857852,N3,5,680,684
0.36941286379704363,-1.4943588518612985,28.94095832300518,30.45740769851691,N3,5,681,685
0.48962208234039506,-1.6397348304851107,29.03568783000228,30.55979861565793,N3,5,682,686
0.352400045896286,-1.6273767154423466,29.235294052191602,30.71677563224148,N3,5,683,687
0.9176036565207994,-1.6284227044408879,56.62625384196072,52.62530901277423,N3,5,684,688
0.2833130632645293,-1.5426013475657214,36.99228501559846,29.321596195935125,N3,5,685,689
0.17685875726602945,-1.360086740452445,37.054133030519004,29.388380679899274,N3,5,686,690
-0.01579978004755276,-1.3476541096782853,36.86268547629661,29.181473996807473,N3,5,687,691
1.2484040306339637,-1.3344787893971073,148.17650911525197,74.25327396048087,N3,5,688,692
1.7180009922545025,-1.1530855898699628,175.21922365953725,86.25739713788789,N3,5,689,693
1.7270521733020474,-0.9911097574126699,165.90529014796704,79.14350485854811,N3,5,690,694
1.9015399022856854,-0.7193320454137847,165.63829162969995,78.8549170813989,N3,5,691,695
1.6750460368891198,-0.3852805495648596,165.82879351395096,79.06082714182995,N3,5,692,696
0.7230964183314142,-0.10444219411349706,54.58464707740641,34.12307844309616,N3,5,693,697
-0.12253241859727951,0.1595448319585273,0.01409781965558068,0.06240583671824425,N3,5,694,698
-0.17954617659564748,0.4103315587279468,-0.44337006363348336,-0.3733231436970527,N3,5,695,699
-0.19537916771348024,0.5056584263986792,-0.06162327063939301,-0.07816675778231001,N3,5,696,700
0.5619584387475924,0.5980182076565341,29.210800410603404,30.59707597734814,N3,5,697,701
0.13518845935385002,0.6991232947927302,29.052396723283163,30.425833749883896,N3,5,698,702
0.404445100057211,0.5951417078153469,56.649068307610285,52.59654780118653,N3,5,699,703
0.6051145710685887,0.4980610118882282,56.991259443086165,52.96637578202499,N3,5,700,704
0.8723247266174781,0.37488464198856947,56.64096148527388,52.70522217163962,N3,5,701,705
0.3776557715304875,0.2581819315871229,27.402020009946135,22.06619846795875,N3,5,702,706
1.1201891231572063,0.417141742825703,55.161759566614634,44.41318570601288,N3,5,703,707
0.730832852197193,0.5725796926140247,37.00532372069065,29.434222316763773,N3,5,704,708
0.7124791378670693,0.6947916917152839,36.83580716440847,29.251046014577877,N3,5,705,709
0.7078133698011243,0.8199532016288004,37.12565104451496,29.564369858391,N3,5,706,710
0.5640864971935798,0.9072197905124796,36.89146334940815,29.311178453797037,N3,5,707,711
0.125766231311934,0.6938043883694973,9.145626712899684,6.9792350175899625,N3,5,708,712
0.3673441804250558,0.5063820957351652,-0.1262642330802919,-0.030495289486134426,N3,5,709,713
0.2682810012601351,0.3159673765240484,-18.654628886536376,-13.04032772059072,N3,5,710,714
-0.091577476235625,0.12437238350280495,-18.783717819872255,-13.179886857283417,N3,5,711,715
-0.06534264107875173,-0.07295044960815175,-18.572138143893245,-12.951190609084005,N3,5,712,716
0.4723147107533123,-0.011716455144102156,10.713099789892294,17.772327572869834,N3,5,713,717
0.9685930045106943,0.042974239513799264,38.091321060764315,39.70690023825155,N3,5,714,718
1.0264743133056526,0.19628554162710826,56.817061493339864,52.87132441255089,N3,5,715,719
0.8262140696643087,0.3232183952072177,56.65456427793324,52.69567446461442,N3,5,716,720
0.767061919375692,0.4486354736146808,56.44061138920297,52.46438885608222,N3,5,717,721
0.6022280038588746,0.44335027382277303,55.06735949338035,44.25239873696555,N3,5,718,722
-0.13562823901163484,0.5072538936782479,41.298643823614114,25.973904473338916,N3,5,719,723
-0.614302390815044,0.47809982443618254,46.10171234930967,21.84114425930384,N3,5,720,724
-0.20335853523820333,0.4965034645689059,46.13551797902328,21.760138171140717,N3,5,721,725
-0.41271361055745504,0.5269362189464857,46.26604506957737,21.9013228319076,N3,5,722,726
-0.526139882985035,0.5443657374338897,18.43172191820413,-0.5261853921881994,N3,5,723,727
-0.49948034308051203,0.47535020598577093,4.638957067250885,-4.3803691075903775,N3,5,724,728
-0.09537612124848352,0.4209744877595284,4.669993972518569,-4.34681533221592,N3,5,725,729
-0.004963322186705454,0.36510731128752527,4.888931035660062,-3.9926257177568916,N3,5,726,730
0.32639990336178926,0.30143638756902646,4.840771386833512,-4.103510420167003,N3,5,727,731
0.204051649076996,0.23795518403256039,4.476255891855544,-4.497547413346183,N3,5,728,732
0.8016522858901964,0.19078467958512987,32.49057465280275,18.124504130971765,N3,5,729,733
1.1693091547807342,0.10872594581254588,56.60862474631504,52.64590890463514,N3,5,730,734
0.7229472665638752,0.03648143946422806,56.66479282011132,52.70662212454554,N3,5,731,735
0.4522592280791457,-0.02842453134030336,56.791020250807925,52.90180475636371,N3,5,732,736
0.9702009451834783,0.1846979240622062,84.80451387955108,75.52306902445052,N3,5,733,737
0.21892034332204274,0.3830993091851781,56.70401953231849,52.807882573360985,N3,5,734,738
-0.12323177222951927,0.6050529621854992,37.235917744490145,29.68342298577263,N3,5,735,739
-0.10158366844005969,0.8037962890451922,37.06344328195555,29.497035485324886,N3,5,736,740
-0.09607700279988193,1.0129524369872485,36.97258982467174,29.39888135649453,N3,5,737,741
-0.4790641803013841,0.8415332704311027,9.31777514221103,7.1653172577745865,N3,5,738,742
-0.16452151835750328,0.6591356734808584,9.321016171498195,7.168786822986294,N3,5,739,743
-0.273166504852702,0.49402849497338364,-0.2649443544818496,-0.18029934885635157,N3,5,740,744
-0.05166633636234792,0.3327696507167218,-0.2500169930397533,-0.1642004706976877,N3,5,741,745
0.3060035033212444,0.13709952596817346,-0.2823895795903809,-0.1992081676646194,N3,5,742,746
1.2901767538588502,-0.052684397713844075,-0.332578849363199,-0.25351061208566533,N3,5,743,747
1.786265297321472,-0.4168482543715129,27.411250391594514,22.076266996534105,N3,5,744,748
1.7892404625687277,-0.9696711962715228,27.475614631945792,22.145774296764284,N3,5,745,749
2.205958361989474,-1.6003897418328847,56.81874229327004,52.93183928491344,N3,5,746,750
2.004970498500313,-2.3244302124052183,56.79472644124398,52.905863382458485,N3,5,747,751
1.118929416752917,-3.070634297834684,84.47275115215598,75.16454337043106,N3,5,748,752
0.7236938783238657,-3.539959774518215,56.90033487080582,53.01999398750195,N3,5,749,753
0.49263655575265375,-4.007437285139301,65.6299309146918,59.44362954553217,N3,5,750,754
0.13214633336722273,-4.408169526312892,36.89226895458123,29.31201207585036,N3,5,751,755
-0.034187245722637274,-4.7630609896448615,37.062987558345775,29.496526347821053,N3,5,752,756
0.0012134644745515288,-5.169174855652119,114.70263451288193,38.34856920665406,N3,5,753,757
-0.12438429952294427,-5.618734282202811,114.60247413553006,38.24038175124224,N3,5,754,758
0.17107179469613812,-5.937761769423156,105.7306524816493,31.662966972906,N3,5,755,759
0.15130040592335944,-6.350796329126586,105.10875855234117,30.990775180709896,N3,5,756,760
0.32919177382153747,-6.598395913332899,109.82337543645698,26.703741535967858,N3,5,757,761
0.02444969020937151,-6.717898561370096,4.7454886561004965,-4.147733086662629,N3,5,758,762
0.32647590865038867,-6.681800865884474,32.428699096899074,18.11647276664153,N3,5,759,763
0.10789675303755075,-6.635902184865467,32.00202741585163,17.59654823498131,N3,5,760,764
0.46591031310777,-6.45643549988984,37.31485934596276,17.9683792976728,N3,5,761,765
0.5532411371965622,-6.293432638414127,32.695617974751805,22.358503066953563,N3,5,762,766
1.3088819936060758,-5.859611199171992,81.37009398215378,66.74066701230258,N3,5,763,767
0.9879918917125906,-5.572259217788131,53.73848581481216,44.53222315398889,N3,5,764,768
1.2256917774516296,-5.149121757439295,63.72228458885875,52.370255287852345,N3,5,765,769
0.5941977045795284,-4.697605239607239,58.497615750825936,52.093720490652046,N3,5,766,770
0.5701528891991188,-4.168629077275784,58.17072241673304,51.74041858327255,N3,5,767,771
-0.1370109759509887,-3.8495755877969877,9.361520528650725,7.212601164518856,N3,5,768,772
0.9946197239134562,-3.5332961540763153,63.98359715724655,41.29654006348792,N3,5,769,773
0.8743427956241134,-2.9922958733042897,54.30554672359358,33.84773038736894,N3,5,770,774
0.9334385701799078,-2.3555708662310586,42.72591257326057,25.54143397923399,N3,5,771,775
0.954643483931784,-1.8441731334689728,42.89580157210512,25.725045015125215,N3,5,772,776
0.8235834623017126,-1.2963022976148721,42.89123126172926,25.720120987616248,N3,5,773,777
0.3201540122776237,-0.7228687137056589,18.898476671797834,11.15051995235117,N3,5,774,778
0.3711007753192007,-0.5010495862785774,19.05530775332081,11.320028325381282,N3,5,775,779
0.3974698713845896,-0.484932459558015,30.519360773295922,19.50140326600449,N3,5,776,780
0.40370971005696676,-0.501283426033401,30.491991013068038,19.471830239991686,N3,5,777,781
0.888693584511634,-0.6444576393466732,61.137507716260735,39.00365505099908,N3,5,778,782
0.49872884180788335,-0.5924933296397363,59.678303803674495,50.08836308930768,N3,5,779,783
0.4080985354523932,-0.41061084224464894,59.215644799210715,49.58833243768022,N3,5,780,784
0.794723163433639,-0.1805083703596317,59.822389766812556,50.244189989169534,N3,5,781,785
0.6079542101562879,0.03453030703375859,59.578356939423244,49.98035089176265,N3,5,782,786
0.21593481317527222,0.30915640995092486,28.95009503427791,30.467164811399563,N3,5,783,787
-0.20855167831506377,0.4101362408374968,9.40386696233836,7.258310390188126,N3,5,784,788
-0.15912862966580404,0.3649271613811699,9.629401356357993,7.502062607550033,N3,5,785,789
-0.6380243608634032,0.3255466205756413,9.30634311081958,7.152824204081844,N3,5,786,790
-0.5707607334387831,0.28954968384151913,9.382694376340078,7.2354302489518885,N3,5,787,791
-0.6974040080426335,0.2219493493857847,9.329730321648821,7.178205323946168,N3,5,788,792
-0.05678015775856693,0.25241111554246987,27.36039514816948,22.021259560267207,N3,5,789,793
0.03690028022290335,0.31510057438525435,22.108812389288506,18.258968216730135,N3,5,790,794
0.35536664397312734,0.3676814144933907,26.848126696879625,18.01087934520183,N3,5,791,795
0.6001144178328559,0.41079677043065954,27.102601418431732,18.28588379251014,N3,5,792,796
0.7419111961818544,0.4963076049647356,54.710036865151054,40.38854549019961,N3,5,793,797
0.1951883500366307,0.5627759383216364,26.872359024651814,17.957304652439053,N3,5,794,798
0.2959064865776327,0.6187445356396815,32.48572597713282,22.110699468862002,N3,5,795,799
0.49534355033381416,0.6530442832961292,56.82076265640499,52.854321283226454,N3,5,796,800
0.4352670248551817,0.7100458684834884,61.694883668112745,48.73973951952721,N3,5,797,801
0.26260004922273766,0.6236749129464698,33.818582280910775,26.346437471796527,N3,5,798,802
0.34106068431136694,0.33578669517246096,34.00990648210573,26.553232159875915,N3,5,799,803
0.04983646697083941,0.14702041080442071,43.35785557567506,33.59335981902841,N3,5,800,804
0.005572587613960423,-0.0020064173248826476,14.224669195902242,3.0342220906517468,N3,5,801,805
0.1811016616263487,-0.18588229082042176,9.108260481002798,6.886986494060693,N3,5,802,806
0.37988081637429333,-0.3442970778685428,9.35701460307464,7.155859338079608,N3,5,803,807
0.9965425023418106,-0.49426408025018775,40.1489927663788,29.494700872601243,N3,5,804,808
0.7719889870168913,-0.6424779766604054,30.640397403892713,22.280883147330314,N3,5,805,809
0.2969840238418328,-0.7805770547234268,30.549972089227232,22.183144199382514,N3,5,806,810
-0.12852895332086972,-0.943562581360171,30.55345358018094,22.128138691274216,N3,5,807,811
0.3517316280818477,-1.0159375805240507,61.22011339500896,41.68282560862135,N3,5,808,812
-0.38092449785887084,-1.0512293865689173,30.53274744055816,19.457084795589616,N3,5,809,813
-0.120979858486578,-1.090655250755497,30.499106224735442,19.420779137141654,N3,5,810,814
0.025109096555377165,-1.1003330867037178,30.393836090242257,19.306950609779598,N3,5,811,815
0.41760262421536254,-1.019870060972353,30.576924960485485,19.563563952640834,N3,5,812,816
-0.03601107096388887,-0.8601119442850674,29.013758470420726,30.501571993315885,N3,5,813,817
0.007063000080313487,-0.6292134541870403,17.181111685317592,21.92179088705234,N3,5,814,818
0.16330839342733725,-0.4672808986367528,26.89871735635388,29.413277525691957,N3,5,815,819
0.30769500505975883,-0.38153032568737044,26.980804969990277,29.502058527712506,N3,5,816,820
0.33265463220428726,-0.32986985718567186,26.752042931599135,29.254812807439883,N3,5,817,821
0.509274962984648,-0.312792753566864,105.31257836926815,36.52043310099907,N3,5,818,822
0.9571191742416886,-0.3053293831063442,144.67989630897645,67.20391718921965,N3,5,819,823
0.7893940626853577,-0.12780612618830958,139.958865051069,55.7301139008654,N3,5,820,824
0.740698502955081,0.048647486898843795,139.61681222716288,55.3016173896598,N3,5,821,825
0.3947323381177057,0.21324557489246915,139.88640260385583,55.59301513168248,N3,5,822,826
0.4554332532564217,0.35705437573086557,63.09812840462255,37.615340573769934,N3,5,823,827
-0.19499394973946665,0.49651014570475593,35.399199408027926,15.334092758580663,N3,5,824,828
-0.24325228713311162,0.5410248083653556,30.462390554223383,19.380956473589322,N3,5,825,829
-0.5217335288414915,0.700848532602901,30.767361824860565,19.76942461370272,N3,5,826,830
-0.6489537822151192,0.8654177291982471,30.699086748977425,19.695584249425885,N3,5,827,831
-1.0677312987221625,0.9068484156637631,-0.6731186680874088,-0.6217001655480999,N3,5,828,832
-0.409854609049637,0.955128530376362,32.009695646032924,28.306813931699434,N3,5,829,833
-0.33182634376959186,0.892774031182379,41.476525266144016,35.52728048602366,N3,5,830,834
0.18656596196865394,0.8187277248184508,46.47631221437914,31.548396502868126,N3,5,831,835
0.26676819633628385,0.7320132625939728,41.008763601232204,27.5527288489895,N3,5,832,836
0.22034681372273326,0.6410669929969366,41.4351974130157,28.013738113433647,N3,5,833,837
0.2394372428658471,0.5041635372993767,36.31848745869938,21.22294701350838,N3,5,834,838
0.4488929551105457,0.5581159965408261,26.822770349848724,13.971243824942212,N3,5,835,839
0.2554770532873135,0.4936600092644966,21.86195778544352,17.992209667008865,N3,5,836,840
0.33775450130492574,0.44416573353920724,27.354587597474165,21.956294574660568,N3,5,837,841
0.8278436826993243,0.6702272618515493,55.13179414811602,44.32209172581643,N3,5,838,842
0.3868267365011434,0.9860346221624194,27.64315297873254,22.26810849399044,N3,5,839,843
0.5313566978644644,1.075319395596739,27.621279578329997,22.185766553455323,N3,5,840,844
0.44962890083234014,1.1687237212832193,22.09169626435905,9.1423973481571,N3,5,841,845
0.2054321002754591,1.1866226648022493,21.887072644845468,8.979982292916247,N3,5,842,846
-0.26094351562303475,0.9352963911699632,-5.684765578585211,-13.163892849037802,N3,5,843,847
-0.27479587993575477,0.6017004163672425,-5.8266835460672155,-13.317264365343727,N3,5,844,848
-0.7679519333380312,0.2301843609420157,-5.917827635978756,-13.357037739018415,N3,5,845,849
-0.5452742888863782,-0.10088325536878137,34.76444306343619,34.97305129452434,N3,5,846,850
-0.22130919551652822,-0.3912041890683266,39.70864868512581,30.934163419908145,N3,5,847,851
-0.18621586509889312,-0.6740654841129633,39.084729003201936,30.25976146875546,N3,5,848,852
0.9955628252128577,-0.946601474935856,107.4782392380861,76.73184325990806,N3,5,849,853
1.0966106253254566,-1.1035414162922283,107.69591879875952,76.96713976051178,N3,5,850,854
0.8461386435154736,-1.0994514777233046,72.3323178210616,41.45238577218479,N3,5,851,855
0.49452086815664414,-1.0822132443686763,67.68829842217819,45.81570328332964,N3,5,852,856
0.9000462644005893,-0.940242899507458,98.83737600536696,65.89187116333851,N3,5,853,857
-0.27388519835442365,-0.8992449821120025,30.436435799015452,19.411733659895255,N3,5,854,858
-0.35218820668914075,-0.8624375814657306,30.47873099710414,19.45743559663606,N3,5,855,859
-0.5648371421436309,-1.0235632243382398,35.59231947926746,15.601723610368936,N3,5,856,860
-0.48423030113689264,-1.1400969200597522,35.348463728469504,15.338150634610065,N3,5,857,861
-1.0439029789330108,-1.3395730050083046,4.736052473548625,-4.157932690229063,N3,5,858,862
-0.9775658752190111,-1.4887805849480933,4.785671265792916,-4.104268903526827,N3,5,859,863
-1.0135838791001448,-1.6807625421350416,4.489685832966643,-4.4241848813253455,N3,5,860,864
-0.5815397097832602,-1.7566669265508126,-0.38838840498792704,-0.31380873031521334,N3,5,861,865
0.2588858235275211,-1.7649293849354095,33.779387251783916,30.65808219374667,N3,5,862,866
1.7265674133739934,-1.8283924711575374,33.594405416210066,30.39940790117471,N3,5,863,867
2.248953436436591,-1.8588823462371322,70.02145668611483,55.44953041972476,N3,5,864,868
2.382471636324419,-1.780837229589686,70.18816649297659,55.6297065402141,N3,5,865,869
1.9636729900791579,-1.6952004767114417,70.11867178865941,55.554535868340466,N3,5,866,870
1.237942914241819,-1.694380863856503,35.98180499197188,24.616047426738806,N3,5,867,871
0.5021311564782991,-1.5808313486251848,66.91293494494748,44.51531505503444,N3,5,868,872
-0.0037481656206296067,-1.1077777981361805,30.435079152746766,19.41023502621465,N3,5,869,873
-0.1386712434031665,-0.6870302583291803,24.992719461829985,15.441759823186294,N3,5,870,874
-0.11188745163295835,-0.32711861359410366,29.93827508107497,11.404349171488866,N3,5,871,875
-0.29038436481613417,0.06470382130219435,30.024897760465684,11.49798397189079,N3,5,872,876
-1.1464349252727402,0.48700908899975703,-0.8226222969315131,-8.25217713529928,N3,5,873,877
-1.1612245531759413,0.5355575927642888,-0.9293674932414433,-8.485111146921554,N3,5,874,878
-1.0371460112701243,0.5857686761189725,4.758268526253232,-4.251520257930679,N3,5,875,879
-1.1543233481317998,0.6260072914533978,-0.23214017862919717,-0.26257388688391076,N3,5,876,880
-0.7920982717573907,0.7655954201456566,-0.2200700363217038,-0.24948660459776875,N3,5,877,881
-0.7986207410516044,0.8033346285768517,-0.23855085724353559,-0.2694625979289412,N3,5,878,882
-0.29628765014329017,0.8253474664492118,51.005082418542585,48.25850226526527,N3,5,879,883
-0.343882098179472,0.813844055272213,50.756254447413085,47.98957018086876,N3,5,880,884
-0.25140910046159204,0.8064081316400589,50.88108558588719,48.12452207058887,N3,5,881,885
-0.49823041210640895,0.8764654387578019,50.86080933393241,48.10257129879392,N3,5,882,886
0.6665849047300867,1.2410462344068918,161.45169199337542,94.76521453829119,N3,5,883,887
0.12948415323116932,1.5709108249314183,110.48007590487104,46.6488523717715,N3,5,884,888
0.2817572932871144,1.906386365763452,110.57817160435516,46.75485367966612,N3,5,885,889
0.3779479957348599,2.2055081009022004,115.32655721611226,42.504299216401705,N3,5,886,890
0.4773917147055727,2.285871330928675,120.24669026483753,38.43940499602977,N3,5,887,891
-0.6270558403117092,2.036826153571371,14.743756659714563,-12.106758046124742,N3,5,888,892
-0.6663745923358988,1.8051746814056877,14.729570113428053,-12.180847038952924,N3,5,889,893
-0.6399848983751213,1.552963668891509,14.631474413943943,-12.286848346847545,N3,5,890,894
-0.35491308606511895,1.2977790693998386,14.753915229236009,-12.154521872064652,N3,5,891,895
-0.5531638397207302,1.1081137208315923,9.747462245634233,-8.18298295298664,N3,5,892,896
-0.3135039850297403,0.9444454543392589,4.763600944280915,-4.186983392923139,N3,5,893,897
0.17273657448367885,0.7336059611145366,32.363907470209234,18.04636962499935,N3,5,894,898
0.20259629629405254,0.5127345919318451,67.16888916181342,52.95734026408827,N3,5,895,899
0.12432044286966856,0.3820189514607705,62.124703340147974,56.8881112142044,N3,5,896,900
0.310147861809935,0.16425984796731113,62.29200302369573,57.0689847433292,N3,5,897,901
0.6108686446193474,0.1095324371574307,93.24632717006462,79.62306825370106,N3,5,898,902
0.13426663930384847,0.18631415703428544,65.30344811837422,57.07817579988114,N3,5,899,903
0.02176964464650837,0.26272046930474746,30.560073425665905,22.23375019901141,N3,5,900,904
-0.17028387401601322,0.23804101556161328,30.82477879296348,22.519915729781495,N3,5,901,905
-0.2146979658906048,0.26173930538109713,30.78189937134448,22.47359229967551,N3,5,902,906
-0.7100156443558717,0.15076419430771004,-0.3365801680527511,-0.25788225081196287,N3,5,903,907
-0.5879141599757304,-0.0244034506039462,0.021833753908867947,0.1295048473191855,N3,5,904,908
-0.649864080875932,-0.20985270149744933,-11.614386184515023,-8.237890496970067,N3,5,905,909
-0.6678330280813156,-0.3817698835314367,-12.033348730207944,-8.69076824695585,N3,5,906,910
-0.11086185269201679,-0.47000307025880017,-12.032165928327595,-8.689477720360447,N3,5,907,911
0.10846359127206143,-0.4982944905005741,-6.878982337814523,-8.490215175923367,N3,5,908,912
0.14999570819211386,-0.4551578873474874,20.723655281301763,13.647136424140626,N3,5,909,913
0.21194562909231535,-0.2732419340827256,42.00216305877402,29.42465210484079,N3,5,910,914
0.24449619940588718,-0.028918032537163896,41.89563187338645,29.309496840511564,N3,5,911,915
0.24407082432074959,0.39451767130849336,71.13101265631413,59.97908114641977,N3,5,912,916
0.7174868844063553,0.7943563857998839,93.91523361988075,76.76549960677585,N3,5,913,917
0.3555741914971236,1.2978065764186184,66.2789372326777,54.59179119909968,N3,5,914,918
0.37092861248340797,1.6689668463121172,56.474313560700104,47.00622207113774,N3,5,915,919
0.4039362449148484,1.9558151543193076,57.06860655968194,47.648657282982455,N3,5,916,920
-0.08530232162820539,1.9432492619705848,27.75360378773039,16.83429422790723,N3,5,917,921
-0.6598870800283976,1.8239931538653718,-0.1987492086016573,-0.16756724650695104,N3,5,918,922
-0.4437209080518869,1.498645251938521,-0.10090635792003014,-0.06184468496940099,N3,5,919,923
-0.437628184679329,1.179749581722825,0.02893892651918577,0.07846340234173113,N3,5,920,924
-0.4278216945269378,0.8694191878599412,-0.22468368221598212,-0.19569924490642734,N3,5,921,925
-0.11866119193773557,0.6268193805067016,-0.34960493613471044,-0.272024067822349,N3,5,922,926
-0.30005861974773324,0.480099470339593,-0.6828047129776678,-0.6321752214877051,N3,5,923,927
-0.0014181310491494514,0.3391769803797196,30.48405013603915,19.46299384484446,N3,5,924,928
-0.2564896346264618,0.13595037060161258,39.49488117360015,26.190605975230575,N3,5,925,929
-0.18341249023527553,-0.03491305787054753,39.98770127223543,26.723312572615395,N3,5,926,930
-0.5721945355783078,-0.18774295706002614,40.0050338818779,26.683255816035672,N3,5,927,931
0.5601217044019677,-0.07902450495391075,87.49843664424262,72.06698413066333,N3,5,928,932
1.0733959814815308,0.025319909833533404,112.66085032776463,85.95851451219787,N3,5,929,933
1.1588853864224233,0.25277863820474866,103.44935186288349,79.01406750676396,N3,5,930,934
0.7634924999696523,0.43566239312145594,103.13254235245695,78.67163866874398,N3,5,931,935
0.5492691072684124,0.516519605868095,102.27128451124153,77.79938746393236,N3,5,932,936
-0.2773211672030243,0.2330854184717433,56.13043740419816,37.84694968198164,N3,5,933,937
-0.9472121868263684,-0.0786138859558652,-0.44891733873082557,3.5899300577220856,N3,5,934,938
-0.7066045548919646,-0.46854814759378094,-0.22072628897440155,3.8365684539370704,N3,5,935,939
-0.04902515060589394,-0.792765492991712,-0.162526280010934,3.8406661052657,N3,5,936,940
0.26913589315166747,-1.1893606665029377,0.48329457149084193,4.538816715747816,N3,5,937,941
0.16614689268110397,-1.4801229163112004,-0.19440891511330846,-0.16295997389388503,N3,5,938,942
0.27992649846532913,-1.6849792417139167,30.733506124872655,22.36263003633285,N3,5,939,943
0.03862857929959773,-1.7505619935231416,30.705666962639953,22.33247441243584,N3,5,940,944
-0.24747583123184996,-1.7083136202959064,30.404619683382045,22.065809774812077,N3,5,941,945
-0.25290851910872336,-1.477239554762919,30.850697291265533,22.54797920450874,N3,5,942,946
0.1609623205546427,-1.0371155171765511,58.21744257891987,44.47012680019689,N3,5,943,947
-0.20336830915406381,-0.5588453237761406,36.889174349176756,29.308584910241915,N3,5,944,948
0.43067508007211475,-0.1897485618143328,65.76524974208151,59.58989235256449,N3,5,945,949
0.4792261409390107,0.031793087808440035,71.24143968064308,56.1259390270272,N3,5,946,950
0.48345347148102746,0.1644123704740604,59.51274845415465,47.658515250808705,N3,5,947,951
0.7255419300157087,0.045806499401372845,139.4831679912648,63.14143301259246,N3,5,948,952
1.0278037884902234,-0.2024006468345892,134.84355549878964,51.7556618501214,N3,5,949,953
0.4061313572174754,-0.4532494901103082,100.55214134261041,17.535119440756535,N3,5,950,954
0.22398047949823194,-0.7082471983693583,95.15186695139418,21.08111111980761,N3,5,951,955
-0.0021260218598172288,-0.8584132504470656,106.57809676847391,29.22166507604925,N3,5,952,956
-0.6388685838129163,-0.8999045486585551,-0.8125399467389798,-8.241254619143728,N3,5,953,957
-0.18711750717958467,-0.8396903001729428,25.03015339841222,15.482295168717974,N3,5,954,958
-0.18711750717958467,-0.7407591101860312,30.411244937189622,19.3845473041285,N3,5,955,959
-0.13169070446163006,-0.6790214423453129,30.31738132899336,19.28315758331082,N3,5,956,960
0.0129994703846819,-0.6749245216884716,30.739544161129743,19.73947142966863,N3,5,957,961
0.3689308450905628,-0.33756622473523235,57.7542833350657,41.281293811857175,N3,5,958,962
0.014008665811957144,-0.05709081747475366,37.078501570360096,29.409849008067976,N3,5,959,963
0.05510094799972194,0.20375420884397713,36.98741002267634,29.25267012549375,N3,5,960,964
0.03561366330537794,0.5171874786916533,36.89829141857335,29.156345495181448,N3,5,961,965
0.5486815889732611,0.8041665202760584,69.03072434231726,57.45416245445158,N3,5,962,966
0.40153261273138696,0.6195227976808326,41.795316013606495,35.67381358256243,N3,5,963,967
0.17514503563915013,0.4524856737682967,36.91139803196711,28.139859390239145,N3,5,964,968
0.0703029483443629,0.28743832453142704,36.97872447846894,28.27137107500239,N3,5,965,969
0.36567210524746085,0.13156495729486792,42.22309149817447,24.556894164549885,N3,5,966,970
-0.04444762658880563,-0.019742064253222225,9.673566772477352,-4.250549453731219,N3,5,967,971
-0.04802248578010904,-0.14915933732370448,9.926482784478868,-3.977151273914933,N3,5,968,972
0.20852197000302794,-0.2763963330611162,29.290599861786177,12.597098444201402,N3,5,969,973
0.1408244061377218,-0.39628480164616847,29.311838946393983,12.620005648395454,N3,5,970,974
-0.10299387069871954,-0.436107019702893,22.884807625773828,15.056034241725138,N3,5,971,975
-0.11491317565181589,-0.46673376778183595,24.480057168085477,16.83912168972165,N3,5,972,976
0.21110579611938646,-0.3783800196570688,51.975867543129425,38.90074841323731,N3,5,973,977
-0.11495559803364586,-0.0974900810216944,27.357255022712344,22.01777471035093,N3,5,974,978
0.379149514795904,0.1811382028421221,41.17656684291141,29.420049809994815,N3,5,975,979
0.4068862315616684,0.3785548126166603,42.47151504822396,30.8198194929093,N3,5,976,980
0.3894122416422192,0.5626960054530642,40.86152648117568,29.07955134412841,N3,5,977,981
0.31569059730784377,0.6205719767712659,42.361815995330105,37.4288657103607,N3,5,978,982
0.3852075356777391,0.49085646020396184,42.86248917188495,37.97004241668619,N3,5,979,983
0.2934661340990147,0.34197806163331845,29.012302866915707,30.53440198566168,N3,5,980,984
0.47457132360976856,0.21269766156218423,29.137836047221207,30.670076226475068,N3,5,981,985
0.7815617925728929,0.08362317289420389,29.252549614386226,30.794106861168984,N3,5,982,986
0.33297054764753964,-0.04850646076099423,0.180047937866766,0.3005744245361711,N3,5,983,987
1.9394319522395336,-0.08149995607273582,30.42300259886979,19.397261775594963,N3,5,984,988
1.975800608819918,-0.17034365415999062,30.42158083425311,19.395792784636434,N3,5,985,989
1.6182429743202533,-0.311199513332582,30.4769892832468,19.455774615368135,N3,5,986,990
1.427362013051993,-0.5378029961243144,30.598714620736427,19.52861897395269,N3,5,987,991
1.9520769536207354,-0.6669481483372529,61.15568503512331,41.65325160237044,N3,5,988,992
0.1850617400683973,-0.7663567686807312,30.542245743691456,22.15607759334671,N3,5,989,993
-0.05745958432112275,-0.8301201448737252,40.027586886145585,29.396479839130915,N3,5,990,994
0.06914043588247978,-0.8659911030732665,40.05208056018746,29.42290351395932,N3,5,991,995
-0.10080485182395478,-0.8419599602694398,39.948699039164055,29.369822710341396,N3,5,992,996
-0.5715437465466493,-0.9709396490368156,3.6418718340981284,2.944251771292329,N3,5,993,997
-0.35895286101545026,-1.2674737983171673,3.5542983357911,2.849556119220506,N3,5,994,998
0.28326006094464445,-1.5477257787642855,23.602308967435967,26.566365150972707,N3,5,995,999
0.336688255656486,-1.8368956911944643,23.504345213067428,26.460479899124767,N3,5,996,1000
0.606768672338967,-2.006531536191816,22.982716587789763,25.896668271753878,N3,5,997,1001
0.6265307816987843,-2.1250282218551733,28.974070452137674,30.458728806773433,N3,5,998,1002
0.9379987045908592,-2.2201737960017027,57.01723371246044,53.11195938337623,N3,5,999,1003
0.6066555042211348,-2.2977820506309987,27.519809298744075,22.134766089244657,N3,5,1000,1004
0.6372512685790866,-2.322589589573171,27.491639808638137,22.10424232882142,N3,5,1001,1005
0.475672111176209,-2.4318333836046664,28.106391890555095,22.768706971919165,N3,5,1002,1006
0.724516718029065,-2.3309231930260297,55.457422529003814,44.67380854890071,N3,5,1003,1007
0.3365150299031711,-2.1236881424983123,27.47128927653539,22.02345874540406,N3,5,1004,1008
0.1600825822944671,-1.7936453281606504,36.920570953130664,29.283687650005596,N3,5,1005,1009
0.3671389702704232,-1.4859895554934794,36.91275659526873,29.275290764711098,N3,5,1006,1010
0.4883902614266276,-1.1613411865474688,37.004613932551,29.37459520546181,N3,5,1007,1011
0.25126418717543403,-1.0104272083968042,9.252633857358887,7.036015845097427,N3,5,1008,1012
1.0283307585340253,-0.9118917101854933,65.69597866301191,41.20482575570204,N3,5,1009,1013
1.1606561961062767,-0.8886349170459666,56.137259883995284,33.82632530381161,N3,5,1010,1014
0.8055014909929014,-0.833672342292175,44.218569873584784,25.08557951550829,N3,5,1011,1015
1.0816983589029519,-0.7785932990890686,73.89209851637133,56.228705408179664,N3,5,1012,1016
1.8029840340232908,-0.6042437020816109,181.39116922682297,93.8089058721911,N3,5,1013,1017
1.3679785059855931,-0.2489027969351582,155.64246229047276,81.97232973417195,N3,5,1014,1018
1.1238346284051317,0.13422435031607166,155.6816801648485,82.07349349046562,N3,5,1015,1019
1.1996267467110897,0.44685564309984327,167.6880774744597,90.90905841661151,N3,5,1016,1020
0.6993481691792567,0.6988857232322971,137.89395835451433,59.63562253032141,N3,5,1017,1021
0.6226944505508186,0.9998349596930425,61.14011386333732,41.69502661845108,N3,5,1018,1022
0.33802757701663494,1.1470878559679931,30.52192001414369,19.50418413110092,N3,5,1019,1023
0.22299690212183804,1.2083724103790303,30.445275803374535,19.4212771885861,N3,5,1020,1024
0.26470733659534745,1.2738829336925561,30.283630345528945,19.246538004851754,N3,5,1021,1025
0.4861278046577354,1.3619121953003983,30.50629922605731,19.48721227875867,N3,5,1022,1026
-0.48613857344388406,1.2368090700875698,-0.3378989808334154,-0.31813770317385204,N3,5,1023,1027
-0.46158048174991106,1.1068604962408117,9.231236938005896,6.961139182775514,N3,5,1024,1028
-0.22416418775557076,0.9672494350011689,9.460522844869411,7.209031994672841,N3,5,1025,1029
-0.33906986513109133,0.8234049412478157,9.495450931509549,7.2468316141174,N3,5,1026,1030
-0.44318347701607763,0.6671180056829698,9.229969223523222,6.959852677260642,N3,5,1027,1031
0.05332946888094057,0.6951921385335182,38.70583845442597,37.94815664225462,N3,5,1028,1032
0.41786407726311836,0.7034821039368936,56.44867163048038,52.531942287803396,N3,5,1029,1033
0.5121152925732758,0.6943226880165483,51.02955032773316,48.58858663291903,N3,5,1030,1034
0.6060261736600523,0.6690653461174136,51.2217169882133,48.796303513488965,N3,5,1031,1035
0.647979934473699,0.6258667468388524,51.23538609258103,48.81111567363259,N3,5,1032,1036
0.6371640217463324,0.8935208136374868,49.5844411505037,40.21937506497634,N3,5,1033,1037
0.3665843170294238,1.156490380966774,27.352454358612885,14.464183222813881,N3,5,1034,1038
0.01663389723992168,1.4113728245847725,27.158840485523978,5.274348776366969,N3,5,1035,1039
0.14508281919340787,1.6568144621012664,27.032042879308573,5.137226280080358,N3,5,1036,1040
-0.0858579838142191,1.8667584423601546,27.01884790690092,5.122884406091179,N3,5,1037,1041
-0.28396097540232856,1.637141406156644,4.188976122588793,-21.198833052651025,N3,5,1038,1042
-0.3223095947864863,1.3268088454388896,8.756922095888877,-9.890513967208971,N3,5,1039,1043
-0.2580341322566369,1.0107828133572923,14.127705313128535,2.9811207060331073,N3,5,1040,1044
-0.3401380510878084,0.6892784906386211,14.175102728068305,3.032338202968822,N3,5,1041,1045
0.052025782156079003,0.33021149797032406,14.199672766122967,3.058961861514399,N3,5,1042,1046
-0.007082494564463105,-0.022273010932908476,9.373441229492892,7.225426093627175,N3,5,1043,1047
0.1844483453671387,-0.3384859342471252,30.485407796155776,19.46466882595705,N3,5,1044,1048
0.6378827316905926,-0.3570441433606426,59.91770730894932,50.34711671955447,N3,5,1045,1049
0.7325588337514433,-0.3093153728318754,59.68061225085548,50.09086475395088,N3,5,1046,1050
0.6723510406793253,-0.20262642107405995,59.7983272022233,50.218052568799614,N3,5,1047,1051
1.03762146704737,0.11413688337737896,87.4730632143779,72.39343187076739,N3,5,1048,1052
0.7861513043768469,0.3992685608034698,56.73760090219876,52.764442125768255,N3,5,1049,1053
0.5023278610423404,0.4864850110730522,27.466646342229797,22.056360088189102,N3,5,1050,1054
0.2764454145149102,0.5146667041917773,27.55138275744539,22.147943036536162,N3,5,1051,1055
0.1460872760468419,0.5559131478028491,27.556426353113785,22.153395176630873,N3,5,1052,1056
-0.22818885153226348,0.2963185773158976,-0.24742478733242024,-0.16162492612202187,N3,5,1053,1057
-0.052067523111099946,0.061961245130111565,-0.31846796176978387,-0.23846584005077603,N3,5,1054,1058
0.11426388277272963,-0.2631346997275784,9.23879641473177,7.079748663971259,N3,5,1055,1059
0.305982081436116,-0.5880940725379844,9.034201171863241,6.858605089061894,N3,5,1056,1060
0.45433162465253646,-0.8478810717755586,14.22283734884113,3.0838525431834567,N3,5,1057,1061
0.5680303339607804,-1.0696344110811402,14.252873807339347,3.116369831027987,N3,5,1058,1062
0.7408682554518237,-1.2604679351864831,44.9106851092627,22.661543722350324,N3,5,1059,1063
0.38999767718678413,-1.336925529688891,35.368731290216964,15.359944191631802,N3,5,1060,1064
0.4115897418211489,-1.3897405706943295,35.74964378654986,15.77172937855794,N3,5,1061,1065
0.5739053266243218,-1.488541388246506,59.674972774864,50.08484011536202,N3,5,1062,1066
1.0909624519246222,-1.4169115463965825,90.51277659157203,72.51295653639173,N3,5,1063,1067
0.7261771365183677,-1.0322458118061504,64.72442036950233,48.84813889324069,N3,5,1064,1068
1.1751733694020572,-0.7132547397857195,64.82918689951039,48.96137980081621,N3,5,1065,1069
0.9325545733632226,-0.4112990594278301,64.50141987322277,48.60706911058878,N3,5,1066,1070
0.7610165136923911,-0.07284331067286587,35.536418327467985,18.229754562974996,N3,5,1067,1071
0.22220513963278563,0.08658454121783876,4.797219937726913,-4.091825099474226,N3,5,1068,1072
0.11301107069249383,-0.040891049317029624,-0.19246027347980998,-0.10204772779616178,N3,5,1069,1073
-0.19248686625118125,-0.1552250863924584,9.326860910542019,7.1751296669259315,N3,5,1070,1074
-0.12132248584180161,-0.23951098582990227,14.489558701688656,3.3724034752805894,N3,5,1071,1075
-0.219436836484374,-0.34737684073471087,14.287692272358981,3.1541744938054763,N3,5,1072,1076
-0.17736614647020588,-0.4526580591113628,8.738808202939982,-0.9294793143228162,N3,5,1073,1077
0.27258034072521015,-0.6733099740479573,36.533963852196756,21.455680803547875,N3,5,1074,1078
0.1884728788395819,-0.8203113947770518,26.890776719384302,13.985842870698253,N3,5,1075,1079
0.35166387730041604,-0.9236990829485577,22.01391128079995,18.097551973123338,N3,5,1076,1080
0.3399940608981524,-0.9529808762471831,21.88881624339847,17.96242670376887,N3,5,1077,1081
1.5338556415833864,-0.7407358766865826,142.8260899386718,84.4966247911274,N3,5,1078,1082
1.2186589482302679,-0.27396277446979694,115.1405065697807,62.22988408650781,N3,5,1079,1083
1.4065057299785395,0.09929103837152269,115.17680536346452,62.327909117005035,N3,5,1080,1084
1.3655446628162509,0.5376498115230219,114.83020830378955,61.894463108504716,N3,5,1081,1085
1.4732707213809704,0.9052799136892602,120.18333499551518,58.29749287981249,N3,5,1082,1086
0.05634874181662326,1.0384235150432375,4.770173100235115,-4.179755080482574,N3,5,1083,1087
0.02804534648414574,0.9695443750711619,4.772461670904886,-4.177348092460306,N3,5,1084,1088
-0.1519918247718465,0.8871848096139943,14.23449271642894,3.0378549693457897,N3,5,1085,1089
-0.1463059753070411,0.7099140514788388,14.535886176224448,3.4224147008542785,N3,5,1086,1090
-0.4586969796847029,0.5131730790911462,9.275976988648472,7.120054151493969,N3,5,1087,1091
-0.21187166699589852,0.31119120705557607,8.828961488550704,6.63683326827595,N3,5,1088,1092
0.8017313757266151,0.13949359964851168,76.94690762668179,52.81117285667133,N3,5,1089,1093
0.9840351709996525,-0.013714475906361656,67.56102327964182,45.67824237489403,N3,5,1090,1094
1.0043062768042659,-0.1975621802885783,67.4880482629247,45.599396589235404,N3,5,1091,1095
1.0440397648121347,-0.32204209396435457,67.54153480870882,45.657261535272845,N3,5,1092,1096
1.3992339762738992,-0.04966145459762572,98.56796920980705,65.60087811962948,N3,5,1093,1097
0.27679962594548896,0.19529546952231983,30.489938798474032,19.46967105139411,N3,5,1094,1098
0.48649394549888714,0.4397047210736318,59.57349841508112,49.97515738972943,N3,5,1095,1099
0.5266790210436966,0.7122247012466445,59.804006286700314,50.22430835174455,N3,5,1096,1100
0.47255776876356775,0.9457429188836542,48.139491578523305,41.75826419277291,N3,5,1097,1101
-0.13721100140079442,0.7916264496145459,17.420690676465163,22.14721461931331,N3,5,1098,1102
-0.1047857001455327,0.6519613975743695,17.52215899647563,22.256924086075742,N3,5,1099,1103
-0.31901711762704965,0.5945382989241977,-11.634076561528492,-8.327137948600285,N3,5,1100,1104
-0.3044549351919727,0.5247856756774766,-11.970513525071146,-8.690814234091523,N3,5,1101,1105
-0.01739462037407975,0.44957907872056635,-0.34764740851387615,-0.2698363192946999,N3,5,1102,1106
0.20576399107513907,0.3872529292111452,-0.07058673599822214,0.029554086019197713,N3,5,1103,1107
1.68803854189498,0.15540674105914148,35.96055504689575,24.651814220372763,N3,5,1104,1108
1.5340682026525314,-0.29022592313249473,35.94966872956866,24.64007725834381,N3,5,1105,1109
1.5108011220968138,-0.7448624110266593,36.134333903017975,24.839671506579908,N3,5,1106,1110
1.2651733910184704,-1.3071700980297236,36.017891524234436,24.713850169044598,N3,5,1107,1111
1.5994705197527765,-1.8256190173035436,63.736441753539836,47.01624545276136,N3,5,1108,1112
0.20946041229807405,-2.0790193923802236,27.513544543122407,22.186755966632337,N3,5,1109,1113
0.13810698041603472,-2.3325074648887636,21.91302518035227,18.047280343597958,N3,5,1110,1114
-0.09636267839395032,-2.5879367384096112,21.88255546738801,18.014336994210318,N3,5,1111,1115
0.590298238880996,-2.738409159689907,51.30951235849061,48.89096931089735,N3,5,1112,1116
0.12903445022068355,-3.0020665830598956,23.45580854977743,26.442537772508512,N3,5,1113,1117
0.20921021731227257,-3.4235209990781312,23.55949934041273,26.437013921862672,N3,5,1114,1118
0.49723556520646073,-3.6957022276063185,29.162227701893425,30.578895818013553,N3,5,1115,1119
0.6448879813177542,-4.045003867465773,29.163254168829006,30.580070594583958,N3,5,1116,1120
0.05236367303506313,-4.341097302541539,4.850697719787422,-4.151499394217535,N3,5,1117,1121
0.061373420873576376,-4.598533204053716,4.67087924372463,-4.463458693899156,N3,5,1118,1122
0.21363227028647316,-4.87764343255508,32.29284705454338,17.852187584287456,N3,5,1119,1123
0.07796228578888531,-5.172623946892958,41.90323075790366,25.22772510363575,N3,5,1120,1124
-0.003077143550092387,-5.356231551717388,41.93109569224907,25.19905367760657,N3,5,1121,1125
-0.05950346071884951,-5.556010033301265,36.908195924756,29.1528616341202,N3,5,1122,1126
0.11111324968395593,-5.561328578582021,64.84703387077897,51.8109604331803,N3,5,1123,1127
-0.4021890343995892,-5.272279468310901,37.047864103059695,29.42139612930914,N3,5,1124,1128
-0.395008670525408,-4.835440021566418,27.543168083654017,22.10135091706179,N3,5,1125,1129
-0.20013529080645184,-4.361914036525135,27.593966141519196,22.215012237687915,N3,5,1126,1130
-0.08671876965390765,-3.854138502631912,27.557637619889285,22.17576669327682,N3,5,1127,1131
0.20808434694221206,-3.458218605365053,29.070893284422347,30.539075234351184,N3,5,1128,1132
0.40365885784951844,-3.1763909602842717,34.07482654048945,26.564697376164258,N3,5,1129,1133
0.7685271834823993,-2.849305902845461,34.01337834614096,26.557016128257963,N3,5,1130,1134
0.7561672773519149,-2.4658747338177562,33.73314723520453,26.25410473818847,N3,5,1131,1135
0.8238788981941638,-2.1057850458407814,34.025123857906145,26.56977394921487,N3,5,1132,1136
0.1929828818529586,-1.6050837513875025,4.613473366887774,-4.290379710135312,N3,5,1133,1137
0.46658977888628217,-1.2132766048561252,27.432775795178895,22.099553511771227,N3,5,1134,1138
-0.10433811051992734,-0.9912007051268347,37.01096303220256,29.4403850108145,N3,5,1135,1139
-0.3790771975017492,-0.7935238320061273,37.134304841214906,29.573719799634272,N3,5,1136,1140
-0.48607358211015705,-0.6028454185952967,36.962985082145316,29.38843240207425,N3,5,1137,1141
0.31521224090181477,-0.4123369829110118,67.73756586362143,49.05983295416445,N3,5,1138,1142
-0.006172094064447719,-0.20861247803589436,28.379168528571608,18.386010968781193,N3,5,1139,1143
0.2305642537838139,-0.021800877332697154,18.7681009136606,10.950927107117604,N3,5,1140,1144
0.4211898157684232,0.0956882208156685,18.873797572459445,11.065168943433672,N3,5,1141,1145
0.49974382537600376,0.20008512164332046,18.92666116892942,11.122370457501528,N3,5,1142,1146
0.310628270738971,0.11603246005657297,95.65682964080187,29.03739162531201,N3,5,1143,1147
0.24729872619409435,0.02130864013450946,107.16778145166609,37.26946710277771,N3,5,1144,1148
0.8039944996560052,-0.06259354541953144,136.6253615751106,68.2378722241505,N3,5,1145,1149
0.8250998769174771,-0.1598834030321143,136.50503406504578,68.10780427913123,N3,5,1146,1150
0.5437070154508774,-0.24498042847625356,136.45894877721148,68.05799059744386,N3,5,1147,1151
-0.09653413792643732,-0.33365932521248853,29.084105165257643,30.612001019652233,N3,5,1148,1152
0.3101899905067512,-0.43138797093643577,59.31832501410099,49.69944833658592,N3,5,1149,1153
-0.02850206352323994,-0.5194590046909582,39.88533723195142,26.613047035873752,N3,5,1150,1154
-0.034173438995992456,-0.5954329692242482,40.09776019642159,26.842655675593413,N3,5,1151,1155
0.16631819330685857,-0.6864828867126107,39.92313978672028,26.595114387304783,N3,5,1152,1156
0.687868868197279,-0.4920047127143278,64.27149730107631,46.00691859119543,N3,5,1153,1157
0.3510636559901286,-0.28294137838923916,34.41663685522944,27.32950180345797,N3,5,1154,1158
0.012925340591482381,-0.10009415905327046,24.35953835381806,19.471046255087277,N3,5,1155,1159
0.17037077628108363,0.18309246517407587,24.28898296009138,19.394749149127893,N3,5,1156,1160
0.11521488514745215,0.46407088371668126,24.387179015766016,19.55968014613318,N3,5,1157,1161
-0.31217427276177434,0.45752216677335583,0.01995594669278944,0.12744092519860714,N3,5,1158,1162
-0.35899692254236015,0.4534734586373929,-0.198449561119196,-0.10859894318782608,N3,5,1159,1163
-0.19921396886874163,0.44834475391949696,4.692516536524636,-4.268041087324673,N3,5,1160,1164
-0.2644337911650041,0.34001350674073477,8.917236467511975,-9.084445337957732,N3,5,1161,1165
0.40771535121807573,0.2292987192039277,38.91935934804351,22.379418985515805,N3,5,1162,1166
0.5668076814812139,0.12730859223377705,27.295849514426664,14.025737360847415,N3,5,1163,1167
1.0698787289529719,0.025498916122040784,58.11228949025099,33.74224180180099,N3,5,1164,1168
0.816274052808285,-0.08673086411204167,53.16304648617661,37.83871029953225,N3,5,1165,1169
0.6401998701365642,-0.18122066370804077,58.47890863321372,49.95527696538702,N3,5,1166,1170
-0.30837988316384324,-0.27171646825357243,28.450180967258348,18.462635364494055,N3,5,1167,1171
-0.08388333781115306,-0.18546974572915928,70.66615012006805,46.24918381904426,N3,5,1168,1172
0.06280537094620513,-0.0917167369796914,96.36638859267114,58.54549759329675,N3,5,1169,1173
0.1856603852708872,0.02655579958534986,96.4816170495964,58.67008550054597,N3,5,1170,1174
0.010703138246458365,0.1268725126909942,86.6493844423967,51.05468725591781,N3,5,1171,1175
0.3997680214791558,0.23081642046979028,86.87812804483255,51.30193480538874,N3,5,1172,1176
0.20806964818394819,0.15495579448433433,56.072551390873556,31.63878842374179,N3,5,1173,1177
-0.37000264474755795,0.084269497549883,-0.18645050650811754,-0.09551235815160908,N3,5,1174,1178
-0.38507175155754114,-0.005041278142891769,-0.3072889273389592,-0.2848496085112856,N3,5,1175,1179
-0.15440889459885057,-0.07662609756383176,0.02473550504655577,0.015361139941524016,N3,5,1176,1180
-0.16117721890068423,-0.16778784883970274,-0.3926765994852758,-0.43579634263878686,N3,5,1177,1181
-0.09099238631346225,-0.2648167208211589,-0.32565882844210137,-0.363429012591223,N3,5,1178,1182
0.8898763392675733,-0.3517057352435756,48.614251736195,42.50354699864256,N3,5,1179,1183
0.9216975855964847,-0.4476156072554204,48.75668735140353,42.71622168382309,N3,5,1180,1184
1.1352815838375137,-0.45678459345144234,48.85111474501755,42.87700840274192,N3,5,1181,1185
1.1819555937377344,-0.43568008910290246,49.00984677891247,43.048541309473514,N3,5,1182,1186
1.8415936224913025,-0.3231025888524471,76.7743933115431,65.40077984195523,N3,5,1183,1187
0.76215793484821,0.07169234959390565,37.20069123320136,29.645433148262963,N3,5,1184,1188
0.8382556166227232,0.46827867511440785,37.1523612451856,29.59317460112943,N3,5,1185,1189
0.5114695475661961,0.8659781019440345,36.743039834089,29.150643582596967,N3,5,1186,1190
0.4877805405101867,1.2365879305098986,36.88829876783857,29.3076569832323,N3,5,1187,1191
-0.4659091188982529,1.5000020642302103,9.414447741296318,7.269696079143614,N3,5,1188,1192
-0.19531288465436775,1.4414264395503438,-0.31542073556774997,-0.29379376666111057,N3,5,1189,1193
-0.2714105664288809,1.3843071219149976,-5.759838810045039,-4.264511809013493,N3,5,1190,1194
-0.1058475276086142,1.2103739221852408,-5.534565980758634,-4.079703491330292,N3,5,1191,1195
-0.1384800358374491,1.0279672966730344,-5.656443008959468,-4.2113895655958915,N3,5,1192,1196
0.15451110987978608,0.8431288580914895,-0.8876134847581852,-8.439811765040213,N3,5,1193,1197
0.4659338983836278,0.7577833064317389,29.85729640075442,11.258206258623977,N3,5,1194,1198
0.9959618330140187,0.6777596105254589,64.78624338661321,46.16776851731047,N3,5,1195,1199
1.1362433196515667,0.5728168428415671,64.42870083974412,45.84002935835015,N3,5,1196,1200
1.1974703127122666,0.4832061383204092,64.83841867646406,46.28288339544379,N3,5,1197,1201
1.8819023789133211,0.5673091792829098,90.33247867415193,69.62968351043818,N3,5,1198,1202
1.6061009915189288,0.551325795660216,69.4218954789263,57.608026495257945,N3,5,1199,1203
1.214197098266061,0.5168770767313902,39.80231394083385,26.523180817111278,N3,5,1200,1204
1.2376099703441923,0.49679755492722394,39.68843776479771,26.282584070991287,N3,5,1201,1205
1.1557201858869122,0.47691232777648623,39.97410127340845,26.591375649028485,N3,5,1202,1206
0.47763844608853107,0.280814369571749,9.573405024362728,7.324032053902192,N3,5,1203,1207
0.21000726733179817,0.053449598435352644,-0.29049580899300054,-0.3254908436450933,N3,5,1204,1208
0.0853795802830973,-0.17115857216271024,-0.17066875885793706,-0.19598036241150113,N3,5,1205,1209
-0.17313426315539573,-0.3984887338115811,-11.216926528615295,-7.808245124415407,N3,5,1206,1210
-0.1354931589192006,-0.6057583336364075,-6.857431678216381,-12.54225906283682,N3,5,1207,1211
0.5378116566993413,-0.7215861161932935,100.63278529805248,25.02832522049139,N3,5,1208,1212
0.9304719369446616,-0.8171207611699856,128.4372309426588,47.38370119602987,N3,5,1209,1213
0.8415122455125015,-0.9605359768972391,128.22432561591268,47.15356534196326,N3,5,1210,1214
0.7567978724335603,-1.0010474353741643,139.92888327681868,55.59493244625919,N3,5,1211,1215
0.9379633531099444,-0.9798250180063974,164.0480033332322,90.18050581375356,N3,5,1212,1216
0.5455141820086056,-0.9241202954593064,87.31090381529793,74.94657069923706,N3,5,1213,1217
0.15714127696504648,-0.7716024835616565,59.74857520587684,52.85285399681161,N3,5,1214,1218
0.2922931667647049,-0.48291878928835674,69.34332505596976,60.21155697711074,N3,5,1215,1219
0.2580241639145015,-0.27563119253002244,69.08122199815844,59.92826617390892,N3,5,1216,1220
0.058170618052292865,-0.06499887470712906,40.1712146092148,29.61040867142292,N3,5,1217,1221
-0.16887703299792065,0.02696352944356022,9.42938427113404,7.285972834839777,N3,5,1218,1222
-0.17377801445043134,0.037005938723820006,9.217948112357409,7.05743188149645,N3,5,1219,1223
-0.17909544499545973,0.06531938865678626,4.881224015807675,-4.063988833589247,N3,5,1220,1224
-0.19027612532804597,0.0805190329107404,4.925011075290968,-4.016656745300861,N3,5,1221,1225
0.04829819271986935,0.09214818186067078,4.707439496734878,-4.251911487845064,N3,5,1222,1226
-0.23222983338403083,0.09402570141593855,4.68794205274753,-4.272992860604427,N3,5,1223,1227
1.346250754939217,0.08615315652728554,32.35319423704205,17.971854071032432,N3,5,1224,1228
1.2931122204213807,0.06398948147974011,27.06458163850475,21.70150174634764,N3,5,1225,1229
1.468633821199262,0.05411572573693775,27.39670532305463,22.060479304769252,N3,5,1226,1230
1.2886367136912553,-0.06991071336668142,21.49742851841729,8.61766439141211,N3,5,1227,1231
2.2035725593499023,0.11732137756230827,68.92911715342635,53.934548877421186,N3,5,1228,1232
0.714696361801748,0.39496079312959864,41.266078366532746,31.692054206661123,N3,5,1229,1233
0.8698126214503986,0.5699536450816624,50.882026862120256,39.07371960986639,N3,5,1230,1234
0.747379245747777,0.722091535091937,50.82130217993836,39.00803327656613,N3,5,1231,1235
0.62873332808972,0.8815133077509216,61.68012222972611,52.440868358619625,N3,5,1232,1236
-0.3051011527130072,0.8035325948454755,8.718878172749829,3.0612139490564005,N3,5,1233,1237
-0.06176710867442807,0.6327882832008072,13.822152929037111,-0.8057455369955278,N3,5,1234,1238
-0.2543645488244465,0.46109266207737676,4.479197119791934,-7.892283725594462,N3,5,1235,1239
-0.42256419532382095,0.25104750173409796,4.155549823596084,-8.242083992502012,N3,5,1236,1240
-0.19143287675959755,0.0644787091572681,-0.7305823678121669,-8.152679728659859,N3,5,1237,1241
-0.14222976612068122,-0.14483381347797603,4.810814461862901,-4.077107378160872,N3,5,1238,1242
0.10316043615273429,-0.26321950801961125,33.333802693684994,16.650849271783954,N3,5,1239,1243
0.28529517296861967,-0.3542707496970621,33.2419342686364,16.55156498769211,N3,5,1240,1244
0.6068435021893833,-0.415486566656358,33.395134326128755,16.717170994763727,N3,5,1241,1245
0.13306870488244157,-0.4425552788467826,33.154098129110935,16.33906815413502,N3,5,1242,1246
0.5319187627117458,-0.4016177324356505,61.03248361118167,38.81421333373582,N3,5,1243,1247
-0.015469622745092693,-0.3806916926618982,27.238135104348476,21.7715140020533,N3,5,1244,1248
0.5567774179650542,-0.26460412828214996,62.45155476288492,57.12387225845159,N3,5,1245,1249
0.3893912285526312,-0.1484172497208192,62.456680100542144,57.12938617988111,N3,5,1246,1250
0.7484955142195645,-0.12885301804304844,62.620438687987914,57.36516261446086,N3,5,1247,1251
0.2085339090574962,-0.24854051083881928,34.60065212217451,34.73714125286642,N3,5,1248,1252
1.1612222344017937,-0.4105557078262677,89.61199478735361,69.27421274303052,N3,5,1249,1253
0.6547740450438596,-0.6368481265631913,54.46804359294911,33.99690602620685,N3,5,1250,1254
0.5950911137286085,-0.8607877622431488,54.29255435240775,33.74848844375083,N3,5,1251,1255
0.411350997383613,-0.9424068050481651,54.38692821686273,33.90921809570718,N3,5,1252,1256
0.362208199649433,-1.0073505152417,54.20648844407115,33.71423928850127,N3,5,1253,1257
0.07679891286840075,-1.1018687247126764,30.269094623383715,19.172094830154673,N3,5,1254,1258
0.25766197294609583,-1.197573828939221,30.234450706481585,19.134640073079208,N3,5,1255,1259
0.317344904261347,-1.2820956747959484,30.60142990602035,19.590090531794704,N3,5,1256,1260
0.45774547513598235,-1.4610909484563195,30.343376610268024,19.2525016714877,N3,5,1257,1261
1.1711162544407785,-1.3709614025743917,58.386065074484215,41.90526696348388,N3,5,1258,1262
0.6683935240731103,-1.2588351498508132,27.59351486623491,22.214578878744213,N3,5,1259,1263
0.3420045084506569,-1.148028391362817,27.617586501642656,22.240588462766027,N3,5,1260,1264
0.9409332454351442,-0.8472873535409235,56.6362719100056,52.64152879150352,N3,5,1261,1265
0.8855880596817087,-0.5258579076961268,56.921258351800496,53.00829285084619,N3,5,1262,1266
0.3600233808148573,-0.46511326129043484,29.18935884584789,30.69146111367736,N3,5,1263,1267
0.20383667809802547,-0.31783821494346964,38.67346289899869,37.93053912037139,N3,5,1264,1268
-0.02889340182861133,-0.21863129267422893,43.589743420168816,33.86152718788071,N3,5,1265,1269
-0.5523786246632539,-0.29952118881516865,14.279653014385257,3.1455253332009305,N3,5,1266,1270
-0.8380681413460138,-0.3912702179514781,14.113504935707898,2.965903302960214,N3,5,1267,1271
-0.8721942767357177,-0.4518143099007773,14.27046261562209,3.135506130292197,N3,5,1268,1272
-0.2978099104118314,-0.527897339462578,35.406310728148675,18.089135921456908,N3,5,1269,1273
-0.1337074604043778,-0.5822489815235826,11.888155898883998,9.068819418891508,N3,5,1270,1274
0.06740650670792547,-0.6310123048724051,12.018418555663084,9.15097496931412,N3,5,1271,1275
0.5436782931028119,-0.6499087841074414,12.080538576105027,9.218149818322853,N3,5,1272,1276
1.5900788138765052,-0.5058906410123484,124.48183288594446,59.10613289333996,N3,5,1273,1277
0.9995058611668697,-0.42411666808405357,93.97125268916716,37.031659993623904,N3,5,1274,1278
1.0294364323274863,-0.3391211838667857,112.51699550310005,50.06032019923441,N3,5,1275,1279
0.9466029600487331,-0.15540306944393478,112.26097989621194,49.84225275793142,N3,5,1276,1280
0.5329801385852079,0.009850070815258506,112.09355547684973,49.66127656573517,N3,5,1277,1281
0.03255588322986114,0.0990644816566828,29.200661062970177,30.737943455895582,N3,5,1278,1282
0.008206554364392105,0.17818845126820976,38.537780605937584,37.818175165212594,N3,5,1279,1283
0.15939562217424735,0.25099748350082224,43.31969419139641,37.6161509074489,N3,5,1280,1284
-0.2338825954624099,0.23235073428966188,43.7355951100486,38.06572164195241,N3,5,1281,1285
0.23130413356892632,0.19794655626651547,43.794913844596884,38.12979578158265,N3,5,1282,1286
-0.0853828845572366,0.06781181347209894,14.244462374247087,7.119686150485359,N3,5,1283,1287
0.5752835079004399,-0.06142849978392064,35.375394705671354,22.067976089380682,N3,5,1284,1288
0.2384160785798258,-0.1861418920720439,30.685660169107724,22.369631501214464,N3,5,1285,1289
0.7756932011369372,-0.31656416446975866,30.477841322628954,22.144993638242887,N3,5,1286,1290
0.5678317679490078,-0.43695925576172384,30.52414290175948,22.195073362940455,N3,5,1287,1291
0.8360284245943603,-0.47154418559535427,58.09384444469906,44.3366524371595,N3,5,1288,1292
0.31022963389642655,-0.5024508792855442,27.52486004201928,22.14023134734889,N3,5,1289,1293
0.39493840727366203,-0.5546591407367032,27.351259815477533,21.95256703849882,N3,5,1290,1294
0.3839322424533975,-0.5709564775540343,27.499492754081437,22.112819905501965,N3,5,1291,1295
0.406685833414997,-0.38145183738871535,27.500598440917383,22.1139949603079,N3,5,1292,1296
0.08887469205727712,-0.2703117443930694,-0.3815947851544479,-0.3653823790955357,N3,5,1293,1297
-0.1159821422499249,-0.1475997435303384,-12.082323981926312,-8.743821835114796,N3,5,1294,1298
0.46623197770968544,0.11533870535538426,23.328651701628406,26.790262895754132,N3,5,1295,1299
0.21253161329610748,0.3549915900841256,23.139388579077785,26.585634266847045,N3,5,1296,1300
0.19378796249876587,0.3973690115570093,22.99315906038828,26.427608332023375,N3,5,1297,1301
0.09222892886322143,0.42889151336343617,23.334161255770596,26.79622468951129,N3,5,1298,1302
0.7042200740567864,0.4588497265242779,65.70115246003552,54.787698149726204,N3,5,1299,1303
0.21813446425952634,0.3788283178536972,30.404526160158277,19.37724482265039,N3,5,1300,1304
0.26995493559843453,0.2778453570656495,30.212446304965123,19.16964341184066,N3,5,1301,1305
0.4359528073317165,0.17044856604999267,30.148814679071073,19.100908036186592,N3,5,1302,1306
0.8330470867099393,0.17059476856337027,61.189624194781935,41.748386357017445,N3,5,1303,1307
0.31900894729578794,0.250677150122408,35.47364364732348,18.161790651790216,N3,5,1304,1308
0.6976415572133192,0.3212643134465111,35.45406290947867,18.140645843694802,N3,5,1305,1309
0.6609188428635207,0.40731511617634625,35.61890328956652,18.318820563703774,N3,5,1306,1310
0.5006286706379115,0.49145643824156193,35.871000204840676,18.5912728168958,N3,5,1307,1311
0.12178571068780002,0.6520991734299116,9.766377574185025,-8.10377025011112,N3,5,1308,1312
0.12238716905284264,0.7128655485747231,4.746647703475901,-4.146537976994296,N3,5,1309,1313
-0.28628583302388505,0.7662717798174583,13.903740212136473,2.7391426352507553,N3,5,1310,1314
-0.2002397444541657,0.8033224701134088,14.220195883016277,3.081225349304441,N3,5,1311,1315
0.24391056568514385,0.8447677226588951,43.52004648983275,33.78609927950602,N3,5,1312,1316
0.3354342934263627,0.67007967495868,33.050466299327674,33.766797808547565,N3,5,1313,1317
0.6889660326756826,0.5112180944742534,63.75307719699485,53.36036445216742,N3,5,1314,1318
0.6771336317838064,0.3271137983610686,54.614460254450385,46.49465414112492,N3,5,1315,1319
0.7600927630705427,0.2659971752025285,54.40443537509418,46.267666463344355,N3,5,1316,1320
0.511628549130944,0.18418130974673091,30.021727923749133,11.431658811873058,N3,5,1317,1321
0.9201321460755594,0.28241513360767384,66.03480845311279,34.80947685642313,N3,5,1318,1322
0.6259947642533689,0.35758886659904193,35.41173998174345,15.301969128969358,N3,5,1319,1323
0.6483259949488911,0.46679112924550736,35.518125512260305,15.416897930308187,N3,5,1320,1324
0.5681792804239194,0.4427408458903187,35.328784882614855,15.212196357396897,N3,5,1321,1325
0.5036726556649228,0.42861222984674896,34.99044402741856,14.846539555501659,N3,5,1322,1326
0.08089571118345021,0.27004979571533455,4.783038408170978,-4.170074800410657,N3,5,1323,1327
0.267421124138707,0.12199450104358789,4.802747743902728,-4.1488441182882525,N3,5,1324,1328
0.3074172712814175,0.058207108875774335,14.124890508907265,2.9152642919303617,N3,5,1325,1329
0.17770648288748134,0.12401124102431708,14.392517387095722,3.204569590691244,N3,5,1326,1330
-0.10084689309931036,0.19114467844577235,9.460983128099178,7.2613223446591295,N3,5,1327,1331
0.217813493100266,0.25596409543629195,38.64082976258942,37.87083745979326,N3,5,1328,1332
1.1674346810982001,0.3135069128180817,104.74094683759031,85.17388211776998,N3,5,1329,1333
1.3992576447358716,0.3044108774027109,95.40131125730258,78.09089873200574,N3,5,1330,1334
1.162826966412922,0.1904801762853424,95.27555596449528,77.95496805480943,N3,5,1331,1335
1.252591355999357,0.180713740049066,95.61526552447904,78.32216496295295,N3,5,1332,1336
1.4607614008513452,0.5502953357882518,96.58548816357215,66.7089795269334,N3,5,1333,1337
0.4570302801318803,0.9076525595825388,30.453438285419544,19.37144568322401,N3,5,1334,1338
0.23294620941604763,1.2271068570220507,30.097922065378224,18.987204902419762,N3,5,1335,1339
0.6007722903367039,1.5200495045442097,30.287936888827243,19.192588297688054,N3,5,1336,1340
0.6657655655272947,1.6984939155440486,18.846801162607154,11.094745817616058,N3,5,1337,1341
0.588396015795513,1.5644996430819815,95.72172211117577,29.166199255536775,N3,5,1338,1342
0.6324627668356697,1.4374183599432144,95.60217805304129,29.036973645573017,N3,5,1339,1343
0.6606551902288402,1.3237765728086401,96.025820683832,29.494861962259165,N3,5,1340,1344
0.5421990751417184,1.2043505471672973,95.53399280922895,28.96325719972956,N3,5,1341,1345
0.8620595617289837,1.0827071668984274,107.152274469244,37.252578490097946,N3,5,1342,1346
0.40318302089004876,0.8899969057131869,-0.16720588476746343,-0.13350378240429564,N3,5,1343,1347
1.465961117748384,0.6661710901043648,38.4924813329475,24.55552928377292,N3,5,1344,1348
1.8606499532946714,0.4595962682177458,67.86729448266851,55.37581493867037,N3,5,1345,1349
2.1266631164252887,0.4319720587049858,73.09201281757414,51.64016140645545,N3,5,1346,1350
1.8491716188786995,0.3967622320027374,72.64144871125754,51.21189854263648,N3,5,1347,1351
2.215399994971392,0.36445105521369214,103.478976952222,73.639682165478,N3,5,1348,1352
1.028036559818736,0.433227751102703,69.81748668397049,44.97009491059434,N3,5,1349,1353
0.6779289458308995,0.4692597788476519,40.35720620749635,5.730633784578822,N3,5,1350,1354
0.4933879777670313,0.3601769941711524,35.41141860443313,9.767796697156154,N3,5,1351,1355
0.6714046534046133,0.2730011724304006,35.7406132942895,10.123604076646734,N3,5,1352,1356
-0.004271730434788878,0.13061671752717813,4.656355380034074,-12.57089404718863,N3,5,1353,1357
-0.09231472192700493,-0.0804286269102846,-0.43084536552923963,-8.686508196461364,N3,5,1354,1358
-0.22394239040849015,-0.236748005107782,-0.21943699743278558,-0.13118485620216233,N3,5,1355,1359
-0.43269699782409815,-0.3547248863637634,-0.4451588135401835,-0.37517793670704125,N3,5,1356,1360
-0.49011038070173074,-0.43791309323783023,-0.22507165700226323,-0.13722781296819447,N3,5,1357,1361
-0.1214110433564656,-0.5259298954301641,-11.74356578104489,-8.377442649772274,N3,5,1358,1362
0.029847897503066177,-0.5654087873706715,24.682204794527205,16.633239165486884,N3,5,1359,1363
0.09285053369842444,-0.6921391002107583,24.283547936286777,16.20234350989922,N3,5,1360,1364
0.8560490677762005,-0.8730355482587356,53.76031095086364,47.132848402312085,N3,5,1361,1365
0.7507229835147882,-1.039561655564205,53.7013853594719,47.06914070634084,N3,5,1362,1366
0.8381901156734216,-0.8682045453239453,93.03656653969665,77.71784088809072,N3,5,1363,1367
0.8751434615405742,-0.44322279052786084,56.807433085615045,52.919702251524726,N3,5,1364,1368
0.7712009105317748,0.04011080099224955,61.878604127564174,49.01798574169952,N3,5,1365,1369
0.2092358060451261,0.5366241066936936,32.59953836793284,18.30111231916235,N3,5,1366,1370
0.028877568086249993,0.9894060075799729,32.19899969723046,17.809414862960693,N3,5,1367,1371
-0.12844336323091737,1.1570899978618996,4.646605145846843,-4.313373284385307,N3,5,1368,1372
-0.1807891740397622,1.0385146433286423,9.545872664947819,-8.400910830897919,N3,5,1369,1373
0.07195783631178757,0.9156746776476978,4.737892881032894,-4.2147526645800095,N3,5,1370,1374
0.0047348832072998445,0.795873966684917,4.760234784509521,-4.190556036855559,N3,5,1371,1375
-0.07521845839781918,0.6760170378763206,4.986757725126518,-3.8870046452750104,N3,5,1372,1376
-0.1394862057310661,0.5448811479411091,4.86172238621657,-4.022188261192059,N3,5,1373,1377
0.07962668564200612,0.4261435200541854,30.556557822706235,19.541594739865104,N3,5,1374,1378
0.015650380533554654,0.28803571438126596,39.82496787663113,26.547556995590277,N3,5,1375,1379
0.20478172684278206,0.2457266090272327,39.840278092358496,26.564112877091976,N3,5,1376,1380
0.39721254526613164,0.21610985607980523,39.967578251479424,26.701709994436534,N3,5,1377,1381
1.1802505836090291,0.20322399149513898,88.9837161627147,69.65117381661403,N3,5,1378,1382
0.8258620411647598,0.1803672238409547,58.30316055334551,50.08142417735216,N3,5,1379,1383
0.760420058124464,0.1765709542974605,49.011443539550235,43.0503329617175,N3,5,1380,1384
0.3480360982453476,0.04460455704254116,48.785366561044064,42.80591260678775,N3,5,1381,1385
0.24298842023264342,-0.08722978244607589,53.68186617197207,38.71543814999459,N3,5,1382,1386
-0.7305247302981911,-0.10343520850263133,4.68474695916957,-4.213419632875594,N3,5,1383,1387
-0.7725263379516832,-0.11645806646747303,4.813309021177702,-4.074451921661966,N3,5,1384,1388
-0.8413377865735925,-0.12242173259564311,4.723449924086163,-4.171615409442166,N3,5,1385,1389
-0.4594878122500745,-0.09675744331366332,4.7837997456197625,-4.106334643778974,N3,5,1386,1390
-0.22247671904749494,-0.09609131601208673,-0.28876376407570203,-0.20616922309272923,N3,5,1387,1391
0.0935852501846739,-0.1954011036972844,4.8632233655880555,-4.083596908577602,N3,5,1388,1392
0.5213242016504068,-0.2161165372156603,38.26854249118041,12.538583693296824,N3,5,1389,1393
0.3843676649042777,-0.2312296878460131,47.80377753435023,19.832950266695114,N3,5,1390,1394
0.3250949315402295,-0.24902414080793278,47.80908060051006,19.838720619100787,N3,5,1391,1395
0.21745199736963058,-0.27348522373240486,47.94303377820761,19.983591171390437,N3,5,1392,1396
0.5287308570898176,-0.0033921210148577076,73.45792540049588,37.62801694538939,N3,5,1393,1397
0.4371374220926441,0.1838774083510714,69.26298318364861,51.648417948033604,N3,5,1394,1398
0.8140188089090088,0.36454832292123174,59.649351881365874,44.26936081990425,N3,5,1395,1399
0.9054134209400673,0.546854310062767,59.772360742303135,44.40221251537732,N3,5,1396,1400
0.8304902114067886,0.7492194144584318,59.7040466847,44.32835670118948,N3,5,1397,1401
0.3895032897235751,0.7376986082520517,29.087877420514996,30.616154572847883,N3,5,1398,1402
0.240739747962391,0.7286718520021396,-0.49284946253465023,-0.42668652050488165,N3,5,1399,1403
0.13451285844984112,0.7099989199612878,-0.15310256946249864,-0.05952402745606378,N3,5,1400,1404
-0.1688071314251829,0.6832582455221597,-11.974649103556294,-8.627250079490477,N3,5,1401,1405
0.08229901587175163,0.6482230913986768,-11.749082630532211,-8.38347743369668,N3,5,1402,1406
0.9408190252282906,0.5089511429463386,95.59459300213784,29.028753673906614,N3,5,1403,1407
1.4868767483147167,0.37051042409866286,126.64178471724736,48.994739779697554,N3,5,1404,1408
1.4008276646659965,0.23714610449991086,135.9021560244655,55.992009000427785,N3,5,1405,1409
1.3787433278731442,0.10742914336269109,152.52899311783693,60.37079160990252,N3,5,1406,1410
1.1707992409732242,0.06723482817229183,152.3216365687098,60.14666452371311,N3,5,1407,1411
0.890157254333019,0.025995306458725054,75.65419553768152,42.29942968648102,N3,5,1408,1412
1.2624203484118994,-0.022468689965839415,101.31308358611568,56.727421310964566,N3,5,1409,1413
1.3895021562512853,-0.07102899105133531,91.44858121934666,49.07716169438063,N3,5,1410,1414
2.100916873415099,-0.09866878988108282,116.32440671422373,84.38310199690022,N3,5,1411,1415
2.0271754123057235,-0.2337537728186078,116.11987602023001,84.16203861969989,N3,5,1412,1416
1.3539936205798995,-0.25893455251230363,85.39103825829079,64.54013329020964,N3,5,1413,1417
0.13447042379434607,-0.27950649208589196,29.06949512074643,30.56177649937599,N3,5,1414,1418
0.10670571119886745,-0.0949677415710795,29.41227554633806,30.93229495691194,N3,5,1415,1419
-0.3443393702041021,0.1635700658333917,-0.1806333388056373,-0.08932582999550505,N3,5,1416,1420
-0.16205715349534558,0.43080267935962696,4.833529571947293,-0.040316380943113475,N3,5,1417,1421
-0.014711038898144579,0.5631242602421451,4.857589964974613,-0.014260271513194311,N3,5,1418,1422
0.47770948846512057,0.6909903661770898,32.52985343429609,22.238125627840056,N3,5,1419,1423
0.38901555795508785,0.6892364777302931,32.308815407670046,21.99923799043463,N3,5,1420,1424
0.356410497788022,0.5907353482448514,37.41687662090699,22.149755606596592,N3,5,1421,1425
0.2762637832630503,0.49880033073211505,20.994194435355894,13.91152940718166,N3,5,1422,1426
0.6694412355800523,0.6159857682464803,51.61469302337355,36.104800788128344,N3,5,1423,1427
0.4493020781500263,0.8101519151433478,33.35149216454302,21.010382785712135,N3,5,1424,1428
0.33970688916236896,1.0079698144019034,32.70525483950041,20.311791959583935,N3,5,1425,1429
0.5460103170600178,1.2751132859263634,33.35299889676098,16.99951065328205,N3,5,1426,1430
0.7912245921933845,1.6169196544063653,74.10203707803885,55.97194005497731,N3,5,1427,1431
0.4692758878239488,1.8425900654144982,43.45432182585064,33.74926666523534,N3,5,1428,1432
0.3295786345602778,1.9529890940442782,34.08756019274733,26.637006967641355,N3,5,1429,1433
0.5764818821416725,1.958790908151667,29.40184265938733,23.48642218738678,N3,5,1430,1434
0.45985980994889814,1.8969947352294327,23.422473101223297,26.406532310736658,N3,5,1431,1435
0.14368209183032832,1.7668938796375784,-5.61020748182491,-4.043911996485258,N3,5,1432,1436
-0.02090702441214489,1.6515203541282233,-5.699370792118134,-4.140322547654796,N3,5,1433,1437
0.829280714413153,1.5739922129387396,24.99881480523618,18.136922206646705,N3,5,1434,1438
0.5283406382729368,1.484498217628547,30.50871593189222,22.17842700892943,N3,5,1435,1439
0.1808696506593151,1.3706080246591852,30.387534750645862,22.047478418715762,N3,5,1436,1440
-0.21399695484450376,1.268619823782251,35.42617545195826,18.110601880709872,N3,5,1437,1441
0.23134108631052186,1.261004051195806,63.204414486582394,40.47754362038249,N3,5,1438,1442
-0.5785874532566482,1.2153296396559399,32.046121628515536,17.702937674803252,N3,5,1439,1443
-0.7643172141249351,1.2885325579517626,36.964539198375135,20.007283372605162,N3,5,1440,1444
-0.6069484594159121,1.3548586613625502,42.42837013435637,25.91331908806751,N3,5,1441,1445
-0.46292789265744433,1.409643253064857,42.4347363403358,29.93247307992715,N3,5,1442,1446
-0.9217129179268568,1.2177665689103918,13.965296816284535,6.818383537959017,N3,5,1443,1447
-1.1717433207426324,1.07198243909547,15.00203077208862,7.938998638556223,N3,5,1444,1448
-0.2682858723022491,0.8106962170488486,39.432877369732886,36.392924045550174,N3,5,1445,1449
0.08398359983730189,0.8170113951894166,34.14680020256492,30.679051870114925,N3,5,1446,1450
0.46029409450812864,0.8281369309530874,28.999116200550635,30.485773045953827,N3,5,1447,1451
0.7003198717462851,0.8495064536904267,34.676842078113985,27.239769758142938,N3,5,1448,1452
1.34926407729846,0.8286679307772971,61.63702648292674,48.72251697432803,N3,5,1449,1453
0.8282620618539227,0.9499141145102413,32.442603108072944,18.131574105107575,N3,5,1450,1454
0.7233850594817796,0.7373343358720774,32.53007285064086,18.226034572618666,N3,5,1451,1455
0.7303794950490783,0.4651908467328923,31.81553976299183,17.453643656398345,N3,5,1452,1456
0.9878004055839711,0.41942392252811944,55.14459268057544,44.394390160267356,N3,5,1453,1457
0.6686904062839517,0.41908246231470514,27.643360740941716,22.326802596930065,N3,5,1454,1458
0.513179006900532,0.27232065962009244,37.03724527155136,29.468404664121046,N3,5,1455,1459
0.3781047444346086,0.2840643509261156,37.02168983993179,29.45166354016401,N3,5,1456,1460
0.375418906292191,0.41374953152522664,37.68054935940745,30.163865717758018,N3,5,1457,1461
-0.030621500748020482,0.4439421863450235,9.447584502055543,7.305577508902934,N3,5,1458,1462
-0.20590424418951442,0.37565863051039516,9.251287174606114,7.09339599632367,N3,5,1459,1463
-0.31946622135371855,0.3093512463180758,-0.5970474138273858,-0.5394352538714884,N3,5,1460,1464
-0.28494620479267496,0.20742708804066012,-0.2653727318349411,-0.18095401165483055,N3,5,1461,1465
0.07162747145807771,0.10545339305327843,22.55756980177248,25.67714628389367,N3,5,1462,1466
0.04262977919089508,0.05528390127403497,22.63611480925174,25.76203526991594,N3,5,1463,1467
1.6357067625825834,0.44618518208852437,50.36989426312211,48.08098178993678,N3,5,1464,1468
1.7867469515230823,0.8440377333290314,49.75318042079889,47.4143700913206,N3,5,1465,1469
1.7127313870346712,1.1052570236363066,50.29909913829615,48.00443445935671,N3,5,1466,1470
1.219255354167649,1.171822504319921,27.53963241966121,22.214965387903796,N3,5,1467,1471
2.225196740191234,1.2205101081290848,139.77064036542143,70.25578520428826,N3,5,1468,1472
0.681315417077451,0.8356081261673068,107.00607825728075,44.413281906601334,N3,5,1469,1473
0.6386735438584197,0.3941772945225154,117.46268493209064,52.7036245502386,N3,5,1470,1474
0.4139916324485398,0.06363652489742436,116.30240532498428,51.44941470111662,N3,5,1471,1475
0.25408669064875083,-0.20937942427938339,116.50651048374857,51.67000226593664,N3,5,1472,1476
-0.7624497933290172,-0.6147920117838226,4.052180736031732,3.38779665780894,N3,5,1473,1477
-0.6352643196403733,-1.0416996792272897,9.213515037373872,7.052543375921959,N3,5,1474,1478
-0.5266273040721557,-1.4386739921505183,-1.1910628988523968,-1.1815332406869856,N3,5,1475,1479
-0.4681334441705644,-1.8373431467253112,0.09777184049744392,0.15294137916207545,N3,5,1476,1480
-0.5313741263310703,-2.1500794717799123,-1.1585807944415136,-1.2050872331034044,N3,5,1477,1481
-0.7800641273697352,-2.472899918071036,2.2181955034349814,-6.937901670053543,N3,5,1478,1482
-0.6679678426923374,-2.7347893684375664,29.227868913787823,9.561774722278642,N3,5,1479,1483
-0.7624525093877196,-2.8682843012327055,30.279271316845552,10.698243320653273,N3,5,1480,1484
0.07572781687821362,-3.024120109651503,58.50105035952292,40.296587320920665,N3,5,1481,1485
0.19742535257751115,-3.160916667175428,59.61063670751173,41.495960512930466,N3,5,1482,1486
0.8985061826785454,-3.1721282752298037,87.10113200276537,67.00028533676377,N3,5,1483,1487
0.49428640690136944,-3.1906549445668673,59.97109443022928,50.37046383974084,N3,5,1484,1488
0.4192723887482316,-3.2871318102699463,59.454195790384254,49.81172578176338,N3,5,1485,1489
-0.565461196001138,-3.3576912860040324,39.91254044820962,26.64219483585912,N3,5,1486,1490
-0.7351733599748058,-3.4508481689023314,39.91844409162586,26.648636153904953,N3,5,1487,1491
-1.176382929620513,-3.612787766730949,9.144232225015003,6.9777631161938185,N3,5,1488,1492
-1.0407445223081595,-3.710174169766108,8.999924651550828,6.821822201981559,N3,5,1489,1493
-1.0826822445691051,-3.746086599160262,9.620260835454975,7.492358060950937,N3,5,1490,1494
-0.9204332144401178,-3.7561105299837036,-0.05061386540328385,0.05129955267475452,N3,5,1491,1495
0.04424843868858943,-3.5407402034142335,54.35326879977947,33.93177936512511,N3,5,1492,1496
-0.006516205856235047,-3.1704351791002154,54.44600781276385,34.03194696709397,N3,5,1493,1497
0.475747242412308,-2.444523508965992,79.18469941783842,53.86560311901849,N3,5,1494,1498
0.6348987934500088,-1.7502490033751144,78.82794849274796,53.48005744751572,N3,5,1495,1499
0.6840468797630592,-1.0066187201994494,78.82826429276174,53.48046857274894,N3,5,1496,1500
0.45359605470226827,-0.4737415570057323,53.72211187151115,50.30255585762643,N3,5,1497,1501
1.050069010864854,0.08760001367695054,84.15137947740877,69.55900700693601,N3,5,1498,1502
0.5886255897916953,0.37241460800692894,59.78620909896563,50.12906396087347,N3,5,1499,1503
0.553446159654618,0.6264564323158226,59.94124301509437,50.296600878312894,N3,5,1500,1504
0.7662035087290405,0.8018429897598566,59.91210254659673,50.26511189470184,N3,5,1501,1505
0.06725634419477729,1.049476521359145,30.443530999925862,19.377860502921976,N3,5,1502,1506
-0.46214294009814694,1.0900033885818203,-0.07563184408354573,0.024297514474892524,N3,5,1503,1507
-0.48419783222548174,1.0243384768587362,-0.2000044808446546,-0.11009454237500904,N3,5,1504,1508
-0.3001427355924534,0.9545446231790521,4.508189638478507,-4.467114509888051,N3,5,1505,1509
-0.24004849029646494,0.8749782540313703,4.746449981021579,-4.20960140844254,N3,5,1506,1510
-0.21680023138198976,0.690409769452495,4.773527998807549,-4.180354777486355,N3,5,1507,1511
-0.44337533708117005,0.606864633428853,13.990472070666147,2.769976752036018,N3,5,1508,1512
-0.28510653136628433,0.5291700055567844,41.980179500322265,25.365360316781153,N3,5,1509,1513
-0.6227932488514512,0.4410378785329868,37.071397192199946,29.505540224297146,N3,5,1510,1514
-0.9063413466580869,0.3547637091802045,36.809591662991444,29.222517762196368,N3,5,1511,1515
-0.6088945145761386,0.2686083557028468,36.74530817095365,29.09432100388658,N3,5,1512,1516
-0.07537841993913616,0.28950773112360084,55.37566506184521,44.585517016648375,N3,5,1513,1517
0.019916634972264546,0.40388612853347183,56.6712200997019,52.71359591239307,N3,5,1514,1518
0.391557637602466,0.5328662988241518,56.89923145513312,52.96004016565566,N3,5,1515,1519
0.4053839509296836,0.6565262986929241,56.80257092437387,52.855592050837004,N3,5,1516,1520
0.44558558306861185,0.7503402803308404,56.891709811751205,53.01061445723317,N3,5,1517,1521
0.17800529668938908,0.6510868308722877,17.50406927413278,22.30531076584157,N3,5,1518,1522
0.11201877451906057,0.444566180357441,-11.742196965837502,-8.376014125329675,N3,5,1519,1523
0.0713918905250921,0.1863334781568824,-11.920543435044237,-8.568803535545886,N3,5,1520,1524
0.24965432198971485,-0.08253866203129405,-11.78469937806076,-8.421983202260162,N3,5,1521,1525
0.3896257677598783,-0.28848936952466603,-11.702640971451183,-8.333260440375307,N3,5,1522,1526
0.38455701479631443,-0.4341829729583111,9.22095623563364,7.060609605076024,N3,5,1523,1527
0.8950536132804359,-0.44671720514975277,39.960738400701665,26.65252072877047,N3,5,1524,1528
0.8462330099806422,-0.4387795944245596,39.887806763354455,26.573668430940597,N3,5,1525,1529
0.6835106418572081,-0.2937811300715964,39.98650617634703,26.680370996195414,N3,5,1526,1530
0.4790786701439288,-0.21738444826722797,39.95026163208822,26.641157581092557,N3,5,1527,1531
0.9390533267123601,-0.09823367338491096,61.218003937113096,41.73733416449541,N3,5,1528,1532
0.35120301450451735,0.08001421591621635,30.276787658395186,21.92760340807872,N3,5,1529,1533
0.5942450419365854,0.4806854240109459,59.791986280004494,52.89971525745059,N3,5,1530,1534
0.7226048404723769,0.7382191349443815,59.78268434471975,52.88962869052921,N3,5,1531,1535
0.8706553425953871,1.020365849404908,59.80734908599989,52.91630142071663,N3,5,1532,1536
0.9730285601351625,1.3695394040653242,136.41585647634056,68.01144477025227,N3,5,1533,1537
1.0089465213373159,1.5115357511849965,131.2019470551153,64.22695367638516,N3,5,1534,1538
0.45337843447013026,1.4357989368792432,101.41542132552422,32.96166773627192,N3,5,1535,1539
0.5297532504528248,1.358420790199159,101.77112041279179,33.346161415803365,N3,5,1536,1540
0.33889560783836714,1.2689253503190514,101.56232955183513,33.12048806606326,N3,5,1537,1541
-0.267622374398411,0.9928865784068506,3.846001296203758,3.1019539625616743,N3,5,1538,1542
0.18665540596673508,0.721735448608149,37.027018753434824,29.457529352589336,N3,5,1539,1543
0.5175562041214334,0.4234897247413983,37.23625124535029,29.683652527825323,N3,5,1540,1544
0.29227030692045447,0.16090399167633507,36.964447040033704,29.389874098931614,N3,5,1541,1545
0.38151422352909775,-0.09623715738297847,37.13769496474997,29.57720515935507,N3,5,1542,1546
0.7830219621255992,-0.17706463606555473,55.3683135540341,44.59660438479186,N3,5,1543,1547
0.14056127112032754,-0.08597920623347477,27.23937870830996,21.8506544823249,N3,5,1544,1548
-0.060943803770783234,0.03603103460313264,27.60905055071198,22.250266019275294,N3,5,1545,1549
0.16857731659688396,0.14804515258714163,27.48343455735885,22.1144913995362,N3,5,1546,1550
0.36034258080294423,0.2645300940740583,56.723783633694985,52.789386325863596,N3,5,1547,1551
0.1350698636893867,0.19166020933381844,29.014482900791336,30.53675806883257,N3,5,1548,1552
0.226232631202015,-0.09041517948720638,29.185478830116335,30.721620055536913,N3,5,1549,1553
0.6063059026355404,-0.37546162728837373,17.405747695126045,22.198955273306638,N3,5,1550,1554
0.42364951305967224,-0.6833343262042917,17.334612089990696,22.122014336737628,N3,5,1551,1555
0.17917034140170926,-0.9978445831132461,-11.884376844883082,-8.52977834012854,N3,5,1552,1556
0.06281217754481076,-1.2565408718753617,-11.880116652094875,-8.525141881652235,N3,5,1553,1557
0.7303232386904256,-1.4320684554572467,21.738334105598916,18.862633785426443,N3,5,1554,1558
0.5489005862400063,-1.5434495508668704,33.417156847754086,27.27618441827799,N3,5,1555,1559
0.6339973284222878,-1.5929793991262926,33.37337011453492,27.228852621382977,N3,5,1556,1560
0.8520150401293449,-1.627694581013833,33.28116832791566,27.12910619342001,N3,5,1557,1561
1.161739189020159,-1.55849811718399,61.04073824741499,49.47584665339964,N3,5,1558,1562
0.5524831496313481,-1.4227503776080197,27.382200431758246,21.985908189922338,N3,5,1559,1563
0.47906577647304405,-1.3312802708459315,27.423894696851495,22.030997169394688,N3,5,1560,1564
0.48530561514542114,-1.0798569702677554,27.576753841685424,22.196282417593466,N3,5,1561,1565
0.0631336153492839,-0.8310631480754835,27.565148251588106,22.183831266399647,N3,5,1562,1566
-0.532110387434409,-0.6101347183811896,4.286530900269281,-4.702498525705596,N3,5,1563,1567
-0.1469839930982289,-0.45655448550222955,34.18123997574439,26.73849203897553,N3,5,1564,1568
-0.16889827394827533,-0.28458903075695047,34.10673474370706,26.5991822209151,N3,5,1565,1569
-0.27057602141401277,-0.21554960371483958,33.966130042295845,26.447189101862023,N3,5,1566,1570
-0.08427208559146493,-0.11782721779385383,33.91375488291815,26.390478661049563,N3,5,1567,1571
0.16850500410648692,-0.12631713574948833,29.513996103120736,31.017796518049728,N3,5,1568,1572
0.8232764368093057,-0.16230733115734494,66.03696800745675,43.79339099912759,N3,5,1569,1573
0.8938048457430569,-0.1808933482417075,71.01224919013475,39.84685108788544,N3,5,1570,1574
1.0697803978635192,-0.30703686474465713,70.98995189835986,39.82273477083945,N3,5,1571,1575
1.031559990173355,-0.4421724076291696,71.14589802240661,39.99129104973108,N3,5,1572,1576
1.5664947399456424,-0.3572430124854634,104.45876104273047,56.513572639635825,N3,5,1573,1577
0.6265148770482029,-0.2443754546343655,38.249880246938844,12.58148382264917,N3,5,1574,1578
0.6553126558771283,-0.14050347439920188,33.12250462371158,16.42234746224276,N3,5,1575,1579
0.5798824994446022,0.0009176329426423991,33.43271616760321,16.698957127875474,N3,5,1576,1580
0.8304413656865564,0.1522189364014878,33.262936897332835,16.515523432457123,N3,5,1577,1581
0.32433996083786953,0.09764410828877032,-0.1521875357007957,-0.11726175337680615,N3,5,1578,1582
0.22499191407598573,0.04644584196912831,-0.19735129887994846,-0.16604630106303375,N3,5,1579,1583
0.6462199273665192,-0.015806574284266618,28.997643662821794,30.45995725566172,N3,5,1580,1584
0.5614582168887636,-0.07396441730693085,28.952494378916164,30.469851243255835,N3,5,1581,1585
0.552526728023895,-0.043676180111160076,33.875259921725956,26.407714105927152,N3,5,1582,1586
0.41788709596351054,-0.02243895590177658,33.91636164158117,26.452140579393017,N3,5,1583,1587
1.9667939549527091,0.059851330389935245,70.1952088540842,51.342060587342715,N3,5,1584,1588
1.9168085810062165,0.03567422583438429,41.11347683705535,20.838475421615293,N3,5,1585,1589
1.7789829133963848,-0.08419624581715653,41.06379969831469,20.784828363286216,N3,5,1586,1590
1.3306993459500744,-0.38528981888847225,36.19855634445412,24.909095723081556,N3,5,1587,1591
1.886853311358277,-0.5949520478237218,66.79687320104567,44.38993154599884,N3,5,1588,1592
0.38497234871460934,-0.9620826899422041,30.393212013751327,19.365110303896653,N3,5,1589,1593
-0.07703151695600355,-1.296140626165328,24.96200338175695,15.408688516874099,N3,5,1590,1594
0.2974515046895931,-1.583131043737805,25.01199528267607,15.462745348497993,N3,5,1591,1595
0.4273858605995656,-1.8803114574834183,24.94332490500965,15.388557468898943,N3,5,1592,1596
-0.2349399767039131,-2.279302089054485,-17.22033586760663,-12.45104276281636,N3,5,1593,1597
-0.15538988059995518,-2.691012459670111,-17.15098482281319,-12.434816675233014,N3,5,1594,1598
-0.01925407523949616,-3.0710192155263427,-11.925773774588015,-8.759723502937414,N3,5,1595,1599
-0.2595373117708505,-3.3508197678753446,-12.007123221829534,-8.847657725213503,N3,5,1596,1600
0.39120924857438694,-3.5146770924551674,17.503205117450854,22.05032882036903,N3,5,1597,1601
1.2511742048387986,-3.7247712477946946,136.23999692596553,67.63536507294921,N3,5,1598,1602
1.3457129678203728,-3.8418641726441534,164.1783018475966,90.23394827371666,N3,5,1599,1603
1.3156350220043123,-3.911528496554888,173.83883627039032,97.72247740111052,N3,5,1600,1604
1.4654609886594698,-4.008488149561299,173.85987466101506,97.74516222935054,N3,5,1601,1605
0.8210168501434509,-4.135858346682864,144.34772760054912,66.84517563190457,N3,5,1602,1606
0.6131375922914686,-4.15687966788052,64.84312843132939,51.86546114415105,N3,5,1603,1607
0.10098288715303169,-4.168711176999227,36.946406425215535,29.37047542491491,N3,5,1604,1608
-0.015482444379381377,-4.131360196732407,27.520364578542647,22.194161563871603,N3,5,1605,1609
-0.021446418227628782,-4.104211009959693,27.402220882588882,22.066435091773748,N3,5,1606,1610
0.03397686202745263,-4.007905807314723,27.60308893053152,22.283620672363032,N3,5,1607,1611
-0.45383494665577473,-3.9037063310419797,-0.21427937943080905,-0.12561020472057863,N3,5,1608,1612
-0.20152707299487246,-3.741387533610947,-0.2038690280431183,-0.11434558212349658,N3,5,1609,1613
-0.4063580142609453,-3.578669673741177,-0.27730828514904715,-0.1937096838999423,N3,5,1610,1614
-0.6064536041860265,-3.3756140047362235,-0.16460067704902032,-0.07184406414889963,N3,5,1611,1615
-0.5742701395136691,-3.151938785540932,-0.2866093433520291,-0.2625052217117627,N3,5,1612,1616
-0.22953858724119983,-2.8006646456543707,29.08508329082979,30.554391237268284,N3,5,1613,1617
0.35877117233064837,-2.4192448596606253,56.81010400423838,52.86381294000457,N3,5,1614,1618
0.39202339557364213,-1.910953554117708,66.31698366893397,60.12746663819562,N3,5,1615,1619
0.2219749521331778,-1.4728047251270369,71.21376924537181,56.03730425542744,N3,5,1616,1620
0.2716822539650593,-1.0993777444672843,59.57968580406159,47.73088312365435,N3,5,1617,1621
0.3015497519865676,-0.5970294597408383,58.049133732868356,39.348876440238385,N3,5,1618,1622
-0.38848786304208716,-0.09477115968195449,30.31330829641083,17.027838059765052,N3,5,1619,1623
-0.16862430408900764,0.22774291740658442,20.919861340516945,9.82804849861859,N3,5,1620,1624
0.10111830327853114,0.5642568030546954,15.778189944577752,13.59470160130877,N3,5,1621,1625
-0.07965004833356489,0.8759901150656958,27.551373965491074,22.110241035673244,N3,5,1622,1626
-0.3593806509642718,0.8845334821081451,-0.31262668907584157,-0.34942218812939246,N3,5,1623,1627
-0.4228926625741224,0.7888912768632735,-0.19696494639210868,-0.28315659572108415,N3,5,1624,1628
-0.36432295572471957,0.6933522379864258,-0.2359325481549604,-0.26659996786911505,N3,5,1625,1629
-0.5786086451122628,0.5835663690947115,-0.1047807685448788,-0.06601357069303049,N3,5,1626,1630
-0.5766614616743254,0.4874575075772157,-0.26283482266298963,-0.23686659516242797,N3,5,1627,1631
-0.8204885394043231,0.3816823064803998,-0.13758126578177327,-0.10142022895161062,N3,5,1628,1632
-0.17465945146627745,0.2850715171082129,27.422188128827838,22.088131901390444,N3,5,1629,1633
-0.037797263766242394,0.1914140907347246,56.65564756728418,52.75566504506132,N3,5,1630,1634
0.1420741906113335,0.09795986719580015,66.27343772795284,60.13925571356085,N3,5,1631,1635
0.20478996997658214,0.0038829738335437016,66.27872958779335,60.14495511211862,N3,5,1632,1636
0.4077246458893569,0.10021441949861583,90.78690856133763,79.72946424191323,N3,5,1633,1637
-0.06759604583041892,0.18380072576480871,63.14325437670923,57.507961724177584,N3,5,1634,1638
-0.2204399582368069,0.2520053719678856,38.85845844383584,22.806354990442923,N3,5,1635,1639
-0.21743806792567283,0.30758405578998804,29.243352755118394,15.425642381460056,N3,5,1636,1640
-0.019892808057147705,0.34259248537006215,29.2709882188763,15.396728235957562,N3,5,1637,1641
-0.24552992803485268,0.1865185034867011,4.783090656326385,-4.224667707293702,N3,5,1638,1642
-0.1827605944060906,0.03044253531970753,9.663888463974581,-8.332136671322223,N3,5,1639,1643
-0.3514501180808338,-0.12563572008298252,4.68783585029305,-4.32765701625176,N3,5,1640,1644
-0.2327417581768941,-0.3058044058463906,4.728559989994392,-4.283681803214131,N3,5,1641,1645
-0.23755499432104443,-0.48131868734698174,4.697686286640237,-4.258292992008501,N3,5,1642,1646
-0.010780706096306858,-0.671050365750449,4.68900647641276,-4.208841890464828,N3,5,1643,1647
0.45159785363066474,-0.8640768673660204,27.47647797333484,22.14670403940836,N3,5,1644,1648
0.3957259099446901,-1.023138520783533,27.49423909362231,22.165906607400395,N3,5,1645,1649
0.7350783147325274,-1.0984376905957618,62.35501738289895,57.13724764201324,N3,5,1646,1650
0.37230979336948167,-1.1424279141871807,62.52093962646613,57.31664659513335,N3,5,1647,1651
0.7201343644241888,-0.7015035848684704,90.14397932138817,79.5157921794671,N3,5,1648,1652
0.9071828332148243,-0.07703322551791417,117.10745552978479,91.3944844981961,N3,5,1649,1653
1.2054680103814917,0.6182110078181268,117.0034882673237,91.282113968076,N3,5,1650,1654
0.6765985047377854,1.2143573839134318,82.14728554329486,56.31576131344773,N3,5,1651,1655
0.8216484581796294,1.7764829949169212,82.03244125674829,56.19162639696442,N3,5,1652,1656
0.22121147739378558,1.8276920353205015,54.448291814589176,34.03449832085899,N3,5,1653,1657
-0.7528184287230261,1.6820624142959617,-0.5515116520982701,-0.490120060434856,N3,5,1654,1658
-0.7441523290430496,1.4085917265483148,4.573031349293887,-4.334140883102373,N3,5,1655,1659
-0.5497056299989481,1.1605283150187915,4.8448048914724495,-4.040358896736871,N3,5,1656,1660
-0.3234421432084673,0.9003833032042052,4.788197775717708,-4.101616499458032,N3,5,1657,1661
-0.3617468040014728,0.6513479368842354,4.796082787495107,-4.093169770787062,N3,5,1658,1662
0.22291696262930144,0.497529410159882,29.559810922201724,9.979758233987377,N3,5,1659,1663
-0.07321043974475287,0.34196933402341756,29.54638325064152,9.965224054220016,N3,5,1660,1664
-0.13417259936547907,0.1452459372363478,29.077582259473274,9.458492459182162,N3,5,1661,1665
-0.45108628252103244,-0.06437674659750314,29.218159712062334,9.61048822959565,N3,5,1662,1666
0.9862609277204684,-0.1493780692848361,145.80927387716656,74.64540766120918,N3,5,1663,1667
0.7183730080821306,-0.15713234001178195,130.83517003255548,68.14187130721257,N3,5,1664,1668
0.9366963385508142,-0.16444535482042397,125.80576041667663,72.08871920136153,N3,5,1665,1669
0.6800996846279531,-0.11593134016259228,125.99860676124808,72.2972086320151,N3,5,1666,1670
0.6179465954369789,-0.08452121385739134,125.81575168955897,72.0995354026556,N3,5,1667,1671
-0.46901362195624186,-0.18258927332070699,9.082843866915209,6.911443071030954,N3,5,1668,1672
-0.611474184927306,-0.4204846581778668,-0.2151076472335262,-0.12643693205172896,N3,5,1669,1673
-0.6143384268497585,-0.6998272216737291,-5.831548953865422,-4.2831509993309735,N3,5,1670,1674
-0.3429458487572674,-1.0048824073532727,-5.795901809821953,-4.244722699189151,N3,5,1671,1675
0.0728757463246211,-1.2299878109538043,-5.583432597882347,-4.0150585074967235,N3,5,1672,1676
0.1422567748582196,-1.450447718472668,-0.5555284654605203,-7.963527872232953,N3,5,1673,1677
0.6012685512351255,-1.6730026736996764,26.843750162393555,13.993807190765802,N3,5,1674,1678
0.5587362611902336,-1.794849798516833,32.638180161701165,18.342976771127724,N3,5,1675,1679
0.5295573577848927,-1.9182810748158943,32.53298369697295,18.229318710982625,N3,5,1676,1680
0.46210863948267616,-2.0644255044435282,32.43123407462845,18.1193849137504,N3,5,1677,1681
0.7109765998098737,-1.8001891094901055,57.85040236379719,41.3852323249288,N3,5,1678,1682
0.742893768443355,-1.2580831308297662,65.31812500363158,54.40582655415055,N3,5,1679,1683
0.6983516699426673,-0.5608467152015351,65.2476473388524,54.32961360647605,N3,5,1680,1684
0.5550030653139174,0.1384158301118589,65.3697914516204,54.46162601817923,N3,5,1681,1685
0.575007250225599,0.8184929220170147,65.33688401920081,54.367237295144875,N3,5,1682,1686
0.12188491369688563,1.0911761987807211,23.444926999873132,26.88914374743763,N3,5,1683,1687
-0.2589324246152273,1.0593183159926014,-11.583066436790977,-8.262807251284539,N3,5,1684,1688
-0.20318934208460177,0.8247464049841767,-11.748406405179413,-8.441522657031602,N3,5,1685,1689
-0.12321087865611843,0.5879278266170559,-11.858781510172411,-8.560843032352569,N3,5,1686,1690
-0.2844180005894941,0.34370901753273414,-11.77209821299184,-8.408382985393109,N3,5,1687,1691
-0.4795979231877482,0.09745444829715097,-0.3255534793657716,-0.24590319613198516,N3,5,1688,1692
0.019797410855176167,-0.04301522918510727,27.123366549090132,21.76508283192379,N3,5,1689,1693
-0.037783116904665806,-0.18106699758344574,27.46500026966969,22.134286952248658,N3,5,1690,1694
-0.19803659428714582,-0.27875615839641343,27.55653556009929,22.23325885855447,N3,5,1691,1695
-0.3511754416512304,-0.3653638428280829,27.48311238955648,22.153879962269276,N3,5,1692,1696
0.30651948028603326,-0.16335741310397225,61.02558840239071,41.74514839415933,N3,5,1693,1697
-0.19517562411988365,-0.07152321453315266,33.63768866479222,19.741321150471048,N3,5,1694,1698
0.06821284554075646,0.028475271858530958,42.964098473917694,26.809972881022258,N3,5,1695,1699
0.662730359142347,0.10246168876144565,72.17078617870284,57.448517844428714,N3,5,1696,1700
0.5575431322369695,0.14614157058301203,72.03977604045068,57.306970787928734,N3,5,1697,1701
0.15786918203380082,0.02420048853103367,38.631362194006215,37.860541397798805,N3,5,1698,1702
-0.07199400266447356,-0.12053807361824057,38.403083230444466,37.67259119185619,N3,5,1699,1703
-0.3582544403300517,-0.2826002793183079,28.841563508851685,30.34981353272451,N3,5,1700,1704
-0.7056408074163073,-0.4148217635438698,-0.25643412653007547,-0.17125560302956727,N3,5,1701,1705
-0.3708414609165402,-0.5676340871327283,-0.24923518252908253,-0.22224641768843867,N3,5,1702,1706
-0.5669935474554677,-0.8447630879970859,-0.23425517449504696,-0.205999834582326,N3,5,1703,1707
1.3791686803075436,-0.8936269293357497,27.463991648811497,22.07447324932582,N3,5,1704,1708
1.559145539024371,-0.9359754594103492,27.667598930746315,22.294585899889352,N3,5,1705,1709
1.327648970664518,-1.0078813344946695,27.31615251204057,21.85591555980209,N3,5,1706,1710
1.2168355040970027,-0.9895140493714507,32.61482696533203,18.25887269402592,N3,5,1707,1711
1.705062309719051,-0.8648113709768552,63.210634619556366,37.736956572148486,N3,5,1708,1712
-0.11158419741184389,-0.7327627536176692,35.62384687734884,15.57685906226543,N3,5,1709,1713
-0.33207146519077924,-0.4814025927828197,40.37574134961469,19.092102436732965,N3,5,1710,1714
-0.017397536298472006,-0.10686732604698364,40.52443505654519,19.311622344762146,N3,5,1711,1715
0.22403966167303224,0.34539416852778687,64.61801143884368,53.80655494233215,N3,5,1712,1716
-0.07724605815365067,0.7218112885286303,38.77976436596655,30.0878444057249,N3,5,1713,1717
0.07113997265523722,0.9104734434820386,38.915648546253216,30.234809825081904,N3,5,1714,1718
0.15459665616788243,1.0052021990179754,33.98254562043003,26.52374398836546,N3,5,1715,1719
0.16735293136141535,0.996055603655617,34.09245307307283,26.64254228196369,N3,5,1716,1720
0.1112280277939817,0.8685224710858449,4.681926086641033,-4.216305376627133,N3,5,1717,1721
0.18866061858118427,0.7281094327822984,-0.14757715137093327,-0.05343423195299692,N3,5,1718,1722
0.6062518069670659,0.600461456904361,27.561432147480083,22.238626007524726,N3,5,1719,1723
0.816960910015041,0.460591697269291,32.48598435681197,18.178436538524693,N3,5,1720,1724
0.6534182803223303,0.279910851280971,37.35926100529323,14.062901282317762,N3,5,1721,1725
0.7609137282905521,0.1344565047393246,37.51247482696199,14.228431256038311,N3,5,1722,1726
1.2013899694477232,0.07774401410599693,70.97218094534473,30.909404342794733,N3,5,1723,1727
0.6624309472432287,0.17352164778030216,43.236779163140454,8.588801883191627,N3,5,1724,1728
0.26266049009243486,0.26114498524232205,47.807854167604816,19.900514658921747,N3,5,1725,1729
-0.006647521213903928,0.37203468611954804,31.103431656822796,15.437778426361911,N3,5,1726,1730
-0.17782253340558327,0.47302607356543264,31.2364528068254,15.581640455531305,N3,5,1727,1731
-0.20515646619319342,0.4793725507208023,105.22837531673721,36.42957046098454,N3,5,1728,1732
0.977321820664838,0.5940514186727797,173.62736953946006,89.38886879355559,N3,5,1729,1733
1.2149973028513614,0.7998851160031165,164.12354103553224,82.12842854617483,N3,5,1730,1734
1.5156204625882537,0.9968183967606024,175.88575507850618,90.63218641707063,N3,5,1731,1735
1.4547039450389092,1.1542932503180339,175.70094834944175,90.43235869985365,N3,5,1732,1736
0.7982809609536161,1.2946670444722543,68.24805669782218,52.902046232591964,N3,5,1733,1737
0.07268102309117239,1.1269541026016328,27.470971933810507,22.14071280157077,N3,5,1734,1738
0.03728421898927081,0.926147147429424,27.429315040275107,22.037010191127774,N3,5,1735,1739
-0.06524243005137578,0.7502691352625789,27.412581226378098,22.018924564115878,N3,5,1736,1740
-0.004325912502031315,0.5471157772171921,27.47683199943858,22.088389002675832,N3,5,1737,1741
0.44517007894685323,0.6550064907625994,58.13295960331161,41.63177688625874,N3,5,1738,1742
-0.15599714454574495,0.7737122779210039,30.487088578715337,19.407894823604146,N3,5,1739,1743
-0.3430618424360546,0.8272962514535663,30.498610614071367,19.479085782109177,N3,5,1740,1744
-0.1661422051807449,0.8429863271933072,35.32516602329561,19.32536260204215,N3,5,1741,1745
-0.2117140637093371,0.9067542778576978,35.45311975760851,19.463688121776794,N3,5,1742,1746
-0.5998574351305479,0.7671435777605382,4.731115383538418,-0.1508595171617344,N3,5,1743,1747
-0.5267284492824047,0.623539484517039,13.559460778455833,6.379484831677109,N3,5,1744,1748
-0.053388908334022746,0.48305108781631245,37.10648530791805,33.057359782212,N3,5,1745,1749
-0.1608917302259215,0.36224591924002425,32.29966261188092,33.232397564980786,N3,5,1746,1750
-0.036584334381541336,0.25396192153553443,32.15466711764748,33.07564252344601,N3,5,1747,1751
0.010668265890626572,0.05263474062305704,32.23680301432323,33.16441697601986,N3,5,1748,1752
0.6996505736778318,-0.13770859275815042,51.1161786378827,48.92477203115122,N3,5,1749,1753
0.39834587592802106,-0.32410650475223973,27.537738833675395,22.212839835023622,N3,5,1750,1754
1.2598939473792599,-0.548134319387367,27.44659129556094,22.114303534675855,N3,5,1751,1755
1.3097487592002834,-0.7514117298741155,27.52339372134884,22.197306981222937,N3,5,1752,1756
1.610804635097543,-0.7643384637492658,52.004772654848054,41.75288526979712,N3,5,1753,1757
1.078341375697414,-0.7206498543178043,24.168151449179277,19.322841621379485,N3,5,1754,1758
1.0619170451909667,-0.68902864023392,24.19033351125545,19.346859955399122,N3,5,1755,1759
0.2663582419172371,-0.5885498945362599,24.318558686567123,19.485479111409223,N3,5,1756,1760
0.07685137523108096,-0.5795630445302209,24.17329737569089,19.26971375893918,N3,5,1757,1761
-0.24670192691842202,-0.7701976393203267,-0.37338502990605776,-0.35641460834012834,N3,5,1758,1762
-0.39874063194126846,-0.8104446813125833,-0.25181735315127296,-0.224929918833368,N3,5,1759,1763
-0.4284472143362791,-0.7244331829224905,9.295005057519301,7.081988963688491,N3,5,1760,1764
-0.6728478798351262,-0.6513882042705916,9.287276114316773,7.073657793922758,N3,5,1761,1765
-0.048736195490755564,-0.5124083598929416,38.64842985670548,37.937949142220894,N3,5,1762,1766
0.026374684031475228,-0.33011904549583165,38.72888297960744,38.02487603143091,N3,5,1763,1767
0.47029609872561196,-0.3391345461384958,66.39472437290533,60.270265853859016,N3,5,1764,1768
0.6271851384888805,-0.47334863398913285,56.64705718320329,52.746288275871485,N3,5,1765,1769
0.621013970440049,-0.6081698625365334,56.72783995738136,52.83358803644951,N3,5,1766,1770
-0.22818771633385496,-0.7467823648231444,32.437125402526,18.125578746509564,N3,5,1767,1771
