M1_log1p,M4_identity,M5_log1p,M6_log1p,dataset_id,window_seconds,window_start_index,window_end_index
0.012107775416498878,-0.6453220940593575,31.430782834071408,25.66764823429824,N3,10,0,9
0.016499018322388058,-0.6868715964002972,31.421270747875177,25.657384854767294,N3,10,1,10
0.03814253889631306,-0.6933805575757814,31.542707841016448,25.788637149630954,N3,10,2,11
-0.23939604155735728,-0.7436618831425316,19.191210014690633,18.78508199029385,N3,10,3,12
0.05930065620415168,-0.785900204570782,29.75928812342257,24.917771832526547,N3,10,4,13
0.120788194676597,-0.8328636840924177,29.884064628252627,25.082031924422633,N3,10,5,14
0.12737936456762866,-0.8623367023334048,29.66102975002324,24.811553315576226,N3,10,6,15
-0.014447814877779663,-0.8858917690649598,15.1536709310403,9.630399686189492,N3,10,7,16
0.2697297135084907,-0.8409369941039042,29.220637795156357,21.006144040223813,N3,10,8,17
0.31978435301738506,-0.6882359926840407,28.97177072379111,20.766504140086106,N3,10,9,18
0.6364918984023737,-0.5261327973126656,33.79615448704489,24.475074470212526,N3,10,10,19
0.48386450784995294,-0.3751738870186353,33.480166932539866,24.133504726422803,N3,10,11,20
0.4676232038186249,-0.24883457110192886,35.99790672554615,22.163377971892128,N3,10,12,21
0.6724631452911121,-0.17127461927913004,50.90167397685094,37.80730610875029,N3,10,13,22
0.25307524839838297,-0.10101125028220057,35.50660157710803,27.963233267250757,N3,10,14,23
0.19379537699301555,-0.022296756050868716,37.94642024081311,25.908902704969357,N3,10,15,24
0.14320585833641478,0.056194883176026875,38.116991538655675,26.12265798258112,N3,10,16,25
0.20759904951327962,0.12194409157263024,37.817938484019706,25.799395599725578,N3,10,17,26
0.6215408826397864,0.19367141179654102,24.10183368739688,14.802923309363916,N3,10,18,27
0.8117931401884997,0.16882992546139022,37.99105981578077,25.986514962091594,N3,10,19,28
0.757346145512428,0.14262587865009485,33.18379289646754,22.296442026714224,N3,10,20,29
0.9045448531417627,0.11020506502362189,35.95205259708662,20.597090976238924,N3,10,21,30
0.8955167474341721,0.08104530778752021,35.91664171820372,20.558849185306894,N3,10,22,31
0.9472238313373085,0.14686295268379795,36.28160866058867,15.96670422655983,N3,10,23,32
1.1587955657021685,0.20886398367695697,38.855096854410625,14.056861870877379,N3,10,24,33
1.169183538685939,0.269960021714221,41.17998571248518,19.729363879170545,N3,10,25,34
1.2119190234066677,0.33003811948544187,41.176392302499025,19.725486277820938,N3,10,26,35
1.100869855574843,0.3890844933860236,41.36680583411451,19.931335354098714,N3,10,27,36
0.5709362681461148,0.39380053263182696,41.12309968859961,19.667889332949425,N3,10,28,37
0.44423939519154276,0.39187004551304694,27.06847262350925,8.305500774483221,N3,10,29,38
0.7259220033289651,0.4381890662818135,40.50882124827946,22.879665064599227,N3,10,30,39
0.6264732105166996,0.48395683315236815,37.957491645705474,24.81349317048115,N3,10,31,40
0.7986057738738307,0.5705353553289002,35.49581539855526,26.844187758368527,N3,10,32,41
0.7201298238357381,0.5513829765526433,73.25063699700495,32.4621783539965,N3,10,33,42
0.8556852821124743,0.5259592081613371,84.57194739985027,45.561639452694145,N3,10,34,43
0.7040969354139648,0.49068672323907025,79.70052824425503,41.82809584823383,N3,10,35,44
0.6149838998737753,0.4536942069773646,79.75394481360993,41.856490063916794,N3,10,36,45
0.7781834128618655,0.40272809508098034,82.21263705830196,39.82252237554644,N3,10,37,46
0.8686510963066002,0.4473633793293965,96.16017096126151,51.06914128599283,N3,10,38,47
0.9613853397624524,0.486038669064843,96.32070673562089,51.242641691265646,N3,10,39,48
0.6137905443499274,0.47035024856145713,87.73403357338334,40.408698638720736,N3,10,40,49
0.6597627746244001,0.4519092903726234,87.75198194221771,40.42809582648821,N3,10,41,50
0.4719968911528749,0.3791576196036762,87.70563908724903,40.37798482656176,N3,10,42,51
0.2953734460041531,0.3054594846842205,34.75457300201815,23.786547781791047,N3,10,43,52
0.4852688990820962,0.2823048948661067,48.20958472479943,29.697007554013815,N3,10,44,53
0.611142195970773,0.25362446398458394,48.22078985186031,29.7091428936581,N3,10,45,54
0.7791534898943695,0.21640596281696184,48.16385837750818,29.676929315185042,N3,10,46,55
0.7064747936705931,0.19752245461594253,60.36487292762631,47.09106829488869,N3,10,47,56
0.41482497190578693,0.11442194517373609,46.38260639608261,35.77753626515887,N3,10,48,57
0.576504476446632,0.03622933191903199,60.2286788560818,46.91452119125613,N3,10,49,58
0.5281312417414394,-0.03207318389571765,55.58907574952745,43.40572564099318,N3,10,50,59
0.4854640649833094,-0.10851410565370193,55.522981575368746,43.33429325761053,N3,10,51,60
0.5876514838954894,-0.1698582485736902,55.63851004773496,43.4591871489677,N3,10,52,61
0.8544941492006266,-0.08581934049632836,69.2512441463205,54.34395858949763,N3,10,53,62
0.4804634109909127,-0.049766456773246356,42.04227573913554,37.39616468090985,N3,10,54,63
0.5251652596020826,-0.00863756503892391,42.05505884671138,37.40997268612257,N3,10,55,64
0.4979395420275214,0.04147935041449256,42.16561416400168,37.52948279025909,N3,10,56,65
0.3588269585638244,0.07026081090437353,24.602245538613534,15.47755349923932,N3,10,57,66
0.46638351300401765,0.07011599277049815,24.86675900243131,15.792855273803047,N3,10,58,67
0.13401915619766883,0.0654612875556254,15.767494653210269,8.280586923539294,N3,10,59,68
0.21987040149500814,0.04928694984742834,15.644827935281,8.147974161698972,N3,10,60,69
0.3652861185632169,0.08121615827505382,15.684291049625745,8.190614168628759,N3,10,61,70
0.26896570029038075,0.20383998018261953,15.494318251481218,7.9852419385403435,N3,10,62,71
0.19346067057379698,0.191455832786198,16.608327778198465,12.535914869004888,N3,10,63,72
0.2855098851170915,0.22614179222818703,30.330026272974692,23.518483842465752,N3,10,64,73
0.2164070012024851,0.2690267091689712,30.41085632072918,23.605858603566524,N3,10,65,74
0.17694677169894177,0.3544344074302316,30.32098880017861,23.508757949401957,N3,10,66,75
0.16970746206115236,0.4466759747167931,33.146619624451525,30.09612712937992,N3,10,67,76
0.4215259512634084,0.6200457018944825,46.78085507181131,39.65987263722184,N3,10,68,77
0.462259622328056,0.7862964079648945,42.09505396658915,36.10111588902505,N3,10,69,78
0.43996924983982166,0.9434929410522355,42.01170878810403,36.01103287874266,N3,10,70,79
0.327591475056299,1.1066774270994226,42.13780184374182,36.14731321308145,N3,10,71,80
0.250097379978213,1.1540369896343445,42.256773182516554,36.27593503392181,N3,10,72,81
0.07504485179307423,1.169397522862466,27.412281305323358,20.713194854794004,N3,10,73,82
-0.08135990908803166,1.1782699809884425,18.318224251849596,13.22646804233882,N3,10,74,83
-0.035052213748226535,1.1769026353744578,18.28455525338818,13.190057540173347,N3,10,75,84
0.024859649022975105,1.1279529926019414,18.380361183154992,13.29359453351267,N3,10,76,85
0.17753726222638946,1.0765164324369079,18.400452748738054,13.315353490027382,N3,10,77,86
-0.05750354737800904,0.9285680961292082,4.591708847546715,3.562984622589738,N3,10,78,87
0.2186633845540406,0.7820686935404255,19.904874171041364,13.318560311360898,N3,10,79,88
0.4874886226259818,0.6194200526457012,34.53780466823887,28.669825106003692,N3,10,80,89
0.47131990611009655,0.4008173203224844,34.37331584142712,28.492022266406547,N3,10,81,90
0.5444959481641967,0.18177992293119588,37.00259707530377,26.642439100092723,N3,10,82,91
0.7273228261962658,0.04796549942341901,52.390188979410006,36.4784609816817,N3,10,83,92
0.658019965190855,-0.038800335318624236,47.6159410570599,32.824107285424404,N3,10,84,93
0.6349847770739835,-0.13512154861347286,47.55651150961894,32.75986508885266,N3,10,85,94
0.670613871659338,-0.23846484635533027,47.52936488044306,32.7305094959464,N3,10,86,95
0.5279871335259727,-0.27657254049541324,47.499478586192616,32.69820280568233,N3,10,87,96
0.5530660286929979,-0.28366267020441105,47.59956873627029,32.80638629762084,N3,10,88,97
0.20363818763837144,-0.28125628758459786,32.26468773199986,23.027342316593014,N3,10,89,98
-0.09710316835884783,-0.26563139806222014,22.463349545589836,11.366542597368106,N3,10,90,99
0.07665536050239297,-0.27322571276639973,22.395864360975885,11.293637285337535,N3,10,91,100
0.20874931261190993,-0.257808028741057,19.809616700494054,13.189729293035134,N3,10,92,101
0.03014284807823415,-0.28174039907701687,4.560914682066596,3.503877017268769,N3,10,93,102
0.2882653597828352,-0.3463435218181251,18.400343500186636,14.633665238381672,N3,10,94,103
0.2941689870341094,-0.3965333579569904,18.44017562156514,14.676715196747272,N3,10,95,104
0.5329364729944743,-0.33713634480499943,33.042205600490114,29.99458658108233,N3,10,96,105
0.5772595762419727,-0.33872124866706893,33.0731177744381,30.02800866996745,N3,10,97,106
1.014194953750831,-0.30979460890083405,88.6741776452217,52.474160867759565,N3,10,98,107
1.1676980763743772,-0.23682917187982594,88.75278298875791,52.55913113971933,N3,10,99,108
1.1493193631167415,-0.15248588088350826,83.90973144725949,48.85626114691286,N3,10,100,109
0.9229874530328956,0.01181050266454342,84.0047550399925,48.958970021185316,N3,10,101,110
0.9542416424243363,0.21460720241721204,84.04008421082654,48.99717692259628,N3,10,102,111
0.8984020668075878,0.3908059091049635,83.83746437984323,48.77814674972601,N3,10,103,112
0.6188950556308412,0.5163455050982554,70.08346751533963,37.74074224460037,N3,10,104,113
0.6101617433870835,0.6414289480460053,74.91849053337646,41.46079718495175,N3,10,105,114
0.3082563173621658,0.6548128882989259,60.240815005277454,26.061168853971004,N3,10,106,115
0.37984212053223204,0.6645725230185249,60.14519840972598,25.95778082860752,N3,10,107,116
-0.045562405019317964,0.6136454145098178,4.532764877889804,3.4993323102678007,N3,10,108,117
0.10962385529509291,0.525164183090143,18.334621405139387,14.588485538479336,N3,10,109,118
0.12948684763682933,0.43494314778033233,15.668940648858733,12.664271770040568,N3,10,110,119
0.23269727022645129,0.298188482783911,15.690374730459189,12.687440688665129,N3,10,111,120
0.09514642882928967,0.09028176743661068,18.081223347477682,10.58014394471761,N3,10,112,121
0.5678117296399356,0.04942114437339473,42.757249458642306,32.23637577049599,N3,10,113,122
0.5565225391007033,0.04423574028637774,42.60856189880515,32.0756124936393,N3,10,114,123
0.5352020140561535,0.04517049740154171,37.860864965596285,28.449964192791278,N3,10,115,124
0.5592978958797893,0.09770562289094187,37.89908919304662,28.49128236827819,N3,10,116,125
0.38783535138391445,0.19002005067253921,37.879559859384514,28.470182580363325,N3,10,117,126
0.2309380259546991,0.33334627487405,37.871055943434655,28.4609861682623,N3,10,118,127
0.12005920979678919,0.46689333256691656,24.087309097274375,17.391396722365016,N3,10,119,128
0.18392345368971305,0.5932263585854557,31.49387356494026,22.88214856016193,N3,10,120,129
0.15457023490300442,0.7159344169761296,25.55678152303226,18.56975741728279,N3,10,121,130
0.21215521637845214,0.8682948911339814,23.287824837495826,20.808775537529073,N3,10,122,131
-0.22662365990606262,0.8455126091159867,-1.2668937035573435,-0.7163307081804305,N3,10,123,132
0.4949230912661989,0.8077352399628979,32.69385221101184,22.25154835235362,N3,10,124,133
0.452314201359318,0.7757155954396164,32.59628703417129,22.146083782969527,N3,10,125,134
0.48920109256758837,0.7063190586766879,32.599361512280396,22.149367899127036,N3,10,126,135
0.6128637349900139,0.6581996222718118,32.734109900342446,22.2950107099251,N3,10,127,136
0.9228268318515127,0.714768047151426,46.405209524813834,33.24287458210533,N3,10,128,137
0.852349568077279,0.7744710984587329,46.415597324149985,33.224746321743034,N3,10,129,138
0.935132437820608,0.8485101819730918,56.381665812805565,45.08947561004884,N3,10,130,139
0.7789464407062823,0.9287589599290914,62.29060972462703,49.37144084777933,N3,10,131,140
0.7349179413649936,1.0465433522440357,62.086683510299466,49.151009545658965,N3,10,132,141
0.7184865811737204,1.1793946087616738,62.07452240361481,49.13782113053712,N3,10,133,142
0.1220828543220847,1.292253107955604,28.216490364313266,26.28100179892299,N3,10,134,143
0.16615394257387664,1.4348791069865254,28.285123394935816,26.355178733991853,N3,10,135,144
0.06872212463949197,1.6130035758456303,28.203094153778967,26.26655167333729,N3,10,136,145
0.17231474495679322,1.7313249569308855,28.159807432678825,26.219790272039564,N3,10,137,146
0.4833252710999389,1.740225132742086,14.49973087933913,15.283875304009644,N3,10,138,147
0.7424553524693536,1.7265119509296063,32.465431456881014,28.799390554221873,N3,10,139,148
0.6397033061349475,1.6967792712465837,17.827791208796135,13.443029450567384,N3,10,140,149
0.8359925824376319,1.6534661597071338,17.833518003814696,13.449228853068508,N3,10,141,150
0.8492795573678293,1.6195009804618017,17.915670365486857,13.538055899627988,N3,10,142,151
0.9523093392544908,1.660384927310087,31.805283426748154,24.72208241572912,N3,10,143,152
1.021367201692891,1.8776975082240974,31.788678650695875,24.70409639581617,N3,10,144,153
0.866577513519266,2.0403768763247,31.163078070654954,23.99850162740813,N3,10,145,154
1.2262283195237615,2.2940317665630965,46.30017310069879,39.89461913358573,N3,10,146,155
1.1475056016789567,2.521089837449631,46.4151593600709,40.01888375035465,N3,10,147,156
0.5881529195416249,2.683290812147058,43.61614267871219,37.91897869677723,N3,10,148,157
0.3507626790411763,2.834371156599482,25.526704886813057,24.299068929832902,N3,10,149,158
0.40385491121778755,2.9752901555153963,25.603777060837547,24.3530349770449,N3,10,150,159
0.39796378608645566,3.099192903320129,25.63763860244908,24.389616448038076,N3,10,151,160
0.3603157194691008,3.1213030389952374,25.47200924286135,24.210595981794132,N3,10,152,161
0.3007000172238875,3.032567442889878,11.642397358448306,13.091454288772548,N3,10,153,162
0.4501931016895625,2.743175849168319,28.08686934247253,23.704958109123528,N3,10,154,163
0.6296444769731494,2.4669711924776636,30.54008662626029,26.386104748670732,N3,10,155,164
0.32538625066193705,2.0095742217635255,15.395913670379468,10.452934062311215,N3,10,156,165
0.33105845384466903,1.5554183844130294,15.30630823336287,10.297305673983374,N3,10,157,166
0.6390349187888574,1.2565303686482792,31.792688227568213,23.36261592058927,N3,10,158,167
0.6255660378766692,0.9645529044950962,31.924488919800297,23.505098727732637,N3,10,159,168
0.4182442871165307,0.6695028702301087,31.612659762088335,23.16804149267591,N3,10,160,169
0.43155888273513626,0.408130214750301,34.34520033300032,23.43624443821245,N3,10,161,170
0.39773760633128175,0.13741028907091818,34.34048678561521,23.431146774566788,N3,10,162,171
0.8925521292573293,0.0528118509135453,89.9287768438281,49.70114878753147,N3,10,163,172
0.5538622038446832,0.008289784832136604,73.48462048691817,39.08802651710812,N3,10,164,173
0.5078298316624441,-0.06982563421778991,71.64363072533897,37.09803621583169,N3,10,165,174
0.37402663807440606,-0.06834097748870818,71.50477506083853,36.947951079325414,N3,10,166,175
0.35906756692941,-0.04018501577157565,71.68838636433301,37.20519299813113,N3,10,167,176
-0.014238335945316294,-0.15516321064780952,57.88149348395591,26.110575179163426,N3,10,168,177
0.1537958239876957,-0.2419249524417623,74.52588253498689,39.62630651059253,N3,10,169,178
0.35700134559061214,-0.32187127357202455,74.77124136840848,39.92086153319324,N3,10,170,179
0.31342612277825027,-0.4239991162073096,72.03787253448027,39.6517490210741,N3,10,171,180
0.399044397995479,-0.4702398894390683,72.11555888263729,39.73567125668787,N3,10,172,181
0.19127506307078618,-0.529720025551525,30.345580372022688,24.57259900806548,N3,10,173,182
0.2651425429850107,-0.5667589185265115,30.3967411839144,24.627899327850354,N3,10,174,183
0.2705496155055343,-0.5639044182813023,30.41528019554071,24.647940960933738,N3,10,175,184
0.31205975356725874,-0.600688013619201,30.589585601008274,24.86573918881377,N3,10,176,185
0.20165477301870852,-0.5457213158221137,30.337789759367844,24.5935822934267,N3,10,177,186
0.29195887407412613,-0.4810297432689808,30.429398442880665,24.692620199160046,N3,10,178,187
0.2508188874072218,-0.37555868432946793,28.296712358107744,26.397123084704525,N3,10,179,188
0.15794781708598576,-0.26670468341309145,28.296003072958047,26.39636092601586,N3,10,180,189
0.025137425614366292,-0.1490287542225218,28.28448359143558,26.38394685734902,N3,10,181,190
-0.09543416118727918,-0.02561153238491585,30.806254995958444,24.386717375918852,N3,10,182,191
-0.44701750839991805,-0.042772691915592985,16.932878458005142,13.220249381065424,N3,10,183,192
-0.26455685387260813,-0.09739335502787157,32.24495527448598,24.318861005925918,N3,10,184,193
-0.13966371174930997,-0.17620719353599554,36.98461435445224,27.935827880691797,N3,10,185,194
-0.03146984112170657,-0.22747389635531193,39.48875870462844,25.950996360184217,N3,10,186,195
0.05170821813291297,-0.3716682769799107,39.55323434275924,26.020680025731416,N3,10,187,196
0.1756308249624837,-0.4220050680123165,50.073971854440245,34.3591222083719,N3,10,188,197
0.033832401596237106,-0.4744427452229374,35.46179222925066,19.03028630374856,N3,10,189,198
-0.07825308709486478,-0.5190269880010604,32.66931586091523,16.968975499142836,N3,10,190,199
0.016337746925923113,-0.5833823068115095,32.67665419136856,16.976870647694522,N3,10,191,200
0.0007304146878212237,-0.6395118833893421,30.139039643864816,18.927637817114647,N3,10,192,201
0.09066834757093431,-0.5678240781716198,30.18594677001347,18.978351425858637,N3,10,193,202
-0.0388895450673985,-0.48855134795415867,14.853780017934787,7.857995993293116,N3,10,194,203
-0.17646791435479656,-0.33867812223609517,9.978328644530212,4.094251440318748,N3,10,195,204
-0.024078356103991894,-0.20037012324926592,22.222098528450168,21.55461217048469,N3,10,196,205
0.07108839376241036,-0.059701787308631536,22.22020442196945,21.552557297247585,N3,10,197,206
-0.030185257715749002,-0.008081014384360685,11.602480548728726,13.109282307419836,N3,10,198,207
0.2969395802900564,0.05964584031967348,26.956612032153863,24.253344803270647,N3,10,199,208
0.4420020073106471,0.13538090910344494,34.563034100137884,30.01192764021198,N3,10,200,209
0.5134342451645523,0.2393269536419055,34.523398771984645,29.9103281099925,N3,10,201,210
0.7174520170059893,0.3294250500329966,37.01640609704864,27.942858986766442,N3,10,202,211
0.8632632234204977,0.3401293431907121,53.81994513241098,36.36293890578499,N3,10,203,212
1.2581357134537512,0.3865098484664415,81.04133840914137,53.324250516107625,N3,10,204,213
1.1911626272832165,0.38060640284656133,81.16640332262514,53.459409863010116,N3,10,205,214
0.9269404482315722,0.3741397254362681,66.47983115074157,38.050173696014554,N3,10,206,215
0.7888862897701842,0.3538422541463319,66.4086251836925,37.97324485500385,N3,10,207,216
0.8817650764373894,0.38763053376761575,66.54195411691698,38.08795386010142,N3,10,208,217
0.4084619247566323,0.3576474017757576,51.167286460631296,26.921651296125038,N3,10,209,218
0.36381923792810367,0.37124983322816546,46.32294189060631,23.19152855071743,N3,10,210,219
0.29595323670873197,0.3720206617533009,46.23707296644752,23.15749336694362,N3,10,211,220
0.3563820247460427,0.4285594729496779,43.930422151478886,25.32640995152233,N3,10,212,221
0.3266423915077524,0.42420024247262517,41.67626206202094,32.16728780278745,N3,10,213,222
0.011011742139099567,0.3819807907388764,29.817212915729577,25.014656385369655,N3,10,214,223
0.06970103803127188,0.33285181063058217,29.796771558101863,24.99255094736527,N3,10,215,224
0.33593067241214525,0.28636491879972964,29.770319170142464,24.963986566218317,N3,10,216,225
0.42342035861314997,0.2517508267109605,29.846891420886458,25.04672738187646,N3,10,217,226
0.5113008592772573,0.3003013769495368,43.609820175097774,36.12318858935523,N3,10,218,227
0.8009166211994568,0.4485872911890084,48.32410956148851,39.712772581748865,N3,10,219,228
0.8971441414286829,0.5422828180939803,48.399353081148,39.79409724425623,N3,10,220,229
0.8517719116464348,0.6432943091378334,48.5185449132332,39.89355491667811,N3,10,221,230
0.6783308186021714,0.6824231336358537,48.33831343355068,39.728078224064575,N3,10,222,231
0.43900586750500137,0.7280265505834876,33.79267874657326,24.47116663106117,N3,10,223,232
0.26669483627424173,0.7524408053665823,18.37645000610628,14.604265482013579,N3,10,224,233
0.22890937752135726,0.7873082689992202,18.297773596889964,14.519237076150512,N3,10,225,234
0.10307486202201091,0.7922310924091661,18.102687567778958,14.308348361513254,N3,10,226,235
0.05961754503327086,0.8044512209299384,18.38364497730181,14.612036410168548,N3,10,227,236
0.04016623427083488,0.6691994202625565,57.180693972900734,19.013444539844112,N3,10,228,237
0.21419026634772392,0.5678922137192316,76.91338070782167,36.83261180988957,N3,10,229,238
0.14167682898940512,0.47285456098335743,76.97208766022759,36.896074992146985,N3,10,230,239
0.06477560924791419,0.36030231061118767,76.91232143290253,36.86082306441231,N3,10,231,240
-0.011629360482706375,0.23994306271021343,76.90406218859607,36.822527201121645,N3,10,232,241
0.2509398316545159,0.32057001703160637,90.78148952282882,47.993337305378375,N3,10,233,242
0.17858596599408544,0.40257307467208675,95.52624319690167,51.61579333298141,N3,10,234,243
0.2929984506020986,0.46042066621051986,95.59133593871775,51.68616344832954,N3,10,235,244
0.19687822053169696,0.5201837574548762,95.7928502354991,51.90397592116324,N3,10,236,245
0.21214623310114433,0.569794892867165,95.50482962366841,51.59268510243446,N3,10,237,246
0.08965957092474497,0.6118063867237155,42.93221833922435,36.13057546239388,N3,10,238,247
-0.19527481475553402,0.5605525044623846,18.51193614275453,14.75072998751357,N3,10,239,248
-0.21989475355487684,0.5012604332956017,20.85644201888663,14.599514250315314,N3,10,240,249
-0.055134332756044555,0.43432631642706526,20.656893611886154,14.383826602592762,N3,10,241,250
0.024557957067028725,0.4218566384536544,20.951796857297087,14.731982160453754,N3,10,242,251
-0.17179395025023753,0.22219381274851457,7.007682048708739,3.489076283149734,N3,10,243,252
0.1938333205147515,0.009942493194540703,15.968006657169463,10.851173609645139,N3,10,244,253
0.25758589062300813,-0.1882753412637385,15.989287279699784,10.8742005062526,N3,10,245,254
0.3329543862588352,-0.3768703237161475,30.801613489809643,26.419359158334192,N3,10,246,255
0.22190996662632187,-0.5708983637101994,30.71322375503787,26.323785721258627,N3,10,247,256
0.3349096276605138,-0.5456855928119524,44.543921236631284,37.44406480183816,N3,10,248,257
0.3624919399073704,-0.5491102166498735,44.58734014568599,37.490974598562204,N3,10,249,258
0.4313387461450603,-0.5521882038988565,46.849934096545255,41.11589868534138,N3,10,250,259
0.48220011092798243,-0.5267658499822574,46.909197111096546,41.1799711987941,N3,10,251,260
0.5044811940403037,-0.5300724103249195,41.06532909239722,36.934476506599914,N3,10,252,261
0.4885316911910337,-0.5078252511744296,41.036352655797415,36.90315700052743,N3,10,253,262
0.2662467409485217,-0.4663988382282426,27.352667755399306,25.941712508917135,N3,10,254,263
0.17953154842678173,-0.4051511805404246,27.396438690982542,25.989029874085283,N3,10,255,264
0.09509920226226001,-0.34028334036258057,12.54287352669562,10.399277562562384,N3,10,256,265
0.2642062827040007,-0.29497882900631256,12.608758958174622,10.470502693037087,N3,10,257,266
0.7006797657697745,-0.43628846370313,-1.2391865191009857,-0.6684370478323217,N3,10,258,267
1.0517266844737647,-0.6225817045688686,12.534170705079486,10.389905801014994,N3,10,259,268
0.913198204928453,-0.7540386200722551,7.8463251112349095,6.8289322385942794,N3,10,260,269
0.8183662487343071,-0.9159091193066544,10.427390296823614,6.933437942919227,N3,10,261,270
0.9526983096883243,-1.0911364129176746,30.689295932274945,26.280713561169705,N3,10,262,271
1.0601544030959844,-1.2279295997784687,46.15607069730631,36.20229085138999,N3,10,263,272
1.0164122462657246,-1.238574906331364,46.078783678447145,36.1187230918179,N3,10,264,273
1.0382728559037688,-1.2787831255071835,50.778118806426576,39.69207937790916,N3,10,265,274
1.1032899993549066,-1.3186536463704073,50.89492086471055,39.81834088222822,N3,10,266,275
1.0924387501566089,-1.339024549964303,50.8902201871897,39.81325714134719,N3,10,267,276
0.43216818656304523,-1.3994069403688598,48.075675985500496,37.7280749402672,N3,10,268,277
0.047158942972443184,-1.4288720134753206,34.21936273876254,26.58007017838081,N3,10,269,278
0.14985328164158176,-1.5062597605262915,34.222512262425695,26.583467495658986,N3,10,270,279
0.07346577664310132,-1.5369519054890488,31.860549738516784,26.715795173287553,N3,10,271,280
0.047251805182514775,-1.5834927279300224,19.66702231256786,9.326929224262495,N3,10,272,281
-0.182900138250794,-1.700434394271405,4.244786239380664,-0.5464919376189755,N3,10,273,282
0.04389232570294723,-1.8663625098229033,19.611713555262213,9.267210514735144,N3,10,274,283
0.00937716151670287,-2.009674920324612,14.883008611193144,5.662093038150578,N3,10,275,284
0.0688877891297551,-2.157345207019079,14.703336921778646,5.467912433399306,N3,10,276,285
-0.08903806402903598,-2.274139617514856,14.82473400890758,5.599124586685685,N3,10,277,286
0.19788221750231116,-2.3187194663928232,32.70543478296149,17.172911963433855,N3,10,278,287
0.41673077245040274,-2.3413010735736024,47.62610532802537,32.80076156172172,N3,10,279,288
0.4267215503575386,-2.3433113731801285,50.10864535515702,34.67358715919754,N3,10,280,289
0.5096124915104567,-2.336509314788141,52.54721581796366,36.498879352452875,N3,10,281,290
0.5017172874494988,-2.292628968795807,50.1133918194857,38.55969519400433,N3,10,282,291
0.5621140347282079,-2.173815290321953,50.050058843223454,38.49122926374584,N3,10,283,292
0.8454615183357902,-2.0914661077110432,62.093357904801636,45.84290971575119,N3,10,284,293
0.944080146468967,-1.9900583530826643,62.12619476018426,45.87839313566337,N3,10,285,294
0.7555351041179079,-1.8316670402956454,62.18163851457484,45.93831973277857,N3,10,286,295
0.7192698577124332,-1.673115560819415,62.091629313884916,45.84100172887183,N3,10,287,296
0.2904805506171044,-1.5072560924340361,46.996701129029134,36.321287976927216,N3,10,288,297
0.20372425342978318,-1.3372202520465475,45.990740484785604,31.90456206386998,N3,10,289,298
0.2751350370212592,-1.1909639585362037,43.38374627907869,29.897205763833153,N3,10,290,299
0.19390712383976022,-1.0466863044751051,40.932989459879174,28.05874055054892,N3,10,291,300
0.08087535063339572,-0.9163787249095197,40.92767037055255,28.053024953898877,N3,10,292,301
0.7371706356127788,-0.8075029952540212,96.41428386960106,51.590879033405145,N3,10,293,302
0.17466924515141358,-0.6271831412681628,69.04747026540917,34.472468693199154,N3,10,294,303
0.2601493929624354,-0.41324140405798604,83.60635917367344,49.7265328541961,N3,10,295,304
0.4099842349446675,-0.14122648164114437,86.09516560549109,47.693658462179336,N3,10,296,305
0.584617029457101,0.1496276789278948,86.14010991601026,47.74225621891901,N3,10,297,306
0.6472464379114214,0.38086410810017063,86.09622239294568,47.694839404034425,N3,10,298,307
0.40577669683831774,0.5903546739773116,77.030669201399,40.219032212862295,N3,10,299,308
0.3033407582576146,0.8045396707419599,77.10156998546336,40.29569497641114,N3,10,300,309
0.33417662563855827,0.9964563213307137,76.9155968766494,40.09468033450703,N3,10,301,310
0.3449640842724648,1.177782438642478,76.99857126086826,40.18435695281405,N3,10,302,311
-0.21409188176215962,1.2987249015510103,21.552694823240746,16.69054806232598,N3,10,303,312
0.058983913469323565,1.3144869048343886,37.013598458982415,27.949983468327993,N3,10,304,313
-0.2197772796050458,1.3218494262577891,22.417927960890484,12.656151444353418,N3,10,305,314
-0.32604372930308756,1.2241354970898422,19.909084989733856,14.667358467038866,N3,10,306,315
-0.5324162739282485,1.085538072501708,19.835241490551745,14.558198882296892,N3,10,307,316
-0.25915187344204044,0.9478302923141335,32.086918149845225,24.347812261057516,N3,10,308,317
-0.1174034245588885,0.8034927788872246,27.199946608663957,20.571623319247372,N3,10,309,318
-0.06903881302971655,0.6676679052968879,27.37067165134704,20.756134238953926,N3,10,310,319
-0.012497421536120611,0.5185447123162398,27.389018125205077,20.77595672081061,N3,10,311,320
0.12078309488306331,0.3688207588226199,42.047082500773286,36.15435670520746,N3,10,312,321
0.007941667906905536,0.2364113300322103,42.068454305167506,36.17745555655019,N3,10,313,322
-0.07138099910427798,0.10135412497032234,31.42714882045293,28.621368945450193,N3,10,314,323
0.11358154176209041,-0.09813113901622472,31.35655729982118,28.545080858716393,N3,10,315,324
0.2919263508831122,-0.2998441705717646,25.62188284907352,24.451520606815393,N3,10,316,325
0.5945509502054449,-0.5028038960582663,25.642415566590717,24.503069447496635,N3,10,317,326
0.43943539428471895,-0.7059290849903306,13.396860681052022,14.720066833119745,N3,10,318,327
0.673590920815306,-0.8998303338792247,27.38949075920682,26.015395319845446,N3,10,319,328
0.6032017240526357,-1.1009999964806667,27.13405772762162,25.709934768705352,N3,10,320,329
0.6986517700550593,-1.2623239968594882,27.35645923646498,25.950313955798265,N3,10,321,330
0.5051878463325863,-1.4441302530964073,12.525860344859211,10.385397381234544,N3,10,322,331
0.8839042263450565,-1.5312231023527254,27.91855375873238,20.226884248655004,N3,10,323,332
0.8637132379125632,-1.6145921212276906,23.08405777516382,16.5073964003519,N3,10,324,333
0.7563574176424254,-1.6588227453289566,23.23602857644382,16.671651091476814,N3,10,325,334
0.5427043081477677,-1.648880312324827,28.97659304856461,20.77159271873679,N3,10,326,335
0.35305289079368835,-1.5307736605382416,29.05396108674322,20.855213518364145,N3,10,327,336
0.5611907610370424,-1.3037384921038844,43.67550712635985,36.19415021353943,N3,10,328,337
0.2312682688895734,-1.061624812621902,29.57336123458099,24.78043690303439,N3,10,329,338
0.34546570280517985,-0.8076101341893072,34.59864326405295,28.683696434698323,N3,10,330,339
0.2647183848605465,-0.5720124581611394,34.540751885381,28.62116384585024,N3,10,331,340
0.36829045529370036,-0.30046765296567485,34.5951397874187,28.679958732618978,N3,10,332,341
0.16750922878931362,-0.12424869220392161,21.720477378665784,16.83717736928629,N3,10,333,342
0.2859423245138231,0.06250229675330629,35.518348623592104,27.92206205186576,N3,10,334,343
0.5010580481494002,0.2361984365411395,35.49466174891531,27.867092595983376,N3,10,335,344
0.6774137068680801,0.3743306494265628,35.56945785261796,27.9185621211167,N3,10,336,345
0.6207982409182933,0.42309803562826714,35.47862688458881,27.82040300659719,N3,10,337,346
0.6083795845717646,0.4766474598637192,36.204213119658014,22.273717311930703,N3,10,338,347
0.6129606209900913,0.5256436900159613,38.930453670506,20.528964938012543,N3,10,339,348
0.5475494389072935,0.5774325145735574,33.903549119203305,16.653304398417824,N3,10,340,349
0.5529452792781597,0.6758155504685309,33.881802292832255,16.629786402903665,N3,10,341,350
0.4733071941180981,0.8250106709928119,33.90921067736635,16.659417227660196,N3,10,342,351
0.47098690813421057,1.0141693968541472,31.41103487493183,18.68217754291054,N3,10,343,352
0.25665629338681695,1.1885238391898585,17.683942613566614,7.673821205810782,N3,10,344,353
0.29605756608758893,1.3437434181595198,35.05817555216345,25.12813802297933,N3,10,345,354
0.2430408615127618,1.4806629146021657,35.01573146329538,25.11160852348621,N3,10,346,355
0.3756662059082828,1.5951920889968072,35.066113269172455,25.166052556454453,N3,10,347,356
0.07806617140989829,1.5898821208499168,19.671074952669006,15.322020512869676,N3,10,348,357
0.39796071001519523,1.5681831157913657,31.051253685406845,28.48511159535665,N3,10,349,358
0.26910843569114035,1.533197408092228,28.424623162729766,26.603061177894233,N3,10,350,359
0.20410354356184826,1.4282792281920795,28.238673803827076,26.40203479473803,N3,10,351,360
0.1474172234592487,1.2664098725755282,28.41710035639153,26.594882101497753,N3,10,352,361
0.2928305181937446,1.0972272312934777,45.193903510527164,34.98606137170591,N3,10,353,362
0.31353900900659826,0.9742687506891755,45.141735635245276,34.929668691956614,N3,10,354,363
0.19590057648956077,0.8456973936841485,27.656617452079082,17.384863647567364,N3,10,355,364
0.1481605733789763,0.7229368793484738,27.693779454717877,17.42504046291924,N3,10,356,365
0.011494689140062065,0.583933018996003,27.70248891616484,17.405065208891394,N3,10,357,366
0.4930393370221168,0.46068523317122256,80.77127519723781,34.12374160679919,N3,10,358,367
0.14135614962500256,0.3844977732427267,66.84367094008704,22.89869074557555,N3,10,359,368
0.1513089637354227,0.28468843522415527,74.23976064846337,28.429930660486207,N3,10,360,369
0.3805030391834947,0.19159117093001257,89.13061143263585,44.059998037211514,N3,10,361,370
0.5047942608885763,0.1070453090984671,88.94650834672503,43.861021717269615,N3,10,362,371
0.3303512293871904,-0.02864582139400156,72.18639101026892,35.48788947754529,N3,10,363,372
0.8533303282725739,-0.11856777054120755,105.3401511359305,59.25148122496339,N3,10,364,373
0.8164109256394454,-0.16085833724801332,105.3623574092173,59.27546700134881,N3,10,365,374
0.8270178002016622,-0.24533844105326635,107.79604810196379,57.2145141782652,N3,10,366,375
0.9564879066467142,-0.32307174126574123,110.24881301392998,55.17204056519313,N3,10,367,376
0.6942680950846978,-0.31507508374531457,72.56948546764889,48.291363177841596,N3,10,368,377
0.7970242349626716,-0.35584247185866574,75.12698688784094,46.36419403372838,N3,10,369,378
0.8861875216787837,-0.3649587011576244,72.91344078997736,40.78616581001533,N3,10,370,379
0.7205825983752817,-0.369724096542155,58.221447527209605,25.371073522692495,N3,10,371,380
0.6563279323433221,-0.3003373708165583,57.975841790490264,25.105597104545815,N3,10,372,381
0.5798267232866181,-0.21471431125729054,58.174474172291596,25.320318619107276,N3,10,373,382
0.04628592178148949,-0.16955205994234107,24.852503469986914,1.3749057017326778,N3,10,374,383
-0.06842948609800317,-0.15023235181771638,25.072844377888394,1.613141028580867,N3,10,375,384
0.0033419939927199493,-0.08972756420815742,22.60818896721412,3.6406415534693224,N3,10,376,385
0.07278725895951368,-0.01963718245842543,20.087801412407863,5.639420277588942,N3,10,377,386
0.6115378446690528,0.021702014579205554,20.89125160519452,10.105182230173522,N3,10,378,387
0.8280058377378878,0.07001065954760506,36.42057940778541,24.42049581020001,N3,10,379,388
0.7385018063817739,0.11477252423473275,33.881440776919774,26.367464118214592,N3,10,380,389
0.7519706872939593,0.17818730765036292,33.986092241634836,26.48059384574044,N3,10,381,390
0.7347373415203947,0.1463739055775072,28.413712088020112,22.528499090884544,N3,10,382,391
0.9726745874721218,0.2657792859071634,43.5385710110726,32.08047495053488,N3,10,383,392
1.0057912394636588,0.3365546947481818,43.696628101044006,32.251304094866825,N3,10,384,393
1.0373127761702023,0.40305772787822464,40.8163888992387,30.095069925526513,N3,10,385,394
0.9475626122617286,0.4671743917008044,40.78665242314564,30.062901296181188,N3,10,386,395
0.8637734765934482,0.5303251498694493,40.745022617775064,30.01787405862124,N3,10,387,396
0.19942975361581433,0.5349483153078672,24.719446887846424,15.86560490860793,N3,10,388,397
-0.2272541841869355,0.5283131047409434,6.612317087602423,3.455483341517538,N3,10,389,398
-0.11001295291403039,0.5262388528205164,6.649428453005749,3.495586638639543,N3,10,390,399
-0.13089241529445417,0.4932305506671561,6.5536945555339114,3.392114246486744,N3,10,391,400
-0.012889942257100984,0.48098261417553945,12.41296526273436,7.654318033052914,N3,10,392,401
-0.2811425734173099,0.28468951865159153,-0.5976719114218213,-4.303937976254747,N3,10,393,402
0.054448124242182414,0.19280578337080242,25.915169737202632,18.96147269976791,N3,10,394,403
0.07672920735450646,0.15474765603589233,28.710588782009836,21.026006358788255,N3,10,395,404
0.16268795576532114,0.17105760274476295,28.789181744903726,21.081595697206104,N3,10,396,405
0.11588436868390488,0.19368916796840097,28.768282914530754,21.05904078674994,N3,10,397,406
0.38434996578404823,0.35751034820516947,42.606090568683975,32.2163730920769,N3,10,398,407
0.5643329406584684,0.526569990378087,42.597594470099104,32.20723057774576,N3,10,399,408
0.5796009532279157,0.6740139912145728,42.6210438792963,32.20323452691737,N3,10,400,409
0.5639420972210729,0.8310876455736065,42.667122776178076,32.253025258124396,N3,10,401,410
0.4539961127922226,0.9658858512880023,42.56564720207571,32.14332673509125,N3,10,402,411
0.5510314993692248,1.1563146851509878,40.21155252154458,34.290290020100294,N3,10,403,412
0.20356202833946782,1.2351380337443785,13.796291955434572,11.130393130745507,N3,10,404,413
0.19593311181399997,1.2425857246022907,13.698542349788841,11.024728941143621,N3,10,405,414
0.017364141592963733,1.1620894135724917,16.08818137938433,8.945557035376442,N3,10,406,415
-0.09025506503408565,1.0620188491611438,16.128578843626382,8.989207972861369,N3,10,407,416
-0.27492241082720453,0.8556287516522716,2.2303958980788594,-2.2040095606387693,N3,10,408,417
-0.00468552500392434,0.6594007821552779,17.63574356983627,7.651159693535919,N3,10,409,418
-0.1361730556329661,0.4548879032496075,22.286940014194624,11.20185903518959,N3,10,410,419
0.11497581474597211,0.24988224543203544,36.9619175270298,26.59854772809158,N3,10,411,420
0.12536678777057375,0.06577990550727578,37.039725222970446,26.682641552479073,N3,10,412,421
0.2706665779420206,-0.06943463729440894,52.29694682845293,37.702103389651164,N3,10,413,422
0.2737254876148853,-0.1882735957417566,52.30596106199628,37.71182536476408,N3,10,414,423
0.19510932546530455,-0.3025378721284248,52.30627658161357,37.71214810461224,N3,10,415,424
0.3059988250254321,-0.38540986866736515,49.84859241453633,39.74713336842815,N3,10,416,425
0.5028283729581006,-0.3872352934201103,49.87953139540623,39.78058446532323,N3,10,417,426
0.37054886061359016,-0.4468496842489472,49.88031944200666,39.7814052012216,N3,10,418,427
0.09916554123841195,-0.49933434007697813,34.531587371951176,29.987443962822546,N3,10,419,428
0.18525868580271093,-0.5339627875792672,32.328943017598796,24.38970327703737,N3,10,420,429
0.007398862170094844,-0.5622652226666354,17.642344933789353,8.980443113522597,N3,10,421,430
0.09827532170023119,-0.6242604151897254,17.60595524715136,8.941141993907149,N3,10,422,431
0.1862563067714092,-0.7476841676871515,55.400814016734145,14.622303200798887,N3,10,423,432
0.2482162073909251,-0.881398705204419,69.18169793132365,25.688780080954892,N3,10,424,433
0.24629560090586153,-1.0074072447060332,76.0209829192252,27.554167644373592,N3,10,425,434
0.12755542211977228,-1.1087532740657964,75.87519405040803,27.396597306254627,N3,10,426,435
0.33526284725157324,-1.2474750520473585,92.1399942852102,41.77802570901385,N3,10,427,436
0.6544413288209796,-1.1274896167068307,104.28172464678755,51.44886133992604,N3,10,428,437
0.7160543745682645,-1.0148022388572926,104.28144857389744,51.448538608009585,N3,10,429,438
0.5989658439993036,-0.8949292392084018,101.91610462972639,53.61489781647106,N3,10,430,439
0.42279370045346526,-0.7188844995973142,101.85508205731313,53.54893180495692,N3,10,431,440
0.2514485372223845,-0.4700226622382587,101.81026561113322,53.5004644599574,N3,10,432,441
0.0327864136814668,-0.24376777222389023,48.81558878694814,36.861915406667684,N3,10,433,442
-0.05031283901198833,0.03835856778180826,34.97426274962345,25.730103227994185,N3,10,434,443
0.06158773951182184,0.3734953268738096,28.083300852575483,23.808856910460054,N3,10,435,444
0.24063407368515186,0.6775270046741049,28.297174254736092,24.010643227782566,N3,10,436,445
0.12033823289176837,0.9561624812922851,11.995701634870056,9.589557165563566,N3,10,437,446
-0.19363636372732457,1.0410815537801454,-0.24321368578057445,-0.18631828084562585,N3,10,438,447
-0.05117148996087053,1.1149672119315581,15.063998778407404,9.562801513949125,N3,10,439,448
0.06231719027080942,1.1776453549766834,19.79212718104718,13.16730441738655,N3,10,440,449
0.17481310463407737,1.2280888335162765,19.85771980583122,13.238194179395759,N3,10,441,450
0.2726430596867971,1.219031801488584,19.832969214885452,13.211458011666036,N3,10,442,451
0.4754815541083559,1.3496424698792437,44.3855968490112,34.734309246421255,N3,10,443,452
0.8920647351521296,1.5045420766129616,69.80076666378554,49.60714900414823,N3,10,444,453
0.7839998664204643,1.5914641656673658,69.79377129434506,49.599592959232,N3,10,445,454
0.5856530129399772,1.6608208262816277,72.2563526475944,47.599241049139344,N3,10,446,455
0.4187177872374406,1.7089625331393443,72.33958274538091,47.68920752367558,N3,10,447,456
0.4154701103086239,1.7339862459501014,72.30376907301289,47.621109398133925,N3,10,448,457
0.22022603864164125,1.7505231707067046,57.068238964242845,37.949458233632505,N3,10,449,458
0.12779014131357372,1.7541881950544755,52.251140677929655,34.248783317710696,N3,10,450,459
0.08970621512100649,1.7420993117294281,52.195340054695045,34.188467726400816,N3,10,451,460
0.17216121050878996,1.7003264126703344,52.26143504375686,34.2599142801253,N3,10,452,461
-0.23958431274139116,1.4941059317455263,27.60376921261195,12.623496294980395,N3,10,453,462
-0.37568863336318825,1.204828699808823,17.62173977631246,7.635853679424872,N3,10,454,463
-0.32358939958028543,0.8804297900298309,17.605291413268425,7.618087655147429,N3,10,455,464
-0.15643977351957972,0.5858653419223827,15.080312500467334,9.580393256352727,N3,10,456,465
-0.1366018477318846,0.2516749867904764,15.101039882576515,9.60281882745221,N3,10,457,466
0.15122311248550205,0.07376994208226222,28.919638560810927,20.739480842231387,N3,10,458,467
0.16300828980756704,-0.11557447120343198,33.58008039478155,24.270847139763465,N3,10,459,468
0.5775790606815434,-0.31196862643094503,48.37592881762284,39.79817029691094,N3,10,460,469
0.5827638004144348,-0.5073295229322852,48.33582977856095,39.75482078667956,N3,10,461,470
0.4744020597709152,-0.6352010460044084,48.28084773651608,39.69534829694385,N3,10,462,471
0.5579066891452186,-0.7567323818193288,48.435574699967034,39.86260393902594,N3,10,463,472
0.25855015031466166,-0.846179880035416,32.96291886686377,29.934707468483065,N3,10,464,473
0.25618737066658925,-0.7540418703545626,30.245748520925552,27.954757784355934,N3,10,465,474
0.20910795247926614,-0.6457379797185496,30.291515825672832,28.004214006422263,N3,10,466,475
0.25911865332340656,-0.4343691720011833,30.29415484266938,27.97768250854879,N3,10,467,476
0.023262518634174965,-0.43696452242286765,19.037822774766028,14.948438798847382,N3,10,468,477
0.18872573291628783,-0.3943947925801865,28.142756994264346,22.466802531258327,N3,10,469,478
-0.12237130348287621,-0.3550635477229719,13.31974050665849,6.910103272482047,N3,10,470,479
-0.24071479372144325,-0.3731755352091056,13.412212703514161,7.010075640479227,N3,10,471,480
-0.21569506995872417,-0.35182870425749685,13.383451846263416,6.978997440864077,N3,10,472,481
0.0004603352260517113,-0.24391635225858152,27.245095648450295,18.132748646124675,N3,10,473,482
-0.1097759345502169,0.14603548497995433,27.244384541627007,18.13195514039853,N3,10,474,483
-0.14189783820491186,0.3797202795851689,34.60632719318382,23.626304928462922,N3,10,475,484
-0.17382891853288243,0.5644525422780375,34.67195995677612,23.66788770438343,N3,10,476,485
0.03825286023515275,0.6814309548666074,49.33349642468238,39.07941058786582,N3,10,477,486
-0.02986176360112438,0.8037859362941419,46.723072292919824,40.94933559338315,N3,10,478,487
-0.25431576537405365,0.894837057590766,33.04295039817007,29.9918022911359,N3,10,479,488
-0.3471666212724102,1.0274362065632103,32.99636825960806,29.941440379870254,N3,10,480,489
-0.3050063142504655,1.1779300255353562,33.01688704231492,29.963618932213286,N3,10,481,490
-0.3897474173044969,1.2667386025165768,33.0614194965965,30.01175226635696,N3,10,482,491
-0.5377804829961178,1.2836337505166369,19.1441353588667,18.797832239359924,N3,10,483,492
-0.21253353693159624,0.9414807454476957,33.02320678997639,29.970450944443655,N3,10,484,493
-0.24139767776880489,0.597213160881563,28.379858303700892,26.457580799225433,N3,10,485,494
-0.18999516206540362,0.28624474864001004,22.542962395870564,22.248962177293834,N3,10,486,495
-0.49953543783876453,-0.060780429606269594,7.818016922597235,6.798256764180769,N3,10,487,496
0.10104217484266087,-0.2717174914905982,63.94989248475504,32.00643250300018,N3,10,488,497
0.15975476437029953,-0.42431231702178424,63.55772584829647,31.55312245272653,N3,10,489,498
0.33985396385575084,-0.6141746688120477,68.60140565707843,35.49871664575767,N3,10,490,499
0.4208804334606839,-0.8183186105807323,68.53711821673933,35.42922315039304,N3,10,491,500
0.4430128386477861,-1.017251507146426,68.59325060394258,35.48992169507655,N3,10,492,501
0.5691846968040295,-1.1833353954869807,83.24598659568873,50.82823459090487,N3,10,493,502
0.3588705394232278,-1.3156159566029815,69.24713801629696,39.526156969513615,N3,10,494,503
0.4724665759598679,-1.4033270215920652,69.42215885168298,39.7153584040585,N3,10,495,504
0.5193585440916422,-1.4155260533730527,75.18261856597383,43.87072030053787,N3,10,496,505
0.6839805322057373,-1.2551759639731046,75.21173928604586,43.902217300214396,N3,10,497,506
0.8359957393808628,-1.2180999034180402,18.871564102552657,18.468863536546998,N3,10,498,507
1.1269168017168312,-1.214003554570123,33.28540064277077,30.248798532263937,N3,10,499,508
1.1413019663026773,-1.2254586027502108,30.583695811702636,24.143182132085165,N3,10,500,509
1.352389939663135,-1.1749550541783613,30.785493641761423,24.361299804655026,N3,10,501,510
1.3556313165149958,-1.1191713317140972,30.754363130919593,24.327662794838762,N3,10,502,511
1.5996029734846275,-0.9726683177005299,29.886293552717326,20.059941458688627,N3,10,503,512
1.7021729488197566,-0.7993249539237702,30.099457381941466,20.29035161873835,N3,10,504,513
1.7263432618438714,-0.5467881908939916,34.708794757781654,23.766416732765173,N3,10,505,514
1.7426356881398761,-0.382067013505614,37.092794499159574,21.651747956441614,N3,10,506,515
1.7501824769350747,-0.31821795625959765,37.20605288235784,21.74480356447366,N3,10,507,516
1.0386584703268966,-0.2396557136781574,34.69973595613228,19.961329047004618,N3,10,508,517
0.8738948855843546,-0.18593056353171278,20.498205463511475,8.440265557670136,N3,10,509,518
0.8859833042692685,-0.0772836778267525,29.75414370764738,23.7495180823189,N3,10,510,519
0.5535193670852976,0.034483448797174535,29.464749622807723,23.43671220334145,N3,10,511,520
0.7288510533606996,0.12798633628507616,29.5016366544005,23.476567440479993,N3,10,512,521
0.3560767299521103,0.11944904847434686,15.815020371375795,12.482614896170162,N3,10,513,522
0.44695398438035455,0.0994270085146745,31.09958354701994,22.207253529553054,N3,10,514,523
0.4050480875405299,-0.01524671315698356,26.38245325546304,18.614624770149202,N3,10,515,524
0.3124396033352156,-0.14612047384322438,23.83880777735867,20.55673984841269,N3,10,516,525
0.19727728158081845,-0.28907047786776585,23.7031395343085,20.439440783440478,N3,10,517,526
0.5294764440092905,-0.27677730828071745,40.28453579876405,33.60745201412883,N3,10,518,527
0.4490235398581802,-0.24199919731629932,40.57078510793908,33.916866079539616,N3,10,519,528
0.28556515886549505,-0.233544881990003,28.935523390646996,20.72730009069528,N3,10,520,529
0.49577473505422914,-0.2516689075587536,33.83728433924116,24.519485286725104,N3,10,521,530
0.44889749712595234,-0.28614007751165926,33.20085680168522,23.802190693476405,N3,10,522,531
0.37035780926747464,-0.28326872395078767,33.542911094601365,24.201324554433267,N3,10,523,532
0.5215994435861603,-0.26281554006220914,45.71570790695296,31.692920401967786,N3,10,524,533
0.36858427289384676,-0.24948176851859288,45.583420456986275,31.54996728761271,N3,10,525,534
0.2752498323755475,-0.2066058801397709,45.70660170816664,31.683093597616427,N3,10,526,535
0.444115148212029,-0.10322532453221597,60.48214601398759,47.188499795108875,N3,10,527,536
0.10782615529585086,-0.13929752937789744,46.55090062178715,35.959465830193764,N3,10,528,537
0.2780456997550743,-0.13182922330350522,60.332848998236656,47.027049515141336,N3,10,529,538
0.17112677903456017,-0.053246877124094996,60.390414226474604,47.0892234734496,N3,10,530,539
-0.00937254607203215,0.06585652790312864,55.485406342083664,43.26417720522695,N3,10,531,540
-0.07964420290666396,0.21132113691020535,56.153511803490986,44.01570653318849,N3,10,532,541
0.22507945339639548,0.35726576446161074,69.62374042568845,54.74633836653702,N3,10,533,542
-0.03277847519277373,0.4994848462048914,42.069240377029566,37.39574669406593,N3,10,534,543
0.1305473907320362,0.6491043392366074,42.22309784091485,37.562050505285335,N3,10,535,544
0.15147447311867096,0.7980574040146792,42.19654668626354,37.474606065247464,N3,10,536,545
0.013793269110567507,0.8948620366121964,27.500652834026187,22.025931423185465,N3,10,537,546
-0.04350249361967258,0.9793580306865038,30.08244171455408,20.125074026092626,N3,10,538,547
-0.27547841483066976,1.0147928491528524,20.852700829456445,12.471844990841054,N3,10,539,548
-0.023829875118966014,1.0439687976100729,20.842258101338665,12.46060417797653,N3,10,540,549
0.17336002396272648,1.0204550816923053,20.922996638965195,12.577230296070775,N3,10,541,550
0.2584087349014794,0.9841113277980043,23.312792324787733,10.468850556278085,N3,10,542,551
0.18778003097990847,0.8947757235598367,24.14577966693214,14.715848881355669,N3,10,543,552
0.37146236802565796,0.791080522567895,40.916781432271094,23.13017361317743,N3,10,544,553
0.32568526222526656,0.6859911611329409,38.14210199350528,21.088089798892362,N3,10,545,554
0.4095870761276018,0.5856364076862264,38.147082360362035,21.152228082937473,N3,10,546,555
0.4825821370054939,0.48060061571891455,40.65543860810103,19.201324842199757,N3,10,547,556
0.827705857731587,0.41926110746073275,52.083936164532496,32.41661492661751,N3,10,548,557
0.7283238529797472,0.3956177112979802,47.24228183412233,28.689380954514853,N3,10,549,558
0.6258927013139243,0.325341792599923,47.30558706411248,28.757816819503386,N3,10,550,559
0.5197650200369935,0.25379170304733234,47.37163177953662,28.82921177648077,N3,10,551,560
0.42396000118581584,0.18436949507322425,44.840372083806145,30.78465512879393,N3,10,552,561
0.42303106344505464,0.11326710181313757,83.01773273736035,31.873511362646422,N3,10,553,562
0.11429758141883326,0.026642353399358852,71.17569806293686,27.310116901155197,N3,10,554,563
0.1011390775560443,-0.04467997563012886,73.91045719733411,29.309033940418157,N3,10,555,564
0.0763527229974926,-0.1254134368874716,73.88831507054093,29.25573771956697,N3,10,556,565
0.03472470123443259,-0.2244638038922858,71.35149185150513,31.205263602951344,N3,10,557,566
-0.22287183760079757,-0.3529712687738268,57.56798651748577,20.13595136380136,N3,10,558,567
0.34659506111374583,-0.4903861925065513,81.01795492026068,42.507087412153126,N3,10,559,568
0.5638318334479038,-0.6146923364597597,81.02292757874166,42.48305941228155,N3,10,560,569
0.5790532550587131,-0.6844155566896916,80.9334220685203,42.38630784965426,N3,10,561,570
0.5974717436750637,-0.7461743814606081,81.09012055384592,42.52635239231095,N3,10,562,571
0.7185162304447317,-0.7057043339878817,43.49420068302315,35.75218108882545,N3,10,563,572
0.7172762104287728,-0.5493461630691542,37.55946751834417,30.84338857449984,N3,10,564,573
0.6723057888929077,-0.3589073075023904,38.63477950267443,32.00575187984505,N3,10,565,574
0.6849706983319152,-0.1757259410882,38.70781791573754,32.11406484112886,N3,10,566,575
0.5903127379556224,0.020552257308510492,41.1165599177195,29.994608693251212,N3,10,567,576
0.5160614971415101,0.19570524585458174,41.117861067495326,29.996016613949905,N3,10,568,577
-0.05241399877535571,0.3341221292986759,17.6771289215445,7.6348640686801446,N3,10,569,578
-0.2572018236080254,0.44928089541415517,22.43427830462606,11.300112246870594,N3,10,570,579
-0.33338425520419435,0.5576726339580617,22.428390100165053,11.293732835786432,N3,10,571,580
-0.24769809985010624,0.6586103014602684,24.865201639707447,9.265513786990596,N3,10,572,581
-0.5703819108496588,0.6524243822317957,9.518830170408545,-0.5258964592576376,N3,10,573,582
-0.443320585679416,0.5460305440693218,24.018414403659335,11.317608957110679,N3,10,574,583
-0.40380875652762427,0.3986894989344137,17.567990112855114,6.4504548077920845,N3,10,575,584
-0.31577676811294,0.24880938141405268,32.09750815700536,21.689969073463182,N3,10,576,585
-0.34255826565576514,0.1033578036314097,29.722151704986754,23.845478436229314,N3,10,577,586
0.020354149364356998,0.06567538485495703,45.06653842593296,33.63476229968055,N3,10,578,587
0.09848954678746225,0.076857138464446,45.0279142163552,33.59301399734559,N3,10,579,588
0.13171446291986796,0.09270509365770607,40.33422241532353,30.025719389604273,N3,10,580,589
0.1582972046128816,0.05448571620614899,40.24661448427942,29.931066858704433,N3,10,581,590
0.07436683992758616,0.021223470699996482,37.78594353034132,31.962861045715364,N3,10,582,591
0.23231253126349713,0.04105539923994996,37.85422400147836,32.03666454068734,N3,10,583,592
0.09018869602568316,0.05611687640067231,26.885627544947056,19.31837015643996,N3,10,584,593
-0.013348773387770052,0.04789098369202236,36.989945743651695,26.62884812269822,N3,10,585,594
-0.15524496969790674,0.054388659165054774,22.480538157928095,11.411070558682876,N3,10,586,595
-0.1269564352214644,0.05695514828366584,22.378912318892255,11.301217337786147,N3,10,587,596
-0.3910413038366755,-0.06880191567209124,4.2503062805080845,-0.5404841972573194,N3,10,588,597
-0.11974662279042433,-0.22694551481407216,18.17234882514058,10.67857517016473,N3,10,589,598
-0.22417496261966505,-0.3900207853567224,18.079080802029786,10.577770976802276,N3,10,590,599
-0.24254060306553243,-0.5743461608571565,18.152179993221942,10.656748231308484,N3,10,591,600
-0.0831316959496263,-0.7696711838723005,32.81444340631424,26.039685019574062,N3,10,592,601
0.004626524580021396,-0.8608198738285318,46.47850166500939,36.97987973773197,N3,10,593,602
0.09944526220333501,-0.9361241297306677,44.040851973755345,39.036577564869184,N3,10,594,603
0.1797461876217767,-0.9026628646236589,39.32786602206943,35.44844671237642,N3,10,595,604
0.23798701936750888,-0.8720221523688807,39.29173515131479,35.350604411431775,N3,10,596,605
0.3955067886608049,-0.8283481993030044,41.86179836813644,33.43705317911554,N3,10,597,606
0.446428246060222,-0.7645084414758088,44.59700307152089,35.43647949369934,N3,10,598,607
0.2222053949720788,-0.701929522326649,30.750339989869826,24.29892110392975,N3,10,599,608
0.18388708590553052,-0.6306930549214215,35.547818804547205,27.978395040291797,N3,10,600,609
0.35247502250522017,-0.5374251809013991,35.51628335956302,27.944338679122847,N3,10,601,610
0.0595928470048591,-0.43382628457038874,20.793645659410686,12.496158719320738,N3,10,602,611
-0.13094710545614988,-0.4635939649786188,7.1367480384597,1.563690937708816,N3,10,603,612
0.4182676737420451,-0.4051100102978758,40.144915386485806,25.16991674069832,N3,10,604,613
0.34924753251381446,-0.4471384176605028,40.16948291595654,25.19646556963089,N3,10,605,614
0.4209748213521266,-0.48037306586225836,42.71602536018072,23.31626043930555,N3,10,606,615
0.2634550520588306,-0.5195268392865003,40.1550841617267,25.239682243402967,N3,10,607,616
0.42935766214091303,-0.4125514413528272,53.9927736052603,36.367573400690524,N3,10,608,617
0.4350830826441978,-0.31257095189465645,68.64274080190516,51.73723870678005,N3,10,609,618
0.516414528435692,-0.21240360129907288,63.869034078808184,48.08346889834611,N3,10,610,619
0.3778492386223064,-0.09914116424294903,63.94805906578804,48.16884235444777,N3,10,611,620
0.4783764264226676,0.016090101225087493,63.92740326143685,48.14651292371091,N3,10,612,621
0.45151402357783466,0.16804877428041037,61.960744551578685,46.02061769380016,N3,10,613,622
-0.10657183528903431,0.22786420108894134,30.981886282649793,24.607905519424456,N3,10,614,623
-0.03221349319283888,0.3037878464368987,33.4146539145313,22.54592055425237,N3,10,615,624
-0.09866455303035764,0.3710104559553372,33.35797516329512,22.484650768582288,N3,10,616,625
0.06853678263857717,0.4409547856677257,27.540666016250178,18.301763740840034,N3,10,617,626
0.6122180192759004,0.4269082392523913,67.46795853523982,25.980670866306173,N3,10,618,627
0.778407152969487,0.4164704090533903,69.58282594469492,24.256887621596615,N3,10,619,628
0.8658536054261277,0.40312186076336187,69.527034484865,24.19660078289744,N3,10,620,629
0.8328844266220017,0.38815936673695217,69.35997101011999,24.016025935981087,N3,10,621,630
0.8432422457143843,0.3891105257396809,69.62435500153515,24.301817236379428,N3,10,622,631
1.0364986794428972,0.44451853964548604,85.35244388605607,37.47317413021919,N3,10,623,632
1.0146573402862658,0.5478577745344602,83.2543243836637,35.205267624313635,N3,10,624,633
1.3808229536468446,0.6977690706887983,93.86560796459707,51.41308731222089,N3,10,625,634
1.4134034218048668,0.849139051408973,91.33691580215199,53.37138750702834,N3,10,626,635
1.3188761600125587,0.9952846547496591,97.23972443840539,57.646704702278655,N3,10,627,636
0.5586615149967684,1.0780815035578661,45.9364595779658,36.809237559890974,N3,10,628,637
0.5931137918660283,1.1487887166608637,31.53287578880263,23.03023881184199,N3,10,629,638
0.5603426138340438,1.2122390726106247,34.19457930294775,21.184203267436896,N3,10,630,639
0.6415035142205199,1.276783238842119,34.36045854879376,21.363544760776495,N3,10,631,640
0.6828229385497565,1.3147791593851097,34.15878211539821,21.145539988629753,N3,10,632,641
0.3945705399263574,1.2191916070353188,20.303125539941902,9.998231775434396,N3,10,633,642
0.6580323119650501,1.079781250728098,37.05034795705287,23.625114768622005,N3,10,634,643
0.309765041731518,0.9780367006433182,24.040527125318476,9.516260705499736,N3,10,635,644
0.3059263663864584,0.8623819655240424,24.0871302548112,9.566618632167593,N3,10,636,645
0.24192672499115417,0.7439547095021751,23.997405805207016,9.469635498393108,N3,10,637,646
0.4455146242446034,0.6858735791609846,35.413386045561126,22.67144585216847,N3,10,638,647
0.16814962866580743,0.6706103738308158,33.03569631054015,22.786790668729008,N3,10,639,648
0.06620093451640799,0.6548878554584192,30.358324801041455,24.586503543782964,N3,10,640,649
0.09157612243638766,0.6267283124117086,27.681464861335552,18.12301428565552,N3,10,641,650
0.34277348092182364,0.6101442886568677,43.73626599797753,32.277504350113304,N3,10,642,651
0.49793030483491235,0.6133927351556977,43.75142155646936,32.29388754644388,N3,10,643,652
0.1697271825044652,0.6317269456469304,27.051104241903886,18.717715928425243,N3,10,644,653
0.23467421386106083,0.5444958992021768,26.94247046667588,18.600309166884834,N3,10,645,654
0.20624149416199203,0.4748375040471345,26.987494965648875,18.64899633031091,N3,10,646,655
0.2846669602354382,0.39593383134748594,26.968889235730238,18.628895885378732,N3,10,647,656
-0.019388707017566276,0.27254303310122197,13.107934927269161,7.47584999464525,N3,10,648,657
0.22648140853875703,0.15398061950677971,28.359961402430418,18.509565728921736,N3,10,649,658
0.38470162095025556,0.08151587643699401,33.19154113952136,22.25525993174051,N3,10,650,659
0.3048588850856902,0.02070423810154267,35.88690847803373,28.73874059161899,N3,10,651,660
0.025512392390010064,-0.07409006479424107,19.79566107971441,14.544842884108585,N3,10,652,661
0.02441037961457084,-0.0118841757301567,33.637285880381384,25.637149637555922,N3,10,653,662
0.10819653528902506,0.11562563305455029,33.721537992173396,25.72819285215919,N3,10,654,663
0.14762641338436708,0.29498836918678534,36.256743714780896,23.77696219585705,N3,10,655,664
0.20531859607501132,0.5533689592322844,36.22947004615016,23.747495814229843,N3,10,656,665
0.013128445978685477,0.8224060211523068,36.139377691550905,23.650114881236004,N3,10,657,666
0.12995826105632488,1.107949551479912,36.219195992718596,23.736411007066636,N3,10,658,667
0.004167917178466496,1.38546467384419,35.624682824697814,28.08051201829476,N3,10,659,668
-0.15867086660066435,1.606492538100896,30.84233114937997,24.417368950646413,N3,10,660,669
-0.20264776342461915,1.805601852767333,30.839806380377194,24.414610321035433,N3,10,661,670
-0.340402613765454,2.01648645870666,30.861546056192672,24.43809124393374,N3,10,662,671
-0.38397957803552174,2.053464168126747,16.949239779100754,13.269367021499056,N3,10,663,672
-0.24483181902332377,1.9876545285554101,32.24401901393467,24.349298627632017,N3,10,664,673
-0.32264350680239035,1.8553400501416362,34.50642441220843,29.980137701360217,N3,10,665,674
-0.4830050666274275,1.6162793487920013,34.457679773386914,29.927433175008627,N3,10,666,675
-0.46871341677948236,1.3576570039523574,34.532632998549886,30.00843533983534,N3,10,667,676
-0.22049838972073132,1.120170673142502,48.41336224836341,38.42809096667115,N3,10,668,677
-0.4077916022181626,0.8765760085466354,33.74346374608067,23.03689405685218,N3,10,669,678
-0.2850510425049464,0.6315924200736944,33.74970463318205,23.04368179737721,N3,10,670,679
-0.2618873669687275,0.38521223344601196,33.759881139880235,23.054714722562856,N3,10,671,680
-0.04458698617530956,0.13817606160135512,33.736878358020114,23.02985369678463,N3,10,672,681
-0.07406985709802427,-0.13601429282030467,33.72136566270528,23.01310281035294,N3,10,673,682
-0.337602907831112,-0.366644815199291,18.386323623669888,11.889676343456085,N3,10,674,683
2.8407010262299083e-06,-0.5871773424515367,28.232714604145805,23.573297966021347,N3,10,675,684
0.1319927445238534,-0.8068705745837675,28.25873605014349,23.601438684321693,N3,10,676,685
0.37289665818927065,-0.9391198366849665,28.350426538655302,23.70053846232586,N3,10,677,686
0.0017448341015182222,-1.0920876622060234,14.416590663196985,15.194087471323655,N3,10,678,687
0.28266096236164345,-1.248982340371758,28.181731019501967,26.22365352669949,N3,10,679,688
0.2628082950118113,-1.3620348633622583,32.9872153897446,29.911748207256824,N3,10,680,689
0.27313581053153657,-1.4272227961568718,32.997545676762094,29.92289418920809,N3,10,681,690
0.23691115114642117,-1.493694470081698,32.94918665314945,29.8706363062327,N3,10,682,691
0.8004020382651248,-1.480927752419727,88.70590158372178,52.485024796361174,N3,10,683,692
1.3178023243876509,-1.3907541471554254,115.92273875074898,69.44135307533107,N3,10,684,693
1.0051826182832884,-1.2668555524891958,101.44878758178274,54.23255052724162,N3,10,685,694
1.0391993297758575,-1.039709392933115,101.34621233010948,54.12164888064908,N3,10,686,695
0.8296231284207835,-0.8664673296215725,101.34573949512378,54.12115056931871,N3,10,687,696
0.985750224482689,-0.7194604917553022,101.38057809632919,54.18817620178852,N3,10,688,697
0.7977342868286115,-0.49677037895571774,87.61666073959641,43.15990148730307,N3,10,689,698
0.7737529983531999,-0.29038909934236157,82.73096004216677,39.38509085742553,N3,10,690,699
0.8530803672861026,-0.10683680950755274,82.78833417953028,39.38837516180829,N3,10,691,700
1.118502237818356,0.10636882904583729,97.51979696227718,54.82895155958904,N3,10,692,701
0.42914243884263215,0.29734055033961654,41.818521900344784,32.27445609649003,N3,10,693,702
0.14095634072996574,0.3773432698869371,28.331583063632934,26.32947681895239,N3,10,694,703
0.21278419723647063,0.45419628530808753,28.273944689726342,26.296526319163966,N3,10,695,704
0.33847277945199894,0.44027153419362436,28.28966910731724,26.313527706928653,N3,10,696,705
0.46980710513904,0.42810006962182856,28.30641021027477,26.331637222653445,N3,10,697,706
0.6276887912555281,0.5581325188092165,42.1070781449489,37.41950972794839,N3,10,698,707
0.567638976127202,0.5838607002146858,46.827196014150466,41.015385058975156,N3,10,699,708
0.658796854467829,0.5964263518017561,46.913533303747315,41.10871089830143,N3,10,700,709
0.7900690482093011,0.5974189218086849,46.883306264894415,41.13479601501531,N3,10,701,710
0.47087113436203365,0.5827008610498012,32.14674167967714,25.68868846087789,N3,10,702,711
0.6229776772345701,0.5554730655976001,32.15369313975716,25.696210361801423,N3,10,703,712
0.5490885163111244,0.539480894174595,18.439529743805178,14.701863513638818,N3,10,704,713
0.4903800695636022,0.5053795341196661,9.090589138936048,8.105359146993578,N3,10,705,714
0.3081179467827496,0.4721627925658026,9.170966612321354,8.192241500553791,N3,10,706,715
0.24937192805741404,0.4171346704521639,9.159662602757454,8.179993922356516,N3,10,707,716
0.29904047103262316,0.3410439666126976,9.929363251395989,12.3757812952299,N3,10,708,717
0.6679685924678751,0.2746781676244822,18.98252841384201,19.838202474382705,N3,10,709,718
0.6473776572828939,0.25612645907557835,19.081216303401742,19.915498345980087,N3,10,710,719
0.36731829671434185,0.2237953893550113,18.935423229030494,19.757893803665503,N3,10,711,720
0.3508596391484701,0.18784251200326452,18.93423662265486,19.756599123499107,N3,10,712,721
0.5372713573060934,0.21581690933933545,32.890229641636324,31.012363154917693,N3,10,713,722
0.41648238274952976,0.27511406659602355,39.694982442189215,32.840402355795234,N3,10,714,723
0.20608596124530437,0.3371926830316454,51.459386921324764,37.35623433592737,N3,10,715,724
0.31142776721305265,0.4098609298880618,51.39504112847826,37.22790631787757,N3,10,716,725
0.1771741544091185,0.48778584628058325,51.35332822939017,37.182855843994915,N3,10,717,726
0.03804406043691984,0.4938580056283314,36.74954070579224,21.863106672388675,N3,10,718,727
-0.31755429104607347,0.4913020498320094,22.9688004454325,10.79676768287427,N3,10,719,728
-0.35483925603176375,0.4495371560978555,25.38585316091412,8.747164463543958,N3,10,720,729
-0.10416092871245439,0.43080538792821554,25.51222450734167,8.883756226691911,N3,10,721,730
-0.043156853597832875,0.41418630325775607,25.553408228205445,8.898906205870299,N3,10,722,731
-0.1610441169540195,0.3911604607332251,11.453988905029837,-2.511866402767191,N3,10,723,732
0.1510859714048422,0.3330674427854504,18.564765860026817,6.872067511690693,N3,10,724,733
0.5369665167661253,0.26485021678603715,30.639309359416803,24.149546786209612,N3,10,725,734
0.3589919721885849,0.20079437537587666,30.776861927885694,24.356998203394323,N3,10,726,735
0.3893295657204675,0.13650592811436155,30.815895818820717,24.399147168098352,N3,10,727,736
0.5871262971302371,0.2113265540473833,44.64038488570331,35.51276080555217,N3,10,728,737
0.5102863146061196,0.286941994385154,44.59729709256062,35.46619335216637,N3,10,729,738
0.5230386912756074,0.3568894539990225,46.92227124540259,41.164665945203886,N3,10,730,739
0.3106817990619078,0.42013886425471014,46.86411805103344,41.10182880493521,N3,10,731,740
0.1780911126396319,0.4922639528234726,46.88180503773983,41.15034305642912,N3,10,732,741
0.24556838244104712,0.5131155972466545,47.06114451088106,41.344193141112555,N3,10,733,742
0.027199412482269737,0.5211174913330183,33.01251785190834,29.988334698173638,N3,10,734,743
-0.19819913854111065,0.5495407285794414,18.48548669500415,14.75156181845814,N3,10,735,744
-0.0766250024012038,0.5682829698809571,18.4067131444579,14.6664175073136,N3,10,736,745
0.1049632502606812,0.575025981477711,18.34510012254068,14.599836594414956,N3,10,737,746
0.405556286778733,0.3944244363586293,4.492598146423916,3.4559033228444607,N3,10,738,747
0.8108718894819844,0.1211437095546728,18.366133281546354,14.6225269097602,N3,10,739,748
0.7580369788580128,-0.23782135064906954,13.60533513873197,10.982737473953966,N3,10,740,749
1.077146012813563,-0.6338100455580815,28.284362650115145,26.383819407107875,N3,10,741,750
1.1554870009107787,-1.0936653432185224,28.2561684308268,26.35332760739693,N3,10,742,751
1.2045530853058835,-1.561659347774264,42.07008615139639,37.45551637917269,N3,10,743,752
1.2549795878226688,-1.9784040144448638,42.155792631200164,37.548130492018025,N3,10,744,753
1.1409385091606907,-2.4885542407054118,46.55277277331879,40.794701921148224,N3,10,745,754
1.1690523476783483,-3.0042796340728883,46.85550562392564,41.1219256803819,N3,10,746,755
0.9853916263888379,-3.54374560102504,46.92885699979488,41.20119486513977,N3,10,747,756
0.5600714406137343,-4.1199045767434015,99.58769283251895,56.75655628854256,N3,10,748,757
0.2996547894004607,-4.579347028360513,85.75140450316795,45.630187869372094,N3,10,749,758
0.3318541752243959,-4.972599527281228,85.68029169817055,45.55329825921908,N3,10,750,759
0.1417233696452911,-5.37948292771974,71.0005137534612,30.15139362828013,N3,10,751,760
0.1475022640494501,-5.68072845148888,73.44318149740138,28.100133941894455,N3,10,752,761
0.01283157734196152,-5.9435367085111075,59.72406158449121,17.100418059995718,N3,10,753,762
0.10104580456372218,-6.150267574043643,73.51558661621456,28.178427258941884,N3,10,754,763
0.13948427386684442,-6.2868319771443115,68.86633994875046,24.629757603943652,N3,10,755,764
0.3086053595155647,-6.403615914508213,71.21180894915196,24.47957723919135,N3,10,756,765
0.44121645550904987,-6.445914275873513,71.25949670560439,24.53112230146071,N3,10,757,766
0.6666658419077237,-6.2887548802710445,43.05779131912713,31.296466962819977,N3,10,758,767
0.6572339001814896,-6.127030041836303,43.083592455855616,31.324347960315208,N3,10,759,768
0.6667942652445902,-5.8925119711523815,47.862156002355185,34.98340176141683,N3,10,760,769
0.5300540088436492,-5.577020369748539,47.906237548394344,35.03104989416242,N3,10,761,770
0.5616970131978405,-5.231030857844956,45.43317019574242,37.04946082511306,N3,10,762,771
0.5859355088275435,-4.85459339348449,45.36580725540225,36.97663408841072,N3,10,763,772
0.9913058078130235,-4.552777685932223,58.86104148602935,42.9143816087384,N3,10,764,773
1.0500172865378716,-4.070708815371793,59.01391565622616,43.10899283761064,N3,10,765,774
0.7638181373797182,-3.5265880529191485,50.61176416204326,38.817577234943016,N3,10,766,775
0.7623981865654514,-3.0064011053723787,50.53326199441908,38.73273179919888,N3,10,767,776
0.34328624317536194,-2.57293894270593,26.126375895189994,16.46636107606755,N3,10,768,777
0.6573868680955399,-2.128082433890987,41.44103691452219,26.223530007919543,N3,10,769,778
0.6227217854716571,-1.7466727297914335,36.6804272384572,22.58387935637511,N3,10,770,779
0.6654542207822487,-1.4202516628945367,36.62263667327825,22.52141862261924,N3,10,771,780
0.6791765969943754,-1.1727282797511869,36.69389629258658,22.59843762755845,N3,10,772,781
0.8561385234066734,-0.9703799684807727,52.014369488995,32.36188801930766,N3,10,773,782
0.4094414270427535,-0.6576810216726976,39.28839023773617,30.619441520829422,N3,10,774,783
0.38959965538579694,-0.4558302142616132,39.13547627626576,30.45418038153075,N3,10,775,784
0.5960965174091143,-0.3327204149588233,45.17087527005424,34.872796627587014,N3,10,776,785
0.5058319601066273,-0.23337655949982122,45.035173976245645,34.726090565877165,N3,10,777,786
0.5523141988434531,-0.16765061469787418,45.043801375269325,34.73540993119932,N3,10,778,787
0.14508858174640976,-0.09117854440111976,34.54108538300643,28.673336739747903,N3,10,779,788
0.12448495289329457,-0.022841840431739514,34.422523077784355,28.545197522615126,N3,10,780,789
0.07834940128511789,0.0725191251080048,34.564366438816066,28.69850709662569,N3,10,781,790
0.018596738358752418,0.16203999543763886,34.480525657881664,28.607890570357267,N3,10,782,791
-0.2407345974336806,0.2655528796683548,19.139912677963366,18.822685067672865,N3,10,783,792
-0.13266591803681535,0.3312736781899833,18.38213105525392,14.639784975227666,N3,10,784,793
-0.06111417472145035,0.34001386788321214,15.869106872823249,12.880515412140085,N3,10,785,794
-0.14132885844513793,0.346614017534516,18.077234903849604,12.581851774641837,N3,10,786,795
0.014676842197036421,0.35017322713608934,18.242647897385904,12.760657020731013,N3,10,787,796
0.02225359406961047,0.35912847717526014,32.01988359339994,23.78337540707289,N3,10,788,797
0.06920409613903189,0.40759352693205314,27.116377086410647,19.98928210635313,N3,10,789,798
0.166403383400268,0.46692255501246793,27.297269183210666,20.18483384279607,N3,10,790,799
0.42535509715347075,0.5103628488947599,41.834444676642306,35.43260031421414,N3,10,791,800
0.5176907213440188,0.560421319457074,44.398742543272235,33.51281165601868,N3,10,792,801
0.5022556227022961,0.5599912589556026,44.264309573030914,33.36749148099807,N3,10,793,802
0.2681245171739988,0.44928131674704874,30.44113275337877,22.255268406157484,N3,10,794,803
0.17287147677423603,0.3828824732220511,37.92179077640394,27.852029643945208,N3,10,795,804
0.2504580689738873,0.3255189329856233,35.522715926153616,27.9442716869391,N3,10,796,805
0.3081843432407652,0.2620817888315333,35.40157207455777,27.813363006793953,N3,10,797,806
0.3212404327985155,0.1396889175389635,21.58779844199271,16.751148404938068,N3,10,798,807
0.6688015933265887,-0.07923869253886337,37.07944962424226,28.02396651623858,N3,10,799,808
0.4109127269938654,-0.24772878292799233,36.99912648978388,27.93712148317936,N3,10,800,809
0.15127830572789663,-0.3912917360241547,22.387320642564738,12.60868314501713,N3,10,801,810
0.02628635415273948,-0.5647224360902964,19.83085703059187,14.507562592667455,N3,10,802,811
0.3658062222280705,-0.6801173291962967,35.2885639990418,24.41934247335048,N3,10,803,812
0.3078090022414699,-0.7727467334095526,35.340870103468475,24.47589283409543,N3,10,804,813
0.32550456426515667,-0.8665666137079512,30.569751814314078,20.850831142235982,N3,10,805,814
0.161046560198605,-0.9404550707135723,30.471904089734743,20.745047404581054,N3,10,806,815
0.1445368354472464,-0.9817163211662621,30.565189270333214,20.845851321957525,N3,10,807,816
0.1578602785589794,-0.9380247624045591,45.11693593271484,36.09219880096862,N3,10,808,817
-0.1869307488892787,-0.8402214203779789,23.856929562937875,20.689437841320977,N3,10,809,818
0.021164267470379628,-0.778968074696125,28.698911790544663,24.417028331416805,N3,10,810,819
0.166402050807568,-0.7409317061955442,28.687320530116267,24.404504568746052,N3,10,811,820
0.3751286282098249,-0.6748699590790125,28.66448394604231,24.40918838004036,N3,10,812,821
0.23663194601037957,-0.5864523489259656,67.16316841984444,33.511002547157474,N3,10,813,822
0.482091087161001,-0.4672714186466923,80.93050399714703,44.562854038135995,N3,10,814,823
0.4763512280563475,-0.2975435124125312,83.42879120371144,42.57169571327868,N3,10,815,824
0.5241967540074199,-0.16644141939426332,83.29880859857658,42.40183795868616,N3,10,816,825
0.3636934851609965,-0.05831214114660135,83.31922276772748,42.423913969561184,N3,10,817,826
0.48235410812053486,0.02213081108200079,84.20535338694535,37.067886837384506,N3,10,818,827
0.381062612251111,0.09559038129920587,90.03954785850219,41.26900497390015,N3,10,819,828
0.2730708877761231,0.20660934108852302,85.2106278026462,37.55553518722736,N3,10,820,829
0.10948248705679475,0.3747480097508724,85.19208702601172,37.53552100168126,N3,10,821,830
-0.12711072204870674,0.5393316520453582,85.29274467641662,37.64429969055418,N3,10,822,831
-0.3061490227328704,0.6319513956973143,31.21250486826757,18.496820204110918,N3,10,823,832
-0.30242427939455185,0.725819338040559,33.704447527030425,21.82045334514005,N3,10,824,833
-0.28753931545135175,0.7168994197738673,35.9694579101837,27.454118479806493,N3,10,825,834
-0.1675837834364188,0.7597881287106759,38.62183701961985,25.658910558285424,N3,10,826,835
-0.19109279293941767,0.7987154958961099,35.85392517510481,23.62415654920769,N3,10,827,836
-0.42369224249971466,0.7739577043303498,20.381039372464148,13.696018973942774,N3,10,828,837
-0.08520868309189496,0.7296460338378694,34.16409155236615,24.76488047260391,N3,10,829,838
0.05853330567047692,0.7254450138616025,34.149647807996374,24.74926215548294,N3,10,830,839
0.22102150762798373,0.6561938670414736,34.16913499991133,24.770303084938497,N3,10,831,840
0.3022613488206048,0.58808949806659,34.181675599353184,24.754511711825035,N3,10,832,841
0.5240952482110288,0.655647127424243,48.283495780565865,36.167914919625034,N3,10,833,842
0.31313198968349526,0.7450990797308981,31.980820218715962,21.74552775374941,N3,10,834,843
0.49012482648750505,0.8167176960687825,27.22202496408936,18.07850518919877,N3,10,835,844
0.35255297705982686,0.831191865273858,21.976827024901286,13.567303507582983,N3,10,836,845
0.2715933007901924,0.8153941991707283,24.620830121159816,15.468138433788408,N3,10,837,846
0.28345008353814477,0.8027618265107563,24.723514284765407,15.579099438389312,N3,10,838,847
0.056015428282694305,0.793867519264831,10.908234716332663,4.475422064323356,N3,10,839,848
-0.11829761773678342,0.6527518782693773,10.85172597117562,4.4143644072184545,N3,10,840,849
-0.047822694027019,0.533920232957219,28.428069663897624,22.05772432134072,N3,10,841,850
-0.007938547620534564,0.3977092378669614,30.797860664985638,19.957072856412196,N3,10,842,851
-0.22357969036096392,0.13061545352849996,16.699981712308364,8.547934309858828,N3,10,843,852
0.3603834726385514,-0.17245052928430676,50.825777846009444,31.707289447282164,N3,10,844,853
0.16432934599371266,-0.4366785276751063,50.889045581390384,31.805051010746684,N3,10,845,854
0.15043217731454775,-0.600167366546043,53.54838044224889,38.21271853335456,N3,10,846,855
0.13660583632005796,-0.7367087167185014,53.698473553652,38.37493335161889,N3,10,847,856
0.35691519965084806,-0.8071541918102106,68.96105250428445,48.07581631604698,N3,10,848,857
0.360838813429217,-0.9229232285239293,68.95733751855077,48.071788459901654,N3,10,849,858
0.3722112093181579,-0.9829894988789795,69.08732489793184,48.21228767857392,N3,10,850,859
0.14065075068592137,-1.0615073510307722,53.962318650164526,28.527054691276863,N3,10,851,860
0.005145283509875753,-1.1111550822142142,51.51838107532385,30.576926958969853,N3,10,852,861
-0.07192835726621069,-1.1399079522578812,51.786714239457794,30.866969236554723,N3,10,853,862
-0.6257255367867174,-1.194012783530048,17.611053532404185,7.6537323781842135,N3,10,854,863
-0.6828860428946427,-1.271600061800386,17.48420841503539,7.516625357655357,N3,10,855,864
-0.5731884259634455,-1.3901150754445262,17.60196553713977,7.6439574400268615,N3,10,856,865
-0.11267223880468577,-1.452513152497581,34.563925490126714,22.998116414178366,N3,10,857,866
0.34133221722049145,-1.583982738082921,19.165228944879345,13.120737605472822,N3,10,858,867
0.6356937806087899,-1.6738314655926128,37.40356397595387,25.67263075809897,N3,10,859,868
0.6844438786121373,-1.7307998858623637,37.33892616297162,25.602760829444378,N3,10,860,869
0.6910666401479488,-1.7259337016311271,34.865141691835746,27.620363569012625,N3,10,861,870
0.7484143688846701,-1.7296551243959564,34.8805961218779,27.637064810242737,N3,10,862,871
1.1143492849261463,-1.704611909891361,50.25367018057877,37.45736147810457,N3,10,863,872
1.1226026354079806,-1.4833300721866565,50.2282679194308,37.42988272296971,N3,10,864,873
1.1219001964606263,-1.2339337439594331,47.59044297740329,35.535733181700195,N3,10,865,874
0.9258927692230998,-1.0111595451527726,50.028473434867195,33.47944251991466,N3,10,866,875
0.47377927471284237,-0.8148385212771544,33.00335137621878,18.057015699314796,N3,10,867,876
-0.32215188439722053,-0.5469111298127138,33.04515632400798,18.131568959867582,N3,10,868,877
-0.5824863593982854,-0.28611010268594583,14.752855829752662,5.462561939646548,N3,10,869,878
-0.5879086273366454,-0.050630791105103864,14.875493994041609,5.595119782627807,N3,10,870,879
-0.633105399882379,0.1494443389296471,14.853067451222888,5.570887642302478,N3,10,871,880
-0.5412413182867624,0.41514962072392547,14.90241386207199,5.624248683646511,N3,10,872,881
-0.9725278331621723,0.6451718587883043,-0.5305865770875243,-4.260819866614111,N3,10,873,882
-0.7287561016596158,0.6804525296067503,25.03785746265057,19.88669555917186,N3,10,874,883
-0.6905140547247981,0.6998063656955928,27.75726148683316,21.86902496146904,N3,10,875,884
-0.7028662242966959,0.7162077115467284,25.324472703629,23.930974091852477,N3,10,876,885
-0.6451643419318998,0.8210304294517293,25.320369648805354,23.926542347098074,N3,10,877,886
-0.06601791816075889,1.0221904314918717,80.60657056806595,47.24787597018112,N3,10,878,887
-0.08340174845606044,1.1981291456903151,80.74257916170681,47.45367731851839,N3,10,879,888
-0.031062402446178795,1.3601152105178325,80.66721302588412,47.37221193026744,N3,10,880,889
0.06326944763663392,1.5059581162711297,83.10382140099973,45.314410643495286,N3,10,881,890
-0.01041934870041814,1.5811683848432385,85.55374979938497,43.27098814741184,N3,10,882,891
0.019764532209188702,1.6389361939891316,88.09772432654499,41.32922824608322,N3,10,883,892
-0.2684452195523647,1.6880427531685531,62.60482300914955,17.23400266640929,N3,10,884,893
-0.17911380254400341,1.7296750173274806,62.60482300914955,17.23400266640929,N3,10,885,894
0.011517454834870478,1.7516435851510195,65.04023622267414,15.174888672168526,N3,10,886,895
-0.0378860625075788,1.6969925258801335,64.99707625523588,15.128211021521565,N3,10,887,896
-0.4702799126707248,1.4906358039553151,9.75367880199774,-8.14687071952394,N3,10,888,897
-0.24681900892610997,1.269390321260112,23.546738791818644,2.9327612930232134,N3,10,889,898
-0.21869430104053436,1.0328491304116771,40.90018178787868,20.335245958620362,N3,10,890,899
-0.11529632159772518,0.8398990104303046,38.43930928469199,22.366794671069876,N3,10,891,900
-0.12150798895539765,0.6361867843994518,36.019732634664976,24.44300089517128,N3,10,892,901
0.14868232979480353,0.5269889457483448,49.004964057172764,37.71804243038896,N3,10,893,902
0.15350160689376366,0.459960059074411,48.833677794291724,37.56227271244025,N3,10,894,903
0.11218297047028045,0.38772753061829623,48.864481293739665,37.59554523154984,N3,10,895,904
-0.022981715573172322,0.3100299835111919,46.47474106655572,39.70401347199295,N3,10,896,905
0.04772494795966509,0.21299957667420416,46.536951197520104,39.771288521502356,N3,10,897,906
-0.049573499868262164,0.13014831573257038,46.454873501005935,39.682593001444545,N3,10,898,907
-0.22682376033594095,0.08095535321516963,32.66264093614154,28.60384032360016,N3,10,899,908
-0.31404721811471176,0.026433883903649046,9.472843620575441,6.997929851020672,N3,10,900,909
-0.41905845104866446,-0.07186443398491171,9.395715031377767,6.914573741412823,N3,10,901,910
-0.16277990929131078,-0.10413188243885152,9.374866721508443,6.892057289657532,N3,10,902,911
-0.30077602654190516,-0.17376514809643204,-3.607781252933637,-4.3740487133676655,N3,10,903,912
-0.21895922589180827,-0.2397806689757168,10.372744517605316,6.888320635729906,N3,10,904,913
-0.21895922589180827,-0.24154731779008748,15.193888437129498,10.59338080393536,N3,10,905,914
-0.21166841433771424,-0.2053439580343003,14.93114157158925,10.309364296777858,N3,10,906,915
0.0666044858143664,-0.03774269947515343,29.549423363993263,25.644801713029665,N3,10,907,916
0.41297523783920836,0.1480309476496549,43.51812564103311,34.13764221542624,N3,10,908,917
0.25278494984461874,0.4213243445355655,43.50129625698973,34.11946381162015,N3,10,909,918
0.29143712078786166,0.6978624561146958,49.23823830973706,38.215437087989265,N3,10,910,919
0.32421622216036783,0.9634485608910719,49.482119216534194,38.47907706174701,N3,10,911,920
0.0793842513462721,1.1688834666395391,49.442308222022255,38.406687687163505,N3,10,912,921
0.028799902188978876,1.309174769832628,46.85824220563954,38.29896618013445,N3,10,913,922
-0.04407335827738166,1.3982259141785698,33.08901543737884,27.26497325706514,N3,10,914,923
-0.033349786097960535,1.424358214017471,28.251626243609643,23.542342736739737,N3,10,915,924
-0.01194272480604468,1.4126171710896245,28.42196143873298,23.726479019038017,N3,10,916,925
-0.10198175678297047,1.285034321238643,13.70199942579784,8.281135080042441,N3,10,917,926
-0.47997284988806543,1.1520463121024824,-0.44077696078966255,-0.3998712339973281,N3,10,918,927
-0.22256951955051818,0.9189111161591204,15.19157188905956,9.700574579937529,N3,10,919,928
-0.34705890965289543,0.6578499761622189,19.76191005005967,13.134534688786152,N3,10,920,929
-0.3056170923811067,0.41725306499469694,19.881508795009722,13.263806663854485,N3,10,921,930
-0.34542786375802165,0.2195382117233377,19.827714472871595,13.20561587410666,N3,10,922,931
0.13003154232711722,0.20053748269284113,43.40781596563247,35.717404454587815,N3,10,923,932
0.5359889252161907,0.1822484451066265,71.5724502319019,52.710754178521164,N3,10,924,933
0.45119787589798077,0.19436450440318062,71.47211651824182,52.60233674099727,N3,10,925,934
0.2900400048671884,0.20037466762545422,71.56012181234618,52.69747562067969,N3,10,926,935
-0.011462714154947661,0.16438832440403445,71.13815919655971,52.241321639984015,N3,10,927,936
0.1414002685994717,0.07703045675891626,71.81443702422038,54.956966906322485,N3,10,928,937
0.06309189732758114,-0.0266469880611659,56.105966494516906,44.774222284959976,N3,10,929,938
0.22614041576522936,-0.10788475469451612,51.61431278695454,41.42531798035052,N3,10,930,939
0.35723367468187917,-0.178551549935128,51.48500803622301,41.25615238700484,N3,10,931,940
0.40920250021003995,-0.33642053031742136,51.37728954136619,41.16910208984009,N3,10,932,941
-0.055587137260960165,-0.6235187489197287,27.968014244542427,18.84199485404388,N3,10,933,942
-0.33364284418051965,-0.8817965638348909,15.142294393070916,12.976280047027467,N3,10,934,943
-0.33398798779618344,-1.1095550705584614,15.242470336832776,13.084521433186456,N3,10,935,944
-0.14825049091887194,-1.2505395566438093,15.121046701685554,12.953237940038889,N3,10,936,945
0.00811368702147206,-1.3333001106329285,15.666995931378187,13.543397960128278,N3,10,937,946
0.16355460661787333,-1.258619216743876,29.011516831903283,22.1535834131515,N3,10,938,947
0.03827909465563266,-1.1219122827450287,33.81134023702471,25.835607473287382,N3,10,939,948
0.23465182968585624,-0.9701552776687372,48.23545835236073,40.96118338250017,N3,10,940,949
0.1158751548535804,-0.8382602662437332,50.82302968201257,39.09587440091964,N3,10,941,950
0.11527247618615206,-0.6564135921444293,45.18172287271009,35.10324722765872,N3,10,942,951
0.44325212528517566,-0.49565450888758916,98.85030528509233,53.805779906394676,N3,10,943,952
0.41221773966807973,-0.3806229853053649,85.8663649239832,40.53212338018166,N3,10,944,953
0.41840321864479507,-0.3214990259623205,83.15869554234595,38.56250589666051,N3,10,945,954
0.35160331021862135,-0.33822705528045915,83.19665331601864,38.6035250734174,N3,10,946,955
0.2406637248106051,-0.3470004399865026,83.04542261131428,38.44009016342898,N3,10,947,956
0.043336673101396175,-0.4270490246285911,69.3353140222629,27.450089196724367,N3,10,948,957
0.4203431406553193,-0.521045473503766,79.93685444860094,33.618978509419684,N3,10,949,958
0.10950692501894536,-0.5970043001481697,65.48169313990002,18.459833372442517,N3,10,950,959
0.046144887518300946,-0.6936343203573356,62.73462414019377,20.182134351559217,N3,10,951,960
0.005436724262432335,-0.7666688860677686,68.65882046480183,24.480568252858937,N3,10,952,961
-0.13496886936117675,-0.6187353866968938,28.47087169416336,16.520019596356725,N3,10,953,962
-0.08655442068381376,-0.4483905588238482,31.054327484386157,22.446072088392974,N3,10,954,963
-0.06600827958993136,-0.26850245067102707,33.69932747993298,24.318608714811127,N3,10,955,964
-0.048038520578126055,-0.08091698182682983,33.60783637378336,24.219751539246136,N3,10,956,965
0.2808405296789715,0.06462099929379335,49.8851342517235,38.5968169420601,N3,10,957,966
0.3852317289109749,0.1409782864728001,49.7747996743361,38.47755369720981,N3,10,958,967
0.09457685072555364,0.19769742814677152,36.9949498011636,28.77485419915356,N3,10,959,968
0.06270194817204242,0.24559626668770207,36.98306725057264,28.76202060024807,N3,10,960,969
0.2006428842764194,0.3243762179932606,39.56069145837391,26.856619829865668,N3,10,961,970
0.25211698119222775,0.3922122280114181,39.35214555739731,26.60180650036018,N3,10,962,971
0.17675506347563896,0.23518173017856406,25.860899399042683,15.84833115432375,N3,10,963,972
0.19183350282108905,0.08804467035359025,33.10099894687664,20.368478917220273,N3,10,964,973
0.10556367724104235,-0.054423238557370725,33.14528171243146,20.44568836169892,N3,10,965,974
0.13133911727437067,-0.15227103120401253,32.55394956197415,19.806464203137512,N3,10,966,975
-0.07968040112031076,-0.2432379160175291,17.076811970281415,6.294286117995216,N3,10,967,976
0.08154165516963871,-0.2637696784903866,30.951175163804145,17.461798569661187,N3,10,968,977
0.04678318598469104,-0.1869432070414053,28.32392744224926,17.307436577276167,N3,10,969,978
0.2599869604668129,-0.10757329940202318,35.2442028946527,21.020027729195135,N3,10,970,979
0.15194618043147443,-0.028776103543116348,32.67816133699889,22.93792686731722,N3,10,971,980
0.13724953299520165,0.04798111883561411,32.67079182463058,22.95933651692503,N3,10,972,981
0.2633981967136151,0.1210959785570985,47.168841769229765,38.164807061799,N3,10,973,982
0.1351259688220466,0.1966831895911337,35.10987209729865,29.993908563518563,N3,10,974,983
0.3363078244474593,0.2615581322377203,35.09443485491356,29.977225897828248,N3,10,975,984
0.4407287775857185,0.29562623708942226,35.80467554772258,30.744947859692182,N3,10,976,985
0.5854870171075561,0.323159589173634,35.05703804778095,29.936829102648698,N3,10,977,986
0.3243305724776917,0.2860327580051358,21.270931966598436,18.864720067448435,N3,10,978,987
1.1623197439586364,0.20467825206561302,36.64274588537737,28.683652096140577,N3,10,979,988
1.1346333714594663,0.08581720373666393,29.71694185058441,24.965097385149058,N3,10,980,989
1.0464071489650109,-0.04925092588519888,29.807412665234004,25.0629254209216,N3,10,981,990
1.104461902812443,-0.22708991161505523,29.925632117561328,25.161362917560837,N3,10,982,991
1.1425237506341375,-0.35772730454912355,30.66786648649504,20.976913013453306,N3,10,983,992
1.0622468461539654,-0.4239283623767335,30.482624171280623,20.776669684470836,N3,10,984,993
0.9591705122493976,-0.500231899516858,35.224583860199346,24.396136311883673,N3,10,985,994
0.8436917051013666,-0.5885953082029243,35.26453492171713,24.439339064663727,N3,10,986,995
0.6632785806140191,-0.6898814781968771,35.27370682995024,24.449220842147042,N3,10,987,996
0.690266603537043,-0.8189438986870343,32.39877843461072,22.298751686831384,N3,10,988,997
-0.08694556047352649,-1.0169152834989492,17.048272039741278,12.502816856283607,N3,10,989,998
0.11290023831176085,-1.1889229618190054,31.814947926790772,27.98142249505181,N3,10,990,999
0.20291434576948292,-1.3514433971338655,31.778212886627443,27.94169170654204,N3,10,991,1000
0.2529819102575061,-1.4242457482306279,31.46570781347691,27.63324549104764,N3,10,992,1001
0.02749351757606746,-1.5479839354459943,16.307971143117904,16.701490289032883,N3,10,993,1002
0.2895229217877045,-1.743823797159435,30.28576602412577,27.98075775129837,N3,10,994,1003
0.44495778258288965,-1.9227539146976422,25.56105913309002,24.350565620108682,N3,10,995,1004
0.4869697621177863,-2.0797426403838175,25.497992510852782,24.282361113973092,N3,10,996,1005
0.541220391757588,-2.2191824598982413,25.54455423917243,24.33268762183652,N3,10,997,1006
0.6755237498639246,-2.2279757074406015,42.215746490570744,37.56626867783707,N3,10,998,1007
0.6372568672470151,-2.1719309692500075,42.24426149449791,37.567709064390144,N3,10,999,1008
0.38336904325780097,-2.0457136893958245,32.22019012593737,25.709226869625127,N3,10,1000,1009
0.5021951194247549,-1.9042895725333253,32.202198201953436,25.689766546766258,N3,10,1001,1010
0.4820311863014183,-1.7965872850760676,32.55550291155305,26.071651088690487,N3,10,1002,1011
0.4878904526022495,-1.670675200711417,32.355028193181354,25.854912196999067,N3,10,1003,1012
0.6824228942185983,-1.5177899263419028,46.58363396977366,31.61414225055305,N3,10,1004,1013
0.6603693892003719,-1.3411401226033086,46.528915418562974,31.555006476908602,N3,10,1005,1014
0.5863202306316623,-1.1598309488928273,40.56566323442676,27.180435140109694,N3,10,1006,1015
0.7850443101647897,-0.9699672428182687,55.448356224461165,42.80165030682074,N3,10,1007,1016
1.0271241105993625,-0.8073354552392076,95.32190154209093,50.422460858644264,N3,10,1008,1017
1.1981546322598091,-0.5803972535603258,110.66922047674234,61.58857774493699,N3,10,1009,1018
1.1422454122557042,-0.3772052833649475,105.90947002442189,57.94990939713862,N3,10,1010,1019
1.0025641188519956,-0.19340834959616587,105.95332367402224,57.9973189660599,N3,10,1011,1020
0.8905232640411043,-0.039853787928385745,105.89302843544283,57.93216396925054,N3,10,1012,1021
1.2128392422870546,0.19779562880571575,121.26564154508014,67.75196624532109,N3,10,1013,1022
0.8530030415011141,0.4490925295164175,93.08219115230823,50.73825693263643,N3,10,1014,1023
0.6734157652634849,0.671298380347551,93.06347798411153,50.74738533952586,N3,10,1015,1024
0.7321670416532186,0.8603692883961997,98.98585390999433,55.077798210731636,N3,10,1016,1025
0.5927379869184961,1.0303989592663476,84.20012879028582,39.561417404540045,N3,10,1017,1026
0.06827793855346727,1.1183220148903061,30.401107441251952,20.688444457638617,N3,10,1018,1027
-0.06177645236663807,1.1269741761044023,19.87657847607479,13.232661656938216,N3,10,1019,1028
-0.0005836428168663587,1.0878109226900996,19.952899324121972,13.31515459162947,N3,10,1020,1029
-0.03718126426787194,1.048643937470186,19.889540638519247,13.246684809484577,N3,10,1021,1030
0.021472163820828883,1.0145151004916841,19.868134224790264,13.223532478009655,N3,10,1022,1031
-0.21640455228147176,0.966000604310544,19.18396973679628,18.81500946954038,N3,10,1023,1032
-0.021858202243396362,0.9051713000888526,32.83995428424314,29.746540735289454,N3,10,1024,1033
0.14397555240885254,0.8307860615088586,30.245036586301286,27.898809313795937,N3,10,1025,1034
0.1334781542644805,0.7462351436826147,30.358583959861427,28.02156756380318,N3,10,1026,1035
0.10239822872881063,0.646492376260911,30.232677658052125,27.885484175446617,N3,10,1027,1036
0.3452467453136364,0.7943564760855025,44.14513980246484,39.083765853615475,N3,10,1028,1037
0.3922241971462711,0.9299862424518338,41.90056299454663,33.49806275530864,N3,10,1029,1038
0.26437459490659876,1.0528477563006604,39.09419540662857,26.931467704643,N3,10,1030,1039
0.3755544964267301,1.16293990410934,39.12687993376094,26.96676489678466,N3,10,1031,1040
0.2810609753297399,1.2463125945995035,39.12711699974098,26.967000039861887,N3,10,1032,1041
0.17660152317200187,1.2653311098970654,26.886708636546246,9.510271006162657,N3,10,1033,1042
0.022137361121468756,1.2416496132028318,18.05468822725088,2.2868346278024547,N3,10,1034,1043
-0.1207001175083576,1.2110778189710323,20.643272899326256,4.1277347412000385,N3,10,1035,1044
-0.09752761594720027,1.1730464763699437,20.60357280368844,4.08478224152459,N3,10,1036,1045
-0.016916100829070045,1.0984849701652393,20.609260336511944,4.090923133802789,N3,10,1037,1046
-0.14552173498339585,0.8074341976118677,6.781208676040842,-6.986703479511926,N3,10,1038,1047
-0.06893062470967379,0.49416145559588215,19.621164946022326,4.7870774293740395,N3,10,1039,1048
0.18992429971697788,0.3268693349983248,37.02270631103893,26.664118712793787,N3,10,1040,1049
0.1962103913318174,0.18998155890337287,36.92785748946189,26.561601478459853,N3,10,1041,1050
0.36218841141770214,0.06379253844813207,36.99899998417313,26.638507215157006,N3,10,1042,1051
0.5152694862414535,0.04593193622223524,48.4232522219354,39.809428982197275,N3,10,1043,1052
0.48529982487199275,0.030391313278172304,43.61150434917727,36.11455547586265,N3,10,1044,1053
0.5701052963664666,0.06472043385620481,43.692176825589556,36.201738403871786,N3,10,1045,1054
0.5045021241331767,0.10267566567995097,43.615997504150435,36.11940389524352,N3,10,1046,1055
0.4092191583630836,0.17664336336439454,43.67737677766854,36.18572387271524,N3,10,1047,1056
0.4047163077575533,0.20522773034663827,43.61281921352274,36.11590347232268,N3,10,1048,1057
0.36704189063287346,0.23061490296679069,28.209566470214487,26.262988142858738,N3,10,1049,1058
0.308295871907535,0.11167515567273689,18.352721378480783,14.56805437608018,N3,10,1050,1059
0.29121374797551314,-0.03671368417310354,18.292791964654317,14.503274062799028,N3,10,1051,1060
0.30020945034968916,-0.14598396198635477,20.88963185097746,12.618623859907165,N3,10,1052,1061
0.16992074121425843,-0.3866579168826213,7.002724510003463,1.4773724524529825,N3,10,1053,1062
0.34440036617036185,-0.5992533450281858,22.29610857374646,11.211538941149774,N3,10,1054,1063
0.25213077997975686,-0.8000301147082347,22.30376385247437,11.219846427801532,N3,10,1055,1064
0.35878591162863244,-0.988917321616157,22.39192247920655,11.315167233809916,N3,10,1056,1065
0.5141184756384292,-1.1682112300110323,36.948905061852564,26.58434632927274,N3,10,1057,1066
0.8294963929427013,-1.2432729787388612,52.382825199455695,37.814663183709854,N3,10,1058,1067
0.7335226959850957,-1.1463568734963168,54.81755273938252,35.7548413077955,N3,10,1059,1068
0.7825855232944207,-1.0250901347373051,50.09895909486367,32.16066199622401,N3,10,1060,1069
0.6720721575921857,-0.9005198150610798,50.12553182988631,32.18939924457336,N3,10,1061,1070
0.6674609201583565,-0.7806923494596859,47.605695551165994,34.15729733916851,N3,10,1062,1071
0.656583795778704,-0.6651635025893718,47.65499826464948,34.210565718458746,N3,10,1063,1072
0.41959410360543076,-0.5365684305615901,32.26598004801126,24.373045582722263,N3,10,1064,1073
0.491343251575438,-0.43423991308908894,37.0780239050262,28.068254733871072,N3,10,1065,1074
0.4056160437607105,-0.32540502262886617,39.49548928745571,25.989736292934687,N3,10,1066,1075
0.2707898386040085,-0.21011007570378837,24.912055299913483,10.691964528390235,N3,10,1067,1076
0.022419496581289878,-0.18303675894676202,6.7680140703334475,-2.5106522068985213,N3,10,1068,1077
0.192795705708852,-0.3571005116824935,18.170751789358473,10.676816537875856,N3,10,1069,1078
-0.002006993705799687,-0.4877682405847551,18.10881881496316,10.580486268812091,N3,10,1070,1079
0.11517069572930723,-0.5816050343892301,18.2517349912443,10.734977724201963,N3,10,1071,1080
0.060278612206889196,-0.6501788584909469,18.088254257878724,10.558300598787174,N3,10,1072,1081
0.6782447475565903,-0.5966969678989728,75.78244907080588,41.78357273840229,N3,10,1073,1082
0.745619644477739,-0.47363637425887717,75.83723521098872,41.842782445027844,N3,10,1074,1083
0.7974893044090606,-0.36051017820276454,71.03379104142441,38.15687599385164,N3,10,1075,1084
0.8586042700583334,-0.1930246357127679,68.42205979229475,39.99600754081403,N3,10,1076,1085
0.9066323911395614,-0.02385048127896141,71.03607561945682,38.12995979179068,N3,10,1077,1086
0.7951021917000048,0.1488438191783274,73.79813151945345,40.15843485532241,N3,10,1078,1087
0.6233521473572068,0.34779080030068243,59.95648412034279,29.02626799702375,N3,10,1079,1088
0.6272569526033465,0.49323792399275845,64.70564903994674,32.68288204317541,N3,10,1080,1089
0.6096193437546049,0.6237819315009304,64.683047240007,32.6584389046795,N3,10,1081,1090
0.5072868708481337,0.7092264963902032,64.72965599208183,32.70877351565323,N3,10,1082,1091
-0.07776146258963763,0.6748073610494068,6.79956729439291,1.2285390938966885,N3,10,1083,1092
0.41488836110538047,0.5545189873598367,40.85968464879333,24.31691238210551,N3,10,1084,1093
0.41602167311390303,0.4367351668538163,40.897757998035374,24.358048672119914,N3,10,1085,1094
0.4290001507486124,0.25617593559513024,41.01196721957458,24.51090564504484,N3,10,1086,1095
0.29267139256371594,0.09556549256339579,38.40875589867865,26.388657843383406,N3,10,1087,1096
0.5936811546390004,0.13076487622897517,53.698465349178875,36.11885569395272,N3,10,1088,1097
0.5392655008360521,0.16739453458541576,53.71842321257791,36.14042195403272,N3,10,1089,1098
0.7352645582492698,0.21299512258363507,63.56726084736147,47.82669988231173,N3,10,1090,1099
0.7654926489239813,0.2573312604790331,63.64602727481251,47.911852470489976,N3,10,1091,1100
0.7582987667878512,0.31185041245964984,57.84051319361606,43.70776286402288,N3,10,1092,1101
0.6310114874365524,0.3709824975084601,57.99432994313611,43.8740463694714,N3,10,1093,1102
0.08600696289997814,0.4236284335483447,24.00604889747483,20.863297568734925,N3,10,1094,1103
0.08373841393591874,0.5171215099989148,23.969710926776315,20.824009720564572,N3,10,1095,1104
0.11111204292586194,0.6185051884620606,23.916746380814583,20.766747058826514,N3,10,1096,1105
0.227581574194744,0.6976609988021103,23.895922085004713,20.744213936739108,N3,10,1097,1106
0.03427649483717232,0.5894396894128455,8.675051970233472,11.088384352666253,N3,10,1098,1107
0.7916264208747237,0.4036840693167555,26.74135702168569,23.454369153224253,N3,10,1099,1108
0.6075255425127409,0.1521561878958515,12.157796084020083,8.156469654871762,N3,10,1100,1109
0.6031730934524205,-0.11003836767459134,12.081910188973415,8.074428636244193,N3,10,1101,1110
0.6238893853221953,-0.4287955096545787,17.835122057860282,12.22200692487495,N3,10,1102,1111
0.9026172554139578,-0.7191830440461991,31.83292750877081,23.52289976939028,N3,10,1103,1112
0.948749477096527,-0.961806325660541,31.737049795009078,23.41928509350255,N3,10,1104,1113
0.8360875915342831,-1.3113666940106292,28.931346954960464,21.343678800970885,N3,10,1105,1114
0.7072192218514317,-1.6663995747181353,29.008444685202996,21.42700425039511,N3,10,1106,1115
0.9277358149497331,-2.0227896288598153,43.663701941362525,36.80240973997097,N3,10,1107,1116
0.86425248498673,-2.41384280018172,43.59612515165863,36.729391612634934,N3,10,1108,1117
0.2093353148051733,-2.7512701957291776,25.536521941767568,24.311884944247502,N3,10,1109,1118
0.31767127281124774,-3.014104846247541,25.537626441122846,24.313088080805755,N3,10,1110,1119
0.2742626514619019,-3.3164703029376925,25.522904818108508,24.297203794397138,N3,10,1111,1120
0.3213309559580296,-3.5397532311157227,28.080105039139017,22.369734958339905,N3,10,1112,1121
0.09520393554712996,-3.8002998935568058,14.06334389675103,10.989539539304678,N3,10,1113,1122
0.21142124379937285,-4.1505822158166055,27.926173197478057,22.144600753075064,N3,10,1114,1123
0.287598925497673,-4.4341630872496385,35.53272922989854,27.90331046082465,N3,10,1115,1124
0.32090541888383084,-4.700617709591581,35.54717493053904,27.889562136095265,N3,10,1116,1125
-0.0035698938418931903,-4.948553667921402,20.87944682227171,12.500681119951333,N3,10,1117,1126
0.08624333527876615,-5.0799308913178685,34.75895655725181,23.67375086964057,N3,10,1118,1127
-0.09427838205655803,-5.0749614504329905,34.670355578801534,23.6367918567983,N3,10,1119,1128
-0.15852319236826135,-5.004031984229688,34.72319942077884,23.66453801034877,N3,10,1120,1129
-0.10160621717827212,-4.859072794121262,34.76253091688413,23.707032957647243,N3,10,1121,1130
-0.07311111518637858,-4.705074267966589,32.23291677232264,25.66431416369851,N3,10,1122,1131
0.159598798313084,-4.509773591973537,46.95896357760066,41.17501783376574,N3,10,1123,1132
0.0007349117249646042,-4.224335214297587,35.56134532177457,27.9930467527367,N3,10,1124,1133
0.18675925647849567,-3.84237296220594,30.77827321489749,24.32918352265988,N3,10,1125,1134
0.2780159932727315,-3.413894385171446,30.663556688361858,24.234558487938195,N3,10,1126,1135
0.3685800642701281,-2.9799617742363465,30.791380738897715,24.372770321245845,N3,10,1127,1136
0.20053361439758532,-2.531651178376278,16.84218332565506,13.124347762107936,N3,10,1128,1137
0.4351243183679003,-2.1948337825701985,30.753801167834173,24.332125443967744,N3,10,1129,1138
0.332094536481236,-1.9202533039861478,35.51217068917176,27.998700569536233,N3,10,1130,1139
0.18854503992508284,-1.6296992829119419,35.43372603820971,27.91391226891137,N3,10,1131,1140
0.16890265804200338,-1.354315232218039,35.49405447002573,27.97910317564456,N3,10,1132,1141
0.2540975613773867,-1.008710367149257,36.1755196152546,22.38472662201457,N3,10,1133,1142
0.2302088424109172,-0.7109445414460097,27.90597216187525,20.24278224027621,N3,10,1134,1143
0.06311307163194328,-0.5065007912297659,27.889531972931582,20.19565605896605,N3,10,1135,1144
0.021056309133336983,-0.34891780559522945,28.004051206837175,20.319444371533972,N3,10,1136,1145
0.006835121632923347,-0.20138014847598812,27.94482312553737,20.255401429787888,N3,10,1137,1146
0.31292025582039285,-0.1481522614272194,81.69719775221165,39.04861228973823,N3,10,1138,1147
0.12056331606482332,-0.09365191895069244,67.77347499011884,27.82773903577945,N3,10,1139,1148
0.5172793767199095,-0.0421972113761143,77.69673124438559,39.59439966563404,N3,10,1140,1149
0.6231448463429501,-0.0320975911082229,77.68941581875261,39.58648661128245,N3,10,1141,1150
0.5217254204134406,-0.02244765341646655,77.69280497307045,39.5901805274727,N3,10,1142,1151
0.10704706640626682,-0.10881343257795777,62.370467403029764,29.824696322482122,N3,10,1143,1152
0.27874435835042277,-0.20503966540096313,83.24305323288354,43.484457719681814,N3,10,1144,1153
0.38774621806638265,-0.2910262750552448,88.255349403531,47.42545963001212,N3,10,1145,1154
0.3954632189607423,-0.37765818612818125,88.30139713073368,47.475229977362325,N3,10,1146,1155
0.355012604378868,-0.46573165759443214,88.19104428196587,47.32655249237432,N3,10,1147,1156
0.2956673651354208,-0.41283201896340815,46.677801233166974,38.30945980542383,N3,10,1148,1157
0.3306268232484399,-0.35716467466283747,46.86748093466522,38.514475070021945,N3,10,1149,1158
-0.007788361465878779,-0.3097765818721143,32.12243779288474,23.042046645480514,N3,10,1150,1159
0.06809866864254559,-0.20617025202508615,32.19337157825648,23.118702412360655,N3,10,1151,1160
0.14076653922715537,-0.11120600149796474,32.15515940124315,23.077397266718982,N3,10,1152,1161
0.18784729771775233,-0.017241272970485964,32.14572662388455,23.067179758197017,N3,10,1153,1162
-0.0039666332761157715,0.08526604012407688,17.109093647055126,13.610451430135072,N3,10,1154,1163
-0.09314431413862963,0.17412529743311325,14.526027445171348,7.6015025838813015,N3,10,1155,1164
-0.04703150744196023,0.26155298595740534,16.60310971380168,5.155151905585081,N3,10,1156,1165
0.26146511818276397,0.34668480146030445,31.65326918190476,20.96954956582449,N3,10,1157,1166
0.12731670435971978,0.29241537950356644,13.657902730559726,7.0765891430230115,N3,10,1158,1167
0.35544090320530586,0.23948618737971686,28.956919964565895,16.816821429306582,N3,10,1159,1168
0.3085300419697717,0.18080694490372765,28.927781511350624,16.78533460610379,N3,10,1160,1169
0.18788303948578006,0.079396421516347,33.69807255036285,20.435415813714645,N3,10,1161,1170
0.04966773402711624,-0.021208874524822362,33.68477015765093,20.42102717500493,N3,10,1162,1171
0.2414621718350304,-0.02908057674769111,48.98099981724736,30.13746058994584,N3,10,1163,1172
0.5663420499495885,-0.033108910428825314,77.23933904146106,46.14386969754887,N3,10,1164,1173
0.5009672190395861,-0.030087532263345908,74.8223317678865,48.25439790003911,N3,10,1165,1174
0.32545150419151125,-0.02717407550852329,72.56414653780521,50.50498211065242,N3,10,1166,1175
0.04569406915765626,-0.02045002389189108,57.66415450604545,34.882285084941394,N3,10,1167,1176
0.062093155186397554,-0.015256975622412483,63.369350755470805,38.943986121393024,N3,10,1168,1177
-0.1535986369006764,-0.0037236197149042027,48.08996904308151,29.22499261757257,N3,10,1169,1178
-0.09970568314332695,0.010757260721229045,48.08716406112872,29.192617946017343,N3,10,1170,1179
-0.0718528781761961,0.025123207563581218,43.33705997372162,25.53502419792967,N3,10,1171,1180
0.11929540128923577,0.031514285815043765,43.24272572267364,25.433069231374976,N3,10,1172,1181
0.05853863093524296,-0.054930463168412304,27.873446281215728,15.637679705575284,N3,10,1173,1182
0.25993684726000765,-0.1337181188468463,24.213900614843443,21.204017320245477,N3,10,1174,1183
0.2683129170194718,-0.22632844269915608,24.224699212032284,21.215686037655907,N3,10,1175,1184
0.4904363446193315,-0.266705345507637,24.437925125032052,21.446184771341724,N3,10,1176,1185
0.5103891874185251,-0.3017339689713026,24.308585089713596,21.306372483417363,N3,10,1177,1186
0.8753006180889201,-0.293959654836803,38.224367241550496,32.518675414682,N3,10,1178,1187
0.8260171370578917,-0.140006692824835,42.90747148469818,36.074490073452765,N3,10,1179,1188
0.879976601109604,0.01033153392949373,42.954524298294565,36.15469814247626,N3,10,1180,1189
0.8233755657018549,0.2045967542462961,42.79707728955327,36.013825992669446,N3,10,1181,1190
0.8348680671239606,0.40045392070349806,42.94907277337552,36.178099146352906,N3,10,1182,1191
0.6878422517965248,0.5884497376888816,43.09442052641971,36.33523796054942,N3,10,1183,1192
0.2834225250969212,0.7565593945721247,18.442635248816806,14.675819690800926,N3,10,1184,1193
0.2834225250969212,0.9262928985147028,15.696261217570282,12.66433139605797,N3,10,1185,1194
0.20281100997879092,1.0381760120646377,15.60423692666518,12.535470045633337,N3,10,1186,1195
0.1746502523363688,1.1322776135914665,15.61592787943955,12.548133708818204,N3,10,1187,1196
-0.1556990045092334,1.17156546116085,4.263417128269066,-0.5850578429482993,N3,10,1188,1197
0.13531050686463003,1.0996048729910413,14.770937832593336,5.482206245981433,N3,10,1189,1198
0.36227563329256895,1.0310333662202282,29.513202288284084,20.95162835414849,N3,10,1190,1199
0.5151978960214763,0.891595382513404,29.447067429492744,20.88016293350993,N3,10,1191,1200
0.5294951384374087,0.7555867174967219,29.590987833752298,21.035746914923948,N3,10,1192,1201
1.0182067443965537,0.7052190186871996,44.722432594696876,30.59493587269899,N3,10,1193,1202
1.0360174449512782,0.6545545510459775,49.63959593984036,34.43311637694096,N3,10,1194,1203
1.1050794656400398,0.5973183436284245,52.294278663723524,36.34547466721087,N3,10,1195,1204
1.1869266449978795,0.5348071988843955,52.05856930227092,36.06130671467072,N3,10,1196,1205
1.1765952492995893,0.4800592330484477,52.406259974936255,36.437129522236134,N3,10,1197,1206
1.179770412500926,0.4240617744273294,49.95294184925733,38.47685778217019,N3,10,1198,1207
0.9080541294253635,0.30238769704778434,34.56569983496665,28.641267825806427,N3,10,1199,1208
0.6497883392745791,0.17285925228433996,19.815822590987956,13.163600227349889,N3,10,1200,1209
0.5322378535943983,0.049154410557821396,14.235755618091208,9.23716947328794,N3,10,1201,1210
0.5101135134838557,-0.06442300292996066,16.558334797596036,7.024558293095834,N3,10,1202,1211
0.5077250513939362,-0.22038587331077225,55.103095161207605,16.17617863719679,N3,10,1203,1212
0.5702396021382299,-0.3818355813673165,64.0733675668329,23.529105176192388,N3,10,1204,1213
0.4634459128977994,-0.5658472745299747,64.02682842852737,23.478792489775877,N3,10,1205,1214
0.2918318046390823,-0.6997680845928727,64.35597837410168,23.893343660921893,N3,10,1206,1215
0.40123509709537186,-0.7927916758214024,78.59528582750791,38.81912337545837,N3,10,1207,1216
0.5416629193539734,-0.8228532058263,93.97184455667521,49.98744795986422,N3,10,1208,1217
0.543806606954854,-0.7943616223658211,94.09290307426781,50.11827759642074,N3,10,1209,1218
0.5669027061386032,-0.7217273830927979,98.78382533594122,53.682561159537,N3,10,1210,1219
0.5074110181740309,-0.6383393139520933,104.50505263748855,57.76159931008406,N3,10,1211,1220
0.4980669855811186,-0.5224119463567632,102.1096089712235,59.895457242588236,N3,10,1212,1221
0.18831857450534245,-0.44857838300787306,48.37014404321599,41.11627176703841,N3,10,1213,1222
-0.008318368742692428,-0.36729827241891827,34.483261659117126,29.95514293915403,N3,10,1214,1223
0.056598860884622584,-0.20879970031578524,37.112274535888716,28.07378407176075,N3,10,1215,1224
0.033874019293227774,-0.09755607980964101,37.003116536724704,27.95580471430403,N3,10,1216,1225
0.05323440538608111,0.013574653576770856,22.43932705297484,12.679248591788928,N3,10,1217,1226
-0.20055343319097574,0.06049461542974939,7.058663161940785,1.506489987117675,N3,10,1218,1227
0.5862363702443929,0.061579547625552775,20.785571174699726,12.51464297626444,N3,10,1219,1228
0.5570083877129605,0.06465443506826318,15.972902827156213,8.818756456379196,N3,10,1220,1229
0.639178847935608,0.06731737932383908,16.1608581991728,9.021911279734194,N3,10,1221,1230
0.6684674532055623,0.011118734246994676,13.102434007576084,2.1828764517835224,N3,10,1222,1231
0.9856713629829358,0.10567353948912342,36.80852960308694,24.83077800840838,N3,10,1223,1232
1.0304735583704825,0.2405569748284421,36.80963630178739,24.831954138846775,N3,10,1224,1233
1.0814624209358896,0.3169715632807012,38.9733042503125,30.387610678107013,N3,10,1225,1234
1.1080065334735196,0.38810363041443735,39.109003751496495,30.53425629066769,N3,10,1226,1235
0.9586850208904878,0.4058012971921201,41.5887753740717,30.52926637501587,N3,10,1227,1236
0.9492357033184475,0.4604269862038919,38.823997663088086,28.497881413238794,N3,10,1228,1237
0.32646462656366,0.5138745381652029,27.544115647784928,15.443154334832798,N3,10,1229,1238
0.30772403631297607,0.5155231535795195,27.680611990956095,15.590717942135962,N3,10,1230,1239
0.16240752521197804,0.4865695184130175,27.48842600176722,15.382974642032059,N3,10,1231,1240
0.21865022566506126,0.47299600845409484,30.474769930956974,22.144094314979885,N3,10,1232,1241
-0.2236654594168442,0.32934939068374974,6.764846317306365,-0.5079467145522358,N3,10,1233,1242
0.02069666373915311,0.18478438759059798,23.577977811361052,7.922551867394214,N3,10,1234,1243
0.01546531207208659,0.05341095619015732,18.860565694214166,4.329640631048823,N3,10,1235,1244
0.09213965343278119,-0.08221953246113003,18.77534207486242,4.237543501130858,N3,10,1236,1245
-0.029182085938577983,-0.18903828484475724,16.211757880649383,4.093194212737581,N3,10,1237,1246
0.19484449829553227,-0.2732257729568133,32.92164903652228,17.368552977787477,N3,10,1238,1247
0.0438454067038208,-0.3219556003407547,30.285968899016734,19.211181636918628,N3,10,1239,1248
0.4210362954668369,-0.3094374389896061,47.846744515760655,36.83771862307185,N3,10,1240,1249
0.49811736537100726,-0.2819519081885886,47.92590721333545,36.92327858732242,N3,10,1241,1250
0.44078210955100305,-0.28570414844491554,47.887268408549424,36.85211538429794,N3,10,1242,1251
0.370226335884621,-0.3250791216372349,47.816567866678085,36.77567729330112,N3,10,1243,1252
0.5728763058283505,-0.39562370024408294,58.42506494585105,45.522863372541906,N3,10,1244,1253
0.6057757315044568,-0.4507261274226707,58.45979917791701,45.56038914232922,N3,10,1245,1254
0.4922411711406198,-0.504602505981984,58.374617226474946,45.43893731181597,N3,10,1246,1255
0.5799232558015888,-0.5356299115456068,58.50368345242532,45.63719035508402,N3,10,1247,1256
0.2853710543534646,-0.6279455130402596,44.403570283122825,34.22569027068384,N3,10,1248,1257
0.6190105736350973,-0.756212216269472,59.940544705368666,44.22315378659259,N3,10,1249,1258
0.4562180089949777,-0.9172109777512063,42.35124714971535,26.56577304964303,N3,10,1250,1259
0.4562180089949777,-1.0714417185195486,42.44699212921405,26.669289487772765,N3,10,1251,1260
0.4345482362597977,-1.2017488767522422,42.365152413565376,26.58085988359744,N3,10,1252,1261
0.7666622270451058,-1.1891559589080458,56.29627675927768,37.80975312599257,N3,10,1253,1262
0.3725962184707555,-1.1803519372817448,28.931304744809314,20.693336854449445,N3,10,1254,1263
0.29983324069837636,-1.1728011101510192,28.92601860406212,20.68761426792262,N3,10,1255,1264
0.6291390748482456,-1.064691514168436,43.61885090801297,36.11580966164911,N3,10,1256,1265
0.6716667674088456,-0.9934744280762231,43.63231748103426,36.13039726116695,N3,10,1257,1266
0.7655698176278178,-0.9180373319324133,43.78771196016605,36.29836403858062,N3,10,1258,1267
0.43611510108556784,-0.7883366823971414,33.1334888826168,30.072558999557806,N3,10,1259,1268
0.15655555331102278,-0.683329842018523,35.60366496090573,28.05105782532337,N3,10,1260,1269
0.19427731038594515,-0.573404271178046,35.457962462195425,27.893527062352224,N3,10,1261,1270
0.023759959167847455,-0.45856406282380247,35.5173816437542,27.9870980769032,N3,10,1262,1271
-0.2560854479604302,-0.4584637855956061,21.729910730734993,16.913483621984778,N3,10,1263,1272
-0.046986616156902986,-0.4228677772030238,37.03988681357369,28.009837520914154,N3,10,1264,1273
-0.08130043111649457,-0.4004401370989058,27.738949659526405,21.46517330338611,N3,10,1265,1274
-0.24248605897766423,-0.4652667468437869,13.149035785024171,6.148250151257526,N3,10,1266,1275
-0.14719492412160093,-0.5205895010294597,13.097021755906463,6.092026560641534,N3,10,1267,1276
0.3589422685703937,-0.47885247545656284,69.37614775078328,31.12081951181608,N3,10,1268,1277
0.3508479753775191,-0.4760070037733158,64.68878170865791,27.56039795754041,N3,10,1269,1278
0.44786448596155426,-0.46068508269518416,62.20257570099202,29.56456980906296,N3,10,1270,1279
0.5070047333783293,-0.39320768715816995,62.13969922593751,29.49661386362277,N3,10,1271,1280
0.53832921584401,-0.3200293566460914,62.08704702647738,29.43971319202901,N3,10,1272,1281
0.8113173485531832,-0.2034130796778328,76.84124697445732,44.922038174617775,N3,10,1273,1282
0.5038562077656309,-0.12296410840792191,66.25451664755238,37.42491757941825,N3,10,1274,1283
0.5944160272508668,-0.04406185018298174,77.91834484724822,43.838235553341654,N3,10,1275,1284
0.35636018229316163,0.03847383242286355,77.99828750313027,43.95398719994191,N3,10,1276,1285
0.3821421360770671,0.103898313540887,77.94423466072331,43.89553617365891,N3,10,1277,1286
-0.02641350066368773,0.08343814756439087,21.72256171860863,18.92881480319047,N3,10,1278,1287
0.291745031132416,0.058379975742144555,36.95658765580447,29.94307562729664,N3,10,1279,1288
0.1989058503770366,0.03242779571438916,37.002677180252064,29.99289120433168,N3,10,1280,1289
0.27090530283726366,-0.042106715090048395,37.10671821633878,30.105357640097644,N3,10,1281,1290
0.39956795075896706,-0.11950634974760418,37.15952837317818,30.162434572261553,N3,10,1282,1291
0.37532277001856185,-0.20186618606162768,36.169153409473076,25.72816929382243,N3,10,1283,1292
0.44275657089843323,-0.2819396895347325,31.450127373845316,22.104103718364787,N3,10,1284,1293
0.31667724292674393,-0.37040051640437355,29.018459992292627,22.161099269856642,N3,10,1285,1294
0.5798127217951674,-0.4437603210118965,28.988667038355196,22.128906771872426,N3,10,1286,1295
0.4872588006820024,-0.4092055465752196,29.01237067133843,22.154534161624177,N3,10,1287,1296
0.46245155832581875,-0.3709279649942118,28.856124829772305,21.985635029031982,N3,10,1288,1297
0.09712374582325083,-0.32502531140794133,7.7212680300464855,6.698204756117048,N3,10,1289,1298
0.43058519249167376,-0.21966021769065947,25.339955758552968,24.371414967126476,N3,10,1290,1299
0.2982319278747525,-0.10798244373495436,25.319440666579613,24.349227086174505,N3,10,1291,1300
0.3002368979568814,0.007958587084146984,25.246878750652833,24.270801646165637,N3,10,1292,1301
0.09055181046024927,0.0792898844851834,11.476283235308074,13.215421155207878,N3,10,1293,1302
0.2941189659034308,0.15562499149696976,26.809414239054604,23.021938157305705,N3,10,1294,1303
0.3421832209846059,0.24708351160454073,26.86658893089334,23.08375385920226,N3,10,1295,1304
0.241243274447271,0.31641847357488756,26.675917442021454,22.877638839343852,N3,10,1296,1305
0.31487038491524116,0.283908788803501,26.570986869729676,22.764258184104982,N3,10,1297,1306
0.4626380077865804,0.2997431409634032,42.26189272527627,34.272305523264365,N3,10,1298,1307
0.5116145106762872,0.35476343832334295,50.5873980536795,36.47474440075821,N3,10,1299,1308
0.45788801073642277,0.35004631565010413,32.929294534818474,18.758945333172598,N3,10,1300,1309
0.4654368892309776,0.3425802366209979,32.91567479726582,18.744231987772217,N3,10,1301,1310
0.468290738984814,0.3309525021457773,33.009907441955875,18.846090426541195,N3,10,1302,1311
0.47741639869886965,0.41134697099664097,35.47800088448348,16.822308053453163,N3,10,1303,1312
0.2206980581743153,0.4817713493485655,20.11014567539969,7.00762633739796,N3,10,1304,1313
0.20567786209471706,0.5437680466319847,24.67890156080757,10.439894239472778,N3,10,1305,1314
0.2303395492046775,0.6053187931448776,24.919549586291396,10.700022956504109,N3,10,1306,1315
0.37226961816152765,0.6681120804502285,39.69552334733671,26.188686048200907,N3,10,1307,1316
0.22861000205708137,0.6610894241942958,21.408421936756348,12.831513779218222,N3,10,1308,1317
0.4056766008642626,0.6120418215244883,34.249862450235376,24.60691323758656,N3,10,1309,1318
0.19542389937996063,0.5466927890892634,34.25910023329343,24.61689838818784,N3,10,1310,1319
0.2799265093081885,0.5346598226579686,34.31231562905523,24.6744459063244,N3,10,1311,1320
0.37776955740804397,0.514474516202813,36.77088720679094,22.608879045689537,N3,10,1312,1321
0.6277832197509611,0.4762474042831769,49.54263737622023,34.28813733248535,N3,10,1313,1322
0.6574803984645257,0.4344034805366476,49.58240858936915,34.33116679056839,N3,10,1314,1323
0.6627298133663487,0.39695246380328797,45.066292883355345,30.955776035716553,N3,10,1315,1324
0.6641360217472311,0.3543690105464236,44.86661012885452,30.739931410370627,N3,10,1316,1325
0.5076506023979335,0.3063967697967399,32.506085975583844,13.139099183687359,N3,10,1317,1326
0.5005139286295048,0.2762324646615042,35.40892343064188,15.31970102800624,N3,10,1318,1327
0.44670794419603793,0.2397916838213149,20.10724386282309,5.5765625053405525,N3,10,1319,1328
0.4778716331151543,0.26249911906064083,24.821508010583784,9.166081111119274,N3,10,1320,1329
0.3729428816557004,0.2833760434573179,24.86065113485529,9.20838297404407,N3,10,1321,1330
0.2014128812828062,0.30987845414626064,22.22571357775887,11.053930950080394,N3,10,1322,1331
0.14935460214185808,0.2630069455758132,21.7119340853802,16.8503813296913,N3,10,1323,1332
0.7174279026184536,0.2177507069308348,54.77184729074652,40.51251899974086,N3,10,1324,1333
0.8533374580086445,0.1813089931392426,54.763100883104926,40.50308151196805,N3,10,1325,1334
0.6702667246502017,0.15724570865482973,54.8340366757955,40.57976882275034,N3,10,1326,1335
0.5758722314500233,0.18592920924741918,52.53812432628911,42.791743653806044,N3,10,1327,1336
0.8392874469758056,0.40312971561227184,67.61315896308079,52.28990849336333,N3,10,1328,1337
0.8122324806150403,0.6105797362003103,67.59719256150493,52.272663900496994,N3,10,1329,1338
0.8161019270759595,0.7657588672123807,62.749616661340404,48.53905181721275,N3,10,1330,1339
0.881799628374813,0.855264840414776,62.781746426661265,48.573778176248744,N3,10,1331,1340
0.9591784607633258,0.9396038277965573,57.231033343543096,44.708455390284506,N3,10,1332,1341
1.024578708323429,1.0573974894351168,96.15360513737396,47.937589391235086,N3,10,1333,1342
0.5447465234837751,1.1725354597628765,63.02780816923041,24.204209664398512,N3,10,1334,1343
0.4468006998224439,1.2754417149153454,63.061871374605104,24.241033432339464,N3,10,1335,1344
0.5714856827392112,1.3622000258557534,62.9109648490281,24.077922748708808,N3,10,1336,1345
0.7639125636281392,1.390600541221238,62.99953781592558,24.173662153857002,N3,10,1337,1346
0.49578951834278084,1.2272482743975843,47.777258113204155,14.51634773656624,N3,10,1338,1347
1.0492119422920267,1.0517947250237896,67.0473296929944,26.79625146467297,N3,10,1339,1348
1.2606525717617558,0.8916864205131929,81.94655758325025,42.43533845046477,N3,10,1340,1349
1.3344310957835035,0.8181613029361415,84.31300281340154,40.3017093030925,N3,10,1341,1350
1.3556155903038416,0.7397346994505825,89.89686159025078,44.23223851636722,N3,10,1342,1351
1.3092915079307204,0.6272239804634395,51.65588553372727,36.75308919153686,N3,10,1343,1352
1.24699883878356,0.5496994206035339,54.154984008458996,34.762812097183634,N3,10,1344,1353
1.2692894495627853,0.46442802353269885,54.11225034508243,30.553224361624597,N3,10,1345,1354
1.31002554709616,0.39607452643806906,54.251715711003634,30.7039790518058,N3,10,1346,1355
1.2602881361416565,0.334881702216569,54.19103100277353,30.66775130964161,N3,10,1347,1356
1.1055641322683016,0.24753388637043514,54.067666166128035,30.534394059144688,N3,10,1348,1357
0.46786091894586546,0.1763995620962092,34.693320659220625,18.14179335706649,N3,10,1349,1358
0.22699327771120464,0.11625588686993496,20.06888460503178,2.79972446418833,N3,10,1350,1359
0.030345489971466577,0.002726053903694492,17.483129895446474,4.696309380224557,N3,10,1351,1360
0.09064713635144131,-0.0824559604037148,17.75777081864362,4.99318813183927,N3,10,1352,1361
-0.06284138689562724,-0.19765658895149302,-3.543605200505408,-10.474168348480452,N3,10,1353,1362
-0.03123341221196938,-0.32291870714047805,12.125679714498983,3.9733654845127604,N3,10,1354,1363
-0.06554592835503285,-0.4644435526592702,12.032055469426997,8.035579326848529,N3,10,1355,1364
0.21167603497605114,-0.6138802173112495,26.65757606866173,23.378835232802523,N3,10,1356,1365
0.13030630140652874,-0.7387373744010176,26.738156851234816,23.465956446686324,N3,10,1357,1366
0.358389536158478,-0.6970672203770547,40.64650037932588,34.67019911915922,N3,10,1358,1367
0.4524956795218202,-0.5043157889492662,40.74481894007113,34.776470708505805,N3,10,1359,1368
0.4320257221150996,-0.3260141496092544,43.08107603192548,32.61016462579937,N3,10,1360,1369
0.5326424369106633,-0.168205720782521,43.17992465939824,32.71698036073722,N3,10,1361,1370
0.3898002758005191,-0.025077823992116065,42.95019252835118,32.43927778465077,N3,10,1362,1371
0.3548733762212521,0.14444272626897714,48.84158584277175,36.70223380185271,N3,10,1363,1372
0.347177143750406,0.29764592640039067,33.176652875281434,22.259395710313402,N3,10,1364,1373
0.42157937342178115,0.4778927393199737,33.30824850429853,22.401616538559757,N3,10,1365,1374
0.10698534462621297,0.6662490366893052,18.67988657622118,7.055278141153394,N3,10,1366,1375
-0.02317044515578459,0.8327115227281467,18.592878711178493,6.961205108842842,N3,10,1367,1376
-0.13396478448099175,0.8509855729015043,4.754163766031707,-4.167780772788683,N3,10,1368,1377
-0.050581244198878036,0.7323290816914139,20.051215243827027,5.570341954483593,N3,10,1369,1378
0.04380410842267111,0.6018551960144819,22.28143037883201,11.166402165505133,N3,10,1370,1379
0.10475830502504095,0.5208002878560748,22.30025643843401,11.186778420118207,N3,10,1371,1380
0.16099704343415625,0.44606344697806294,22.477167988302973,11.40735267458076,N3,10,1372,1381
0.5203821889389815,0.37405256971812406,46.922719274465635,32.81449277771098,N3,10,1373,1382
0.452744363403383,0.30325537194757,44.42985918802587,34.81150945860863,N3,10,1374,1383
0.38803521932900936,0.23230333433936323,44.41820570809068,34.79894497865389,N3,10,1375,1384
0.27640891254406486,0.14516558303488694,44.31282232670128,34.685012741939865,N3,10,1376,1385
0.3201004827493875,0.06444003681686468,46.82472221172575,32.70857407221556,N3,10,1377,1386
0.22486292665541896,0.04989439149625383,46.834231560942136,32.71887709186922,N3,10,1378,1387
0.026667851606538305,0.03195457868674083,31.558234787261608,23.0034861278451,N3,10,1379,1388
-0.0404588642245642,0.027074610850908697,26.867446731818198,19.43935877613767,N3,10,1380,1389
-0.05572585700236345,-0.026076443135561077,26.784583153331916,19.34978898150439,N3,10,1381,1390
0.010255850592574233,-0.09166054922908132,26.696551203948182,19.25463446345093,N3,10,1382,1391
-0.3184697400567586,-0.14941815609995784,4.773985162378812,-4.148508270726597,N3,10,1383,1392
-0.12560106815063818,-0.16628730184156665,21.540925756179057,4.232065885817429,N3,10,1384,1393
-0.22848506083465736,-0.1768257102208281,26.263613729218196,7.830667428626475,N3,10,1385,1394
-0.06719644035492252,-0.17289079206079805,26.296440173064912,7.866192987660907,N3,10,1386,1395
-0.0025123608389321815,-0.18478826987224578,23.827135007065955,9.888710974148854,N3,10,1387,1396
0.31115805363724575,-0.09939661235607104,39.16057438304197,16.772210018405893,N3,10,1388,1397
0.4792308118715255,-0.016119564432294453,53.76576283741451,32.09350082066521,N3,10,1389,1398
0.5991932369066433,0.0666593175376093,53.72656470785805,32.051155543299686,N3,10,1390,1399
0.6152541762401483,0.14891508462741712,53.790720671406596,32.120466567239056,N3,10,1391,1400
0.5239711043882096,0.23786709536301345,53.823540231453805,32.15597393628995,N3,10,1392,1401
0.4591170734066964,0.367153243618597,51.27290141050544,34.12208575911863,N3,10,1393,1402
0.33893858502751756,0.45627463017660547,34.38506686055698,25.610865713764362,N3,10,1394,1403
0.474265833679425,0.5372736214412598,29.74812465595169,22.104918396224093,N3,10,1395,1404
0.3683031447574422,0.6150562777924634,23.89885581937342,17.887481217943424,N3,10,1396,1405
0.45639461363927014,0.6987212529285542,23.977482027083898,17.972439633746397,N3,10,1397,1406
0.6651611574759329,0.6233248755991951,62.34123521132642,29.82245412337725,N3,10,1398,1407
0.8638082481385538,0.5495911380504012,63.074467627356356,24.284026629596337,N3,10,1399,1408
0.7676702615579188,0.4735725122305993,67.8745267275015,27.96624248648586,N3,10,1400,1409
0.6049680982239807,0.39534369444242545,70.27717200714032,25.87177076520602,N3,10,1401,1410
0.6265491284224879,0.35772895978548436,70.28627696908879,25.88159354500822,N3,10,1402,1411
0.9154881397806548,0.2674732247025318,85.62439426990969,35.66409168019381,N3,10,1403,1412
1.374648548363308,0.1740208670664117,113.97743415168152,52.86108054533106,N3,10,1404,1413
1.3951649104586408,0.08305855672428777,113.67536862190609,52.53458534740421,N3,10,1405,1414
1.7398301006441215,0.004380176740804131,134.42669991603034,72.37694680340137,N3,10,1406,1415
1.5989873266394738,-0.08325947232315797,134.2207562944699,72.1543515717065,N3,10,1407,1416
1.1220754374564592,-0.11646962302678929,80.52261689798615,53.41978148834532,N3,10,1408,1417
0.6984453861031227,-0.1509875910258657,65.19128935343106,43.64459890517028,N3,10,1409,1418
0.7481039337250763,-0.08299836631120741,60.430428382842365,40.00472832564628,N3,10,1410,1419
0.8782887516054985,0.03245063797615444,58.071886687709046,42.14688808345236,N3,10,1411,1420
0.9325591294051889,0.09852445327050958,60.476702796088645,42.06086111937839,N3,10,1412,1421
0.6696412908408774,0.15209485386492078,45.1243141116327,32.26293650934822,N3,10,1413,1422
0.30608995612973333,0.2057419370455989,30.799674277521262,26.39995106360802,N3,10,1414,1423
0.24786063457697766,0.29713436807960675,30.860545477004052,26.465766473673284,N3,10,1415,1424
0.006035563791959931,0.3771527070391215,18.618121641050674,11.030214888300543,N3,10,1416,1425
0.05710331488385236,0.46480150504587103,12.913862003651593,6.935606513119273,N3,10,1417,1426
0.32736509834095384,0.5895550142443128,28.23614149417408,18.045270258307575,N3,10,1418,1427
0.4635057833075734,0.7505711406602188,32.94067279941955,21.624254206776094,N3,10,1419,1428
0.3643612235587284,0.8486031460660982,32.507035123585226,21.155514975009282,N3,10,1420,1429
0.45121040742401985,0.9329243170856074,35.384937758833985,19.574633129939322,N3,10,1421,1430
0.5337441877282174,1.0578599925692402,47.54811575669737,34.941734731079485,N3,10,1422,1431
0.5693585617020005,1.2292879168304893,47.534507424612094,34.92703372668184,N3,10,1423,1432
0.38944035635515206,1.3815705045938131,33.719526178645175,23.823694876676747,N3,10,1424,1433
0.4580943856520207,1.4833803612767853,31.05354874944387,21.899107073485357,N3,10,1425,1434
0.5029350635044579,1.586054010577898,28.387735998992138,21.703021482009355,N3,10,1426,1435
0.4674533420118564,1.6919067670219718,34.245914798106966,25.964014029246027,N3,10,1427,1436
0.22418443170590194,1.7470552097713608,18.87747551686625,14.804472058790271,N3,10,1428,1437
0.5794296744867153,1.763490653491509,29.543187498991756,22.38696458714403,N3,10,1429,1438
0.5524112602073046,1.721644562890107,29.955279295639777,22.832424598158106,N3,10,1430,1439
0.3203647303041066,1.633801379944309,26.90500392593458,24.22700536472621,N3,10,1431,1440
-0.03515743150708772,1.5177568517099147,14.907983985066675,7.033344942112308,N3,10,1432,1441
0.10521703094918848,1.4562622026620147,28.752521847232128,18.16861053636385,N3,10,1433,1442
0.1253466305782524,1.3946609262973397,28.522468216875858,17.919929940724977,N3,10,1434,1443
-0.1179882879259992,1.3865153877901548,33.736627565133674,21.092855190767295,N3,10,1435,1444
-0.21303940437829852,1.3627333430108677,36.40795244250112,23.980398753391636,N3,10,1436,1445
-0.338462423750974,1.339131538423554,38.93045589614703,24.02153748031851,N3,10,1437,1446
-0.3451859158081675,1.239385310053099,38.584855651433465,23.647963579170757,N3,10,1438,1447
-0.8751653869996403,1.143656039375705,23.52407620030208,12.820968156679736,N3,10,1439,1448
-0.5163015432135921,1.0496143875003057,38.19870828405401,28.200103709077666,N3,10,1440,1449
-0.26148242978930514,1.0859350282759834,38.287585168460645,28.296185479091218,N3,10,1441,1450
-0.00131689907465784,1.1188900920089722,35.71692627044322,30.20912306294049,N3,10,1442,1451
-0.11069652309028584,1.0336365113004091,24.32106944719926,17.029076648050978,N3,10,1443,1452
0.08876037827791379,0.9503251849363835,38.31952862750768,28.330757806442126,N3,10,1444,1453
0.27998809477583675,0.880305165779545,35.93774023890292,27.262249075328874,N3,10,1445,1454
0.4036843296595407,0.777172865530747,33.33843652660289,24.452543221366795,N3,10,1446,1455
0.5953367947786035,0.6466638888429899,30.407327981771232,23.969708351176088,N3,10,1447,1456
0.8440601386651281,0.634465188109273,44.91071737934472,35.817079959205145,N3,10,1448,1457
1.008977241791206,0.6238751965460011,44.64019361193423,35.52465978562905,N3,10,1449,1458
0.6707205343772273,0.6111173870651669,34.73992418981216,23.79998938461431,N3,10,1450,1459
0.550744901958194,0.5106993433990965,34.77588134528632,23.838849056391336,N3,10,1451,1460
0.5528992006706346,0.43947018912905944,34.74804456119964,23.80875468707818,N3,10,1452,1461
0.4785894524179753,0.43168305443657146,32.296088591315495,25.849983834585146,N3,10,1453,1462
0.23139308104721862,0.39737054641255015,18.447323957773914,14.710099296626868,N3,10,1454,1463
0.0968563927734067,0.29083595296908415,18.22009892886199,14.464484705124779,N3,10,1455,1464
0.04657926982096683,0.24574571948338786,18.378158554048422,14.63535476425459,N3,10,1456,1465
0.22352318887513434,0.2596014622892525,30.119059580589965,27.920506000825846,N3,10,1457,1466
0.006004139221437299,0.24961304380952926,16.041849655653643,16.53380638940944,N3,10,1458,1467
0.7149012591965345,0.41092190629945974,29.810590718864113,27.587188893130225,N3,10,1459,1468
0.7336403650846819,0.5766944898235536,24.57806650348575,23.437467418724555,N3,10,1460,1469
0.7138925911209981,0.6563420558384834,25.016863203230606,23.911740223850938,N3,10,1461,1470
0.6454414128128633,0.6386379486865998,25.048601110716845,23.946055835898733,N3,10,1462,1471
1.1339132596910644,0.63789700470156,81.20337758733658,48.0089102371021,N3,10,1463,1472
1.1585110898300173,0.6408966541279156,78.68798626020143,46.247131848269056,N3,10,1464,1473
1.212710247690751,0.6191075139257733,83.60793267644476,50.058997320779596,N3,10,1465,1474
1.0633615097416054,0.5844467742668655,83.30075223164022,49.72692458023666,N3,10,1466,1475
0.7366710224081998,0.4812215400202689,72.0230714517049,36.94248382692022,N3,10,1467,1476
0.7313734734311084,0.30285904817263115,71.91141055072657,36.8217909310486,N3,10,1468,1477
0.023025548718538857,-0.10304577652999143,58.109796647327315,25.732912641261645,N3,10,1469,1478
0.05602311989313193,-0.5222483488140014,58.135811016619115,25.761045654775806,N3,10,1470,1479
-0.027070905861012306,-0.8868533109139435,58.20008858274086,25.801178040139348,N3,10,1471,1480
-0.13864371784115975,-1.1797294480296479,57.673964844653526,25.232457516416616,N3,10,1472,1481
-0.7712569603493762,-1.5438459649274292,3.135188119733357,-1.7750525061223015,N3,10,1473,1482
-0.6516160811663554,-1.888244523832428,19.22069197558085,8.307159049100301,N3,10,1474,1483
-0.6445399067299377,-2.1534791466916117,14.544104208996577,4.758355039983144,N3,10,1475,1484
-0.1962028136461754,-2.430731628188407,29.299411100010182,20.22476435004137,N3,10,1476,1485
-0.1669743868767796,-2.6554980694776704,29.22602795653511,20.145436639913534,N3,10,1477,1486
0.05922102765440514,-2.82251409665042,44.659663753100176,30.031191833355116,N3,10,1478,1487
-0.08684071789548398,-2.962722156502217,44.59948167200855,29.966119281009743,N3,10,1479,1488
-0.171590060319744,-3.0777080557513257,44.86673355361491,30.254984551208327,N3,10,1480,1489
-0.24486668956146218,-3.1909056978277675,49.20679540386627,33.46939107838989,N3,10,1481,1490
-0.26887400369864733,-3.3058824180388795,49.764540399568794,34.07229833341771,N3,10,1482,1491
-0.13893837347098384,-3.3924580209803765,48.122682113890185,36.9890242264788,N3,10,1483,1492
-0.273229057703395,-3.450414557166488,34.48550954089005,28.5961430208612,N3,10,1484,1493
-0.3317049279104367,-3.516609204715104,34.537228312919616,28.65204192135716,N3,10,1485,1494
-0.7429472052206278,-3.5569009079938683,19.930963291403167,13.346747194266936,N3,10,1486,1495
-0.3454624606431082,-3.4957941861582826,47.135856445702665,30.290207759515035,N3,10,1487,1496
-0.5914495677383741,-3.3916114729155824,31.795120018889428,20.504855041643896,N3,10,1488,1497
-0.2824986399479258,-3.07734883936605,44.09231203469462,30.343712660500024,N3,10,1489,1498
-0.22389172555954814,-2.7481678012676882,44.22410466410147,30.486207754233327,N3,10,1490,1499
-0.11819316733852929,-2.3813646250915768,39.388825213679226,26.765884062711848,N3,10,1491,1500
0.24892224669542884,-2.007240880209983,54.03769033564531,42.11716761137577,N3,10,1492,1501
0.5217764025043096,-1.5414175827116323,69.29869364508632,51.79547698701499,N3,10,1493,1502
0.5321864161020017,-1.0360544504795315,69.48545425840203,51.99733353994598,N3,10,1494,1503
0.5941724765523133,-0.5618962855296459,69.38459575392116,51.8883291629143,N3,10,1495,1504
0.7251251942460499,-0.10238786521979648,69.37018341967924,51.87279023372539,N3,10,1496,1505
0.26042619944852274,0.2878674821767063,42.08282143571851,34.8402081802742,N3,10,1497,1506
0.2939630353833536,0.5888017011293855,42.03787381666261,34.79165226070545,N3,10,1498,1507
0.05221387878310679,0.6983765424328325,29.793102309060487,25.00948470924923,N3,10,1499,1508
0.1266517120310823,0.7905005277474373,32.224716326786435,22.91474318421242,N3,10,1500,1509
0.2630775092162878,0.8384106218956134,32.32927626380915,23.02775524312965,N3,10,1501,1510
-0.07477194359360624,0.86994314540582,17.608529499366703,7.598752862717811,N3,10,1502,1511
-0.4527591385896585,0.8484340110053367,6.957420113291301,1.3971371332554554,N3,10,1503,1512
-0.38465218179588306,0.7767542412077603,20.890087509738805,12.627632887203072,N3,10,1504,1513
-0.4614679922219523,0.6977912508560195,20.789793415339226,12.519212857204547,N3,10,1505,1514
-0.5731949184772759,0.6148709816057873,20.77802082200651,12.506458176876913,N3,10,1506,1515
-0.41284737297906415,0.4795090625776709,20.7594180848806,12.456983113200113,N3,10,1507,1516
-0.2593768785101531,0.4481861822762269,34.68306856625568,23.677746884342195,N3,10,1508,1517
-0.1325949481970099,0.4665280670451281,49.32569980001208,39.03947811458711,N3,10,1509,1518
-0.11561780562449257,0.4869520886785693,46.985314323666536,41.2327901949764,N3,10,1510,1519
-0.2504786978642016,0.5056450039365643,46.80608129368265,41.03905490651668,N3,10,1511,1520
-0.08165446575376337,0.5094743180168436,46.81850899135243,41.052467730559876,N3,10,1512,1521
0.051313438375126454,0.47029728099794427,36.43986716798899,33.44541389124497,N3,10,1513,1522
0.06596770474566256,0.4242261544454564,22.464511566932195,22.168790893531696,N3,10,1514,1523
0.23147476406377904,0.3595998884905171,22.48934401004444,22.19561831505489,N3,10,1515,1524
0.3275191364596992,0.28699381833081505,22.508935773156555,22.21680442428842,N3,10,1516,1525
0.4176056754142451,0.2309254554030872,22.594534420150012,22.33867700842893,N3,10,1517,1526
0.28128115574285173,0.1084519289569883,13.362512754883209,14.682960185458796,N3,10,1518,1527
0.5035361938997482,-0.0010755123961558866,14.109270717432082,9.138253301720397,N3,10,1519,1528
0.45881245025286715,-0.1262230581338386,13.983631664155109,9.002432447697355,N3,10,1520,1529
0.4665824819234615,-0.18815989605144523,14.100903399143135,9.129193896967626,N3,10,1521,1530
0.4343522189519035,-0.252936908895947,14.12381033031852,9.153948570358626,N3,10,1522,1531
0.6618051707543373,-0.266208323171611,35.219480086373366,24.398971884785716,N3,10,1523,1532
0.6231283138924766,-0.1833514946167682,35.118763029548425,24.290062068424596,N3,10,1524,1533
0.7202390259586139,0.020952914793193146,49.83989652167948,39.73669184419559,N3,10,1525,1534
0.7030577411647926,0.22221900243639253,49.88459526053339,39.784999843362314,N3,10,1526,1535
0.6748670063696579,0.40149070056884,49.87880535904405,39.77872950090459,N3,10,1527,1536
0.9560409434237613,0.6356528653402066,98.81693020672682,54.87438946737384,N3,10,1528,1537
0.6800747679209167,0.7957749835506064,80.73936735675525,43.077278542231944,N3,10,1529,1538
0.5238117382033579,0.9582421804450945,80.60370380276436,42.93069149686126,N3,10,1530,1539
0.626179045462601,1.0483199625717703,80.77690237875576,43.117895053166286,N3,10,1531,1540
0.6047754752168771,1.1446455998619798,80.68483931891751,43.01839474338995,N3,10,1532,1541
0.35270309286837576,1.1812129912360874,70.13092888627216,35.556699366406974,N3,10,1533,1542
0.5978009636520255,1.1166355998965727,84.11448290427506,46.84224151448725,N3,10,1534,1543
0.48546731929578185,0.9296443308103207,69.32583628543725,31.32266013204862,N3,10,1535,1544
0.4110117786866397,0.759662390937747,69.36778372641274,31.36801775736749,N3,10,1536,1545
0.3602049156837325,0.5863440964680364,69.35001225829255,31.348846612709167,N3,10,1537,1546
0.2576997938635941,0.40791097117064795,29.60715742511893,23.84927917367677,N3,10,1538,1547
0.16360833854353132,0.3178781211873371,32.133198730872394,25.654091917457116,N3,10,1539,1548
0.2283062001753251,0.22976037967226545,32.42265089803114,25.96695927355031,N3,10,1540,1549
0.23042381175866922,0.15447457213173835,32.223940798696276,25.752182749233906,N3,10,1541,1550
0.37092840216602097,0.08414646834553992,46.93073929922248,41.18329574260933,N3,10,1542,1551
0.45904591290749297,0.0072977866341318535,42.19139822741272,37.566681226812214,N3,10,1543,1552
0.18339695116117127,-0.08819719286034058,28.212428769213147,26.286137268930908,N3,10,1544,1553
0.2726810494323786,-0.16971529634262056,22.507399122919015,22.224610646290966,N3,10,1545,1554
0.29611341482827813,-0.267644586808575,22.409023323674774,22.118252868136913,N3,10,1546,1555
0.26975646110232676,-0.3666572445195939,22.41970339440595,22.12980399286753,N3,10,1547,1556
0.09894102061709872,-0.5324403312707716,8.56718312434823,11.005808093590167,N3,10,1548,1557
0.4782779349462203,-0.7612418174722265,25.461906467857624,24.792126920481678,N3,10,1549,1558
0.5776032444377733,-0.9594555890776221,25.411452271440066,24.737569845792315,N3,10,1550,1559
0.5288234207409801,-1.138156862665292,25.353991102262807,24.675433479060302,N3,10,1551,1560
0.515592690765527,-1.3127695820635394,10.698395741516288,9.299663926645735,N3,10,1552,1561
0.6122756832824848,-1.4075194945296758,24.580310797660058,20.475352385873702,N3,10,1553,1562
0.6414031941608869,-1.4274094165326332,24.56026726867858,20.42427098767439,N3,10,1554,1563
0.5139831813565252,-1.437364910856401,30.42052577230279,24.653590793836337,N3,10,1555,1564
0.5596514717838545,-1.336418184697024,30.47506197811017,24.71256751948822,N3,10,1556,1565
0.4575743277393144,-1.2293788645446582,30.423158289751882,24.65646872990983,N3,10,1557,1566
0.3148144007928749,-1.0843164177825897,32.66363457384214,22.38667406384702,N3,10,1558,1567
0.20274957826655965,-0.9396524315551247,30.78172020375132,24.36220011444893,N3,10,1559,1568
0.15508375126238433,-0.807934650801441,30.765314720279274,24.315089695154892,N3,10,1560,1569
0.10736479686570419,-0.6477032869912975,30.771441941990634,24.321735759727744,N3,10,1561,1570
-0.010569235121090514,-0.4744451829346687,30.739451567253127,24.287154963724607,N3,10,1562,1571
-0.181802691663961,-0.36822592706533896,16.900263501695008,13.157648996172066,N3,10,1563,1572
0.33814622185553844,-0.30943090832978726,50.10910399160057,35.26594151905156,N3,10,1564,1573
0.36245328589739073,-0.23274118949932898,52.5594919669209,33.22301665440027,N3,10,1565,1574
0.39960218822475324,-0.2612932342297484,52.478040970327854,33.134961936350734,N3,10,1566,1575
0.47364395229094497,-0.2799998127115117,52.529826452662384,33.19088485539032,N3,10,1567,1576
0.8674998720260646,-0.24178007411747587,66.9863785729256,43.76568457884277,N3,10,1568,1577
0.7248956569287544,-0.20334139289585523,52.1434241271978,28.18743741088838,N3,10,1569,1578
0.7745587508100925,-0.16069841132045468,52.067376906923165,28.1345992750641,N3,10,1570,1579
0.8248314486540608,-0.15305961590100736,52.21133403298154,28.260845949357464,N3,10,1571,1580
0.9310006779299556,-0.1449767356138409,52.20441745986973,28.253407241094102,N3,10,1572,1581
0.9454173503917559,-0.12979945209834653,52.15328675351484,28.198155443129508,N3,10,1573,1582
0.4257533955620943,-0.09896480633261859,19.02626447402945,6.207718760793068,N3,10,1574,1583
0.6507662916218238,-0.07815502434173424,31.060074143266682,23.44115235895224,N3,10,1575,1584
0.570670358166683,-0.03652339218214422,31.192605273259687,23.584404185565653,N3,10,1576,1585
0.6914840468552257,0.05427137814516385,33.569098409529396,21.461618769192135,N3,10,1577,1586
0.37111352840069,0.03760257619349687,16.882087052940186,13.167439413008106,N3,10,1578,1587
1.0958929345143473,0.053148586179531776,34.998928777602124,25.58800714313984,N3,10,1579,1588
1.281514254186368,0.009933825775058835,35.05556024993857,25.649216338638507,N3,10,1580,1589
1.1702205651425743,-0.07908033156204368,35.00814703861543,25.627339803271024,N3,10,1581,1590
0.9416130369869847,-0.21448299949981617,35.03690813309004,25.658404914504352,N3,10,1582,1591
1.1523702036608938,-0.3086955018627492,50.35661742131342,35.42103606269593,N3,10,1583,1592
1.1758831518336592,-0.4511156797761345,50.29421043391776,35.353585445619686,N3,10,1584,1593
0.9198885320251066,-0.6302332001654719,33.03774010940615,18.123581969244697,N3,10,1585,1594
1.038217209042989,-0.8336636447774808,33.03789749049538,18.123786855892103,N3,10,1586,1595
0.8790426032748201,-1.1328006381859452,30.570940624731882,20.14882659599025,N3,10,1587,1596
0.825956667327182,-1.4371270684391035,24.788268666719524,15.969444391591242,N3,10,1588,1597
0.11479123405732708,-1.8265475748061575,6.621113595469069,3.4651468143318196,N3,10,1589,1598
-0.04814279609774985,-2.1835799208458355,6.518114803584467,3.324482506968343,N3,10,1590,1599
0.018957096459371315,-2.4669754058065747,6.502436030423269,3.307543811642245,N3,10,1591,1600
0.40929755458697625,-2.697494274969293,21.22326501123025,18.71944314463399,N3,10,1592,1601
0.5081171140674428,-3.00203666842459,59.50983052917945,27.592161155066425,N3,10,1593,1602
0.5951615436102088,-3.2664383161571324,73.5136585123917,38.89956579924183,N3,10,1594,1603
0.6481904733824081,-3.4912738560406154,80.95653124790115,44.48137694908655,N3,10,1595,1604
0.6029618384443097,-3.6796539587183217,80.92637571959276,44.448752252068516,N3,10,1596,1605
0.606113049358919,-3.8252677195690152,80.92546635899998,44.4477522261368,N3,10,1597,1606
0.9321558985651336,-3.940825457837607,100.54156267864747,59.75041310855013,N3,10,1598,1607
0.7233479274867023,-4.00528767482169,100.56235413640607,59.80221184931579,N3,10,1599,1608
0.6500762888124655,-4.021444346643648,100.67960042446649,59.95831948249106,N3,10,1600,1609
0.7220072852159205,-4.056349579760496,100.63104777180197,59.90579866056214,N3,10,1601,1610
0.4274968560854518,-4.071882076998793,85.97540826554032,44.5643981521338,N3,10,1602,1611
0.0796513228178469,-4.03029299946125,32.31442452594929,25.869925469715234,N3,10,1603,1612
-0.050272092920920386,-3.955049355305087,18.37126869858621,14.628064921395708,N3,10,1604,1613
-0.21092022932016335,-3.8550149352367926,13.6215281466968,11.00022593998583,N3,10,1605,1614
-0.31395001120682764,-3.739912507347958,13.618810102769931,10.997295513812423,N3,10,1606,1615
-0.2701466387431083,-3.579922296427827,13.658239793589747,11.010557725325635,N3,10,1607,1616
-0.34168676694848726,-3.352185488348175,14.43540195569949,15.214390516273852,N3,10,1608,1617
0.07862204966788795,-3.080316196635786,28.303117488097634,26.374733678940537,N3,10,1609,1618
-0.007167309343651595,-2.7448116139294427,33.01983769189246,29.966878477147837,N3,10,1610,1619
-0.19223932602642435,-2.42420936493163,35.52458428416139,27.982730095639273,N3,10,1611,1620
-0.1512939427743049,-2.125658265004108,29.646538230354782,23.734188950971294,N3,10,1612,1621
0.03600558237268388,-1.6988470526976045,43.56710851184907,34.95163383875333,N3,10,1613,1622
-0.014858345355719393,-1.25700800967129,43.56170615032461,34.94582549988481,N3,10,1614,1623
0.11169954574231725,-0.8416053183555618,43.61842250472546,34.97775756840711,N3,10,1615,1624
0.16154662770585446,-0.4542739610361707,43.49597959497478,34.81600292836811,N3,10,1616,1625
0.09601610281574721,-0.11169381470079429,43.56552988477633,34.920562079663796,N3,10,1617,1626
-0.028915449488852118,0.14375201118365338,28.868253521896257,19.499727126054495,N3,10,1618,1627
-0.4056902628081048,0.3470600585906595,15.058171675009362,8.372340732021986,N3,10,1619,1628
-0.26647362990686363,0.46054757769650506,10.341964396180993,4.780724265374738,N3,10,1620,1629
-0.23874517091686584,0.5739115860747035,7.8367045880164365,6.76434401530787,N3,10,1621,1630
-0.32815575500394517,0.6817238113214558,13.644269571414043,10.936687220255408,N3,10,1622,1631
-0.5899345951842975,0.6331078942942725,-0.22510397742880742,-0.22542120854050154,N3,10,1623,1632
-0.29877605702019994,0.5369813969857432,13.612611591217865,10.90248765283468,N3,10,1624,1633
-0.201060109745481,0.4423831643605752,28.209857509564607,26.244532538596104,N3,10,1625,1634
-0.21826722725046466,0.34076311814525584,33.084328479703984,30.03662107143391,N3,10,1626,1635
-0.18593574584887165,0.24567024070537968,33.00794738256518,29.9540442584781,N3,10,1627,1636
-0.2063819467574831,0.2409483629895078,45.324663647777925,39.81402200648081,N3,10,1628,1637
-0.12112774864834819,0.2344361214365108,45.28272125276853,39.798046812784015,N3,10,1629,1638
-0.12911861100152464,0.2217097313513051,47.75705300556001,37.78101001775212,N3,10,1630,1639
-0.037681938657169664,0.2027719614928941,47.75839524153562,37.782449047510454,N3,10,1631,1640
0.09244858095971722,0.17323772960180292,47.774858903334824,37.770841674038095,N3,10,1632,1641
0.08109735892725212,0.14336646149265847,47.784999608832,37.752398267309765,N3,10,1633,1642
-0.12517832011825475,0.10712163054225812,36.403571420341905,24.58791252642768,N3,10,1634,1643
-0.28594503815882033,0.06318482594245153,21.773147147064446,9.239348987095582,N3,10,1635,1644
-0.22508991305128348,0.0008898249717987028,16.985956372556394,5.5709802891229625,N3,10,1636,1645
-0.12872390118909607,-0.0693631009884598,16.98433725275827,5.569217621974531,N3,10,1637,1646
-0.12815531706557975,-0.24226593113187392,4.736048566369573,-4.216754798879265,N3,10,1638,1647
0.13441862961228707,-0.41681716602315644,18.570183218654712,6.907283684043068,N3,10,1639,1648
0.022137895931928143,-0.5743871204332578,16.09103747195768,8.919124795574316,N3,10,1640,1649
0.2511682782778166,-0.7021210482210762,33.54178868644667,26.426782919399557,N3,10,1641,1650
0.06737739952421862,-0.8118733007670812,33.60931295655318,26.529176801562425,N3,10,1642,1651
0.35467682916394094,-0.6862769753094596,47.41649289890047,37.65347514450114,N3,10,1643,1652
0.6793903434227445,-0.47055504644196733,72.29196675155981,56.770594268802235,N3,10,1644,1653
0.8005969601630909,-0.20246375648270315,72.24886368047301,56.7240102877382,N3,10,1645,1654
0.7058384097351563,0.05795984665883509,72.2511514630969,56.72650447773049,N3,10,1646,1655
0.5969791257745556,0.31702754036487024,72.2766904416072,56.754136496048886,N3,10,1647,1656
0.47067292090898716,0.5630942252260155,72.29613556798867,56.77514525016304,N3,10,1648,1657
0.07718220224589914,0.8025145943890237,58.27797193884326,45.45218221888062,N3,10,1649,1658
0.23065784066922107,1.0134013671832207,60.788259808308794,43.47398654248682,N3,10,1650,1659
0.06344643736941862,1.1874428494661118,43.49604521738365,26.13770120835543,N3,10,1651,1660
0.24910315748558104,1.3384331490605632,43.410319516232995,26.045004948753196,N3,10,1652,1661
-0.07026766330384362,1.2395199861023685,29.62218730104214,14.970664275035961,N3,10,1653,1662
-0.2649507330468623,1.0897959122279217,14.504149635051727,4.7448190867762605,N3,10,1654,1663
-0.4086813843939012,0.8752805302858662,17.059707299967705,2.8155415855588215,N3,10,1655,1664
-0.3419391146822136,0.6528871261275697,16.961193575472862,2.7090667812226457,N3,10,1656,1665
-0.3872642128647499,0.41800327830335104,17.00317874389002,2.754435865068808,N3,10,1657,1666
0.31225706185949775,0.25098493379969966,75.30267833233083,35.27611894521105,N3,10,1658,1667
0.47064498535571603,0.17019853507405003,80.1974904773786,39.060814770599976,N3,10,1659,1668
0.4317429494030307,0.0887619896014968,77.67607183365908,41.02697162779077,N3,10,1660,1669
0.272963542631237,0.01465729853687776,77.53809451036068,40.87785054559863,N3,10,1661,1670
0.08343015645797322,-0.07444898022744724,77.51695570081066,40.855011816125625,N3,10,1662,1671
0.2586236528821132,-0.16598367130277153,77.44605887204088,40.77842536612006,N3,10,1663,1672
0.05344941157741232,-0.28880849909482437,65.31003119266097,34.00771718758042,N3,10,1664,1673
0.16117895585052794,-0.43213628824707656,59.987105731405606,33.90278410101528,N3,10,1665,1674
0.16857691793534285,-0.5604068737579325,60.101352475713064,34.02624296641297,N3,10,1666,1675
0.3454111708808,-0.6572545124055977,60.11615954583831,34.042238447579436,N3,10,1667,1676
-0.16337842354901114,-0.8165184958966876,4.263657700727345,-0.5260424006009998,N3,10,1668,1677
-0.005102816846090263,-1.0467436659387714,13.314321257580014,6.933685129357036,N3,10,1669,1678
-0.027801082829762437,-1.2473385100952812,13.403315603917871,7.029912885898375,N3,10,1670,1679
0.09330575451381265,-1.4615817410845835,13.3685409435755,6.992298005896737,N3,10,1671,1680
0.2674921929036486,-1.6472066576986664,13.42390073837305,7.052163203126838,N3,10,1672,1681
0.4266166873340467,-1.6253184139813868,28.64743694916833,16.710852226347924,N3,10,1673,1682
0.6720811598392402,-1.4655429022647213,46.08093758301256,34.19981687245818,N3,10,1674,1683
0.6285439655664504,-1.1778482568591842,48.94291375027679,36.336295188801884,N3,10,1675,1684
0.5422802115494051,-0.8899326223520176,48.951387574296675,36.34547236458093,N3,10,1676,1685
0.5185579448541375,-0.6229662912132568,48.88405904691463,36.24331110444764,N3,10,1677,1686
0.4164307567533797,-0.3545064553546922,40.64766468183516,34.13718803618322,N3,10,1678,1687
0.2419806719140638,-0.09938240741858237,26.8675292834203,23.071509651433008,N3,10,1679,1688
0.24758116392903276,0.13194984489132083,26.749620466836497,22.944045474722223,N3,10,1680,1689
0.2158960933288995,0.3631718283644574,26.755504970723997,22.950391492913333,N3,10,1681,1690
0.1452946248180524,0.5811009697748745,26.782392903104483,22.979427154875886,N3,10,1682,1691
-0.17885650474543127,0.594315323538936,11.55968676025368,13.321620275652823,N3,10,1683,1692
-0.11956750688002557,0.508151543403747,7.7701500561495775,6.751137790319627,N3,10,1684,1693
-0.12048622949463379,0.32183970370036546,7.858296932245139,6.846382147608528,N3,10,1685,1694
-0.16062373647163214,0.15458583411032123,7.84887702496344,6.836207913100952,N3,10,1686,1695
-0.3177967211203622,-0.01082741264767435,7.85550708828232,6.8727484884380825,N3,10,1687,1696
-0.08653922145085743,-0.032951482403410635,30.350017461512472,20.749622599013673,N3,10,1688,1697
-0.08768910663235374,-0.05726922185912997,30.38052760694118,20.75320199119742,N3,10,1689,1698
0.01521486431804533,-0.0762958628624574,35.214549371793694,24.47212991663546,N3,10,1690,1699
0.23234688242760057,-0.08814723481748388,49.863660869401066,39.84088835149159,N3,10,1691,1700
0.10318384529286959,-0.10961113612253541,49.76144421500358,39.730425375099,N3,10,1692,1701
0.23219433115991706,-0.06957846228646929,49.82847529819846,39.80284489597907,N3,10,1693,1702
-0.1335848133921786,-0.09603064407569661,36.020385947618344,28.70695617116362,N3,10,1694,1703
-0.14502079739464763,-0.12706250372988848,35.90283099138469,28.579893206873386,N3,10,1695,1704
-0.02145522413698018,-0.15618003739121206,35.95717602608638,28.638631120699575,N3,10,1696,1705
0.09335083566021467,-0.21074625827485818,35.89527042896079,28.542362185120147,N3,10,1697,1706
-0.20456218271083343,-0.41028129973302613,19.198553509755584,18.82727078160824,N3,10,1698,1707
0.653587338821535,-0.5070825014769952,32.93353743962798,29.873532220591006,N3,10,1699,1708
0.6004455493471597,-0.6092878693643285,28.254581219799,26.322199716306933,N3,10,1700,1709
0.3110040816241053,-0.7113515490192697,13.529859192755248,10.84232997838626,N3,10,1701,1710
0.4229970215902313,-0.7785740682520895,16.182795891401476,9.018313138168741,N3,10,1702,1711
0.5690343811317916,-0.8547872294869705,31.48818972253066,18.76547836878308,N3,10,1703,1712
0.6337922414478498,-0.8131948414767095,31.54391926308017,18.825666155795624,N3,10,1704,1713
0.6135370369167958,-0.7086890260965845,34.021670140180504,20.69334416831116,N3,10,1705,1714
0.6551257171830229,-0.5573743302708266,33.92029378429288,20.583768952282117,N3,10,1706,1715
0.7204375828850175,-0.32205994042183195,48.616419202087855,36.03271381817903,N3,10,1707,1716
0.8139081257827001,-0.07150004122411246,50.99519949276146,33.91240048893669,N3,10,1708,1717
-0.020222112378303337,0.08885534493218472,37.26974771180103,22.905834443673665,N3,10,1709,1718
-0.0887374045114484,0.26189980311757777,37.17914348502236,22.807923212549213,N3,10,1710,1719
0.07497769753147168,0.4445941388043167,37.30844406480901,22.977082313362917,N3,10,1711,1720
0.16763384473350698,0.6069583198068159,34.649968762742354,24.795124782852508,N3,10,1712,1721
0.05570728021376681,0.7249603606554643,19.31609360729781,15.017205086885951,N3,10,1713,1722
0.33869588981115156,0.7554674501931998,33.23854034686665,26.236717916303313,N3,10,1714,1723
0.4857787830914617,0.7328969481436332,33.234264988621,22.351090263445077,N3,10,1715,1724
0.4103856058418728,0.637983227468294,35.725857039183026,20.352721782140726,N3,10,1716,1725
0.43607087804226696,0.5014894879125847,21.09720045680151,5.006062939705589,N3,10,1717,1726
0.6950252940144537,0.4029267234441477,35.412301896986904,15.427985055420868,N3,10,1718,1727
0.6343413771051474,0.3869915523423316,35.399105655310265,15.413713945358177,N3,10,1719,1728
0.539810700053738,0.3608683412558065,40.14691926220839,19.03947559872322,N3,10,1720,1729
0.32338537955421315,0.3259727687002595,34.23134633105801,14.750339854339837,N3,10,1721,1730
0.2915455974424844,0.30374128915237864,34.374463816893694,14.905035855784808,N3,10,1722,1731
0.4981167516272649,0.27855828241339964,88.10027813104098,33.66948740188964,N3,10,1723,1732
0.8198763839540334,0.3837865332265409,108.43207435130026,48.98883533837361,N3,10,1724,1733
0.7388288964718981,0.5305150506227193,105.96569760156854,51.01447160254829,N3,10,1725,1734
0.7544864706871749,0.6844265414400752,103.49459336766449,53.034982421716265,N3,10,1726,1735
0.638440705816663,0.8136596619417332,103.46870057813358,53.006999577692476,N3,10,1727,1736
0.29656224738021136,0.8870197975965283,86.7382160072797,44.66580834678825,N3,10,1728,1737
0.5250014218780052,0.8605027606372062,100.54917073663528,55.76479079756318,N3,10,1729,1738
0.6261407609203161,0.8630161317162702,95.77642803790368,52.082719368651304,N3,10,1730,1739
0.725189016268439,0.8735437660115906,101.64916815244214,56.32555549059325,N3,10,1731,1740
0.725189016268439,0.850704513767613,101.58889017444017,56.26037385126474,N3,10,1732,1741
0.6217255199502347,0.9748367676174269,63.19050815056689,47.26691155942535,N3,10,1733,1742
-0.041658060727286284,0.9503331902613184,28.979030256262924,20.77430381258746,N3,10,1734,1743
-0.1528888117233919,0.8767216994414951,28.963962827173237,20.758047986618475,N3,10,1735,1744
-0.11569231761606033,0.7966277312279431,31.36887362483685,20.672143583079013,N3,10,1736,1745
-0.10801998810568421,0.726935027537445,31.464975878523546,20.77603856222631,N3,10,1737,1746
-0.07734367809184732,0.7110750342615688,31.432037493425014,20.740458684548503,N3,10,1738,1747
-0.3413627969140748,0.6986258812190215,22.023274678585587,12.893689827640628,N3,10,1739,1748
-0.19822537538503865,0.6551736696349394,33.80254796099471,26.268222782160592,N3,10,1740,1749
-0.16351696770333318,0.6026161232166658,33.812414317588264,26.278880083511467,N3,10,1741,1750
-0.12414919904543922,0.5803580996966161,33.80389343762799,26.2696653226114,N3,10,1742,1751
-0.29459458461996063,0.4098891591917976,18.483959198930826,16.50677872942906,N3,10,1743,1752
0.08646106219771355,0.2429154458794443,32.33781970816926,27.652128431414166,N3,10,1744,1753
0.17247848379699918,0.07947229153203636,32.32211207079672,27.635099808617817,N3,10,1745,1754
0.5495011085766691,-0.09294420007367137,29.87312695372093,27.67335054982832,N3,10,1746,1755
0.6365822124093711,-0.24872490416929055,29.839030419498158,27.636474752334472,N3,10,1747,1756
0.8107364504940847,-0.35585186156310444,42.12078783458564,37.458651122908485,N3,10,1748,1757
0.8889959746876229,-0.42917922353797733,37.64216504353099,34.12380682626535,N3,10,1749,1758
0.730131460559494,-0.5065675724930798,25.864036172465422,20.779849895211374,N3,10,1750,1759
0.7631260946482484,-0.5683421069618134,25.88257499106403,20.799891323042537,N3,10,1751,1760
0.6933000672156823,-0.6654873872021682,25.848345548519866,20.733510370081056,N3,10,1752,1761
0.6820513540895604,-0.7672680515347963,25.815693812471,20.698235330728494,N3,10,1753,1762
0.3398003718780728,-0.7655472678151938,11.958167048014001,9.548955851273059,N3,10,1754,1763
0.31673491542734383,-0.7067309115782052,16.742669284387375,13.214424459543807,N3,10,1755,1764
-0.2032448189589445,-0.6199690494034258,16.80291740044195,13.27956845266599,N3,10,1756,1765
0.014057589870162701,-0.5459857022115813,31.410863616198185,28.60383145058004,N3,10,1757,1766
-0.1101636214434734,-0.5501583424080791,19.177748974850694,18.834230711545388,N3,10,1758,1767
0.03577773339217174,-0.5747896137255395,33.07145350987703,30.022667967512824,N3,10,1759,1768
0.09936896207630071,-0.5988909084558116,32.971031120361296,29.914138619779987,N3,10,1760,1769
-0.025916954697538585,-0.6297790334035624,33.00755803584907,29.953622915186134,N3,10,1761,1770
-0.13846195591230526,-0.629595362358043,35.54277762961574,28.03176394436523,N3,10,1762,1771
