M1_log1p,M4_identity,M5_log1p,M6_log1p,dataset_id,window_seconds,window_start_index,window_end_index
0.4433834860535649,-0.5258833005266389,39.17665953697829,31.973893336552216,N3,8,0,7
0.1951155173538102,-0.5607959596356998,39.27632923910269,32.04493735627165,N3,8,1,8
-0.017813287724884413,-0.5945307299797535,39.39512315196866,32.173315484416314,N3,8,2,9
-0.2657697285822408,-0.732130189995186,24.10735452644425,23.582728898153725,N3,8,3,10
-0.3056460161033466,-0.8392701786134316,18.05248363546085,18.920695115967312,N3,8,4,11
-0.3452689720050114,-0.8749695264214747,18.166469758717895,19.080657266935017,N3,8,5,12
0.13318118504944637,-0.8770074985704159,37.35001152735815,31.320534872532875,N3,8,6,13
0.017690494887843133,-0.9003066055703396,19.01957240141617,12.131988616936582,N3,8,7,14
0.04305755158096003,-0.8969827404839171,19.017982833901122,12.093574355571242,N3,8,8,15
0.252536884050409,-0.8684088842525578,18.993044476642424,12.103310931294608,N3,8,9,16
0.7654109086685547,-0.7704019255823225,36.41397823833448,26.14701309395918,N3,8,10,17
0.5742221857225565,-0.5625014549903793,36.2144542089976,25.93133646292017,N3,8,11,18
0.7301234116576915,-0.3854710296508588,42.21193145950421,30.531362135143276,N3,8,12,19
0.638305958176897,-0.27152019484031564,41.96855067375579,30.268257318314916,N3,8,13,20
0.2047571684147449,-0.16793813677736513,25.850756888115328,15.477702790174291,N3,8,14,21
0.34432471626313244,-0.047983195404865064,44.43848144446578,34.987249997344584,N3,8,15,22
0.29030103983788924,0.0746493164935893,44.656976311214144,35.26013481212604,N3,8,16,23
0.27799448472633714,0.17918716069727436,47.51050903863218,32.480117390411415,N3,8,17,24
-0.11509726738413484,0.22443210611599684,30.138425013275267,18.489216783517875,N3,8,18,25
0.11230525467027719,0.1443162210682809,30.050754176928166,18.39442525584395,N3,8,19,26
0.7467221389653205,0.12935333580418584,24.296077238774473,14.05682414289842,N3,8,20,27
0.9841329761457399,0.11750331060965258,41.85307031304873,28.24759925750616,N3,8,21,28
1.0922770887749453,0.10385453253917087,38.69428917315594,30.697692203670897,N3,8,22,29
0.9284080929902101,0.08032941053812426,23.281523949050396,8.75548840267571,N3,8,23,30
1.0078090422094812,0.05963256080978585,26.363307064484943,6.222222687744463,N3,8,24,31
1.2861102841934986,0.16346644051346826,42.357466969185225,22.559501899332673,N3,8,25,32
1.5597881740450814,0.2654856921197519,45.57960795590783,20.177889672496363,N3,8,26,33
1.4799750961921614,0.36420707337426284,51.71306807421402,24.892577739717623,N3,8,27,34
0.6228754085744668,0.3948904907271229,51.48162328215295,24.64242049408915,N3,8,28,35
0.4736511489032065,0.4196344309740726,34.270436699845334,10.825450745852848,N3,8,29,36
0.513709792257429,0.443321653281351,34.22021072893956,10.77113327569242,N3,8,30,37
0.4087511537079651,0.4695845362214339,30.748595346077025,12.883111505311533,N3,8,31,38
0.8802836586434366,0.5502842306570375,44.43451358575061,33.59871205278631,N3,8,32,39
0.527469816964449,0.501696761123837,25.37637768044641,19.81397458257736,N3,8,33,40
0.557571802424059,0.5117217753747149,22.164205244665737,22.206380047108397,N3,8,34,41
0.7247931406307475,0.5152451340614962,82.44578107483494,38.47551999286512,N3,8,35,42
1.1144959974273396,0.510387052964621,99.82405182759689,52.473081141087874,N3,8,36,43
0.9840089459910635,0.4912098606905711,99.63022108688966,52.26352835738652,N3,8,37,44
0.6779349482340424,0.46975758365904496,99.77017968841585,52.37817140779836,N3,8,38,45
0.89108117099111,0.4332069929339893,103.20064224333623,50.22172774718187,N3,8,39,46
0.6921211584794729,0.45478954459082976,103.78439787016714,46.00797855243442,N3,8,40,47
0.8273913152651562,0.4721868311120275,103.70261420847129,45.919547156292154,N3,8,41,48
0.6492646217385576,0.4250528471977337,109.73228630428571,50.55435065322658,N3,8,42,49
0.4520110054502764,0.3773546533988121,43.50305886196236,29.771371423191994,N3,8,43,50
0.07796131372455983,0.32821978967763876,26.08131985391418,15.726811764442914,N3,8,44,51
0.2138887788684829,0.28371108586793403,26.263337022038854,15.923584909811638,N3,8,45,52
0.9523522464377407,0.29615041282554855,60.39360171658376,37.27372800370915,N3,8,46,53
0.7752074248771978,0.30483032182007563,57.140412078837585,39.62180400502609,N3,8,47,54
0.566062940218754,0.18106081301850166,39.77478895872417,25.63790644428863,N3,8,48,55
0.5724429883762858,0.07256172487286369,58.25584998334301,45.03226100171068,N3,8,49,56
0.4434141929242972,0.009879165356178443,52.09511389854123,40.219025585482086,N3,8,50,57
0.7233184425429462,-0.04741311695496178,69.2984853508014,54.02757886225206,N3,8,51,58
0.7194325599742633,-0.08898565717650861,69.58658213213374,54.339026671265856,N3,8,52,59
0.6896242791742218,-0.14011233452359093,69.4635695786506,54.206053267966354,N3,8,53,60
0.20593954474130127,-0.2369841396221074,35.3674765075836,32.92953625813527,N3,8,54,61
0.5180787204057999,-0.1405936697332063,52.5514048901141,46.71710452961105,N3,8,55,62
0.5789896478084198,-0.03656511166221174,52.74162341861796,46.92277221086516,N3,8,56,63
0.5485705072915597,0.04713029725149258,34.25314447769392,27.52043449406844,N3,8,57,64
0.6699561528709221,0.08988256956944723,34.50354866862301,27.827839600663907,N3,8,58,65
0.3003460910227762,0.11510107360454061,13.722808336507683,5.736051386689667,N3,8,59,66
0.36622953200251995,0.1376156361889482,13.692217964671045,5.702937626494418,N3,8,60,67
0.2840123065608955,0.17005612455669739,19.6041266981033,10.210445944663007,N3,8,61,68
0.25970620697366176,0.18494584084988958,19.59447949156629,10.200010437179941,N3,8,62,69
0.07811424087745955,0.06868203894063679,2.5048782077821556,-3.4856272581197345,N3,8,63,70
-0.058432593634363705,0.08002390657272494,2.182529648015702,-3.8341171698266123,N3,8,64,71
0.10344798412044298,0.10952307754819607,20.742991054472952,15.624532258213947,N3,8,65,72
0.3134525766703824,0.19426294060490637,37.947138554834225,29.40902352612349,N3,8,66,73
0.3705455605898855,0.29558767008223974,41.51390795533848,37.680815874477446,N3,8,67,74
0.3081602262395773,0.44528058789411396,41.32133591580714,37.47271794516254,N3,8,68,75
0.34495647335213064,0.5916194325560002,35.44671455055925,33.00547664399045,N3,8,69,76
0.6182989692130203,0.8510640762477659,52.61225188533393,45.092810720898,N3,8,70,77
0.4052291862669444,1.0514064366689984,52.617580344307555,45.09857309515837,N3,8,71,78
0.47346064391046294,1.1095120419369093,52.74121766234481,45.23224911243284,N3,8,72,79
0.24577774648058703,1.2127090318321676,34.41672078971135,26.028620671975972,N3,8,73,80
-0.10269822505796178,1.239892903330422,17.09096328494303,12.112696819493465,N3,8,74,81
-0.07325470264132061,1.2349865946650644,16.994772285215674,12.008702572248296,N3,8,75,82
-0.009430774313334389,1.22405740755267,22.943682869422958,16.55616114229457,N3,8,76,83
0.1145959658281619,1.2083709959043207,22.936327491509303,16.54822888796923,N3,8,77,84
-0.18767265156096435,1.0801647012784377,5.82071855498674,4.514870315526082,N3,8,78,85
-0.01094647677495253,0.9543944631460171,5.82846302824538,4.523273645243364,N3,8,79,86
-0.0035420273092681143,0.8324080200939818,5.837251959637285,4.5327504007068455,N3,8,80,87
0.26906907313912143,0.645645519720252,24.82642075343199,16.56263196800768,N3,8,81,88
0.7701996972201739,0.44124087070110507,43.0925070194977,35.724611702535185,N3,8,82,89
0.7411215643768649,0.25198377865719057,43.11801395984105,35.75215493649165,N3,8,83,90
0.6796215965073236,-0.005719669241136316,40.44642931426074,28.882660641685845,N3,8,84,91
0.8797140972892947,-0.17618482527373414,59.626814442742955,41.11920687413374,N3,8,85,92
0.7820196208965156,-0.23438425234803706,59.48815771180409,40.96930208218424,N3,8,86,93
0.6864053593876545,-0.3061764804086553,59.38140094261041,40.853868386500835,N3,8,87,94
0.7224741222357194,-0.3786264768272354,59.492788596107175,40.97427640722191,N3,8,88,95
0.37570820943996264,-0.3689070793987814,40.321718547184446,28.747826763145156,N3,8,89,96
0.07842973027450206,-0.29644538346865845,22.164457044676567,9.70345189022828,N3,8,90,97
-0.06553307495053495,-0.2069464901636009,22.19063561664791,9.73178203074076,N3,8,91,98
-0.03179919843363166,-0.11802328054066491,24.91844760735529,16.629741074129413,N3,8,92,99
-0.07221276774047602,-0.14950523658008286,5.6251081867984,4.271125316061443,N3,8,93,100
0.11803328078364217,-0.27947928601917726,5.688523868553432,4.339688151199255,N3,8,94,101
0.12366168604460803,-0.3594583883531641,5.882318408302524,4.5492217846538665,N3,8,95,102
0.3040839810508871,-0.36923259667653063,23.07688098648356,18.348246760228335,N3,8,96,103
0.3941326762728252,-0.4561275022356268,23.057272236826066,18.327008875332012,N3,8,97,104
0.6973121776125648,-0.4454685700779708,41.29608467638195,37.45952676154877,N3,8,98,105
0.8427349451944641,-0.44073828075187027,41.33225610023226,37.4986597048632,N3,8,99,106
1.4675523829116006,-0.3516493970169259,104.9279921692164,61.0879747282176,N3,8,100,107
1.2982703198894452,-0.16145081405538364,105.13678390137545,61.313649348718,N3,8,101,108
1.1439133646974078,0.013629404281271018,105.04359104081209,61.21290589147657,N3,8,102,109
1.0438429884528508,0.2174333905968675,104.92990863420579,61.089991570957125,N3,8,103,110
0.9505036340855186,0.4217091192749942,87.7381997568533,47.294077756467516,N3,8,104,111
0.8789530357614561,0.6247156954742783,87.62892935615014,47.17601122587729,N3,8,105,112
0.4115322093463458,0.6976197157025379,69.37845838004546,28.030941339625883,N3,8,106,113
0.43526038520421384,0.7690602436557159,75.36398818549901,32.61799451906239,N3,8,107,114
-0.18511111787326673,0.7602908014217291,5.754381376451647,4.44328674431307,N3,8,108,115
-0.1420849996082172,0.6860138378710683,5.572775376442337,4.246971815973438,N3,8,109,116
-0.026049827258473712,0.6060147222247316,5.706783957504285,4.391813682411282,N3,8,110,117
0.28156582271719177,0.4802412864766159,23.049116857809054,18.35054374533553,N3,8,111,118
0.11296987121302404,0.28904933598517135,19.579661588352337,15.796774450781925,N3,8,112,119
0.21171199272643015,0.10166160769555188,19.746046572475734,15.976608994631022,N3,8,113,120
0.2958178505835791,-0.1108705528020617,22.735394547025862,13.343329881614068,N3,8,114,121
0.8260155185775213,-0.11529405911648483,47.42737801273245,35.645484457807584,N3,8,115,122
0.7218649865195177,-0.06560171931314729,47.33814199695507,35.548995889211255,N3,8,116,123
0.6294602521091157,-0.005192288365513109,47.50857138033689,35.73322372429209,N3,8,117,124
0.5709642582506174,0.11536606189813425,47.46228677039767,35.683224316826056,N3,8,118,125
0.2056793705028097,0.2670836723490635,30.00394844424875,21.599093118328426,N3,8,119,126
0.10076414563886349,0.4790186310918787,33.45942807572419,24.137706680188444,N3,8,120,127
0.14076824718011416,0.6911223487053728,33.545284816328035,24.230488787460388,N3,8,121,128
0.22394115228855327,0.9177300749212276,36.34547436018056,31.174280220087326,N3,8,122,129
-0.3048398756947339,0.9348031984489704,-1.7545383470368279,-1.106663946885476,N3,8,123,130
-0.1346413028192348,0.9192033857574429,-1.4155267796107864,-0.7402163135237174,N3,8,124,131
-0.12626657387524887,0.8851335805265714,-1.4823203237095868,-0.8123841684070499,N3,8,125,132
0.6413964807525296,0.8219353020267977,40.83159576941159,27.749328369305545,N3,8,126,133
0.7100588145783702,0.7269271425933335,40.90448034882036,27.82810022754984,N3,8,127,134
0.8937930915167289,0.5815820416514317,40.87266873145484,27.79370148040698,N3,8,128,135
0.8216850269943405,0.5062165344801826,40.81244944808384,27.72861060277853,N3,8,129,136
1.024393368341113,0.6309457417993416,52.09859802556616,37.088614207617695,N3,8,130,137
1.0129924136479573,0.7642932005586269,59.61880456772519,42.54922491803569,N3,8,131,138
1.127662679091248,0.8929991884701156,77.71277557931774,61.525155310737034,N3,8,132,139
0.9521227500706972,1.0388611369653513,77.69234093819364,61.503050498064226,N3,8,133,140
0.1653522598042585,1.2177135261088652,35.32551234449875,32.88411017810796,N3,8,134,141
0.20644890089275414,1.3897323471791432,35.36547388809481,32.927287516052445,N3,8,135,142
0.18249868294565008,1.554352863625443,35.353006834452685,32.913870744050485,N3,8,136,143
0.15167157405819864,1.6977764984867254,35.34324721706207,32.90331025763328,N3,8,137,144
-0.173837792498297,1.704376452519187,18.12002451766125,19.073297844446927,N3,8,138,145
-0.028358501906266653,1.7022838575703734,17.99271208374489,18.972415540649195,N3,8,139,146
0.4596344099402767,1.7455894302605843,-0.2538206412668842,-0.1683861749312996,N3,8,140,147
0.9673785533517965,1.7614844393092706,22.337331733042674,16.834162051088867,N3,8,141,148
1.0086443850536906,1.7057940872233006,22.389160202438575,16.89018019187256,N3,8,142,149
1.0990052516505866,1.6314505756471762,22.391085438443497,16.892310151228457,N3,8,143,150
1.0743481386114393,1.6267733667416122,22.449487345965736,16.95542780398921,N3,8,144,151
1.1891431467435218,1.6716146225835953,39.765673927860234,30.88591711822403,N3,8,145,152
1.373305029262399,1.8852202790985269,39.83498745559882,30.960801647149083,N3,8,146,153
1.0195000347612897,2.0840913977289937,39.09733551453223,30.12669945184399,N3,8,147,154
0.7547910180314812,2.39663474479545,57.87057729436083,49.836727631417034,N3,8,148,155
0.47795430960573704,2.695506215720404,35.42987196273225,32.99678203581516,N3,8,149,156
0.3951964266986234,2.9787288563861773,31.98161869612818,30.42655038283101,N3,8,150,157
0.36084117410622696,3.2376156854247053,31.953815336790626,30.39646214704436,N3,8,151,158
0.45186357736613836,3.4005305560402936,31.999293571626936,30.408904038643698,N3,8,152,159
0.4060733101905427,3.4299605456597284,14.68152940806965,16.476727691614656,N3,8,153,160
0.24803378583170144,3.181280280205537,14.55365058617258,16.338552286461663,N3,8,154,161
0.48179627637429867,2.9118528307900675,15.364823037601923,17.25210794492955,N3,8,155,162
0.4032610069696503,2.446650382355055,17.06835775781599,10.72372536657133,N3,8,156,163
0.3721736288790307,2.0164430915140343,19.25349459726897,13.0857256997391,N3,8,157,164
0.42633268193187135,1.5544890068160342,22.59529103394493,15.504171838334514,N3,8,158,165
0.453324028110103,1.0968152504873387,22.654376145919514,15.494577966003249,N3,8,159,166
0.6891714361624608,0.8302791228022812,39.717757654541515,29.188526562261472,N3,8,160,167
0.6453439888439938,0.5693156868934146,39.81237823347965,29.29081499666256,N3,8,161,168
0.5242742869254258,0.335780345083883,39.675106720660665,29.105710927245923,N3,8,162,169
0.5696468920796036,0.14941401048525726,43.06003312625967,29.407715378414537,N3,8,163,170
0.1824644166338505,-0.075926669916214,22.370672390100935,15.996288118265738,N3,8,164,171
0.8104308417295236,-0.10584634616508026,89.6006858095617,46.395912993505476,N3,8,165,172
0.688855948448083,-0.054955163809180974,89.67924127848937,46.51759093506746,N3,8,166,173
0.5931378511512495,-0.015111931774489662,89.6751477122391,46.586638877049495,N3,8,167,174
0.09507233103880708,-0.10160017585520009,72.23539957553282,32.48584078675469,N3,8,168,175
0.12020093942602905,-0.15910714984600105,72.35924795158542,32.61969580400137,N3,8,169,176
0.14856815733515205,-0.2005534782951166,72.55379980687599,32.866693670370864,N3,8,170,177
0.2981401654096931,-0.24325327209666447,90.03823098596285,49.52839258713766,N3,8,171,178
0.4733539609995887,-0.23832160821979542,90.21354994915225,49.71785437552899,N3,8,172,179
-0.15426061601924523,-0.4465996984158114,20.696402739574864,16.84596567034282,N3,8,173,180
-0.011057840677654696,-0.6740887627552201,20.659345384749827,16.805844042740432,N3,8,174,181
0.4147373809899513,-0.6807143353322491,37.97812286791634,30.739116483797716,N3,8,175,182
0.5527508295863388,-0.6779775901064351,38.29419893233421,31.11752624572364,N3,8,176,183
0.48249041187140485,-0.669761184911648,38.08376500124871,30.89007383055275,N3,8,177,184
0.5029449429295259,-0.6585061795694394,38.12051472184828,30.929795798817622,N3,8,178,185
0.18002462571479505,-0.5388526040714403,17.124131982061613,13.828790532544076,N3,8,179,186
0.06726506793954456,-0.3995015654163119,17.126496149966215,13.831392002829375,N3,8,180,187
0.21988112119590753,-0.1827027322493624,35.3617807654972,32.96011016667569,N3,8,181,188
0.17198323486272216,0.01609739931267562,35.4391051870532,33.04371646218897,N3,8,182,189
-0.3619326628397701,0.029264390745442626,18.120031763840984,19.110150481947244,N3,8,183,190
-0.4617787208930171,0.0023454699217744235,21.17123764980488,16.504366602826053,N3,8,184,191
-0.4822215238918641,-0.02929967737511241,21.125120695996884,16.454502008962322,N3,8,185,192
-0.16801992971349478,-0.04885926686727338,40.363411024181346,30.433928517113827,N3,8,186,193
0.05584230591138173,-0.20786853205400035,46.39229574510421,35.06788081463412,N3,8,187,194
0.09865904893473498,-0.3415613709273533,49.44471504903299,32.502766000097836,N3,8,188,195
-0.06886371087809096,-0.5339895948844937,31.194784462875987,13.35823670882769,N3,8,189,196
0.08936882778516697,-0.5936270461653432,44.34895712681896,23.784843605774427,N3,8,190,197
0.23074984117324604,-0.5894702209998819,44.33341656276605,23.76803447467512,N3,8,191,198
0.19345957747824016,-0.600671920207505,37.767931268249185,23.771539116218946,N3,8,192,199
0.21726140631753132,-0.646497627874453,37.79975143054526,23.805927065233618,N3,8,193,200
-0.13016963519248037,-0.6753026905300636,18.538843111528422,9.765337616811962,N3,8,194,201
-0.19430644974155875,-0.5188207831696428,12.62678621544842,5.257656440420874,N3,8,195,202
-0.1772945596456097,-0.3752060813658318,9.569687665814286,7.817678058499951,N3,8,196,203
-0.2293778596982552,-0.166630838624231,9.423663622317918,7.659845082868287,N3,8,197,204
-0.1509774273983595,-0.06451768997354002,14.629873391545402,16.49712845273882,N3,8,198,205
-0.022293720670374384,-0.015563397491611397,14.642799703774472,16.51107545070147,N3,8,199,206
0.1494536145090617,0.04505542085553138,18.01541298658583,18.960227116120677,N3,8,200,207
0.5815021328784127,0.2143149629140968,37.18336386374767,32.863627169145275,N3,8,201,208
0.7450490682567725,0.36794407040847865,43.29792433859052,37.62690139509061,N3,8,202,209
0.7457187783095538,0.3624411618924537,43.22156643300923,37.470897920400944,N3,8,203,210
0.8152573173992543,0.3471678069538804,46.24212571042074,34.87141635865362,N3,8,204,211
1.105357472477559,0.3296885486138663,67.42880682529938,45.59351577225368,N3,8,205,212
1.4254730273015692,0.3583938832788025,83.09373751667829,47.52972599052862,N3,8,206,213
1.1707149322027526,0.38375439906976005,83.10641224813753,47.54341079007145,N3,8,207,214
1.045429705035792,0.413258234802246,83.22656164406146,47.67324268848222,N3,8,208,215
0.5926396661797853,0.35218211979171166,63.95781614319776,33.66095051536797,N3,8,209,216
0.6991574509174896,0.3603674516857449,57.98906300755971,29.055259890982484,N3,8,210,217
0.4502867323685127,0.3622155230814119,57.98822347455598,29.12778115181095,N3,8,211,218
0.30300809440941556,0.42022504940243977,54.931094080537605,31.68773835002935,N3,8,212,219
0.03658129491984674,0.4023053100956897,33.74297622555491,20.964090996849222,N3,8,213,220
-0.31193479348538133,0.3997298375579259,-0.14651961165736793,-0.12588434707799934,N3,8,214,221
0.024707177758228838,0.38418084814644615,18.06613024954413,18.97836319697535,N3,8,215,222
0.2805621446859785,0.36819521490706286,37.26546472291329,31.235329352222493,N3,8,216,223
0.27173336752911226,0.3575163446750729,37.341595216149244,31.317543405523224,N3,8,217,224
0.3631367000042367,0.28667621609238836,37.26201796059331,31.268283571128336,N3,8,218,225
0.6113377085004323,0.21981140096071528,37.30732234351672,31.317295622557253,N3,8,219,226
0.8835094776039316,0.2716818813374591,54.59766086317404,45.219834939279735,N3,8,220,227
1.0814909629819187,0.4579238098760463,60.59701921835722,49.82188017031751,N3,8,221,228
0.9789607402627158,0.5623792308328177,60.517257742624,49.77234746594672,N3,8,222,229
0.6929931950931998,0.6761728934272,42.295829789570234,30.62192488921255,N3,8,223,230
0.5222140520934584,0.7752827661791475,23.004856035619014,18.265892951290652,N3,8,224,231
0.48633821460039073,0.878149273087578,23.06101423513337,18.326632801595224,N3,8,225,232
0.19401734951359906,0.9507900731156287,23.02312826786806,18.28567799696657,N3,8,226,233
0.02859464116437138,1.0269631475353975,22.905197936153627,18.158180523365786,N3,8,227,234
-0.1471457965648213,0.901588360416925,5.37810220144479,3.9997332863258634,N3,8,228,235
-0.3152861367073001,0.6646413131368778,-0.11825838671666133,-0.05862459191814651,N3,8,229,236
-0.18771290634337845,0.4303276340481794,65.57433697786496,19.244019058764593,N3,8,230,237
0.28451390635853,0.36367119060279407,96.0905639615928,45.99570128683183,N3,8,231,238
0.30814325324675806,0.3004185150171974,96.30947552597013,46.23234342604974,N3,8,232,239
0.2252053722718408,0.2165175934618251,96.19538314748183,46.10899543090147,N3,8,233,240
0.1743088061472733,0.1346605878586864,96.16437126373125,46.03872010017574,N3,8,234,241
0.513876282266839,0.29472645812806064,113.66565914255693,60.16925808813005,N3,8,235,242
0.2884062294786922,0.46371755094427947,119.80257280427145,64.91998421130177,N3,8,236,243
0.3203207731254061,0.5969249541361243,119.41481163792355,64.50083932106702,N3,8,237,244
0.04874418626125632,0.7153187819073246,53.643297529692745,45.11289751297477,N3,8,238,245
-0.3178411782655246,0.6670196620717945,23.121052758091764,18.39146702376297,N3,8,239,246
-0.25273447892420364,0.6040174162236269,23.024500326610905,18.28714464657321,N3,8,240,247
-0.04054912364578023,0.6139839329167902,23.0900823489078,18.35808494070841,N3,8,241,248
0.04781151190654498,0.6270652282489326,26.249950313833324,18.453577237541822,N3,8,242,249
-0.15738733324135978,0.3587129677061487,8.539638258803507,4.09710705241946,N3,8,243,250
-0.01822620501154759,0.15876504258564594,2.946313339225526,-0.06604386548383445,N3,8,244,251
-0.06711421879858115,-0.003057108699445976,2.936091780045672,-0.07710086834470076,N3,8,245,252
0.2846001044575104,-0.17408402938113987,20.021518331359403,13.603981321904143,N3,8,246,253
0.37712034502773584,-0.350662838527505,20.020383707962765,13.602733575839693,N3,8,247,254
0.3528627054288691,-0.5205271061425041,38.480041467924366,32.97387713290016,N3,8,248,255
0.20363979846179525,-0.7472939231439355,38.37266227344594,32.857786690944295,N3,8,249,256
0.4407709975950347,-0.7046651164108155,52.63384934879173,46.842832835976765,N3,8,250,257
0.4814837171834885,-0.6153117334293832,53.0031405161576,47.242019935670214,N3,8,251,258
0.5562874982540844,-0.590490824691706,58.62262186289354,51.433472893651356,N3,8,252,259
0.6601052432314152,-0.5774866107073162,58.416532086788266,51.21072569697492,N3,8,253,260
0.3700836368953926,-0.5162535868136793,34.31796638326023,32.53808475570963,N3,8,254,261
0.2215680319114508,-0.40249449608780985,34.244923500167715,32.45909474949883,N3,8,255,262
0.20121554781961848,-0.28599467252125876,15.710336163346483,13.006923010132823,N3,8,256,263
0.32414732227831067,-0.1434788595652865,15.874402377893603,13.18428876687301,N3,8,257,264
0.05309967368105184,-0.2637742905807894,-1.5212681694952153,-0.8321069161945616,N3,8,258,265
0.08078272695758315,-0.42962968858948436,-1.6005642109432756,-0.917803190962104,N3,8,259,266
0.7774472721259276,-0.5597904411661574,-7.477551420766076,-5.387586830490363,N3,8,260,267
1.1933919341157164,-0.7350815516626472,10.034357508636276,8.75443818844633,N3,8,261,268
1.0671837618642712,-0.8704485868758756,17.098866886440646,13.801542558644314,N3,8,262,269
1.072398440160507,-1.0875914458725973,20.15532913807101,13.74857687496467,N3,8,263,270
1.2281480978201458,-1.2971755551754693,38.488751604354775,32.961836071025346,N3,8,264,271
1.322346600247954,-1.4309675201353649,57.69446350807243,45.225670971129716,N3,8,265,272
1.3528568528239493,-1.408859129982238,57.630223853035886,45.15622992170222,N3,8,266,273
1.2917305387780207,-1.3732342301913754,63.58610218820854,49.7112596229631,N3,8,267,274
0.5563624656624668,-1.366730768914886,63.6463660602692,49.77636549638112,N3,8,268,275
0.1316728090611381,-1.3251832453337773,46.34449764169449,35.861385984453136,N3,8,269,276
0.17615974916916777,-1.3665008415369133,42.8091371720659,33.236341546600784,N3,8,270,277
0.22938280191338656,-1.3762851693734799,39.77432306105993,33.31272848277331,N3,8,271,278
0.06362747680584313,-1.3893527713866467,21.515387299129088,14.179984976755918,N3,8,272,279
-0.16096234290559686,-1.4738693280108226,2.2859279395840986,1.8904572773366226,N3,8,273,280
0.016697546466133417,-1.7283228321737925,5.474049897005671,-0.5279062634189131,N3,8,274,281
-0.20411964244524938,-1.9580316060906418,-0.4722022007349551,-5.072543173280451,N3,8,275,282
0.028609760759000125,-2.093495209297858,18.526214716225468,6.967316962335872,N3,8,276,283
-0.06209644702186168,-2.2115471931417616,18.57708771821285,7.02230449396734,N3,8,277,284
0.10226196887085415,-2.31415360222766,21.930942230616893,9.451162362796254,N3,8,278,285
-0.03857344969071086,-2.3817677503831964,22.10121172937579,9.635203994834228,N3,8,279,286
0.23619591899507952,-2.382075473870078,40.912790322735646,21.473147131319365,N3,8,280,287
0.6584640466725133,-2.3817216294791717,59.48126754794566,40.91893646831602,N3,8,281,288
0.5379646582746229,-2.3391260779492793,59.56741610236554,45.86330739542473,N3,8,282,289
0.7046784442959666,-2.2689629786567425,62.663964912812844,48.19717138992644,N3,8,283,290
0.588978748649323,-2.2611559058899218,43.601147727285024,36.087699585667565,N3,8,284,291
0.4868014490691319,-2.163207068587318,43.48661058930293,35.96387710871363,N3,8,285,292
0.999326922266544,-2.011146335162813,77.7637409450042,57.43606356527573,N3,8,286,293
1.229301316100642,-1.8564456126015223,77.7039136573087,57.37139018018945,N3,8,287,294
0.7993280771403501,-1.7053380696061877,58.77619689513358,45.40792207447714,N3,8,288,295
0.33960040688682724,-1.5465358594404623,40.18311671170022,25.93550420377187,N3,8,289,296
0.0658946693195368,-1.3370063729374624,37.022860040075784,23.532773153481457,N3,8,290,297
0.27610374907167134,-1.1326103010521797,51.28567338147309,35.1760398575874,N3,8,291,298
0.2547368452393233,-0.9620448151247754,51.15535917685679,35.03519560771076,N3,8,292,299
0.244419805685407,-0.8600517463481827,51.267628183632496,35.15656049843028,N3,8,293,300
-0.3667539609786701,-0.7922966773880176,17.14403830947367,13.850343633352168,N3,8,294,301
0.22816456049889666,-0.685012871301514,86.34672197607392,43.10448448089085,N3,8,295,302
0.273244598558426,-0.5055414613784599,86.34603063354712,43.10374976580147,N3,8,296,303
0.6554007351631448,-0.281602916649736,104.59732598204437,62.22830408684479,N3,8,297,304
0.948707682549804,0.0021989438849270293,107.64927749071103,59.623385181042295,N3,8,298,305
0.8157163769209745,0.3120240542775905,90.36982850073105,45.73262189758316,N3,8,299,306
0.5310339204322396,0.6277787103580055,90.4134551824095,45.77981520373305,N3,8,300,307
0.5409407153198682,0.9136909220133411,96.40777305837287,50.37640443547912,N3,8,301,308
0.5328186047695969,1.189103179439574,96.3727336954953,50.338533135851094,N3,8,302,309
-0.2593227067823687,1.394897399382736,26.89426944244292,20.786312124807637,N3,8,303,310
-0.15388541207735607,1.4639102975002833,27.082914553797536,20.99020395787079,N3,8,304,311
-0.3646370329068471,1.4549450107097313,8.779641538033047,1.8095034910531922,N3,8,305,312
-0.16550580328575393,1.3141002717159562,24.99407170041127,18.424156023487285,N3,8,306,313
-0.35009215116453873,1.183674267512632,24.944598538144646,18.370673118637797,N3,8,307,314
-0.26790502646833225,1.0562881801220163,24.915355736696256,18.339034009797842,N3,8,308,315
-0.35702483653723327,0.9310033024330862,18.87554386217198,13.656580234376406,N3,8,309,316
-0.17208186919232915,0.8068919873232225,34.14514038788684,25.84496180954102,N3,8,310,317
-0.023534347426940272,0.6724864939589796,34.26321022339107,25.972583166404547,N3,8,311,318
0.015314983141870187,0.5514600127575866,34.337859183593764,26.05325474352594,N3,8,312,319
-0.007329631499819911,0.419672162839273,34.18967356989833,25.893072947913424,N3,8,313,320
-0.07663643531018138,0.2818276149855725,33.374769606036125,31.245670503970132,N3,8,314,321
-0.07998834851690795,0.09814739042775766,33.342799468379326,31.211133631299163,N3,8,315,322
0.15282260946275805,-0.08937644343344342,39.39165148881011,35.866669121501445,N3,8,316,323
0.45740511844838494,-0.2959122468847841,39.34624329973144,35.85427558916217,N3,8,317,324
0.42094275393810854,-0.5033048984853563,16.834061610731624,18.46866944199519,N3,8,318,325
0.5329181319181835,-0.7018675412487774,16.928630059580428,18.570887894687985,N3,8,319,326
0.4635108899507152,-0.9101042505358006,16.67787667501807,18.29987755224829,N3,8,320,327
0.834076080512343,-1.100482313785351,34.26380101589325,32.521881415198095,N3,8,321,328
0.6183382696038358,-1.2858159313715216,15.696578217154183,12.9977273228983,N3,8,322,329
0.8560579961853723,-1.45374699577535,15.799679734020174,13.109145946973513,N3,8,323,330
0.644074621485899,-1.6500278575978395,9.748159011543976,8.450706048700567,N3,8,324,331
0.8829150072117997,-1.6932175637428681,29.045295042018324,20.81338786872243,N3,8,325,332
0.8675562182495717,-1.732811381753351,36.21937014642299,25.93651386342208,N3,8,326,333
0.6596632027446105,-1.740935808473147,36.338259562047824,26.065002644137394,N3,8,327,334
0.5500288962669195,-1.681993932653477,36.30872707012236,26.0330767990165,N3,8,328,335
0.13224559439116135,-1.4905466995725485,19.00921796900093,12.120660642836356,N3,8,329,336
0.4109971861812234,-1.1635273700648225,37.35468842344085,31.40514685829089,N3,8,330,337
0.2498467040554857,-0.8496083334883684,37.03492851353826,31.05953509924325,N3,8,331,338
0.41868559019457763,-0.49016578273764644,43.28755686614636,35.870601139728024,N3,8,332,339
0.08207569432973472,-0.2547336905358675,24.077427392330947,23.60199544346756,N3,8,333,340
0.024796143212320487,-0.00737227227031978,24.13701152686258,23.666408964034417,N3,8,334,341
0.14685477114541,0.22500000266342557,27.150856044795773,21.020295715984275,N3,8,335,342
0.546603738707141,0.4064168795943157,44.39656461520735,34.87460052983329,N3,8,336,343
0.8446696494392505,0.46777931287607943,44.38913538976294,34.829851491161435,N3,8,337,344
0.6953075785557168,0.4155924942595819,26.176165477945005,15.688591683488085,N3,8,338,345
0.6191580594270611,0.36535686074016294,26.390800031510707,15.920618272289857,N3,8,339,346
0.7396395383894543,0.4417946225014604,39.36165074294718,23.39267295483137,N3,8,340,347
0.6851494992174167,0.5224618517330075,42.52205574494451,20.944286464446122,N3,8,341,348
0.6427593197115691,0.6072094266863939,42.42306853087712,20.837283221976577,N3,8,342,349
0.5638707574407924,0.7453466128046982,39.279083535039035,23.342756735489274,N3,8,343,350
0.2590022302176642,0.9457631955290622,22.125589094080397,9.588102933777463,N3,8,344,351
0.10926584612642287,1.197463703054685,22.046322452316417,9.53915189964323,N3,8,345,352
0.020656971855562034,1.4241583667984354,22.03967056639317,9.568674385700888,N3,8,346,353
0.43874380590087014,1.6185860410401451,43.86357122423124,31.46452026163911,N3,8,347,354
0.23863417473196336,1.67061181268264,24.69056340749171,19.235955697932468,N3,8,348,355
0.32254004057480046,1.7022923594662203,21.560374529843784,21.716977795342245,N3,8,349,356
0.15278545401771026,1.7073566303469097,21.5710580347793,21.728568097896186,N3,8,350,357
0.49141878763871105,1.637921308386551,38.98386998566275,35.76344295501235,N3,8,351,358
0.3875108716778719,1.492442848060664,35.56733413758138,33.26683815976912,N3,8,352,359
0.2302665517253395,1.2629839019771136,35.313632196158096,32.992578300273635,N3,8,353,360
0.12245339280820389,1.043120737261149,35.54203627261154,33.239429053386175,N3,8,354,361
0.10523203625911748,0.8893184694721326,34.71598240027106,21.861556085551456,N3,8,355,362
0.10877965622285757,0.7911656619071978,34.69717578133054,21.84124959628889,N3,8,356,363
0.2140367691274676,0.6817176718993219,34.60170145286452,21.73803412553025,N3,8,357,364
0.3262521771933109,0.5869302608058362,34.7189440350528,21.864730635494425,N3,8,358,365
-0.16054248551911598,0.471979738472017,17.374418568291276,7.866919812260676,N3,8,359,366
0.4326990806814308,0.36671641169565294,87.00437307791435,31.129418634027388,N3,8,360,367
0.41298454521765393,0.33319448969986,87.24011640598769,31.384262893559253,N3,8,361,368
0.3923755470230894,0.26529105137144793,92.8456595026712,35.56064885850469,N3,8,362,369
0.3398572029625271,0.13093882652278221,90.23451709879396,44.334999132155644,N3,8,363,370
0.36152245766067637,-0.040908564727236474,90.29800216196122,44.403620335027426,N3,8,364,371
0.27329535238115454,-0.20361054937555512,90.37819934800837,44.49033837302386,N3,8,365,372
0.9902418498398546,-0.2607151504549039,131.75514038284632,74.12430054884408,N3,8,366,373
1.2201820647516968,-0.24927152340569858,131.67653706918009,74.07603636610202,N3,8,367,374
0.7437252561677425,-0.29559933197477495,68.49991016596027,50.72819634982693,N3,8,368,375
0.8583722107580236,-0.41248215466356797,71.63084616059496,48.20860708678265,N3,8,369,376
1.1113979948680246,-0.3829879870161843,84.91652910189623,55.95620928072162,N3,8,370,377
0.933636039941625,-0.3510975637859879,69.73558572499405,34.26450788920533,N3,8,371,378
0.8691171230108488,-0.3247139614486665,72.80432505673662,31.717078974436845,N3,8,372,379
0.8276464141976412,-0.29540901741240955,72.7783377449698,31.688979188589656,N3,8,373,380
0.11526946274911154,-0.2681205650714249,31.09261548016093,1.7212651845054552,N3,8,374,381
-0.022434900559879623,-0.27093051688715164,31.39334530185124,2.046402895221945,N3,8,375,382
0.014327001814638862,-0.16598217406624727,28.075709592875228,4.324789953178424,N3,8,376,383
-0.060964676179199984,-0.033222286595667505,25.20657627412811,7.127411945336689,N3,8,377,384
-0.11993237019722969,-0.01391493255332854,6.0482895404168175,-5.08520568063841,N3,8,378,385
-0.04692400924592377,0.007774457086732411,2.8318643163036086,-2.697360108391649,N3,8,379,386
0.768085898605861,0.10033790765485318,19.888792620917684,17.604979805919356,N3,8,380,387
1.0679150891448828,0.19857088132621215,42.48450057571381,33.076285748589726,N3,8,381,388
0.9718344655589135,0.1941734073654473,42.686323789773496,33.29441274152282,N3,8,382,389
1.0428263692068178,0.1957180062221573,42.54286033164885,33.139323221881114,N3,8,383,390
0.975833737422743,0.12678689182838543,35.544126252702426,28.163256920945287,N3,8,384,391
1.2789451914027765,0.2490840302689481,54.475503593331496,40.13057029766446,N3,8,385,392
1.2673885586533125,0.3668706496291767,54.43625851016259,40.088118129925306,N3,8,386,393
1.1446922203341607,0.49514635132514506,51.11731063266666,37.69697400525865,N3,8,387,394
0.300098589293615,0.54292553884867,30.91754056285572,19.861943151871174,N3,8,388,395
-0.002214460676473351,0.5831675699890377,8.237418328790682,4.299362702134886,N3,8,389,396
0.09424583264841147,0.6255576464962713,8.436300259576,4.477655793911026,N3,8,390,397
-0.15611600020623584,0.6362281276894377,8.267281633173297,4.294897618311097,N3,8,391,398
-0.08410340248411785,0.6690045914192089,15.480969246005543,9.50327217621657,N3,8,392,399
-0.3366323842514021,0.4800320871721482,-3.6882352377745065,-2.721127658179057,N3,8,393,400
-0.2975177397282067,0.3073217911125825,-3.560452295184632,-2.5829756563221054,N3,8,394,401
-0.3691239955816137,0.10112376873565676,2.707927580005844,-2.868189579562113,N3,8,395,402
0.1509954486288798,0.02390988921667425,35.846905152733825,26.211332384408706,N3,8,396,403
0.16088688378548355,0.02567448403319883,36.07426833796012,26.457139380467424,N3,8,397,404
0.2541713419804985,0.08806214814478963,36.00470913417735,26.38193163761889,N3,8,398,405
0.42670873041207713,0.16488764902335973,35.9323756124511,26.303809508675386,N3,8,399,406
0.7121994810210097,0.4146470157270876,53.382127904173785,40.378638860707724,N3,8,400,407
0.7129156947349173,0.6779024273281014,53.322156526379786,40.313793032384865,N3,8,401,408
0.656510216872153,0.9102938127180007,53.24106751670797,40.189417793547136,N3,8,402,409
0.7197234540465764,1.1630297458246668,50.392758121725365,42.975076384794875,N3,8,403,410
0.20191724595934346,1.2736718760090824,17.25264453590671,13.89434188783207,N3,8,404,411
0.22375386943678421,1.353082555129526,17.084132254424276,13.712164997077934,N3,8,405,412
0.20208803934656316,1.3540104279661938,17.105792915897382,13.77232917633296,N3,8,406,413
0.2609478126981024,1.336795179825561,17.237092632032727,13.914249573459529,N3,8,407,414
-0.20456093825835708,1.0937859798539424,2.8573226475527918,-2.706588433256684,N3,8,408,415
-0.3915262767036154,0.8341987225021805,2.8461060793601973,-2.7187187474301027,N3,8,409,416
-0.35595472404789064,0.641665466274211,2.8938179276519804,-2.630416248737447,N3,8,410,417
0.002131166953670771,0.4632938480551907,22.032932518452526,9.561461076649266,N3,8,411,418
-0.08120124365933279,0.2715463776700071,27.89268353185662,14.012583168670062,N3,8,412,419
0.17465384826751063,0.029989196175976396,46.33071437858189,33.360398519783985,N3,8,413,420
0.10417319524822588,-0.1880257842872961,46.306936120326554,33.33465241499903,N3,8,414,421
0.31717070209681,-0.2869428972413486,65.33213785275439,47.058883057712364,N3,8,415,422
0.5225397218739651,-0.33394333367661666,62.37801751916231,49.73016458806751,N3,8,416,423
0.6176533008223402,-0.36890072178639954,62.459214804516705,49.81792473814812,N3,8,417,424
0.5215906065574387,-0.45751229554560346,62.38006829312462,49.732340228076964,N3,8,418,425
0.2428660957489157,-0.4740963719670548,43.15084086132265,37.44306221730403,N3,8,419,426
0.2774476712603047,-0.4855065180989824,37.38554221241702,33.09401645880257,N3,8,420,427
-0.01763167493077944,-0.47322688383107625,18.995019824604242,13.797581370062971,N3,8,421,428
-0.006336371119161299,-0.47813198868817164,22.004205775142054,11.146410324367935,N3,8,422,429
-0.15443079644739655,-0.5860490355393067,3.0124620102524204,-2.541676825376726,N3,8,423,430
-0.11513951214509177,-0.7330093085972571,2.931928851770408,-2.6287017985721377,N3,8,424,431
0.30610442872944077,-0.843375766689757,69.20030964665511,18.19657692794567,N3,8,425,432
0.4503114498308314,-0.953929379347934,86.54439941514647,32.15722297872594,N3,8,426,433
0.2969873357570414,-1.144115660893803,95.13602920929043,34.53490371196108,N3,8,427,434
0.2178488084401664,-1.2848917828166648,94.87366155362633,34.25133035936824,N3,8,428,435
0.5379877282653673,-1.4092722619300302,115.16134950289643,52.18128940004317,N3,8,429,436
0.8639259750331405,-1.2274150545084366,127.32651924890297,66.91796403741341,N3,8,430,437
0.8681877155669326,-1.0388981540693978,127.29389937473934,66.8827007381717,N3,8,431,438
0.6195267817546792,-0.8164680187115172,127.39189250336085,66.98860510257282,N3,8,432,439
0.14124094565517353,-0.5500494504270099,61.080297060976136,46.11660892982081,N3,8,433,440
-0.11109909985576749,-0.2187892548895567,43.717638451532366,32.135903675181,N3,8,434,441
0.03921794469894735,0.1111735739129216,35.19356698130878,29.831261630813287,N3,8,435,442
0.2279761234161306,0.4799604229615717,35.41823528916575,30.07410538090039,N3,8,436,443
-0.04510654891764787,0.882097312757657,15.065162418497039,12.073442713768827,N3,8,437,444
-0.2994102604796183,0.9713789939095046,-0.10702643643799092,-0.046442280811106684,N3,8,438,445
-0.20665744883025283,1.054433638256942,-0.19583417088779242,-0.14243740301435537,N3,8,439,446
-0.12682678462514474,1.1925984367272475,-0.37262864548074504,-0.3335560842324412,N3,8,440,447
0.2757312275490129,1.2534164853416927,18.805045276107194,11.900037874411964,N3,8,441,448
0.38311259806521036,1.2431170028071605,24.869219465753304,16.572155049359253,N3,8,442,449
0.31877430934593676,1.2897713067481984,24.88296083457999,16.586957395730906,N3,8,443,450
0.29259577351771426,1.257052287243913,24.79102153310987,16.48759715477081,N3,8,444,451
0.5565852129446149,1.3313575026697144,55.57143697685342,43.48807705076479,N3,8,445,452
1.0422644502498528,1.5137292628851426,87.29772580047756,62.069737601357474,N3,8,446,453
0.784470492993222,1.676224418226508,87.3127494928408,62.085987455854365,N3,8,447,454
0.674701460354509,1.7460530845363573,90.51743148028072,59.68550688167011,N3,8,448,455
0.38070414766763605,1.7969277897666744,71.39864578782908,47.51557010914371,N3,8,449,456
0.3146143654221234,1.8880245504440198,65.26692371947638,42.733700141701775,N3,8,450,457
0.33249739505846776,1.906459406829728,65.31819422412173,42.789117942207895,N3,8,451,458
0.20204645009868116,1.912062494764525,65.39193379455855,42.868811681915076,N3,8,452,459
-0.16344486438825,1.7803423590609286,34.645139841684795,15.904655495705356,N3,8,453,460
-0.6072836322864603,1.5017827073156287,2.866857008074021,-2.69644625025785,N3,8,454,461
-0.7228950110077044,1.209659710267415,2.8339343746870327,-2.732043779549713,N3,8,455,462
-0.15941260762910403,0.9437391047941368,19.004459711375148,12.115503389214382,N3,8,456,463
-0.14341349052893548,0.6405584893396163,18.894885327700194,11.99708762019418,N3,8,457,464
-0.040185894430745606,0.3109019545017091,18.988110764598787,12.134611704443614,N3,8,458,465
-0.06533071029927129,-0.07663244012861092,18.93964693574617,12.082270851418343,N3,8,459,466
0.3439055793870338,-0.21249826577124686,36.102546073077974,25.84707204735264,N3,8,460,467
0.42412498841666846,-0.415632821836347,42.04911964922985,30.392092208911208,N3,8,461,468
0.708818762814623,-0.6033063041120741,60.53505101189103,49.79163170289712,N3,8,462,469
0.8644902770565324,-0.7214519592863358,60.56021554912104,49.81881111032931,N3,8,463,470
0.45532973413116906,-0.7982544749509106,41.190741958328545,37.37792202164087,N3,8,464,471
0.37897509989917566,-0.8367930045440346,41.3717884830603,37.573601575298426,N3,8,465,472
0.3593247971636977,-0.8463174226531116,41.357717669370686,37.558396154377306,N3,8,466,473
0.34757303246915683,-0.6165875820916824,37.82577112563649,34.93701131632383,N3,8,467,474
0.032170155561459524,-0.5884829477493057,20.702957345676168,21.215528159682208,N3,8,468,475
0.05480724409552806,-0.47512581612580007,14.83223999560596,16.715815062399997,N3,8,469,476
-0.34899009817217674,-0.36874313576115014,-0.5700864804930461,-5.215092325226806,N3,8,470,477
-0.06842259595601519,-0.2744644088962236,16.8077786688591,8.782069389634671,N3,8,471,478
-0.037147941252616334,-0.25313443126027835,16.83366697456904,8.81007542231987,N3,8,472,479
-0.13378657652679493,-0.2420059010235569,16.781013053554943,8.753150737145916,N3,8,473,480
-0.13747679121056322,-0.1803155052285117,16.716408182578107,8.683284487117135,N3,8,474,481
0.05931630559850376,-0.19913610692405825,37.62097239246623,25.29609015250935,N3,8,475,482
-0.039280061623156115,0.1433994082200183,37.5488035643134,25.218072571847642,N3,8,476,483
-0.15369758194124117,0.40102423239125784,43.21598656377955,29.497789341216503,N3,8,477,484
-0.21419414089736222,0.6632883831268259,40.24562882318878,32.114839291602266,N3,8,478,485
-0.13328384675589078,0.8696563681826923,41.3206642836285,37.48157513315937,N3,8,479,486
-0.23335317331998695,1.079818719260242,41.18407825233362,37.33394807589957,N3,8,480,487
-0.08542381052177817,1.310551332103616,41.34620078717899,37.50922770295551,N3,8,481,488
-0.20148738039472391,1.4709467072656057,41.34981249124985,37.51312909607759,N3,8,482,489
-0.5156198883724414,1.5353020712188652,23.995752295885723,23.54173859475668,N3,8,483,490
-0.48744114465341326,1.2205633916922665,23.987701876289975,23.533030894565172,N3,8,484,491
-0.4355370003905037,0.9307557317402768,18.29323259956982,19.2604992911306,N3,8,485,492
-0.08766083462154839,0.614684662182091,35.48786210581375,33.096276621922925,N3,8,486,493
-0.5032607544461882,0.29575198990995233,17.023938912552694,13.720502105416017,N3,8,487,494
-0.4143608889777113,0.016361898559161148,10.020491451877206,8.739372521490623,N3,8,488,495
-0.43980843733677943,-0.32486549081360216,9.78949743916246,8.489643224465453,N3,8,489,496
0.3269078218238519,-0.5441234033070188,79.87598353376734,39.915188229811974,N3,8,490,497
0.4955275377541781,-0.6922515960928095,79.52224929465592,39.49610710359707,N3,8,491,498
0.7105143460555858,-0.880194881895175,85.77479519185226,44.371834570328474,N3,8,492,499
0.6827062571985607,-1.0921383801528464,85.73698086822651,44.33097723354808,N3,8,493,500
0.3319918248208147,-1.2278519240503858,68.45025664374771,30.432369332856297,N3,8,494,501
0.5776909678255393,-1.2949299637204028,86.87589296455462,49.72381653072989,N3,8,495,502
0.5984212922392409,-1.3876412193716483,93.86808163134674,54.69277011219765,N3,8,496,503
0.7117417628021023,-1.3824312500722922,94.02911632390988,54.86687915526318,N3,8,497,504
0.1085345725835154,-1.413398803793907,24.06139905340069,23.569732268412736,N3,8,498,505
0.21547377245751775,-1.3634450495027526,24.357014236349187,23.926011783825288,N3,8,499,506
0.9470850412302418,-1.2990299465645094,17.713681590610122,18.627871843298635,N3,8,500,507
1.3780729980743622,-1.186857776079548,35.45760232719522,33.02057633093568,N3,8,501,508
1.5833757556241999,-1.1404537513999058,38.262851701552336,30.18841011658924,N3,8,502,509
1.6617128107724426,-1.081662953517072,20.161364675817367,11.247308750735783,N3,8,503,510
1.5779427961855248,-0.9822961429392807,20.334288037026,11.434251614512732,N3,8,504,511
1.9866114647314888,-0.7566065838559837,37.456061340847555,25.154545349017553,N3,8,505,512
2.0769392981493837,-0.6173898450600452,37.51413015130629,25.21730925994825,N3,8,506,513
2.01469517484977,-0.4969465337234009,43.40043566357963,29.69712844595165,N3,8,507,514
1.241834508532282,-0.36835769140337415,46.837937049159336,27.548337793281007,N3,8,508,515
0.9945558664803222,-0.24371305161459578,29.257829535833025,13.296018074087442,N3,8,509,516
0.8187806712605159,-0.06677633522444282,22.858731771147177,13.400555486947951,N3,8,510,517
0.7799541804758867,0.04942283722876262,22.598492104382785,13.119283522204569,N3,8,511,518
0.9963157403170406,0.16190581595927522,37.01257742246207,29.465729225939413,N3,8,512,519
0.3541083027732803,0.17727675460505843,19.634434763430363,15.46827218155181,N3,8,513,520
0.36129042686170365,0.17684296982177727,19.58701212759979,15.417021391689786,N3,8,514,521
0.2737782998667875,0.07618996535443934,13.838843357840233,11.049793053273788,N3,8,515,522
0.45733716844998185,-0.015522317534684582,30.022616461131747,25.911691226337553,N3,8,516,523
0.3332771881065888,-0.1182324798451333,29.870936129961137,25.784404953046078,N3,8,517,524
0.3340609247926807,-0.25143864160970786,33.26177682569232,28.292601295041095,N3,8,518,525
0.14878386147590206,-0.37263794453466215,33.26399712432931,28.29498710630037,N3,8,519,526
0.3731470959355434,-0.316143373291899,36.02172188504301,25.722972901710364,N3,8,520,527
0.64933439644199,-0.2961804704130797,36.481036460796986,26.219475867452275,N3,8,521,528
0.442208372198035,-0.29000820688457374,36.30493584277019,26.02914503870852,N3,8,522,529
0.5287308091509288,-0.2866206904363171,42.16226472326207,30.514360169745487,N3,8,523,530
0.3637198177937009,-0.30511588771113995,22.213603695931397,17.410692846593975,N3,8,524,531
0.23041545202546843,-0.2588375481378158,22.78941565676314,18.03316778362887,N3,8,525,532
0.7187869687636628,-0.16139115030841555,57.368741623124606,39.83191691828142,N3,8,526,533
0.5474109272478742,-0.06874659315866705,57.22128728330836,39.672563083261366,N3,8,527,534
0.016277660250501924,-0.16372435643352468,40.03935921244556,25.88715327440059,N3,8,528,535
0.142648371918213,-0.19917060355455796,58.15319825688994,44.88452925076194,N3,8,529,536
0.15097334147348818,-0.19833418252676704,58.0409434239682,44.76318007608347,N3,8,530,537
0.37717310231804646,-0.14638086509401926,69.60049228454136,54.353931152972564,N3,8,531,538
0.0949949745837948,0.0011082935998816268,70.29188262375692,55.13793601367502,N3,8,532,539
0.054067864976545366,0.14978587438107827,69.59038378261494,54.34292598323759,N3,8,533,540
-0.38783474032232945,0.2875549585043782,35.26085856660393,32.81417551061986,N3,8,534,541
0.05103442765365429,0.49959686808743875,52.83981561764085,47.02863163228426,N3,8,535,542
0.33375158430326124,0.7212222576224123,52.822039959203266,46.9727332888433,N3,8,536,543
0.15545123039788322,0.8716654865523621,34.39747706696744,27.63950147098194,N3,8,537,544
0.07083805752902705,1.007969310307196,34.596416793041044,27.78107856821771,N3,8,538,545
-0.18766716638742054,1.0841934713400692,17.112953051626846,13.633131635817108,N3,8,539,546
-0.11731324934430276,1.0924219522364815,20.155977784067545,11.057993266887252,N3,8,540,547
0.04454076636974946,1.0397895364681355,26.30961039375734,15.863515884990193,N3,8,541,548
0.16476288431841724,1.041917869474716,26.152815496066523,15.69405806966006,N3,8,542,549
-0.010581421815540892,0.9787725209194464,8.714454049210872,1.6315408951547852,N3,8,543,550
-0.02385072770451302,0.8933380604957692,11.81529850130164,-0.8444446616149435,N3,8,544,551
0.12257522796349463,0.8066860984914754,30.24316790016246,18.47087960237218,N3,8,545,552
0.608736452936995,0.712501155813932,51.22233339171271,29.04219272375576,N3,8,546,553
0.545316221791257,0.6105768922032926,47.6992885163163,26.46719944061556,N3,8,547,554
0.63720001971312,0.5158172815568491,44.67721760030099,29.065021139273767,N3,8,548,555
0.759908523407784,0.4164531795476467,41.86637527493258,22.044981450015484,N3,8,549,556
0.9471064167188885,0.31153733954980645,59.208075363059834,36.00300670268848,N3,8,550,557
0.7382455526410254,0.25874282347522914,59.20871688770376,36.00370420804529,N3,8,551,558
0.6241178423339733,0.2184559504771144,56.143808920222455,38.55526589869169,N3,8,552,559
0.4043998145058154,0.17754249527881605,37.74676918996647,19.27324451406116,N3,8,553,560
0.041771313745684324,0.1349492761274309,16.719786815720454,8.72365723290568,N3,8,554,561
0.24425747948822973,0.0907810243417213,86.3377063299813,31.952656557064756,N3,8,555,562
0.2396245845510343,0.013758587955347679,92.50810301993124,36.73955374652792,N3,8,556,563
0.06851239747944504,-0.04602384698301165,89.26806175285765,39.10183581338856,N3,8,557,564
-0.301991398704498,-0.16502589887840635,71.93269123281152,25.113924630460588,N3,8,558,565
-0.10709041627385929,-0.35864871444018576,72.00288779666107,25.189834760561098,N3,8,559,566
-0.11384925692451375,-0.5363539871673808,72.03607467977645,25.225674883060947,N3,8,560,567
0.5217831039869658,-0.6714795459671254,101.26662081360882,53.101048752635734,N3,8,561,568
0.7989576326615833,-0.7803713389391156,101.37200328889185,53.17827125305121,N3,8,562,569
0.5994275540228884,-0.8195608278497204,35.14138085391642,32.41424012282096,N3,8,563,570
0.6457390165659724,-0.8310716424475277,29.112814929356773,27.743951596850366,N3,8,564,571
1.015978920599089,-0.7354994236054697,48.31738568709261,40.00659049257388,N3,8,565,572
1.0407789438401345,-0.5161573197717555,47.097043579685305,38.72411731519401,N3,8,566,573
0.8654887570525389,-0.21407822649564245,48.372171316819276,40.10244615950569,N3,8,567,574
0.8328117712113929,0.05653076072862717,48.357480480626236,40.08656647711996,N3,8,568,575
0.19755667977848645,0.2800243478286415,22.1261440434846,9.549236361933708,N3,8,569,576
-0.173562177307506,0.47664299072554606,22.154741540718533,9.616871385146396,N3,8,570,577
-0.2675509633056201,0.601692561518334,22.19625437988907,9.661744026418091,N3,8,571,578
-0.26938432644227817,0.7139477571543384,28.052200477367023,14.145471071250768,N3,8,572,579
-0.7154480530382692,0.7596603820827088,8.809117625343788,1.8411798065221774,N3,8,573,580
-0.5604788712826263,0.6788739382142506,13.244982581060867,0.7716081124638094,N3,8,574,581
-0.5373807040791192,0.5286651885622629,11.922449021760258,-0.6579699313044785,N3,8,575,582
-0.3695851611740295,0.38603828667514684,28.735289189587547,12.728547460171285,N3,8,576,583
-0.37716311105151945,0.25859332553673653,18.936459060738798,10.67225380268178,N3,8,577,584
-0.20698606035666955,0.12291093017796584,37.08203934251378,29.704007051511553,N3,8,578,585
-0.16512365382202532,-0.008431059255441298,37.18242252278742,29.81250432137017,N3,8,579,586
0.17338278890797199,-0.0028638974734516154,50.44506669235216,37.53518395115884,N3,8,580,587
0.2722912891839506,0.0006731921513143391,50.44565952512676,37.53584547836704,N3,8,581,588
0.2048813770201896,0.006566247401135428,47.388476446887125,40.095728074517865,N3,8,582,589
0.19540084128990642,0.012237049550650525,47.218848017682376,39.91238395397477,N3,8,583,590
0.08663041072612643,0.02286509650259383,30.454393989413347,26.578173223219665,N3,8,584,591
0.25777090565978256,0.08162256394418321,37.280241382539316,31.324792234814595,N3,8,585,592
0.1378716689992494,0.1451726554084214,22.22043842451467,9.76404881389226,N3,8,586,593
0.03434875428347439,0.18925980061250236,28.021201609069976,14.15146591076791,N3,8,587,594
-0.42648495918449925,0.10880252306558802,8.849539007507701,1.9243923752644605,N3,8,588,595
-0.44693113133318363,-0.0333085469814165,8.871170150958733,1.9477584969208692,N3,8,589,596
-0.4800619195377074,-0.20474765913569826,5.340171523832851,-0.672570532418149,N3,8,590,597
-0.07526349507018182,-0.3511158466239621,22.85282745120321,13.470230867692408,N3,8,591,598
-0.16829587616387442,-0.5074890726697632,22.754898036497707,13.364365488376507,N3,8,592,599
-0.3981655766213805,-0.7570149005707325,22.591293007361855,13.187488567251194,N3,8,593,600
-0.1300200792430104,-1.0093699788386221,37.86541381612233,34.97981680213729,N3,8,594,601
0.28024002811952187,-1.0542660079565094,49.14093628423643,44.263581753606786,N3,8,595,602
0.4562344588758016,-1.0929683307112317,49.17083069429873,44.295932571625144,N3,8,596,603
0.41772703283752577,-1.0102627155216535,49.207393738041446,44.33550262900576,N3,8,597,604
0.35980044482073126,-0.8952227728053987,52.65132509601608,46.78825313612583,N3,8,598,605
0.1971356329808529,-0.7850619025925818,38.48298207970356,30.395856008109376,N3,8,599,606
0.35819209131215146,-0.6728572292845563,38.487574360696726,30.400815113703175,N3,8,600,607
0.5056690024768322,-0.5105950484608277,38.600527447013064,30.522946958468992,N3,8,601,608
0.1654776011550716,-0.3337664114811645,26.171617284288914,15.787753014273676,N3,8,602,609
0.03664504578511796,-0.35277153441181675,8.888520125553896,1.8930622439897888,N3,8,603,610
-0.1798355982411053,-0.3814976723882735,8.806405923191505,1.804293245201734,N3,8,604,611
-0.10812658822788634,-0.5054298834002093,8.90203880472427,1.9076370352722734,N3,8,605,612
0.6815852768439719,-0.5093281531224756,50.237305988262506,31.57007298320832,N3,8,606,613
0.35990296265378774,-0.5337504884685265,47.09199942281657,34.03476811714995,N3,8,607,614
0.32798366393561196,-0.5400535532884607,50.300102956840874,31.637979318133603,N3,8,608,615
0.2486977043392926,-0.557058548792396,50.23891229452465,31.571807432450896,N3,8,609,616
0.6650303116063796,-0.4001802123238134,61.543767861588094,40.887288064201584,N3,8,610,617
0.6089290776505543,-0.22952726220239938,80.00859924994074,60.26407199304049,N3,8,611,618
0.7365047029436127,-0.05698805739201962,80.01585280853578,60.27189073805539,N3,8,612,619
0.6726404758831883,0.10279446650777047,79.90265890971432,60.14950151491348,N3,8,613,620
-0.10469965739032716,0.14500246701543062,38.534515766880304,30.52503847396747,N3,8,614,621
0.019706525602138925,0.26355410652593214,36.141115849251946,27.93782719048386,N3,8,615,622
0.022151956042520737,0.37596843056652407,35.56963214134885,33.18462933335695,N3,8,616,623
-0.009682718910799082,0.4953928686857223,38.66646161382232,30.667566005711706,N3,8,617,624
-0.33204410502847637,0.43939881834674477,24.506604904384403,14.284326027998304,N3,8,618,625
-0.2094851706677332,0.38484862316058166,-1.1386811875440799,-10.222536274974118,N3,8,619,626
0.7847846751566401,0.3989595883655168,66.04242343212763,13.258790524151664,N3,8,620,627
1.10962647058453,0.4149872044180247,87.05205784857435,30.374128576976545,N3,8,621,628
1.2208511766979377,0.4268016420308234,87.01539183782097,30.334500562038556,N3,8,622,629
1.149353479688397,0.3779327070784477,89.15169198289095,32.64376181763964,N3,8,623,630
1.0825679438639462,0.3465603728288551,86.837601665487,30.142428120161185,N3,8,624,631
1.355596741396809,0.43946747303666633,101.0633533136579,46.59689416044239,N3,8,625,632
1.4138043226883,0.5970275787904278,97.94006866680957,49.08540040302114,N3,8,626,633
1.6306749948495352,0.8164107249620631,121.57263904925594,72.05672046993777,N3,8,627,634
0.6694376481327318,0.9671873335424719,54.342801488024634,48.52272182890101,N3,8,628,635
0.4661010881361065,1.1083664302809177,33.432441929594006,31.514735075878434,N3,8,629,636
0.40079456211994113,1.2426591418586472,36.55420479850363,29.024586495393578,N3,8,630,637
0.8099131771395633,1.365773891822914,39.76818882192765,29.141894671802675,N3,8,631,638
0.8672266368475121,1.455712325619503,42.72817221458672,26.43748310086039,N3,8,632,639
0.6556095231604253,1.418263581074239,25.411710311313072,12.506725105836267,N3,8,633,640
0.6677749416933096,1.305212103892167,25.468173830155138,12.567768575556329,N3,8,634,641
0.12278122424620008,1.0912456434698168,9.110250282838933,-5.171675260540724,N3,8,635,642
0.46959043538852896,0.8853303279393341,30.08185886043566,11.902559480013224,N3,8,636,643
0.3692860969982341,0.7948507823291369,30.073642407897296,11.89366547396412,N3,8,637,644
0.3535187123698442,0.6975629110001922,27.031139834081387,14.469448169246789,N3,8,638,645
0.02711725454251379,0.6023239213325571,24.01310445009949,14.563980934067331,N3,8,639,646
0.25725957513314057,0.5847022750465971,38.077713226770356,30.883639726308047,N3,8,640,647
0.21822082019617284,0.608057810558785,38.11223602411064,30.920952056743317,N3,8,641,648
0.09644913180582648,0.63084819571114,37.97760057164078,30.738687544801905,N3,8,642,649
0.2768665012979632,0.6776844627947263,34.634634463055136,22.66270324361267,N3,8,643,650
0.2737014028892766,0.718165901303129,33.825571381310965,23.38325555242045,N3,8,644,651
0.3579878031254431,0.6354406866102913,33.748868321777536,23.30035829063945,N3,8,645,652
0.2993414555360374,0.5970115530929441,33.78682634430152,23.341431100335285,N3,8,646,653
0.3602204580856174,0.5455272694541389,33.75497323473337,23.30700755957878,N3,8,647,654
0.054427299766580006,0.4337678171078796,16.49877598419107,9.441386266924837,N3,8,648,655
0.17276391900455224,0.2589782432283947,16.4295956065871,9.366612454879487,N3,8,649,656
0.15027252321567275,0.10677124710010055,16.51472588455499,9.495322789885904,N3,8,650,657
0.38685242782413454,0.017123194427624,38.960356700479224,31.404141360826088,N3,8,651,658
0.1488593068413664,-0.029937319563702047,24.79669449857056,18.210882021835914,N3,8,652,659
0.03552722661143548,-0.06317615852296754,24.8039931150106,18.21876955008156,N3,8,653,660
0.09343291524620767,-0.16410536174833545,24.75626742857412,18.16716424702463,N3,8,654,661
0.09515801031733062,-0.06003440705512553,42.11738758890942,32.09640887897831,N3,8,655,662
0.17678525694482872,0.14799671435221384,42.20438012745717,32.190426752645635,N3,8,656,663
0.18891977452177855,0.41934544175326316,45.36479133354669,29.742090447676674,N3,8,657,664
0.335311428632302,0.7848002247717076,45.40069488279232,29.780943541405577,N3,8,658,665
-0.0939272841955372,1.0945099952853035,26.153865967987713,15.792298895272324,N3,8,659,666
-0.1681566766517406,1.389813340903748,20.299294451051537,11.34676163404356,N3,8,660,667
0.01098871794010492,1.7230737391059332,38.63257463380933,30.5813556441708,N3,8,661,668
-0.08136976689697661,2.0707909340552195,38.60503208565251,30.5515396050082,N3,8,662,669
-0.248295452187552,2.2086813770988947,21.30714374000536,16.69059540443095,N3,8,663,670
-0.4673160210718912,2.211970670316802,21.181277508598214,16.554537236742817,N3,8,664,671
-0.5693494789575304,2.138060341619827,17.983007669309245,18.961914911030817,N3,8,665,672
-0.38590276192809014,1.940853676006121,37.2225663371878,32.94268026939835,N3,8,666,673
-0.23079516645456621,1.710512977989925,43.3235997343686,37.65461897283194,N3,8,667,674
-0.43089273097238845,1.4202124714118192,43.19879960862772,37.51972125133307,N3,8,668,675
-0.6850289516429733,1.0597504079205127,24.78880368530281,18.202203047198054,N3,8,669,676
-0.24544108055182434,0.7819110097057553,42.26308332478084,28.860164154074482,N3,8,670,677
-0.24544108055182434,0.5617914338300611,42.26214634093867,28.85921031394173,N3,8,671,678
-0.012180302821342082,0.3396733857640122,42.215230306889225,28.80852779681254,N3,8,672,679
-0.09568018835405923,0.12336645874797547,42.32044544097971,28.922280030760703,N3,8,673,680
-0.21700998001187344,-0.09987741337576672,23.04735168870502,14.905231073183586,N3,8,674,681
-0.25863241682707283,-0.3511325870825992,17.001684232430307,10.253121297271719,N3,8,675,682
-0.20415006343269582,-0.5378015289829943,17.133371150041512,10.395484229957674,N3,8,676,683
0.35510015539606954,-0.7205299550149427,35.44870174136349,29.610697255564446,N3,8,677,684
0.009721186833342443,-0.9885890882460178,18.005516860852822,18.986405898396242,N3,8,678,685
0.2908313738663182,-1.2098693986189897,18.0475071760211,19.031758554040152,N3,8,679,686
0.11305376520625643,-1.372689093143892,18.09669086229951,19.048171246507536,N3,8,680,687
0.43524433111113936,-1.4809517834421513,35.289458690465835,32.82038381911252,N3,8,681,688
0.372063798662559,-1.5355902704405047,41.27815159654483,37.41089593490278,N3,8,682,689
0.3383268961828918,-1.4906441704227333,41.41567045855072,37.55951925432964,N3,8,683,690
0.501132593710043,-1.5086894819787755,41.25093047555447,37.381431026654354,N3,8,684,691
0.7418665801280504,-1.468320599542837,92.59316795690029,46.39277983519651,N3,8,685,692
1.2781119113970512,-1.2676559946975665,126.71337452579837,67.69537721871939,N3,8,686,693
1.1454576055135917,-1.1301995997702292,126.8216530452728,67.77571233670915,N3,8,687,694
1.3065393064262665,-0.9231162516548821,126.66754394449345,67.64585766005303,N3,8,688,695
0.9745340814402432,-0.7317256351812578,109.50251777054837,53.90362985731417,N3,8,689,696
1.0167311770448535,-0.5694711286351968,103.58839424553025,49.393706239672156,N3,8,690,697
1.090992426482483,-0.3178862619407088,103.56335251900873,49.36664294173124,N3,8,691,698
1.0431161076710325,-0.031458557016334154,103.50536833281649,49.30396412389382,N3,8,692,699
0.40417480745911405,0.22696950821748452,34.01871120331134,21.188707211138535,N3,8,693,700
0.25200748549842444,0.3627142382728028,18.24725323996472,19.115929131976827,N3,8,694,701
0.021816355827230183,0.4869245289931783,18.05533585510284,18.94516179675702,N3,8,695,702
0.15530817508968653,0.5036598338274985,35.445087942702685,32.95516214159852,N3,8,696,703
0.3744089415332006,0.5206299188918457,35.481909538526,32.994932024015725,N3,8,697,704
0.4974425001379039,0.5265487807812761,35.30390770822851,32.80254704147819,N3,8,698,705
0.5646251043282788,0.42436242554067505,35.36470460889632,32.86829952650214,N3,8,699,706
0.8341509181727638,0.4911808940542759,52.808541874007915,46.93672982782573,N3,8,700,707
0.7341906875338573,0.5454856252120894,58.61192981228396,51.40040531318982,N3,8,701,708
0.4684843784828736,0.5811133464285643,40.24753875965416,32.15366329728431,N3,8,702,709
0.8553330691674503,0.60206747255382,40.34969165899838,32.26413210929513,N3,8,703,710
0.6644009775385094,0.619411227226383,23.016201510019982,18.314943684383707,N3,8,704,711
0.5345582058248546,0.6135205043550691,22.905021417641365,18.19476685005384,N3,8,705,712
0.4185778461635934,0.6276715338037118,23.132413738312607,18.440581899986228,N3,8,706,713
0.40012514706390334,0.6172292495141427,11.462133199352593,10.212084429440893,N3,8,707,714
0.09797894454693079,0.4190866229770087,-5.866231707555926,-3.7315382427650547,N3,8,708,715
0.16679129424104389,0.21595488833752263,-11.71971215534495,-8.175939394271154,N3,8,709,716
0.38445543887875644,0.17195291256795286,6.578329308568755,11.020567823986312,N3,8,710,717
0.5815651178570747,0.1420596824818361,23.73595749846845,24.77966338739907,N3,8,711,718
0.6891175321339489,0.17289534396078565,23.915632039309912,24.937175653662052,N3,8,712,719
0.535758843517165,0.1874703772505839,23.826854270590047,24.841236411625232,N3,8,713,720
0.4166148810851915,0.17986324951221988,23.634585108582087,24.63336319670907,N3,8,714,721
0.5931723155029687,0.25156722337965576,52.65457204601671,46.82852185995898,N3,8,715,722
0.5540333911220685,0.38136062634148793,61.28743352564743,49.25078296903803,N3,8,716,723
0.34601768854876624,0.5173017652384946,64.33678859756174,46.682384946404454,N3,8,717,724
0.1134630647724677,0.5051078270712139,45.96586563879691,27.333618035544532,N3,8,718,725
-0.4467017533324018,0.4823394866576489,28.74378761409025,13.504877317744103,N3,8,719,726
-0.37721155717871113,0.4691173457588942,28.66373481155688,13.45507823199705,N3,8,720,727
-0.27452561684344445,0.4764430080780837,28.777679018970957,13.578255736410028,N3,8,721,728
-0.19300608684134346,0.5000136490790243,31.980152712133986,11.175382328718115,N3,8,722,729
-0.2660315140060199,0.45620597548668407,14.60434785272173,-2.8195222486569946,N3,8,723,730
-0.15793416434901175,0.35370354533938553,5.957617341102377,-5.293506990697097,N3,8,724,731
0.13425971775381385,0.31902694550663035,2.6478245256480477,-3.0066040634092133,N3,8,725,732
0.35360614636180543,0.2853687674632237,20.249589440083128,11.305984461304433,N3,8,726,733
0.7957581414950248,0.23863222837031195,38.44426501009502,30.39074862417283,N3,8,727,734
0.514647954462049,0.1387782892556455,38.50001716641373,30.45098244930159,N3,8,728,735
0.43690306762577436,0.03884433451058911,38.552656830825526,30.507851674274207,N3,8,729,736
0.80024538427379,0.17135409319580397,52.73189946754337,46.912073659507314,N3,8,730,737
0.49353343730477306,0.2966137661492567,52.634019750494645,46.806302143253106,N3,8,731,738
0.514738344250457,0.4283925875056074,58.69123148363042,51.5075820028851,N3,8,732,739
0.3236258810138892,0.4924289798885404,58.86700928522623,51.69759676097101,N3,8,733,740
-0.12417773780552466,0.5526991828869132,41.353916313243644,37.554337440225936,N3,8,734,741
-0.22998795015253393,0.629358671082402,23.175118464978368,18.486703880219466,N3,8,735,742
-0.06113455327108852,0.6857726624096507,23.04415934511144,18.34515507977858,N3,8,736,743
0.061347261168052114,0.7549257289516618,23.03125360532431,18.331266937122564,N3,8,737,744
-0.3150411699522522,0.5849738090476126,5.7079274898569565,4.393053326503377,N3,8,738,745
-0.06975076280602366,0.39894931837628533,5.737410618300601,4.4249057270849335,N3,8,739,746
0.653392378652697,0.21827282114531243,-0.30519190617997083,-0.2238796184419698,N3,8,740,747
1.118771050329869,-0.07713017722578996,17.01153878863579,13.70717477428434,N3,8,741,748
1.2396706770234331,-0.4842140418350702,17.09564410987059,13.79807502479116,N3,8,742,749
1.363097918979534,-0.9412280736173795,35.39603195926884,32.99712959346516,N3,8,743,750
1.2861817477301116,-1.4657793603025127,35.40847953689172,33.01057857675505,N3,8,744,751
1.5234523296562088,-2.00964142435973,52.65586778546867,46.86664708111266,N3,8,745,752
1.6033711845087524,-2.4975860679976254,52.73050870353927,46.94729631065911,N3,8,746,753
1.356316334793064,-3.0745495487772416,58.29084441879695,51.07484859553915,N3,8,747,754
0.6393289061722669,-3.6634062789917845,58.66156183673411,51.47558127342518,N3,8,748,755
0.1483989083275432,-4.182162319848356,41.44081526611126,37.648240671309395,N3,8,749,756
0.4059354558473487,-4.6343312114726025,107.17275521105375,56.99339389979377,N3,8,750,757
0.14690702106349107,-5.00905140572883,88.84534110495179,37.76513535211461,N3,8,751,758
0.2101296449154546,-5.332881771913453,88.87579819405028,37.79803833956885,N3,8,752,759
0.03456077440379346,-5.713507548549224,71.55906646184985,23.866976154849453,N3,8,753,760
-0.09816490698641189,-6.093684906607534,74.51771561964324,21.200582889100588,N3,8,754,761
0.1133186648827973,-6.3283695091168495,69.1199787994342,17.248792254672026,N3,8,755,762
0.2683630056154698,-6.430070992961069,86.05560994390044,30.76792328385909,N3,8,756,763
0.2989321441405721,-6.5034075189263305,85.71269810499143,30.360552019044007,N3,8,757,764
0.324996304799555,-6.518045451197799,23.191706982525375,11.129357461736163,N3,8,758,765
0.3253509909632797,-6.515371379239606,23.325930519156827,11.274408711420165,N3,8,759,766
0.8244500392015084,-6.279525402709872,53.89462973724949,39.17235477929489,N3,8,760,767
0.7912951842337392,-5.943485298374534,53.9491894829448,39.23132826715846,N3,8,761,768
0.8592446464093797,-5.5976111714928285,56.89951632524253,46.40212311397181,N3,8,762,769
0.681088813780903,-5.255362125096013,56.78678641672877,46.28026594755784,N3,8,763,770
0.47764910380623604,-4.9446390113591745,39.41469509405306,32.28937484681455,N3,8,764,771
0.6713827085836712,-4.538071279542072,39.744312932748926,32.68238786025586,N3,8,765,772
1.1217385659872932,-4.116523207241081,70.61715061499717,53.81142874579291,N3,8,766,773
1.0599331829265992,-3.53440069329918,70.40572179326864,53.58289018923142,N3,8,767,774
0.446436674139548,-3.0653369170079303,32.63417303617052,20.530745301889965,N3,8,768,775
0.4568063489432319,-2.6145852086597006,32.63801744236116,20.534888510024757,N3,8,769,776
0.4200650116149731,-2.1300591171518075,26.724904603292998,16.0260539226083,N3,8,770,777
0.9504612582986027,-1.6323128785525935,45.86768869060461,28.22192840935486,N3,8,771,778
0.9355256117516504,-1.2421635114259257,45.958587628635996,28.32014627804938,N3,8,772,779
0.7804872037242845,-0.9624349618585724,45.85782318907377,28.211246615318487,N3,8,773,780
0.08748759028292596,-0.7195772536328793,11.70576360224959,6.894444870339612,N3,8,774,781
0.4290342546696735,-0.6626602209282972,30.99488022370997,19.248506837377136,N3,8,775,782
0.6787676780660874,-0.5303894181830171,56.46293320961331,43.563759103150915,N3,8,776,783
0.5939350189520312,-0.34618707941072335,56.15848964557699,43.234700917146256,N3,8,777,784
0.7624495169317385,-0.2650637573240471,56.43979725475083,43.53878974128929,N3,8,778,785
0.2673627139570911,-0.24620286567074334,37.13068876951547,31.163089207471785,N3,8,779,786
0.3320555283297182,-0.1562814732848583,37.179122274308156,31.21546714113856,N3,8,780,787
0.300004209503804,0.029028519564177735,43.265749577764836,35.91182605576569,N3,8,781,788
0.2421610566252994,0.19519453772338347,43.119371110133216,35.75359614687022,N3,8,782,789
-0.19174919892765985,0.3411889051273995,24.045319376350108,23.63202046196602,N3,8,783,790
-0.4010682705720754,0.3050740177550413,5.69593287743146,4.380006182249417,N3,8,784,791
-0.3588835613546735,0.2390686464841627,6.000425725831974,4.709137695054778,N3,8,785,792
-0.2321853662413247,0.2996031982529912,22.977002941112914,18.272494537701732,N3,8,786,793
-0.11474764958306594,0.3705509548180683,19.700905766299,15.927731974974904,N3,8,787,794
-0.10460430467900039,0.37776703296644065,22.73158916547618,15.846842045592439,N3,8,788,795
0.10434803952037441,0.30548684875076804,16.757641912489817,11.272239558700676,N3,8,789,796
0.20426632980011306,0.32118142372389125,34.175822918827635,25.263189496710766,N3,8,790,797
0.2885725780711965,0.4478715218442382,33.95576288725806,25.025294817924987,N3,8,791,798
0.4269193629271939,0.5762977371919198,34.14030051679447,25.224775237418726,N3,8,792,799
0.6408629193062794,0.647201366660406,52.41348437469878,44.39441452014262,N3,8,793,800
0.4118775286539673,0.5915085693389046,38.216697237454355,27.971289533238178,N3,8,794,801
0.3453286854250095,0.5140403853246509,41.494429101091555,30.31785778112726,N3,8,795,802
0.27963135328259625,0.4279373222686571,38.43187525302437,30.36426532709629,N3,8,796,803
0.08299564363843359,0.4114375124255205,44.29983436507155,34.791947753992645,N3,8,797,804
0.18065128895134563,0.33575510272939457,27.110129581418278,21.047962395425202,N3,8,798,805
0.40307334839754105,0.12359717612511822,27.11413564767372,21.052340684251703,N3,8,799,806
0.3978126415479224,-0.08786062311798926,27.03898449230519,20.971082699388262,N3,8,800,807
0.592880698287594,-0.28913040494779096,28.012019071758004,15.764502570455534,N3,8,801,808
0.2934468699895021,-0.4338898907894131,24.890780449934027,18.255162521369584,N3,8,802,809
0.20214127308828012,-0.5419023770642908,25.06724821161606,18.445904100166445,N3,8,803,810
0.10957982487739315,-0.6759961217077768,24.95385258397073,18.28665726637564,N3,8,804,811
0.5864971172423026,-0.814709367698284,38.20289562938888,26.02699881788385,N3,8,805,812
0.3513200198670745,-0.9448947607253126,38.20456797466795,26.028791761041703,N3,8,806,813
0.10464591991892291,-0.9993729907488351,38.26005903976693,26.088782923295184,N3,8,807,814
-0.01959105179854248,-1.0144248825862752,38.21526164109582,26.040336144978937,N3,8,808,815
-0.2522575989516369,-1.0044998596591301,18.97131020528741,12.079696691400386,N3,8,809,816
0.08149708100431496,-0.9507305974636977,37.186246295968886,31.16492934662483,N3,8,810,817
0.17011938001612492,-0.8502925103900711,29.849030222224428,25.865445940835343,N3,8,811,818
0.2870442616365523,-0.7016969390466987,35.97584889987502,30.64199469480627,N3,8,812,819
-0.04711394118734802,-0.61792034831335,16.815693875459147,18.42735671941091,N3,8,813,820
0.19372935733783692,-0.5536501537946017,16.60836988718802,18.203276698806803,N3,8,814,821
0.47540634442383123,-0.46456653672080206,83.94466638630183,41.85221307403572,N3,8,815,822
0.7526256785700696,-0.35341519564171264,101.2778178589333,55.801050052985374,N3,8,816,823
0.5194139106802993,-0.14415697980667153,104.33956145648972,53.246088412446625,N3,8,817,824
0.4383295425120082,-0.04994570382340546,85.942602473423,33.92738509212586,N3,8,818,825
0.43602269361120705,-0.027113260619908264,93.29917671127441,39.24779185170064,N3,8,819,826
0.657984381817009,0.05064300975895941,106.56929829146975,46.978502479084455,N3,8,820,827
0.43844508182055364,0.19536009897836637,106.53931438270683,46.94607144727797,N3,8,821,828
0.15947208609442498,0.40015218616272064,106.65852872062987,47.07492820379002,N3,8,822,829
-0.20605076487932905,0.5835801000326977,39.35184213316825,23.458004787565642,N3,8,823,830
-0.5677729041742978,0.7046036845704613,22.061170736275017,9.555083764329538,N3,8,824,831
-0.5027189690626912,0.6973020984165048,18.67430846699699,11.758618687576018,N3,8,825,832
-0.28065061318239515,0.7619107511518153,39.28486651950061,30.07431928605274,N3,8,826,833
-0.294627090085136,0.8248574713439143,45.152355384559996,34.533844050253265,N3,8,827,834
-0.3740928219341839,0.8721259432124384,28.963207014266118,19.66616474325201,N3,8,828,835
-0.27917156287695377,0.8517931326262218,25.56714835702769,17.19173132083506,N3,8,829,836
-0.21296953102778815,0.7598284638112429,25.53231275374219,17.15410721247872,N3,8,830,837
0.1950811191346915,0.6389826290871126,42.75432004064987,30.98277078593128,N3,8,831,838
0.39152712074340457,0.6327938884330262,42.72965763510456,30.95613128495097,N3,8,832,839
0.45291239807173866,0.6138831892128969,43.04762979772295,31.299858388600114,N3,8,833,840
0.18808413109464794,0.5324413846030001,22.657705826678466,13.22265672268577,N3,8,834,841
0.5118242355152844,0.6207367329794744,34.06685580497469,22.650864237349197,N3,8,835,842
0.3202441032174974,0.743549439927093,30.98359551837075,25.182590780382725,N3,8,836,843
0.5568949341985174,0.8473602215597551,34.36248012079068,27.60177985024211,N3,8,837,844
0.596213702515243,0.9436686443918236,30.95794157981254,19.505270410302273,N3,8,838,845
0.16683091697565544,0.9589783392922955,13.638071568019768,5.570803772315685,N3,8,839,846
0.06817644130679668,0.8564744796226851,13.749645849703484,5.691403816111688,N3,8,840,847
-0.01117648004692029,0.8110746943663092,13.678194686176539,5.614169510162355,N3,8,841,848
-0.1341715874533307,0.7136218636865104,13.567220599882603,5.530947154192745,N3,8,842,849
-0.26198502972582105,0.4617245711291169,18.228347151887647,13.662120140744719,N3,8,843,850
-0.21325404053538932,0.0982040822730792,21.17900638451556,10.987088101014251,N3,8,844,851
-0.3803064105453018,-0.23689107019587885,20.914301740248447,10.737650638174273,N3,8,845,852
0.33003222269090315,-0.511003553270613,67.04478404475594,47.8575732050067,N3,8,846,853
0.4228149907029177,-0.7177306869975382,67.19774944607889,48.022920571439954,N3,8,847,854
0.4299413197357467,-0.8099928469291755,66.9890242766669,47.79729427900884,N3,8,848,855
0.26756892702236,-0.95424195568687,67.12587011466894,47.945192881435105,N3,8,849,856
0.662192463041336,-0.9684081079767999,86.38630401608953,60.26821870214735,N3,8,850,857
0.4996504042733747,-1.0099796324851262,64.33977950449298,38.13174968336352,N3,8,851,858
0.3410156087200349,-1.0122515572459156,61.429050891065344,40.8499656818949,N3,8,852,859
0.19330302158278556,-1.0284289345699733,64.80626832420785,38.63602061751726,N3,8,853,860
-0.6573017769462339,-1.075176608889305,22.04476042115857,9.574134990623861,N3,8,854,861
-0.675628539620206,-1.1159278509243475,22.036387562832715,9.565048420434323,N3,8,855,862
-0.6401649199356783,-1.2533103245006192,22.12312540745006,9.658840511043763,N3,8,856,863
-0.6015498583154582,-1.386344868349894,21.929918022808124,9.450035578985535,N3,8,857,864
-0.7326882122821203,-1.5386939514720699,2.7901655677360395,-2.7425293160163164,N3,8,858,865
-0.32431988827001845,-1.6162293606539344,24.134105079138862,16.603102824280995,N3,8,859,866
0.623593722919253,-1.7196496569817268,23.98368407477392,16.40378111077098,N3,8,860,867
1.1184541916769604,-1.775384775687427,43.64133616172967,34.563719766891154,N3,8,861,868
1.1901388525978618,-1.7868075618061026,43.70473225062506,34.63225801998806,N3,8,862,869
1.147046768350485,-1.7609611212865306,43.65430263968028,34.57776353308964,N3,8,863,870
1.0603731051430003,-1.7447295349716905,43.63168865800071,34.553300530697015,N3,8,864,871
1.5709156201557803,-1.6571926610380663,62.998214769761944,46.99096857099585,N3,8,865,872
1.4795739067786045,-1.369829070428282,62.90600338531385,46.89124711472232,N3,8,866,873
0.941665685766182,-1.1131206076772093,38.21306488190385,25.122056538387824,N3,8,867,874
-0.001987522278859899,-0.8226649603093845,41.36922118022085,22.705851827035985,N3,8,868,875
-0.5267130206399528,-0.5424881802596113,18.633839329469993,7.0835840008007835,N3,8,869,876
-0.6346509808424443,-0.23978871191966444,18.616471776069375,7.064791273799983,N3,8,870,877
-0.47348705775583255,0.024394722994049545,18.500978834125817,6.866467730183558,N3,8,871,878
-0.4802648926787825,0.31197285480746295,18.698354590829695,7.079826735469396,N3,8,872,879
-1.0372715876601717,0.5566091897397296,-0.5964507720145775,-5.280328761662986,N3,8,873,880
-1.0194318369754285,0.6283700811665369,-0.5256289136978012,-5.203742018456978,N3,8,874,881
-1.047119416872718,0.6916893423966055,2.8469278266484253,-2.754722739397039,N3,8,875,882
-0.58873718182479,0.7446860230211216,31.667733420043078,29.90031341379381,N3,8,876,883
-0.5137009760308686,0.7801855010387246,31.65545252017182,29.887068116080627,N3,8,877,884
-0.4778804471532041,0.7562335913899183,31.718366654747115,29.955108242017104,N3,8,878,885
-0.6050604988069708,0.8414374849124826,31.843231603285858,30.163559510115192,N3,8,879,886
0.01771240562741383,1.101237816326555,100.7803174935998,59.130736508241625,N3,8,880,887
0.21364250652706573,1.3352507314448845,100.86286847223073,59.21995482545344,N3,8,881,888
0.15745875212194704,1.4931798420498468,100.90435354559486,59.26478079374556,N3,8,882,889
0.2574750133383361,1.6325920115932613,103.94655920059449,56.68870937597376,N3,8,883,890
-0.12151089577643148,1.754264900212147,75.1192365072202,24.026623716843005,N3,8,884,891
-0.15927118320523448,1.865601627763529,78.27250637628822,21.570531366370687,N3,8,885,892
-0.045710925894375976,1.9594798250484025,78.26817130194377,21.529099131989824,N3,8,886,893
0.06886219820400186,1.9159912358834137,78.26101922060207,21.521393515219643,N3,8,887,894
-0.3809612309086674,1.668050033463853,12.260448723007357,-10.13612588049864,N3,8,888,895
-0.5481658913713687,1.4650167101497558,12.161352970197186,-10.243273361130832,N3,8,889,896
-0.5313094821532687,1.2643885581234082,12.13839971374182,-10.2681168039976,N3,8,890,897
-0.17396806417636412,1.0395409876811126,26.41651521075437,6.242893137363353,N3,8,891,898
-0.10288493830319823,0.807780774010395,45.087393531212,30.595103057756205,N3,8,892,899
0.08864894607969376,0.6337955321447275,41.87354039827824,32.985667407207075,N3,8,893,900
0.06216064246977737,0.43944493925077044,41.88787353911448,33.0378715027955,N3,8,894,901
0.2504739822182742,0.36224403828960927,61.27268268631724,47.17558107134528,N3,8,895,902
0.1317692641792405,0.34487541745264183,58.00997326646575,49.51332918232947,N3,8,896,903
0.2564484894263259,0.27940999180611703,58.095275518731796,49.60556127775499,N3,8,897,904
0.1781615154632732,0.19229275790869904,58.16177655370484,49.67747935889747,N3,8,898,905
-0.1799859452641499,0.1445282794173708,40.89911847732401,35.804885674468096,N3,8,899,906
-0.31990848068792843,0.13601253977452488,19.08176435515088,13.916066999532632,N3,8,900,907
-0.31337736259913385,0.0908614161621939,19.19567977506631,14.039200203026212,N3,8,901,908
-0.3435589747523409,0.045589648390641724,11.903782263600078,8.788764252567944,N3,8,902,909
-0.6210270299746412,-0.11477119252184309,-7.63802088396551,-5.5186684540130955,N3,8,903,910
-0.3331912527615657,-0.26566998764080774,-7.435640301864623,-5.2998977756828936,N3,8,904,911
-0.2657247640469578,-0.3396218101038011,-4.317645497024387,-5.286411359801605,N3,8,905,912
-0.11320262371905443,-0.342387898155994,12.882477580277737,8.493713137000668,N3,8,906,913
-0.07690672788801578,-0.2887736262742475,18.916447068243542,13.133176630796243,N3,8,907,914
-0.024457127623541908,-0.2270725842998893,18.75711164193399,12.96094347806411,N3,8,908,915
0.1867993624237343,-0.0038442864455330295,37.00759651213866,32.106087411254975,N3,8,909,916
0.5888695892544717,0.2880088694570322,61.63836688072297,47.84070745503959,N3,8,910,917
0.5264268885174701,0.7073473893127904,61.82765630708127,48.045312790785374,N3,8,911,918
0.22421231284662468,1.048082571582576,61.73299674888585,47.94298900048261,N3,8,912,919
0.16021328090319997,1.3067459437125368,58.72435470286928,48.04773876488025,N3,8,913,920
0.03973809378603477,1.495160181878262,41.401314328656554,34.0980610386091,N3,8,914,921
0.043974146054026164,1.598780799424593,35.26279671361317,29.345570360447255,N3,8,915,922
0.0962911963563613,1.6620744421100935,35.57981991251472,29.68822433735977,N3,8,916,923
-0.20184956777842444,1.5388525155915331,17.294200667764017,10.505102910433834,N3,8,917,924
-0.5556045809301082,1.3536601950000726,-0.11309361094117776,-0.053010517421171244,N3,8,918,925
-0.2566590208607522,1.075793184433314,-0.24152452685120807,-0.19182350321716513,N3,8,919,926
-0.3753928740904371,0.8557386894417653,-0.46040220743543614,-0.42842794744365165,N3,8,920,927
-0.15705528862113738,0.6516755833978509,18.96447214773798,12.072184688523521,N3,8,921,928
-0.3088416384023347,0.4092907084859256,24.632499033932618,16.352797752510924,N3,8,922,929
-0.25780796230940695,0.19184381266512313,25.003437939582,16.753789369530296,N3,8,923,930
-0.33695503806476523,0.02180055380922208,24.824688123022497,16.523864309911005,N3,8,924,931
0.24820080658537336,0.06900488526880555,54.208033866141704,44.56439750775735,N3,8,925,932
0.7812057588841554,0.124113534631346,89.51793090397587,65.91856828671371,N3,8,926,933
0.48962497307276465,0.17551524454720502,89.50684703331899,65.90660498662737,N3,8,927,934
0.406911487513959,0.16407063940378747,89.88802985547863,66.3186730509251,N3,8,928,935
0.0072244858837109405,0.13263969473945672,69.69170960752399,52.984110321840944,N3,8,929,936
0.2351810987250218,0.12971429018763725,64.60525651026546,51.849612324476766,N3,8,930,937
0.30383094851472237,0.09680051707802245,64.24504427212196,51.46020421490539,N3,8,931,938
0.4056187110017291,1.2000463608274892e-05,64.3657469265363,51.627425385315746,N3,8,932,939
0.026194703134045483,-0.2820174781198383,35.09992802782017,23.67722428505158,N3,8,933,940
-0.4954380693224536,-0.6265356654708378,-0.4192627401471327,2.09679919905966,N3,8,934,941
-0.38528045986330284,-0.953349181384831,-0.17209397598253418,2.363970149065608,N3,8,935,942
0.0016021975745204031,-1.2286005046940853,18.995646629881776,16.26707381964843,N3,8,936,943
0.0864683810212199,-1.4169139991559148,19.637235958660312,16.96060472813042,N3,8,937,944
0.04484803811602944,-1.4953918773496193,19.021291952310094,13.814011843070602,N3,8,938,945
-0.061498276998925405,-1.5006767084752464,19.14299640360059,13.945579915801318,N3,8,939,946
0.15694883729082676,-1.3087037873740623,36.35176156645139,27.759944115477992,N3,8,940,947
-0.09486227651808576,-1.0824003989343534,42.15295952312408,32.184523072758566,N3,8,941,948
0.18743037284649944,-0.7921564337255366,60.43845794027948,51.36752700114084,N3,8,942,949
0.24052256827722118,-0.550444374774844,63.66869732465784,48.99457371864628,N3,8,943,950
0.06570608113588605,-0.3448069508577607,37.130022859401834,29.75550817484873,N3,8,944,951
0.5862696814883961,-0.18597347929624086,104.3376997093419,53.26554324057588,N3,8,945,952
0.70218748580821,-0.14120479052103008,107.42729440775383,50.74068061982689,N3,8,946,953
0.5993302955503736,-0.15216264331765483,104.00186047237003,48.234489648795716,N3,8,947,954
0.27990891761696446,-0.34490167552034845,86.75271255745429,34.37643891840298,N3,8,948,955
0.19148251069479016,-0.5320369050270888,80.68559937146256,29.70118327847831,N3,8,949,956
-0.08219510843974831,-0.6298209710738798,62.7265811538291,10.871076383258242,N3,8,950,957
0.28572270573408787,-0.6858819080093943,78.54524048135954,25.338403208383625,N3,8,951,958
0.18022343388749107,-0.7178948187302121,85.81342077426689,30.563259682120588,N3,8,952,959
-0.25586147893137223,-0.797919139112027,18.52409589353465,6.965016775101958,N3,8,953,960
-0.4427701881211732,-0.8273643268107653,15.620592285425118,9.691064265695331,N3,8,954,961
-0.10544542851906868,-0.5575189302144574,35.97791989911366,25.712435365196143,N3,8,955,962
0.15449032218016612,-0.2789091699502664,42.249387118213235,30.543864388546353,N3,8,956,963
0.21599029004970305,-0.05404015667331041,42.3192415581434,30.582637838023402,N3,8,957,964
0.16568992551756168,0.08776337798185319,42.09336549685486,30.338516846555194,N3,8,958,965
0.01710424697435542,0.20004618596986035,43.12094912536577,35.923481319278835,N3,8,959,966
0.2624608964252886,0.29265726220233246,43.092964321874206,35.89322678921735,N3,8,960,967
0.34626265974315373,0.42828277762073963,46.37064755757183,36.079303017876555,N3,8,961,968
0.2518049637745037,0.5474366222141263,46.2187292564804,35.915075116357,N3,8,962,969
0.16365321311562298,0.38097036675066587,32.38637059879784,19.885767066988137,N3,8,963,970
-0.019430935776121316,0.2233891567333175,25.992864876689055,14.885732280654338,N3,8,964,971
0.19800875031289422,0.07208629584753146,26.179884798000785,15.124588414586924,N3,8,965,972
0.454330351429185,-0.06770710472474128,41.61584033457984,25.729773611014025,N3,8,966,973
-0.0031057754977084073,-0.2028454539872655,21.39442588402835,7.8937271125719235,N3,8,967,974
-0.1516758390281936,-0.2787982691141626,20.56730285640242,6.999654978964827,N3,8,968,975
-0.20071731783297508,-0.3511229942355154,18.223276836763034,7.822771217830905,N3,8,969,976
0.28601053017228395,-0.3440501692702784,35.55309921341359,21.767949250983747,N3,8,970,977
0.15393803687849328,-0.21086650367259274,32.32469253741601,24.14282395213968,N3,8,971,978
0.2616424378677351,-0.0772952870526753,41.08380092804964,28.937851652400695,N3,8,972,979
0.1326421093104173,0.051023074598565366,40.9079480212431,28.747761708229973,N3,8,973,980
-0.08766089805848054,0.17330971733584732,25.455105973881473,18.124304280285287,N3,8,974,981
0.3953018996536102,0.291485317240618,43.70933486899867,37.273486789712024,N3,8,975,982
0.4590639158637799,0.3684856712691915,44.810743503735466,38.46407906149034,N3,8,976,983
0.5168795064620042,0.4281496063317962,43.916454489818534,37.49740183736321,N3,8,977,984
0.2973080639919061,0.4204466253605985,26.634178336300465,23.603591591503573,N3,8,978,985
0.4726624710706062,0.28650550103328376,26.63966509367765,23.60951187454657,N3,8,979,986
0.36644004518588247,0.1479574024886703,18.08651055334576,19.07381467380037,N3,8,980,987
1.4169049912874456,0.08095144083831896,37.28042322288911,31.324980488168876,N3,8,981,988
1.508372235948066,-0.03000018092636303,37.39148846049193,31.445052737680726,N3,8,982,989
1.111403299624662,-0.16191055595430637,19.2061616412484,12.370409657133223,N3,8,983,990
1.124009019429515,-0.35640665917188885,18.97480599920982,12.08362222283813,N3,8,984,991
1.403071807386958,-0.4826214787429368,38.176124408475516,26.023095684243344,N3,8,985,992
1.2359615015740886,-0.5309575780635032,38.15817928318302,26.003731342463652,N3,8,986,993
0.9839838753893062,-0.6010897545313187,44.125886755341526,30.571535848906933,N3,8,987,994
0.9465094797714997,-0.6728384573994766,44.126182030198834,30.57186533802269,N3,8,988,995
-0.15113898311016527,-0.8316941617948288,24.92836627439374,18.31647280705465,N3,8,989,996
-0.18901841471714675,-0.9829939755409525,21.438806283378653,15.74088255090328,N3,8,990,997
0.0002141044892738364,-1.128629006178869,21.331497441023203,15.624844782371383,N3,8,991,998
0.26892015532221336,-1.2322914936813008,39.75313322202874,34.970127209544444,N3,8,992,999
-0.06310845645615615,-1.4040556716852337,20.594094641413903,21.076383023494145,N3,8,993,1000
0.1124278495589408,-1.6068033914892568,20.20366055195518,20.654341981059133,N3,8,994,1001
0.23847556404529513,-1.7923115236543574,14.530358512123712,16.404788155679853,N3,8,995,1002
0.543250522432011,-1.9749931892591417,31.934718161193814,30.430504700756956,N3,8,996,1003
0.7110828778503944,-2.1421803001572752,31.98507713426625,30.448216821358983,N3,8,997,1004
0.6923884279974288,-2.248836884520456,35.50019962550141,33.05137712194983,N3,8,998,1005
0.6340684571787278,-2.3345281322939435,35.54871902368268,33.103811263995794,N3,8,999,1006
0.514260974723058,-2.2818099075679474,34.43980448810362,27.721940279384853,N3,8,1000,1007
0.5431422563361892,-2.1542384713240468,34.41405820086129,27.657366479681514,N3,8,1001,1008
0.4319040715725819,-2.0091264201377967,40.69623611260431,32.565103932766306,N3,8,1002,1009
0.5302685458547032,-1.8494377180443973,40.46187846495832,32.31172834566087,N3,8,1003,1010
0.35306318020108307,-1.6727577513850473,23.04083166123928,18.26795865279928,N3,8,1004,1011
0.292141401569495,-1.4772131311715757,23.022819837237876,18.285221376792833,N3,8,1005,1012
0.7875669375580259,-1.2725522967067482,58.291769984844905,39.5952311214819,N3,8,1006,1013
0.8600191246538742,-1.0446273785386095,58.21552860850443,39.476115390199084,N3,8,1007,1014
0.5808840289571009,-0.9136559363357382,33.43759555532142,20.069085199790607,N3,8,1008,1015
0.818802760825946,-0.8320734742542699,52.053837436136746,39.646237817034034,N3,8,1009,1016
1.3189548089000098,-0.7338371148721761,113.31694375829557,58.61348276565877,N3,8,1010,1017
1.413091647380007,-0.4993730726077974,132.49783604434742,72.53088047739493,N3,8,1011,1018
1.2571718540154393,-0.23489891799889673,132.38869500369037,72.41292681832647,N3,8,1012,1019
1.1736106286668857,-0.002854154150333521,132.45974781600944,72.48973680698691,N3,8,1013,1020
0.6131886424792157,0.17466242163184909,97.17757474332575,51.165485801171144,N3,8,1014,1021
0.9827287179278485,0.44645655808970464,116.44372749538434,63.531421087308445,N3,8,1015,1022
1.1209204511448405,0.7386020513048077,123.93742988219674,69.04250836214032,N3,8,1016,1023
0.7204834435272431,1.006954650418665,105.23443080806737,49.40828418108049,N3,8,1017,1024
0.21218769277442107,1.170974993208521,38.017536015200676,25.88825688989982,N3,8,1018,1025
0.062031954149304624,1.181421791779072,18.967472828066093,12.112287391537848,N3,8,1019,1026
-0.02350453322778634,1.135572007946891,18.931490529333132,12.036651591283771,N3,8,1020,1027
0.08266593335671502,1.151105084517913,24.9019045469131,16.575058840992824,N3,8,1021,1028
0.14328822044297596,1.17468197027421,24.9635336145393,16.64166509630013,N3,8,1022,1029
-0.38891500452677263,1.0607062316802542,5.73962168280832,4.358135012191269,N3,8,1023,1030
-0.42622495462114074,0.8814406353509323,5.660003583928301,4.272080232887674,N3,8,1024,1031
-0.12954667900334726,0.814834338043446,24.094342186240283,23.615951249826594,N3,8,1025,1032
0.17838889627407184,0.7946045659206238,41.25505535000775,37.3784365178376,N3,8,1026,1033
0.15953040039018873,0.7574385282218037,37.79056555308671,34.830024067650356,N3,8,1027,1034
0.2936879624131876,0.7058664041989067,37.96438166346252,35.05466077260553,N3,8,1028,1035
0.2672503055186155,0.5808195419747078,31.91259680553776,30.42831553967335,N3,8,1029,1036
0.40878345193534216,0.7687539496911446,49.17179112726171,44.24741566876628,N3,8,1030,1037
0.6194227601243938,1.0027829657449727,52.41568249194734,41.8892812732729,N3,8,1031,1038
0.4469162593001883,1.2225977900354303,48.99611009183718,33.77658412959181,N3,8,1032,1039
0.3510338063584797,1.3068803564287492,30.668259429014142,14.547829296246618,N3,8,1033,1040
-0.047575982654720406,1.307867253489246,13.518956978300594,0.7976543636032147,N3,8,1034,1041
-0.08876421554941061,1.3580156485287045,19.896432249046484,0.6302783652849939,N3,8,1035,1042
0.03921290484530715,1.4138726528208951,25.87518568424457,5.210020347836689,N3,8,1036,1043
-0.11934253240627157,1.4631703316094553,25.803809604679373,5.132837274842132,N3,8,1037,1044
-0.25977998916285827,1.1792289045544582,8.537422914992021,-8.69406874250808,N3,8,1038,1045
-0.2441750669505609,0.7914429516164647,5.298468482994394,-6.3306089872089615,N3,8,1039,1046
-0.1035869604271511,0.4619870013301539,8.780557714027054,1.8497016885726225,N3,8,1040,1047
0.06381635870388891,0.1668099051031504,28.033538757274073,14.164671939009622,N3,8,1041,1048
0.3329954147842358,0.07329371553395703,46.36559673095962,33.39798247075669,N3,8,1042,1049
0.3755448915582491,-0.037306582313366476,43.2196954951587,35.86199238661811,N3,8,1043,1050
0.3774878302155713,-0.1644540899541287,37.19934667445341,31.237245097796404,N3,8,1044,1051
0.7061977891378532,-0.09841670490729193,54.62140640230791,45.232396166531544,N3,8,1045,1052
0.7677472058692985,-0.014446301043819165,54.635100116105605,45.24723689075927,N3,8,1046,1053
0.6144342140881491,0.17096466122316212,54.65745521602639,45.27135636242838,N3,8,1047,1054
0.5527498347328574,0.29828073963956214,54.580908950129015,45.18856547593623,N3,8,1048,1055
0.3535121618903858,0.3945453363271052,35.36873327255216,32.91769906696754,N3,8,1049,1056
0.16490304962356817,0.3099349955155457,17.018198842131824,13.664432637983737,N3,8,1050,1057
0.277355732830209,0.21760158518242267,17.135674983214813,13.791405269508232,N3,8,1051,1058
0.26562974039652687,0.13314698706471306,23.057748473844185,18.309916421910657,N3,8,1052,1059
0.09547521872582365,-0.14061360780753995,5.556620173557349,4.2292987373703,N3,8,1053,1060
0.14612486206269182,-0.38492318403478754,8.797006051703647,1.8673305778520444,N3,8,1054,1061
0.20596709519759315,-0.6626396433308246,8.759591007825293,1.8269387272580389,N3,8,1055,1062
0.5676200084157799,-0.8918575644289901,27.985238953100634,14.112405698142084,N3,8,1056,1063
0.41807374110899076,-1.0498771863676244,27.940439059533674,14.064009556286237,N3,8,1057,1064
0.4953368395717064,-1.194400575313932,28.054788032233773,14.187645177795275,N3,8,1058,1065
0.5373578931473304,-1.3539873298951735,46.29290651209976,33.31939679998504,N3,8,1059,1066
0.816403700917526,-1.383750172498952,59.55582861835046,42.72269364752083,N3,8,1060,1067
0.8302419178421871,-1.169452401471594,62.791625951625065,40.35586432575383,N3,8,1061,1068
0.8685998315774413,-0.965735728873975,59.56940752870196,42.73746409230671,N3,8,1062,1069
0.7231644891982327,-0.7829409805306131,59.46012932341091,42.61933222752077,N3,8,1063,1070
0.549950554547685,-0.6117219395741627,40.43398977347806,30.54952857537546,N3,8,1064,1071
0.711533364946277,-0.494056378182246,40.44863402304418,30.56533784057956,N3,8,1065,1072
0.6436302483867777,-0.3264214506107814,40.32781091410652,30.434753634282515,N3,8,1066,1073
0.38960471103025185,-0.1324130402151953,28.10183761350072,15.918895062034153,N3,8,1067,1074
-0.03451359690578215,-0.047065630176438056,11.945618142233798,-0.5935134356736853,N3,8,1068,1075
-0.04105817857902849,-0.1836788326545129,8.911034712763467,1.9908008257284564,N3,8,1069,1076
-0.1338038324738875,-0.3311834527607731,5.392147337687675,-0.6164491063823334,N3,8,1070,1077
0.23114635298802,-0.49017827224836097,22.848150900965265,13.465135942381949,N3,8,1071,1078
0.031764939247246105,-0.5995805927803115,22.69831160844842,13.266450254361189,N3,8,1072,1079
0.04639811413648687,-0.6784928952804359,22.706050231654444,13.274847234699791,N3,8,1073,1080
0.1008061902995081,-0.7537349744858588,22.71183253581239,13.281097345456601,N3,8,1074,1081
0.9451602349227173,-0.6971276966946007,88.82916548026878,47.70948534624358,N3,8,1075,1082
1.0686347492830635,-0.5117106401482951,85.75499331852279,50.25106132439896,N3,8,1076,1083
1.047979043286567,-0.32041316833891553,85.75400729038938,50.250034393860915,N3,8,1077,1084
1.0107173699405223,-0.059550476133945374,89.01317529468542,52.539811248967,N3,8,1078,1085
0.8512376782093583,0.23288370534990221,74.9926895003864,36.307229893121985,N3,8,1079,1086
0.8625826492833681,0.46458162194308006,75.00378821830054,36.355986626755566,N3,8,1080,1087
0.8663731675228945,0.6715665211140296,74.97908731233838,36.329248783409184,N3,8,1081,1088
0.7404878647428177,0.8296903853243203,80.97005508603343,40.92217705984649,N3,8,1082,1089
-0.039383640615994864,0.847105728969443,8.831797943155834,1.8684299425462996,N3,8,1083,1090
-0.19710977673749852,0.7248436138254917,8.827358512178762,1.8635861837383345,N3,8,1084,1091
-0.14890322382565557,0.5970192273706134,8.536385796479408,1.5490642212998864,N3,8,1085,1092
0.5139898630918722,0.42271888869246066,51.30202438914603,30.652192376013318,N3,8,1086,1093
0.43471564575449406,0.2553188918270566,48.08111026361257,33.035145494272456,N3,8,1087,1094
0.5530898187512818,0.07461466938705819,48.03046991983683,32.980399736120035,N3,8,1088,1095
0.4378867347174946,-0.08239792932170609,48.05802922330622,33.010217201071555,N3,8,1089,1096
0.8206129018279356,0.011490312238350953,61.24480860484073,40.6509536902272,N3,8,1090,1097
0.7784308638747035,0.10108227496963629,61.273307278052016,40.68172759510071,N3,8,1091,1098
1.0254599739942378,0.2094011680661101,79.51706115513298,59.81958501816962,N3,8,1092,1099
1.0146839987760288,0.325260603256476,79.88987291868034,60.22257166328791,N3,8,1093,1100
0.23215323036559,0.421507895200258,30.05339419320717,26.102149286135045,N3,8,1094,1101
0.11983404407765619,0.5148283906889182,29.907100727855322,25.944061342989244,N3,8,1095,1102
0.08524837828107934,0.6320345111339787,30.044626486521338,26.092682280625922,N3,8,1096,1103
0.17354942246974758,0.7822639136214553,30.03230404873466,26.079335340748912,N3,8,1097,1104
-0.05012157089014124,0.6842900596784149,10.803321209381465,13.790263942212277,N3,8,1098,1105
0.04828182641585954,0.5804351509491621,10.779902813839726,13.764957179454541,N3,8,1099,1106
-0.05562217743718634,0.482046020774864,-7.370452491569267,-5.271940721829651,N3,8,1100,1107
0.8110980788131315,0.2840232860167893,15.142469461643486,10.109873448518556,N3,8,1101,1108
0.8369934436503499,0.009783387361362195,22.413664768138005,15.380468506730722,N3,8,1102,1109
0.9798860062958639,-0.2760154782223383,22.499348225976973,15.473049496753902,N3,8,1103,1110
0.9045062583933614,-0.6440220338033962,22.339735643688982,15.300535981310077,N3,8,1104,1111
1.143432595925205,-1.0305523018674743,39.73612145534844,29.317673904021376,N3,8,1105,1112
1.1322951709944107,-1.3433548815192733,39.82000575426446,29.408354823970967,N3,8,1106,1113
0.9341819441441714,-1.729020702394469,36.32658513617935,26.828666421038633,N3,8,1107,1114
0.791056837877683,-2.135509020485311,36.22006210309337,26.71353881437335,N3,8,1108,1115
0.21841856900962142,-2.4526569717715514,31.93283396343577,30.45000791288794,N3,8,1109,1116
0.2652865006553,-2.7254527143221,31.927458842978922,30.444211725374316,N3,8,1110,1117
0.31880085550407244,-3.0175164990514434,31.960734152636178,30.406693833522695,N3,8,1111,1118
0.45422080301166545,-3.221853283379841,32.041795247216214,30.49431995164423,N3,8,1112,1119
0.19444275135579403,-3.5226245518367048,14.6118198626491,16.440929528012475,N3,8,1113,1120
0.12023310697023959,-3.8664556656223734,17.768554698851403,13.988598312356771,N3,8,1114,1121
0.21732802594126355,-4.141718801300195,21.151117632586647,16.37499982693862,N3,8,1115,1122
0.5125476984293371,-4.448583182892361,38.467166394608284,30.30535045232091,N3,8,1116,1123
0.13401083232909627,-4.743237525381748,26.162869246849368,15.704792322105732,N3,8,1117,1124
0.11187300524905908,-4.993977657247638,26.158874326693876,15.663751968698762,N3,8,1118,1125
-0.047712941799211706,-5.199261312011832,26.111490064065947,15.686003132517726,N3,8,1119,1126
-0.02399842126030194,-5.307735270660009,43.45412148814012,29.645040211417836,N3,8,1120,1127
-0.14187543639400246,-5.215630433420566,43.39504760350246,29.581178911524148,N3,8,1121,1128
-0.14559688239619817,-5.0522017247722975,40.34566322426599,32.11282376665531,N3,8,1122,1129
-0.051569939550958566,-4.846090677542275,40.48580363781548,32.33779630094068,N3,8,1123,1130
-0.23543234176194971,-4.5595707308098525,23.151984167407136,18.388240075636077,N3,8,1124,1131
0.057327866960527274,-4.236231932205069,35.4339105672143,32.964634043114984,N3,8,1125,1132
0.1123345644807543,-3.853230063774868,38.4848793836527,30.434706223122703,N3,8,1126,1133
0.37192227022958235,-3.3605116432374196,38.53640223763159,30.490420325491414,N3,8,1127,1134
0.3515888277415158,-2.9114320245646095,21.039624490581446,16.36476149157079,N3,8,1128,1135
0.530860116109146,-2.5805117167660274,21.26277151418617,16.605976213077156,N3,8,1129,1136
0.4248225871970064,-2.217259263343246,21.102851369235395,16.469802401116794,N3,8,1130,1137
0.529037733038713,-1.8853316689817365,38.38413541719001,30.362544519424773,N3,8,1131,1138
0.36091018218832005,-1.5711755197967463,44.44473062032739,35.03080677395246,N3,8,1132,1139
-0.015387137535959994,-1.2459977912152809,26.079256713576797,15.761414344872719,N3,8,1133,1140
-0.025222658865651226,-0.9720457532104181,23.067870602721086,18.3708106042709,N3,8,1134,1141
0.14150074808414104,-0.6941536883842154,42.18046856766068,30.534062917308347,N3,8,1135,1142
0.05257562590348641,-0.47454275911807287,35.03789872554444,25.444985913545224,N3,8,1136,1143
-0.009911470568148673,-0.2686854144791937,34.909091280173925,25.269027497641673,N3,8,1137,1144
0.12724219616120536,-0.18301530858829906,34.99195934205909,25.358632253353335,N3,8,1138,1145
-0.004501379809575212,-0.0886946741482646,17.751548961315166,11.510071195352339,N3,8,1139,1146
0.4008547363709525,-0.0021329601445856383,78.83413519803526,30.282192051369293,N3,8,1140,1147
0.4440605782133886,0.03472753596982514,78.80882160707642,30.25482797800987,N3,8,1141,1148
0.7963810805357028,0.06897200625565958,97.19807658827722,49.54992738643932,N3,8,1142,1149
0.4459219686709943,-0.025231821163988144,77.9716269679493,37.263614331457575,N3,8,1143,1150
0.339173063637503,-0.1114246431734891,85.30141161671509,42.555058463266505,N3,8,1144,1151
0.19641824155204546,-0.19704449006945524,85.2816378552834,42.57036324670344,N3,8,1145,1152
0.37468568742484365,-0.29469508387524,104.08665125810239,54.401252598730025,N3,8,1146,1153
0.46622739997367546,-0.3807430727032646,110.29724912766596,59.23160024792196,N3,8,1147,1154
0.23042090008664218,-0.46989771446450135,43.24720856521162,35.89190436288345,N3,8,1148,1155
0.28856023058298064,-0.5537943474529392,43.273510576123954,35.88358801609593,N3,8,1149,1156
0.12383972189034154,-0.46542646962870293,40.060472684011984,28.676017226106524,N3,8,1150,1157
0.07841304934525084,-0.37160631847344305,40.28140300196719,28.914813551434236,N3,8,1151,1158
0.13448885318655357,-0.29018915431390013,40.23511761304508,28.864760033949096,N3,8,1152,1159
0.3972364714663428,-0.1469278454728986,40.25025718698271,28.881121943805738,N3,8,1153,1160
0.16670078973341873,0.0058674367052589105,21.441544327164593,17.046232897062964,N3,8,1154,1161
-0.05345540888374245,0.14518676253649332,15.144609380725342,12.122513406934559,N3,8,1155,1162
-0.12460162787122897,0.2839601989400826,15.096271903504203,12.07027941469596,N3,8,1156,1163
-0.09396874817319656,0.41907812108116715,18.2159780816728,9.575287862305686,N3,8,1157,1164
-0.19795269063508414,0.3730835416865155,5.653844166005001,-5.550980511914986,N3,8,1158,1165
0.2021080992508857,0.3260174977009882,24.255745885173383,13.95243113584911,N3,8,1159,1166
0.29272105417233973,0.287313482090898,16.97980385610572,8.719195348034646,N3,8,1160,1167
0.4375908425487012,0.1854642307825607,36.23583848485396,21.037462322616648,N3,8,1161,1168
0.34419323161482396,0.07482702868821534,36.20089525067942,20.999681708180105,N3,8,1162,1169
0.3972811486763774,-0.026130727364357398,42.190689595080585,25.591417013202772,N3,8,1163,1170
0.23374374886245874,-0.12722620660586514,42.16113996540935,25.559452578150285,N3,8,1164,1171
0.3648026985833326,-0.10882058018951213,58.21332484582035,40.29246091451523,N3,8,1165,1172
0.6421153188682069,-0.08436717154270568,90.89155856307843,63.3061766546507,N3,8,1166,1173
0.20540887789783113,-0.05188729607339582,72.17730631414997,43.68134828007396,N3,8,1167,1174
0.04971580915465523,-0.026403277078596687,79.28664892506185,48.73451069762177,N3,8,1168,1175
-0.1850754433086763,0.0010972336114782877,60.13978906202283,36.534260705392626,N3,8,1169,1176
-0.015325054306877917,0.042233581433222867,60.03176541125595,36.417509742146194,N3,8,1170,1177
0.010738747065630605,0.08156417924349668,54.22570910075228,32.024433327439056,N3,8,1171,1178
0.15747646015176997,0.1147846977457796,54.20388763002666,31.964170171945625,N3,8,1172,1179
0.0056373361623442975,0.041624003024733014,35.13576479067342,19.83837152318256,N3,8,1173,1180
-0.32506456196298217,-0.0464472113010288,-0.33462668307493004,-0.3290480045670847,N3,8,1174,1181
-0.18823303654709633,-0.13987424382084512,-0.4727820125181097,-0.47843682856455416,N3,8,1175,1182
0.5602219977038274,-0.21754722571560947,30.453751159376225,26.67997066664202,N3,8,1176,1183
0.48368243772510056,-0.3092353195824771,30.377987196633512,26.5980994709671,N3,8,1177,1184
0.5851447959458227,-0.3407137394351274,30.622366887013413,26.86225901005764,N3,8,1178,1185
0.6449093370903256,-0.3714157029590197,30.413059120312937,26.635985537698616,N3,8,1179,1186
1.203432822233431,-0.3386625630143172,47.70326938678318,40.575081577977016,N3,8,1180,1187
1.1330762661082403,-0.12484819624202359,53.68872348947298,45.19876567184292,N3,8,1181,1188
1.1083279599272302,0.08830625788884205,53.84363584955281,45.366206310822236,N3,8,1182,1189
0.9616835046206091,0.3660330247931185,53.79030355109535,45.30855438205026,N3,8,1183,1190
0.393599462866959,0.6212678381369017,23.084338515090167,18.388554278067204,N3,8,1184,1191
0.33617863192421993,0.8785984816642021,23.11436963046617,18.42100307505234,N3,8,1185,1192
0.30145472330081446,1.0615336993840927,22.959638814107166,18.217014315966026,N3,8,1186,1193
0.1999741098230956,1.2257982647750296,19.612582356454368,15.795548111767857,N3,8,1187,1194
-0.2554672141918388,1.3244558441916734,2.347203993406765,1.883252298746811,N3,8,1188,1195
-0.16929926881157797,1.2189396800613572,-3.7013703862603506,-2.7719599180945806,N3,8,1189,1196
-0.09116168479011577,1.112879846024878,-0.6606145757486956,-5.349613403803687,N3,8,1190,1197
0.2729949425617093,0.9939119521889079,18.656049168273057,7.034240988482907,N3,8,1191,1198
0.5175874176379907,0.8765305647847548,37.048797743188516,26.333117820566713,N3,8,1192,1199
0.7458780599017985,0.7449650808237713,36.731112179936645,25.989710598250895,N3,8,1193,1200
0.7011902295425685,0.6200519917926481,37.01977924625953,26.33846330822098,N3,8,1194,1201
1.2546589060487605,0.6022561318798232,59.39708385187441,40.834258670853615,N3,8,1195,1202
1.3429627670164237,0.5820068731107675,65.50383758057615,45.589072230100555,N3,8,1196,1203
1.3630106264526844,0.557099177321227,65.46052083680934,45.542224309758694,N3,8,1197,1204
1.4228148476920524,0.5285080163461053,62.09114421090908,47.69120799577058,N3,8,1198,1205
1.1323066592321211,0.44450763013311523,43.3427822916683,35.9216941772238,N3,8,1199,1206
0.9307067892203307,0.35416535628375456,24.889059875467865,16.55692338122344,N3,8,1200,1207
0.7640652343165684,0.25740234535688344,25.054339675115443,16.73562210385353,N3,8,1201,1208
0.6679539186844536,0.1481212332692774,24.829841189733088,16.49293446109914,N3,8,1202,1209
0.1384169463991043,-0.07511567933795149,-1.37723404082044,-0.7074974010129154,N3,8,1203,1210
0.04381031520829026,-0.2786699506772745,-4.3317971815458804,-7.9222342965854295,N3,8,1204,1211
0.5079658882411309,-0.4198741392941727,62.90810447372951,15.62263863333601,N3,8,1205,1212
0.5721039634418617,-0.5637966022038725,80.52233541127862,29.923820307002643,N3,8,1206,1213
0.47157395595044704,-0.750283957151801,79.98623140379823,29.34430301918337,N3,8,1207,1214
0.3128915878647476,-0.8762793074291473,80.09493986696452,29.46181534421021,N3,8,1208,1215
0.49878286881963163,-0.9244665859533683,98.37976478234486,48.644013614288724,N3,8,1209,1216
0.7955500143195735,-0.8904752163545453,117.58408733257693,62.58673304686636,N3,8,1210,1217
0.778526176017138,-0.7969926957976696,124.8757739953362,67.83700725776953,N3,8,1211,1218
0.738940409502888,-0.6735092419342692,127.61170436266457,74.8154380441506,N3,8,1212,1219
0.13802440487422274,-0.5975574801396029,60.37521280453075,51.27427844009617,N3,8,1213,1220
-0.046405455488098823,-0.45439040691408294,43.21350457394237,37.53570578640938,N3,8,1214,1221
0.16405671525055965,-0.2732880248915457,43.33724899209028,37.66948772991418,N3,8,1215,1222
0.19691624671464325,-0.14820933698642946,43.181439517547915,37.501069404792815,N3,8,1216,1223
0.040778660687010415,-0.02029398776977942,28.132467289274246,15.912628889561347,N3,8,1217,1224
-0.32184453721118444,0.03034210009167637,8.884029842026393,1.9222612872599711,N3,8,1218,1225
-0.11443238314133453,0.08545375897487162,8.812794755728646,1.8452273584989598,N3,8,1219,1226
-0.16377015984240018,0.08730228179863886,2.9276346150763857,-2.6333559186577986,N3,8,1220,1227
0.8770578661050905,0.07790588117438801,20.22642216685017,11.278311840495007,N3,8,1221,1228
0.8126171621676903,0.06032373484701381,19.940821682580463,10.969562061389297,N3,8,1222,1229
0.7015997466620547,0.04731222277503733,20.113605499476762,11.156327830965893,N3,8,1223,1230
0.7995768219472197,0.018630851418308225,16.487470009516073,2.8203726771962465,N3,8,1224,1231
1.3253973428734511,0.11980352486459012,42.95756782608805,33.61573015072372,N3,8,1225,1232
1.4426656705612118,0.2744319813111744,42.93958922387628,33.59625618547125,N3,8,1226,1233
1.3260636801242711,0.35895214936013353,48.799938785946324,38.04808149745895,N3,8,1227,1234
1.3138554211194347,0.43985336882253634,48.94695557897103,38.20696916669749,N3,8,1228,1235
0.35112843016628403,0.5157309459330808,34.816800004943616,24.363506606938245,N3,8,1229,1236
0.3265139846644587,0.5820179707181747,31.491503159991225,21.965550277416696,N3,8,1230,1237
0.48616508939015546,0.6361023297260928,34.45549397761533,19.30486565936826,N3,8,1231,1238
0.3616878910519574,0.6908292590126699,38.163544161805476,27.729363924329846,N3,8,1232,1239
-0.3274800505516424,0.5234321964299049,8.463475997827118,-0.6534263770045072,N3,8,1233,1240
-0.21520234393455695,0.3091796434503742,8.568887045978045,-0.5394521026373695,N3,8,1234,1241
-0.30601250756746623,0.13527580911840076,2.6969954098303788,-5.003716590100339,N3,8,1235,1242
0.08352833339325372,0.020282927781375193,23.52580679870698,5.331625656379401,N3,8,1236,1243
0.14703904410126967,-0.08153577689231994,20.389676686124403,5.298549317500147,N3,8,1237,1244
0.24248535876235167,-0.23845477950874105,23.886136093688947,7.881546776562573,N3,8,1238,1245
-0.09342996046151342,-0.36291008282936943,20.651352796024184,10.176056454319223,N3,8,1239,1246
0.18541456214265395,-0.4039181874522413,38.04279946694896,24.18784407198109,N3,8,1240,1247
0.3379624412549589,-0.3745540687161224,37.952422599177225,24.09012440297647,N3,8,1241,1248
0.614670478304177,-0.28721255029195625,59.87851239281008,46.096394309444804,N3,8,1242,1249
0.574748480433172,-0.24069442716051803,59.91480211786347,46.13560525033881,N3,8,1243,1250
0.30990446333025545,-0.2789310265940177,38.95550029246351,35.62250229349229,N3,8,1244,1251
0.13743877219820178,-0.3378367881658395,38.89199812541028,35.553829237715036,N3,8,1245,1252
0.6844491488877154,-0.37147228194731596,73.08796038744276,56.93827549564321,N3,8,1246,1253
0.9407363159050632,-0.40864558011471175,73.19972830770894,57.1325429794897,N3,8,1247,1254
0.6142311998187111,-0.5276756957902045,55.702346331129775,42.96952719409819,N3,8,1248,1255
0.5766673509106965,-0.6300029718354345,55.92349598778492,43.208567352025966,N3,8,1249,1256
0.01583301075093857,-0.8020532800155582,33.738831676151676,20.922808631496082,N3,8,1250,1257
0.4890789515850713,-0.9673794538172267,52.970719464218746,33.21496840206419,N3,8,1251,1258
0.6339653526091453,-1.0765960869248197,52.95848581926748,33.23846639112617,N3,8,1252,1259
0.6822380718211178,-1.1736476732634102,53.202832446033426,33.50262049342837,N3,8,1253,1260
0.13699437636956446,-1.2865874972292168,18.880609627106423,11.944997932311708,N3,8,1254,1261
0.33854689162401286,-1.2608740775225584,36.18759510211112,25.865534217294226,N3,8,1255,1262
0.534892958050385,-1.216159071072017,36.28381978536072,26.006274923935052,N3,8,1256,1263
0.5906237970260477,-1.2051095783714771,36.227647247254936,25.945572870537944,N3,8,1257,1264
1.0439412254371874,-1.073608197200425,54.72144711224246,45.33217643280477,N3,8,1258,1265
0.642487593127882,-0.9265807365938734,35.53821195736691,33.092621695243906,N3,8,1259,1266
0.4025227715419888,-0.803086222742067,35.53441268921506,33.08854736766807,N3,8,1260,1267
0.463950316698309,-0.6134981586642176,41.32884040597219,37.469055291795485,N3,8,1261,1268
0.28647449892317667,-0.42857229350767057,44.50662650344293,35.07621381828358,N3,8,1262,1269
-0.033243074002832884,-0.4039580636009106,27.15493957468061,21.107337913877927,N3,8,1263,1270
-0.2990509477590706,-0.384352654156789,27.11320575078753,21.062199460378906,N3,8,1264,1271
-0.35635146919949534,-0.36795242182829213,27.192460260452208,21.147870909871926,N3,8,1265,1272
-0.3102641557060508,-0.4138793998652517,28.06011466731161,15.873809748016356,N3,8,1266,1273
-0.3505852011306274,-0.46381671464983043,16.360937470370118,7.614042923311899,N3,8,1267,1274
-0.2161286203196653,-0.507644965839642,16.423101893315106,7.644534073650902,N3,8,1268,1275
-0.08664993838107904,-0.5918967598842713,10.492628048978986,3.116956146598568,N3,8,1269,1276
0.6555061656162025,-0.5474895145396168,77.75001617656199,36.92574947578396,N3,8,1270,1277
0.6596636479377764,-0.49175157440830475,77.8673644640503,37.052643910780716,N3,8,1271,1278
0.8166051574153101,-0.4312235683468977,77.86311907499021,37.04805348348327,N3,8,1272,1279
0.9206196526706165,-0.32238794055411546,77.66717519368376,36.836250715925416,N3,8,1273,1280
0.43259384224207054,-0.25580462846062346,58.42215601691714,22.84954404927248,N3,8,1274,1281
0.7594207553876018,-0.1216686000519509,88.57033190411585,50.46895199891151,N3,8,1275,1282
0.6226636777230681,0.013998898179579555,94.44196574547186,54.969644033217264,N3,8,1276,1283
0.5764284880849573,0.13184284890826703,97.38759133454732,54.79680416418705,N3,8,1277,1284
-0.21935622816620537,0.13901291900964097,27.200776583748848,23.685993683808192,N3,8,1278,1285
-0.04753223750664404,0.1329848867584822,27.061944239060722,23.535878916746697,N3,8,1279,1286
0.06265868233465,0.132664523284852,27.14999869858275,23.63105571844335,N3,8,1280,1287
0.39058902013038477,0.07273300421708839,46.388475001383995,37.61072111537305,N3,8,1281,1288
0.3923259505815935,0.009347872103703025,46.50765676720857,37.73952599886161,N3,8,1282,1289
0.24510459552571717,-0.12075498481938496,27.999014246035586,18.315400047775256,N3,8,1283,1290
0.3022335209837408,-0.2514824301352263,22.053420673949404,13.771440290326609,N3,8,1284,1291
0.4855541838472206,-0.3189240199002583,36.383842606896906,27.831369174512474,N3,8,1285,1292
0.7306591634796575,-0.38651800426741545,36.25676558386567,27.657289681245857,N3,8,1286,1293
0.4945973716470533,-0.46103068852330864,36.23037299900898,27.628758034434213,N3,8,1287,1294
0.5384265499073635,-0.5199851667107183,36.283408233432056,27.686108644660635,N3,8,1288,1295
0.19685997443033898,-0.451497016138223,17.131673008478174,13.80020208465612,N3,8,1289,1296
0.39209081727062767,-0.37153017760089924,16.96680826048305,13.621985499318725,N3,8,1290,1297
0.17336207386286873,-0.2809152411802778,9.65666226851863,8.351780010397306,N3,8,1291,1298
0.4310975027474768,-0.11584446282511607,31.733190998927057,30.50075149244276,N3,8,1292,1299
0.14874104284595546,-0.003400306911043316,14.436873317418758,16.59172228821535,N3,8,1293,1300
0.12408392980680105,0.11089041563837299,14.299359894958798,16.479812700077673,N3,8,1294,1301
0.20289739326410228,0.24318898121168786,14.456121660666213,16.64927153120152,N3,8,1295,1302
0.3735419686149868,0.3627136363686674,33.53269958473993,28.773578913037454,N3,8,1296,1303
0.3132528970253077,0.3593306342013918,33.548145823452614,28.790282656406816,N3,8,1297,1304
0.26191619505917885,0.339197881500656,33.55814899874349,28.801113407550474,N3,8,1298,1305
0.4690432732953269,0.3096706091260799,40.69382155808216,33.88276886964104,N3,8,1299,1306
0.43215683638926095,0.2777240207166791,38.11922946888717,25.99809869449109,N3,8,1300,1307
0.4400903023647871,0.29751711139259385,41.24160900239349,23.508676653626935,N3,8,1301,1308
0.6281613937219035,0.31176519788233037,41.33621072913411,23.61093110120146,N3,8,1302,1309
0.6173473913093659,0.3257126332587248,41.23611276986594,23.502735828920777,N3,8,1303,1310
0.34179864615853006,0.33004980394938244,22.049976398585386,11.260003036622038,N3,8,1304,1311
0.371938865406932,0.44851830545181315,25.22038660265389,8.822464274015147,N3,8,1305,1312
0.34786044827379214,0.5694047310857648,25.325484876462724,8.936063285605087,N3,8,1306,1313
0.17676224349965253,0.6841547064869964,31.183039187299983,13.38482772561656,N3,8,1307,1314
-0.02845687816819975,0.7211674467274989,11.880220075012403,-0.6642398008998498,N3,8,1308,1315
0.2948621576518775,0.7013564117846869,27.07897817515368,21.025195928944413,N3,8,1309,1316
0.14555932554008422,0.6665279063969187,23.718138721309515,18.588809252048122,N3,8,1310,1317
0.3653899419063933,0.6343440925219568,42.909343568605436,30.83702821589486,N3,8,1311,1318
0.2870778442158368,0.581440556561688,42.89770171830605,30.82444105325976,N3,8,1312,1319
0.3704850295710145,0.47985369783538445,39.779006200580625,33.317908145009824,N3,8,1313,1320
0.5381380202006909,0.37092876251719176,42.87590331282445,30.76156892198651,N3,8,1314,1321
0.899570562477237,0.36411750251580344,56.30005637191971,38.63276814028086,N3,8,1315,1322
0.8817865098486024,0.35576059032547747,56.15405863030992,38.474993078185435,N3,8,1316,1323
0.5398374875056788,0.3452051856783207,37.896501107323274,19.34369021001112,N3,8,1317,1324
0.5159506464444874,0.33776692966765864,41.202955315135114,21.721282238040658,N3,8,1318,1325
0.42232965956896606,0.3193000971250015,24.899257581839265,6.690428361570412,N3,8,1319,1326
0.5269218621020144,0.32845250086221967,25.15541771799508,6.967312551821124,N3,8,1320,1327
0.573866735516205,0.26575891897613957,25.15300386081526,6.964673964665053,N3,8,1321,1328
0.4122054388497247,0.26647131013397285,27.960977723047108,14.020943635046933,N3,8,1322,1329
0.05193460695193863,0.23876449680306067,8.926523398874451,1.9682151969582264,N3,8,1323,1330
-0.031946376276458466,0.21527247952920803,8.680034548311596,1.6650241213765185,N3,8,1324,1331
0.2578515484466237,0.19668560473146002,27.107107874450776,21.001024757749292,N3,8,1325,1332
0.9484013609376305,0.1849877108059914,68.53560508267492,50.690727564898225,N3,8,1326,1333
0.9719460570190677,0.18884546485644904,65.71776974172462,53.54866812036198,N3,8,1327,1334
0.7281416414703585,0.18903348465931558,65.48434687157715,53.29636698147078,N3,8,1328,1335
0.5837850186364477,0.25197200390763186,65.43785816117179,53.209404797152274,N3,8,1329,1336
0.9786916294278285,0.5042407465517584,78.64498140861633,60.87209677962619,N3,8,1330,1337
1.1229787342153799,0.67476353490488,78.57368064412731,60.795025122731204,N3,8,1331,1338
1.1805667460911664,0.836321826466623,78.61585657752403,60.87734471896238,N3,8,1332,1339
0.9674908897431322,0.9790868653517641,60.263788825475785,41.62246125515503,N3,8,1333,1340
0.2702418214046318,1.1175888806113612,11.754017114307317,6.909944609556078,N3,8,1334,1341
0.47190311134010443,1.2917962251013027,78.84523819228707,30.29415960683309,N3,8,1335,1342
0.7915011094795972,1.45409989969105,78.77781944946855,30.221278616958443,N3,8,1336,1343
0.8106066424845935,1.5507360969413568,78.87245355211962,30.360280343528757,N3,8,1337,1344
0.3933894361746155,1.3878713724636675,59.60660422901128,18.03138480065263,N3,8,1338,1345
0.5233851224028214,1.2269980101837916,59.690789729197604,18.08565261385229,N3,8,1339,1346
0.5783011185113551,1.0811025055332628,59.929533223446015,18.343716678818055,N3,8,1340,1347
1.3322441266118972,0.9204258906661469,83.90565972704371,33.573116733261486,N3,8,1341,1348
1.5574093848392039,0.7764250673624176,109.51026187715797,58.035948544187704,N3,8,1342,1349
1.3548063740682252,0.6800416322280451,45.463035920510265,32.0776111449768,N3,8,1343,1350
1.283828154929715,0.5765879302209935,45.34033389058277,31.944980674516955,N3,8,1344,1351
1.55001662147545,0.4815240570364203,64.58775589118977,45.93422930582983,N3,8,1345,1352
1.6358925545350331,0.4384741431257755,67.83284339875718,43.577390302551976,N3,8,1346,1353
1.4423277499029012,0.39302044983068285,67.76334421356569,38.33473310323825,N3,8,1347,1354
1.4111844721163394,0.34890418751427354,67.69967622626064,38.26592394470208,N3,8,1348,1355
0.7872303647148584,0.3308567316747659,43.62041636642152,22.92502742006309,N3,8,1349,1356
0.3844405691445374,0.27591183785481554,25.08091895204325,3.4675361896679533,N3,8,1350,1357
0.2490314055648497,0.11822371461623149,21.881057034317564,5.87322180072897,N3,8,1351,1358
0.1466314940984077,-0.0029234483633917563,22.22529064563423,6.2453059789640974,N3,8,1352,1359
-0.24387614838084204,-0.10058077597163617,2.74709137265927,-7.993363619163574,N3,8,1353,1360
-0.16161147311043322,-0.21360629603806736,-0.15618259668644896,-5.267049282163498,N3,8,1354,1361
-0.11514692409756577,-0.3460817085688195,-7.482063540795025,-5.350011581801482,N3,8,1355,1362
-0.040681144600128505,-0.4602673988474084,15.175298403126362,10.164123343435676,N3,8,1356,1363
-0.21496483071796035,-0.6061361187641161,15.064624796882526,10.0445181247469,N3,8,1357,1364
0.2938243505010263,-0.7278634420878323,33.43706360442775,29.321475411774372,N3,8,1358,1365
0.3652870927906875,-0.8130644389467676,33.67646160643926,29.58023128208788,N3,8,1359,1366
0.5486858922036291,-0.7407420462039216,50.80293866991087,43.30562950838157,N3,8,1360,1367
0.7767191425027917,-0.5155785889499693,50.95816834009838,43.47342346108053,N3,8,1361,1368
0.5733547263029806,-0.3073711848703162,53.87942216223655,40.766526596414224,N3,8,1362,1369
0.5004786313770211,-0.06376719076042114,61.15150369753883,45.99557226735851,N3,8,1363,1370
0.3646806369051774,0.1586948078973851,38.3744584206288,30.31534109300901,N3,8,1364,1371
0.4103772066227904,0.41502614009148964,38.529849425885914,30.483306511953742,N3,8,1365,1372
0.12869524136781507,0.6791402807921418,23.324144411400994,8.764823940324277,N3,8,1366,1373
0.14912650930110516,0.9146515233871231,23.277239363212175,8.714093239588692,N3,8,1367,1374
-0.020430888914305,0.9762818792451178,5.978796350546872,-5.197175810732915,N3,8,1368,1375
-0.22929556305631849,0.8582197006499985,5.9865363203234665,-5.188850717490823,N3,8,1369,1376
-0.1588022410414851,0.7305076069345269,2.8942983375436597,-2.666802239853496,N3,8,1370,1377
0.0476895411158651,0.6100899141424492,22.047281570634368,9.5401254532635,N3,8,1371,1378
0.14085951708067057,0.47629509013793125,28.043469475337588,14.175432072482181,N3,8,1372,1379
0.18783479238175715,0.40667976122345095,27.974841942116655,14.101253040190386,N3,8,1373,1380
0.13195551150986518,0.3442167086194754,25.00010231190572,16.75028729834321,N3,8,1374,1381
0.5338807260192908,0.28522592808917757,55.54793788859479,43.49940181089278,N3,8,1375,1382
0.5608940148392776,0.22539819986497278,55.511610176156864,43.46011308714333,N3,8,1376,1383
0.6631335899070976,0.16414128790114368,55.55889810935241,43.5112680768525,N3,8,1377,1384
0.4925362323670157,0.09400689191184597,55.42711955138384,43.36881608267777,N3,8,1378,1385
0.2340565956290135,0.0233583945568121,39.45342003019687,28.733939429674138,N3,8,1379,1386
0.06752128174944971,0.04055660128674177,33.585299815181315,24.27379141810161,N3,8,1380,1387
-0.04992352565726321,-0.0009672223192183083,33.61975450666887,24.311010087922114,N3,8,1381,1388
-0.11096036749272997,-0.04744095502101153,33.53131790473162,24.215439699428316,N3,8,1382,1389
-0.532300265044924,-0.09348150484365547,2.8021717906995036,-2.729626705067858,N3,8,1383,1390
-0.42115512950364575,-0.1494281928513388,2.833467331808606,-2.695806445603921,N3,8,1384,1391
-0.34925047321291913,-0.1919259349599738,5.992662206454952,-5.1849147508328315,N3,8,1385,1392
0.058381538970898816,-0.1639179062305942,27.046739463004087,5.3939295169902834,N3,8,1386,1393
-0.022598339572958537,-0.1374408958959723,29.857512506217972,12.413884772366146,N3,8,1387,1394
0.12746202360408887,-0.18447458753446888,29.75488031653731,12.30296095241738,N3,8,1388,1395
0.19758133007217538,-0.24757016614192118,29.7895453049523,12.34047048755383,N3,8,1389,1396
0.5070424290767122,-0.11753242772198291,48.951709379211024,20.93985547093689,N3,8,1390,1397
0.618772310435098,0.011478876059864973,67.34622911177212,40.24064988687314,N3,8,1391,1398
0.6252113653998563,0.15045887843735173,67.31883478461896,40.21109104923926,N3,8,1392,1399
0.6348546303262097,0.27943504606556324,64.07309117698424,42.60659184238921,N3,8,1393,1400
0.390810086169914,0.35576480365438634,43.18673542590204,32.20907861748674,N3,8,1394,1401
0.510252194588773,0.4880477573393076,37.254271808064004,27.67935816228237,N3,8,1395,1402
0.5660503206989489,0.6225388715661602,37.157522822369174,27.5747704246196,N3,8,1396,1403
0.5733744035749879,0.7651364682459096,37.25874956732514,27.684144049960196,N3,8,1397,1404
0.19889338750433438,0.7085915251511992,10.677732111951627,13.69704995183929,N3,8,1398,1405
0.16903608228185618,0.6459808555591398,-7.445805707960972,-5.310855996094688,N3,8,1399,1406
0.5895023297883242,0.5782995198549994,59.720047508546486,18.153978696033846,N3,8,1400,1407
0.9294649003081048,0.5123239428385951,78.95091280670931,30.445099964819747,N3,8,1401,1408
0.9298353118619929,0.4450906495218341,84.88256790467858,34.97392673698414,N3,8,1402,1409
0.817168411347815,0.3146731095953488,87.82842942277784,32.29369809999844,N3,8,1403,1410
0.7503232654136269,0.23258271566548494,88.06324806156681,32.54748840654156,N3,8,1404,1411
1.0617800772153103,0.15079726141589767,107.0996088255115,44.62832476724452,N3,8,1405,1412
1.8239820752062812,0.07124460815859557,149.7557457377543,71.29176958385415,N3,8,1406,1413
1.7468372745992014,-0.004441902009423515,149.38110781085288,70.88682619203246,N3,8,1407,1414
1.5422295664645702,-0.0650893484217896,100.78456299283152,66.89016580186944,N3,8,1408,1415
1.0880099304080062,-0.1450824074078092,81.48705512593097,54.52705018154302,N3,8,1409,1416
1.0325087996614997,-0.1592531492167364,75.5301602216523,49.970902448358174,N3,8,1410,1417
1.0463115101570324,-0.17059016399676885,72.59355948957273,52.66113513977507,N3,8,1411,1418
1.0817788184902284,-0.1058185080990306,72.56275717187054,52.62784521278172,N3,8,1412,1419
0.7706691761288695,0.020894876187377065,53.38779494502705,40.39719360407162,N3,8,1413,1420
0.19771149171597813,0.13821219842060728,21.187333867075722,19.04721412410072,N3,8,1414,1421
0.15487555269310604,0.2370926328416889,21.41079068766976,19.288763719674535,N3,8,1415,1422
0.031806894563295884,0.322946808539589,20.22196368961795,13.820524909112464,N3,8,1416,1423
0.057928909521081096,0.4710503984940324,20.18084428902057,13.776094819490936,N3,8,1417,1424
0.1471797243839461,0.5519385641605989,23.403943921662176,13.903207551813466,N3,8,1418,1425
0.2863323413839183,0.6246539626818617,16.140270938706635,8.640809691479262,N3,8,1419,1426
0.5065852554313466,0.6814385764776638,35.28730161081694,22.521579864184787,N3,8,1420,1427
0.5278327997846262,0.7270604643583116,41.17954212921086,27.00784279392974,N3,8,1421,1428
0.3715314361821527,0.8317798578954552,37.60067258124127,26.49616253232034,N3,8,1422,1429
0.4976305718577976,0.9969317052132354,41.21357450402866,24.536814379810494,N3,8,1423,1430
0.48227928121408326,1.2033597678251589,42.12288571604586,29.72444370844005,N3,8,1424,1431
0.5567479615993847,1.402284568780292,42.25324312217981,29.865347785935228,N3,8,1425,1432
0.511062885267286,1.5784690554829535,39.098719361611074,29.812374894582717,N3,8,1426,1433
0.5591677479812915,1.7442739687826752,42.85545272126092,32.48047051994854,N3,8,1427,1434
0.3666421808383262,1.7975623095775806,23.59343705268475,18.47539658144069,N3,8,1428,1435
0.291266789764272,1.801323495634053,17.771823437065905,14.065509469566678,N3,8,1429,1436
0.3313642656153135,1.804503656109242,18.25035210241822,14.582776218911022,N3,8,1430,1437
0.6881068836129955,1.7652683848656885,33.87735430440807,30.523257115435626,N3,8,1431,1438
0.3948652767810117,1.6615105707965387,15.609627004919275,11.359524866168613,N3,8,1432,1439
0.18638828261043017,1.50257353410551,15.426695130681765,11.161778927365958,N3,8,1433,1440
-0.048467953613716475,1.3735927017202858,18.608457974072735,8.736506290234502,N3,8,1434,1441
0.11565126822084437,1.368386870511829,39.37695949441513,25.202227114533343,N3,8,1435,1442
0.03907734410952912,1.3392277001322554,39.267134633965725,25.08351046797725,N3,8,1436,1443
-0.172634289441028,1.362534744742904,42.2188436800443,26.391521971850125,N3,8,1437,1444
-0.17988761426692434,1.3171599761269643,45.50653320972833,29.9453049496924,N3,8,1438,1445
-0.8560983330328398,1.2708746017991093,29.50590893351,16.10872558603478,N3,8,1439,1446
-0.7906322044040266,1.201679590062982,29.03732254716033,15.602199945176835,N3,8,1440,1447
-0.8063057630166881,1.1525867091549333,29.651194647367447,16.265710605377535,N3,8,1441,1448
-0.20656486285211884,1.0763324905345275,44.72303237865344,37.81797332487531,N3,8,1442,1449
-0.27198604331268683,1.0396645661229709,27.34552428221741,23.82124760577517,N3,8,1443,1450
-0.2067973656798543,1.0288791588598265,27.601530541031934,24.09799769300389,N3,8,1444,1451
0.12476597426548608,0.9272882748996469,27.607511846997113,20.122503936137946,N3,8,1445,1452
0.4163270724297945,0.8237175025391501,41.656604865223926,30.52145928429036,N3,8,1446,1453
0.6004288587174855,0.7890017789378927,38.477949108489156,30.442411465613077,N3,8,1447,1454
0.7562001925677109,0.7393944204740244,38.948509303690116,30.95102950243745,N3,8,1448,1455
0.9820293941899649,0.6496344136332155,38.10997366034644,30.044650829155216,N3,8,1449,1456
0.9098198979443737,0.6827430908241912,37.42733391627371,25.123420257836187,N3,8,1450,1457
0.7817688264589506,0.5750119194924554,37.591955201709425,25.30130348854982,N3,8,1451,1458
0.6334819289627376,0.4416166093547709,43.50177977786461,29.806556226967587,N3,8,1452,1459
0.5548157379979131,0.38599310624633,40.41403915482624,32.33346311620062,N3,8,1453,1460
0.37337616231104676,0.39031041410067147,23.137175458146885,18.44549379379896,N3,8,1454,1461
0.3730176713181592,0.36651063572093,23.055447287512834,18.357172385208287,N3,8,1455,1462
0.2009630116643919,0.348964603641404,23.042714154187706,18.34340437836545,N3,8,1456,1463
-0.02267164378901043,0.3442168590955106,23.243912792352603,18.56088190804894,N3,8,1457,1464
-0.2406508934874907,0.2534950846916679,5.782810772069752,4.473873008749251,N3,8,1458,1465
0.0002118280448755172,0.19429224581227977,19.95855612116611,20.539458598151214,N3,8,1459,1466
0.07892440399963618,0.2308626617546441,14.054740748575568,16.040691513830097,N3,8,1460,1467
0.9869642730068762,0.4502901231179095,31.38534191868166,29.98672828447343,N3,8,1461,1468
0.8594083844802967,0.6131469852228886,30.789307205722253,29.342447141525554,N3,8,1462,1469
0.8489446613766916,0.6668168579987199,31.315007419720132,29.91065860278286,N3,8,1463,1470
0.8909365770181026,0.6918946669432335,31.388771899325548,29.99043946788879,N3,8,1464,1471
1.6693387549652314,0.8003369503865247,101.78454561060607,60.28770430017994,N3,8,1465,1472
1.590877786675705,0.8429032719470637,98.42999878687897,57.85812573338353,N3,8,1466,1473
1.2138121797305104,0.7935994236411616,90.1050041621711,46.233996057991135,N3,8,1467,1474
1.0810458196627195,0.6720372477633383,89.85643899205297,45.965270747283284,N3,8,1468,1475
0.027424032059457204,0.2821667879632912,72.72415703721708,32.2335772653887,N3,8,1469,1476
0.07609078943266923,-0.11143164030900898,73.2214208076266,32.77109590423515,N3,8,1470,1477
0.12338047000380215,-0.49894466734268406,72.75150872380254,32.26319380623681,N3,8,1471,1478
0.12263551833063246,-0.837960886652863,72.1483195881001,31.611184415121897,N3,8,1472,1479
-0.6022855455634044,-1.2391210365206593,2.5608961639754853,2.15099335657942,N3,8,1473,1480
-0.7305069325708686,-1.5838879607537208,5.121245129890667,3.722096553073243,N3,8,1474,1481
-0.8106202550849275,-1.9033548981799786,1.193614914716818,-4.504857983447437,N3,8,1475,1482
-0.5528442019592461,-2.247960850677053,18.329923466804757,6.083418819463077,N3,8,1476,1483
-0.5127014816921616,-2.4997764347486893,18.256295108785707,6.003835074319795,N3,8,1477,1484
-0.07842453918388514,-2.7449510976879594,36.59143967865748,25.218987521024246,N3,8,1478,1485
-0.21007588743469086,-2.9083985782213073,36.61944617372683,25.24923226370356,N3,8,1479,1486
0.08008817413426073,-2.986763825104532,56.37623672822792,38.10877862745929,N3,8,1480,1487
0.04866820496071256,-3.0937807243280258,55.75075008538715,37.469370357324806,N3,8,1481,1488
0.08145259023240214,-3.2104341463049604,56.13928047430181,37.889343208611535,N3,8,1482,1489
0.055702292921488095,-3.297945702646082,60.15040526914163,46.20654783721966,N3,8,1483,1490
-0.25207933573623365,-3.3559353285117854,43.3010556598756,35.928520658470006,N3,8,1484,1491
-0.1786183385112352,-3.4520784910409343,43.16683729583383,35.78347849967213,N3,8,1485,1492
-0.6491270070307706,-3.5225645118996542,24.812546517904593,16.547642157987866,N3,8,1486,1493
-0.718614657984233,-3.5761653537954814,24.89529555426634,16.637091676124328,N3,8,1487,1494
-1.0811348302776764,-3.6629346118672697,5.68056410153622,4.363431722164023,N3,8,1488,1495
-0.5333530658692212,-3.5747386152913894,39.78991464084447,25.654342861835175,N3,8,1489,1496
-0.44473621013902687,-3.3791430965598526,40.03671980982108,25.92111674050375,N3,8,1490,1497
0.001628266977633075,-2.951834651250879,49.35764587392259,33.56227233496247,N3,8,1491,1498
0.13768043790627615,-2.513290875340971,49.213735804967655,33.406729984631056,N3,8,1492,1499
0.08163380058705627,-2.0340789577850824,49.23308414387793,33.427622632510975,N3,8,1493,1500
0.4006097947622962,-1.5519682323161543,67.74128165331967,52.82980139661322,N3,8,1494,1501
0.8882333245071976,-0.9830889635365949,86.6186689610422,64.71277233174442,N3,8,1495,1502
0.9447900196225163,-0.3715064400067334,86.75566022665316,64.86087509008667,N3,8,1496,1503
0.455929013510044,0.09120702199031427,52.706219689539466,43.63474343037342,N3,8,1497,1504
0.5645836222028535,0.44859489775246253,52.649393352523475,43.57335071226589,N3,8,1498,1505
0.1453029833763395,0.6317817866370561,37.278051392124326,31.2749622615529,N3,8,1499,1506
0.20258224103960032,0.7920687814364893,37.30393125052251,31.3029223735939,N3,8,1500,1507
0.21463707462967818,0.8978418081546327,37.362992243149165,31.366773143134196,N3,8,1501,1508
-0.015157730424157023,0.9838858846058045,21.947518293894063,9.403699450676868,N3,8,1502,1509
-0.2417398160229709,0.9407062979739749,3.0213124172814787,-2.532029547345701,N3,8,1503,1510
-0.3580881548572137,0.8305287625405349,2.895125704525526,-2.668424449921986,N3,8,1504,1511
-0.4204311944202672,0.7798239071321333,8.58469941025487,1.5987822946708548,N3,8,1505,1512
-0.4424317004298999,0.7274211930277126,26.155540339227628,15.804428406933766,N3,8,1506,1513
-0.4464387260780498,0.6036117328394557,26.089934664065368,15.73349927653635,N3,8,1507,1514
-0.5193638201229334,0.481181498347965,26.074577109203346,15.71685810748022,N3,8,1508,1515
-0.4360235813263742,0.358197436818104,25.985946111899466,15.584335266491507,N3,8,1509,1516
-0.27995349713694395,0.3641758495974763,40.37687154985906,32.25667699875612,N3,8,1510,1517
-0.27995349713694395,0.43298861459152604,58.608521663402826,51.38142673245602,N3,8,1511,1518
-0.06621505796276494,0.5051470636967412,58.66849932426885,51.44624611600011,N3,8,1512,1519
0.01111073488385017,0.5122200391380094,52.83213889277067,47.020367669230836,N3,8,1513,1520
0.020658990195435933,0.496428858551889,35.305652556542555,32.86261910427402,N3,8,1514,1521
0.2205455938260812,0.4954564448095393,28.14729160106708,27.756533587221384,N3,8,1515,1522
0.3565215785987732,0.48911515907729886,28.263653770384735,27.882344302752244,N3,8,1516,1523
0.35896394522550423,0.4537252652305135,28.25234207052017,27.90679327885482,N3,8,1517,1524
0.21425619858938205,0.2796910434162001,10.85691111782944,13.890680032413002,N3,8,1518,1525
0.2517271981876945,0.06369417226555285,-7.428010612928119,-5.2916661162062155,N3,8,1519,1526
0.21617020457223646,-0.10894935005450002,-1.6516304111200952,-0.9306105131408913,N3,8,1520,1527
0.6625651175679934,-0.2004120308243742,17.73750844308961,11.50542472646066,N3,8,1521,1528
0.6093685870455232,-0.2894746564916115,17.624902665272202,11.383702012421963,N3,8,1522,1529
0.530197039319269,-0.31085143217372746,24.908434181713346,16.625092676384156,N3,8,1523,1530
0.48113963295323714,-0.35002497062486526,24.87977601077546,16.59406620030768,N3,8,1524,1531
0.758458602189279,-0.28680381976812086,44.05996169647824,30.510725549384915,N3,8,1525,1532
0.726033050389745,-0.09881648210718019,44.025937840874576,30.473916357922462,N3,8,1526,1533
0.7372556334059652,0.19125958946814592,62.309044697432,49.65431182356315,N3,8,1527,1534
0.7414769303668081,0.4218998852654554,56.50951424989216,45.268229604792396,N3,8,1528,1535
0.4658907137750816,0.5669019384717977,37.283907689086845,33.00892913277403,N3,8,1529,1536
0.8377058210358541,0.8433955542880565,104.38999276709455,56.40933576145471,N3,8,1530,1537
0.9294304750648124,1.0295065686781903,101.03558839010475,53.940530533041056,N3,8,1531,1538
0.7211929861098412,1.2244992051846904,100.7247695058295,53.60463067055025,N3,8,1532,1539
0.48566438270459855,1.3323089250054991,81.85521204719134,40.02374663685987,N3,8,1533,1540
0.45819858460873775,1.3099713974735696,81.83737137248681,40.00448204401437,N3,8,1534,1541
0.2990386858264813,1.163521275785497,69.4237521522191,25.28573495214914,N3,8,1535,1542
0.5944620784987862,1.019204264718045,86.81329739555167,39.295468446828636,N3,8,1536,1543
0.5005060245636201,0.8514516272699968,86.6178333554235,39.084225112493186,N3,8,1537,1544
0.06019047444540604,0.576911792262381,19.698081149499558,15.885264967284456,N3,8,1538,1545
0.06605339847860137,0.3051133296185853,23.04721381600848,18.34838922087056,N3,8,1539,1546
0.5050658906111494,0.15548154269499825,40.64430979503777,32.557570357474106,N3,8,1540,1547
0.35121709141597535,0.11645426694764893,40.23095883025053,32.110776613404596,N3,8,1541,1548
0.25060639230790116,0.08089267994754756,40.39703397972153,32.29033633325071,N3,8,1542,1549
0.3328152813174654,0.04888590112506286,34.47147693772149,27.768100865393535,N3,8,1543,1550
0.17460788275123207,0.019359983034778594,35.35769186617108,32.93079982916697,N3,8,1544,1551
0.26601192784112015,0.010588095565260858,35.50570457968843,33.09076132060363,N3,8,1545,1552
0.3099435440919507,-0.04062021502956448,35.369103699052175,32.94311783628291,N3,8,1546,1553
0.3911011917494278,-0.09362261374332448,28.064566936206575,27.678930154470436,N3,8,1547,1554
0.10820750065126106,-0.2675326552116477,10.700413522694362,13.72148208535964,N3,8,1548,1555
0.19873855167709564,-0.5505558775150785,10.90534464542543,13.943029315133572,N3,8,1549,1556
0.3433594161633664,-0.7972693459837981,10.824975077934141,13.856131382523927,N3,8,1550,1557
0.6610347454004142,-1.0281912200573071,31.778415916702215,30.91070682746431,N3,8,1551,1558
0.5089499451475916,-1.223609891831405,13.497925194993513,11.733178962229431,N3,8,1552,1559
0.4200371661093243,-1.3829324104992171,13.424718031284101,11.654041180703643,N3,8,1553,1560
0.5898525572566768,-1.51135550346922,13.465150581550006,11.697708151310508,N3,8,1554,1561
0.6905052201537529,-1.5366671521685582,38.09684417311473,30.904188495082053,N3,8,1555,1562
0.7415557682577116,-1.4903262521846372,38.058158630306934,30.825640485704753,N3,8,1556,1563
0.6963845920671758,-1.4320071966643333,38.06559490857762,30.83366365568145,N3,8,1557,1564
0.6840955646097058,-1.2725049719944632,38.08526208989679,30.854931367732206,N3,8,1558,1565
0.1728590426684633,-1.1357271863556182,17.10690942279325,13.773456576918761,N3,8,1559,1566
0.014873361607243396,-0.9533453818650077,19.89020295593673,10.917511655092312,N3,8,1560,1567
0.25344244230738866,-0.7800606811695978,38.563077293562856,30.519165121700098,N3,8,1561,1568
0.058313770768663176,-0.5925662277537818,38.58157391844725,30.50246117286588,N3,8,1562,1569
-0.21110144191165148,-0.43316215107624423,21.16363196169732,16.462020398021195,N3,8,1563,1570
-0.22511297934579488,-0.3201502114717645,21.18913095476819,16.526313121373278,N3,8,1564,1571
-0.1792271211218548,-0.2002434224297307,21.196516334855005,16.534261248001712,N3,8,1565,1572
0.46467420584731656,-0.20659215672559128,62.60071114716993,44.017357985158924,N3,8,1566,1573
0.5774832897647713,-0.1862101028576717,65.7360120050389,41.5418485612945,N3,8,1567,1574
0.7900802988995537,-0.24372599255341143,62.85327008550394,44.29029120836185,N3,8,1568,1575
0.511477010198945,-0.311161412801102,44.29204223393208,24.809312503095498,N3,8,1569,1576
0.9053935125618437,-0.24565216101005127,65.16653277174464,35.230755259702164,N3,8,1570,1577
1.0253560173862013,-0.22460831355029498,65.27805502507181,35.35129218565089,N3,8,1571,1578
1.039723753182642,-0.20038276323601423,65.2414805930348,35.31176656204025,N3,8,1572,1579
1.0471912334858757,-0.16420426212082972,65.30247012580548,35.34101658950294,N3,8,1573,1580
0.5159550907472266,-0.11458249557683153,23.80827279010464,7.760645273926457,N3,8,1574,1581
0.5494779594961017,-0.07156625067850264,20.688759818097424,10.253184733913258,N3,8,1575,1582
0.49736321501899283,-0.0036816218541790846,20.785990526796922,10.358304015711838,N3,8,1576,1583
0.7988862139283697,0.06609588260455013,38.89882161829428,29.354682940746898,N3,8,1577,1584
0.41904340657532657,0.012844859865753122,18.11105346092154,19.06369071676545,N3,8,1578,1585
0.46971249760703415,0.010854551000171853,21.07413508684658,16.402039200975196,N3,8,1579,1586
0.4010869845500906,0.0022240733823881698,21.18492045426592,16.52180543213217,N3,8,1580,1587
1.3641828747115596,0.03315193905037894,43.762548455847536,32.01024367787886,N3,8,1581,1588
1.4778657235031574,-0.0067445614998895564,43.80540908062085,32.056527933970756,N3,8,1582,1589
1.3281952519243987,-0.10080536145045116,43.871045482181216,32.12749703967984,N3,8,1583,1590
1.1607796425283397,-0.2589802370358285,43.82157736393037,32.074002966065564,N3,8,1584,1591
1.1764828495449393,-0.35974184757977135,44.809438915655846,25.22803936359287,N3,8,1585,1592
1.2538792071027132,-0.5219219813466669,44.662996977619514,25.069780590779374,N3,8,1586,1593
1.0843918203907208,-0.7895348402837445,38.23462374314022,25.182136940812597,N3,8,1587,1594
1.2529230073782003,-1.076237916347969,38.30581650786553,25.259125020370448,N3,8,1588,1595
0.19864958355762496,-1.4715819794566745,15.539149895758783,9.603063517038208,N3,8,1589,1596
-0.16835999902389176,-1.8066020443853148,8.35080597524211,4.422090498323087,N3,8,1590,1597
0.04489621085500062,-2.1511821150047634,8.278756651914591,4.307502441704855,N3,8,1591,1598
0.2406709321472391,-2.4681157131824136,8.156917418738885,4.139124924550742,N3,8,1592,1599
-0.08857113207750444,-2.7986552413802332,-10.946681256431475,-8.014368274137269,N3,8,1593,1600
0.20254764596998598,-3.0669534810272765,7.482895585570986,11.281325089833445,N3,8,1594,1601
0.6617685770978596,-3.324496182903669,77.89955194037248,37.06376334587003,N3,8,1595,1602
0.7000596253117379,-3.5628903205712312,95.25769825498992,51.03950426996653,N3,8,1596,1603
0.7958266580252058,-3.7376263626020823,101.2166120221018,55.59782488218298,N3,8,1597,1604
0.9741794712746099,-3.879396529196992,108.47845032395708,60.85825984596704,N3,8,1598,1605
0.8128018526846148,-3.9699821604102468,108.41959085017243,60.83132028179443,N3,8,1599,1606
1.0570133693047126,-4.00315896562503,125.88011581907085,74.95450375030032,N3,8,1600,1607
0.9253847496391643,-4.074072451273658,125.85365428439309,74.92583748879679,N3,8,1601,1608
0.5416443499291006,-4.123053302775357,107.47733668528417,55.687720346872084,N3,8,1602,1609
0.17879158185809274,-4.1165463805501155,40.45484029684667,32.37767860773238,N3,8,1603,1610
-0.007033213435960306,-4.073758182079352,23.060082777006755,18.36236553094841,N3,8,1604,1611
-0.04890536110784183,-3.998270112179462,17.096918537932652,13.799448996655883,N3,8,1605,1612
-0.11648278889479968,-3.9071345663046877,17.06381447873173,13.763645106625518,N3,8,1606,1613
-0.22546494032364706,-3.7748103821868035,17.08668925672282,13.788417024494265,N3,8,1607,1614
-0.5834529159403417,-3.6282553410849303,-0.17499039588983578,-0.0831371474550906,N3,8,1608,1615
-0.42906635510264834,-3.438275437417918,-0.2105520783479733,-0.15824737319326232,N3,8,1609,1616
-0.18269045039647835,-3.166585392755689,18.074867733112114,19.024592542528808,N3,8,1610,1617
0.12115320520412354,-2.854030722367771,35.44374142976267,33.012006261769784,N3,8,1611,1618
-0.0016858568572786226,-2.4642152239386697,41.28287346822435,37.44082075313963,N3,8,1612,1619
-0.16107172919724633,-2.108941837388091,44.4675399946118,35.01868439013742,N3,8,1613,1620
-0.13331052575269098,-1.7870193192031287,37.15416969171747,29.74502056791789,N3,8,1614,1621
0.2597519035082172,-1.303060259005477,54.52889399437299,43.73870887011526,N3,8,1615,1622
0.2573817934190856,-0.8035039442088525,54.492434538175075,43.699307589216005,N3,8,1616,1623
0.25184279028313483,-0.3519141595964719,54.53691764564246,43.747416828346104,N3,8,1617,1624
0.04558882737758552,-0.005865931944924796,36.150731653204275,24.418878367662728,N3,8,1618,1625
-0.40732378866782426,0.2725025400008221,18.867463417500403,10.52403812771081,N3,8,1619,1626
-0.209875625577979,0.4441191386356813,12.88538752061686,5.940653353662128,N3,8,1620,1627
-0.14566046577297698,0.6100560570350915,9.86072566832263,8.499019557248175,N3,8,1621,1628
-0.14566046577297698,0.768542079437097,17.152156175507116,13.74898989614394,N3,8,1622,1629
-0.5045101708091835,0.7320064610772938,-0.19546491017899825,-0.2154278891694048,N3,8,1623,1630
-0.5249322878129732,0.6363954570378034,-0.24262603192073584,-0.26640228161886625,N3,8,1624,1631
-0.6172907726500512,0.5403312568068159,-0.2755141083198396,-0.2652646010692479,N3,8,1625,1632
-0.31802156248848235,0.4355652533185399,17.138224533478933,13.80741349479922,N3,8,1626,1633
-0.11950247541840042,0.34068206423023994,35.342327176627805,32.90237990201149,N3,8,1627,1634
-0.19110089482443016,0.24039795175707823,41.42082535046393,37.589995799387,N3,8,1628,1635
-0.13263064246878287,0.14576526764422226,41.304683051945176,37.50116753578095,N3,8,1629,1636
-0.13476102164125336,0.16962012025193474,56.613761585113025,49.73227553004472,N3,8,1630,1637
0.0013613120626700947,0.18571172623735066,56.66824649926275,49.791148054093355,N3,8,1631,1638
0.10313596423004867,0.19352447947440865,59.793135468189575,47.304393393014834,N3,8,1632,1639
0.18580564984972625,0.19408654507557088,59.78390911352653,47.29440993089429,N3,8,1633,1640
-0.03590149033807677,0.18171587280787804,42.460183108225465,33.3190402448854,N3,8,1634,1641
-0.2645939368091348,0.16656037822192005,24.193413515764405,14.119567559822826,N3,8,1635,1642
-0.20166042857321997,0.14351339381479278,21.287278209276337,6.996527813541434,N3,8,1636,1643
-0.2445140908058363,0.11257529577657976,21.298826882251888,7.009010812783345,N3,8,1637,1644
-0.21448585269168063,-0.05967522076505816,5.997441256437014,-5.21380634731031,N3,8,1638,1645
-0.14212583314471772,-0.23398376038699098,5.931703051932345,-5.284868952730903,N3,8,1639,1646
-0.13355690422132227,-0.410349457852039,2.837506036124978,-2.7649304907445185,N3,8,1640,1647
0.21648702239949102,-0.5887746831577125,20.182981470661616,11.197191349759123,N3,8,1641,1648
0.015247607945312325,-0.7410065830694172,20.188358678968143,11.239747294935114,N3,8,1642,1649
0.3983942990379319,-0.8627728420665974,41.97989546054487,33.13739074600653,N3,8,1643,1650
0.20479315921501495,-0.9670277913287961,38.967360028489566,35.74562058880383,N3,8,1644,1651
0.5361833973443169,-0.770266873342969,56.247595705559434,49.63722525657977,N3,8,1645,1652
0.928939892019315,-0.44579269545241473,90.41979118303061,70.99604528814052,N3,8,1646,1653
0.9171369858843974,-0.05380052359122445,90.37948491689531,70.95250164498793,N3,8,1647,1654
0.8280063058092395,0.3156070014733281,90.39131987734618,70.96526774845188,N3,8,1648,1655
0.43607478705811786,0.6833221225980424,73.06483708062297,57.02369706227637,N3,8,1649,1656
0.4271118770000015,1.0115022242220526,73.09387865616372,57.05509507749139,N3,8,1650,1657
-0.0009955726404058396,1.2920198701049124,51.10321053615735,34.97894047411046,N3,8,1651,1658
0.21934815937656538,1.5405867518684602,54.162042243662654,32.420759471090605,N3,8,1652,1659
0.03435630929477895,1.4793769389028668,37.07933585864885,18.7426733258244,N3,8,1653,1660
-0.3330658232064394,1.294207453049367,2.865300984331043,-2.6613660612574677,N3,8,1654,1661
-0.5523973819893513,1.0322128048883705,2.964250231270853,-2.554457259298033,N3,8,1655,1662
-0.28454653645820827,0.8440023865089437,18.23603889797414,6.018938549447739,N3,8,1656,1663
-0.33993865182617355,0.6440157138100204,21.35825598984593,3.5292580068753523,N3,8,1657,1664
-0.18775873867976145,0.4278481276002708,21.22264238670141,3.3826696622763848,N3,8,1658,1665
-0.1444832318301934,0.20268297749095154,21.47134558693142,3.6515141200115977,N3,8,1659,1666
0.5291109034878474,0.05848168249265129,91.23690181119127,46.807760580896684,N3,8,1660,1667
0.5080026123424659,0.020464477114835233,96.98001711115103,51.13283242691614,N3,8,1661,1668
0.44764789927337745,-0.02150219745537285,96.99423264044526,51.14821781988758,N3,8,1662,1669
0.46339531671362977,-0.05170142055399651,96.97421987029702,51.126656164027736,N3,8,1663,1670
0.102410288674605,-0.16109866251984428,81.6313085665297,42.47637485042924,N3,8,1664,1671
0.28173391460566677,-0.26936744709742655,78.44718969636233,44.89914746640352,N3,8,1665,1672
0.20968912136632412,-0.3331171450190489,78.67208591945928,45.14225155739496,N3,8,1666,1673
0.3456153090679237,-0.4186587443780141,75.08816472424041,42.46469330180844,N3,8,1667,1674
-0.36735891858495506,-0.5863916318467695,2.2209850659291988,1.8203246887787827,N3,8,1668,1675
-0.3010254999238384,-0.8316333318586082,-3.630318077493939,-2.6217062837640697,N3,8,1669,1676
-0.2147908127022049,-1.0731189243800792,-0.5286158549733955,-5.133506954593031,N3,8,1670,1677
0.1604196629958068,-1.3062867284797264,16.700300545175196,8.702625656614146,N3,8,1671,1678
0.30860885016370787,-1.4876141097901652,16.85218251932929,8.866844157103515,N3,8,1672,1679
0.25674794375325405,-1.6711990077812615,16.877322459715288,8.893996963748577,N3,8,1673,1680
0.3699637653324004,-1.8590963607746467,16.773645498669794,8.781932369862261,N3,8,1674,1681
0.6135310789600652,-1.7608451042653144,39.27260371856573,23.40923262306933,N3,8,1675,1682
0.8390694237461958,-1.4645371806525347,61.14656730358365,45.35921893995146,N3,8,1676,1683
0.6995313024249867,-1.069400924944997,61.12160747978851,45.3322642283365,N3,8,1677,1684
0.5147143752880652,-0.6781592899159321,58.080647407890865,47.90971814525619,N3,8,1678,1685
0.3535504522014463,-0.3019116134517148,40.83185415917433,34.015326185099184,N3,8,1679,1686
0.34049898677672275,0.042921144045656945,33.52682049242321,28.75058698326302,N3,8,1680,1687
0.34626330974612074,0.3964624386027751,33.574035969981196,28.801640213534483,N3,8,1681,1688
0.28372006394543803,0.7363315184473187,33.5093321799086,28.731696996597748,N3,8,1682,1689
-0.006652798753179923,0.8144137951510437,14.512407486659868,16.693421046955336,N3,8,1683,1690
-0.28851940344408433,0.6992084792748479,-7.349535351215309,-5.243554777115605,N3,8,1684,1691
-0.3957195089297869,0.4543593712323357,-7.456430018963147,-5.3591110183670025,N3,8,1685,1692
0.01175977570940745,0.2830680265421712,9.670020405899777,8.366300722124834,N3,8,1686,1693
-0.09927391551097742,0.1116065686970309,9.83940483645165,8.58610303228761,N3,8,1687,1694
-0.20660374124319958,-0.04179392808466531,17.082162836801217,13.783492991403364,N3,8,1688,1695
-0.34617128909158623,-0.19121786998807977,17.066826415251853,13.766874731355529,N3,8,1689,1696
-0.07715149494814,-0.16320551507275738,38.02731673576818,26.00755838862733,N3,8,1690,1697
-0.03321819020544581,-0.1290888741767091,38.10531426525267,26.055153336389594,N3,8,1691,1698
0.12112036332042919,-0.0854145223493461,44.04952776577011,30.597575448797215,N3,8,1692,1699
0.5073514352131099,-0.038664402794481134,62.3923751230941,49.8425061417538,N3,8,1693,1700
-0.010080213227965373,-0.07299487013300521,45.13958234735219,35.980554703858616,N3,8,1694,1701
0.045131191888401645,-0.03491333625120774,45.00629293847851,35.83646741709617,N3,8,1695,1702
0.045558429558724356,-0.03020257119035108,44.884406559218405,35.70473604470317,N3,8,1696,1703
0.11669598914616586,-0.03368729515573676,44.89855971532961,35.72003393033174,N3,8,1697,1704
-0.125248744600853,-0.1958296218194171,24.091111042518605,23.64475364351074,N3,8,1698,1705
-0.11987136122587572,-0.38306416550774003,23.960254942776373,23.503324973758936,N3,8,1699,1706
-0.35187280373423846,-0.5806873111609683,18.007321908220547,18.951484469843308,N3,8,1700,1707
0.49333238028697224,-0.6527579575010982,16.942659978036318,13.595958172763858,N3,8,1701,1708
0.7426974933882917,-0.7100104389015875,17.16594902176439,13.837293375307127,N3,8,1702,1709
0.6058636232933452,-0.8408807612104816,17.019104991290078,13.64186249476279,N3,8,1703,1710
0.685647080500047,-0.9261741503534964,20.342594777081104,11.369750912615018,N3,8,1704,1711
0.9377001650464507,-0.9445692434475603,39.48799135241097,23.56844886948329,N3,8,1705,1712
0.8646177615397619,-0.8514710762972229,39.36783560546064,23.43852983857323,N3,8,1706,1713
0.7669287407168923,-0.6561157549328946,42.55655935435425,25.908761409320505,N3,8,1707,1714
0.9493611302664675,-0.3796959099916677,42.493286385690226,25.840376356853085,N3,8,1708,1715
-0.03630855614652262,-0.15178596418878598,43.563857145851216,31.202301970743974,N3,8,1709,1716
-0.08504458318981278,0.09154747401430186,46.43309474942362,28.439235435630508,N3,8,1710,1717
0.07929963778396143,0.34750065993821977,46.61752062684354,28.675338754373115,N3,8,1711,1718
0.10302946076119213,0.5905819003104966,43.4113835137905,31.074305968282715,N3,8,1712,1719
-0.011707231207054747,0.7833459491536274,24.294422919138015,18.906367425487588,N3,8,1713,1720
0.10294908460711838,0.8490173012509104,24.225156651658835,18.831574196436122,N3,8,1714,1721
0.24041296916766441,0.8474924899925007,21.106020686307602,16.47327501770178,N3,8,1715,1722
0.46908047732492264,0.7895811492828102,38.51564380867785,30.50471604359973,N3,8,1716,1723
0.4736052409749476,0.6625803557739367,23.32886658752068,8.806731965903055,N3,8,1717,1724
0.4449579803404333,0.5071581758738404,23.40660831871719,8.890777973358126,N3,8,1718,1725
0.5340576818791902,0.36400671453671407,23.34817307710182,8.827587590783878,N3,8,1719,1726
0.8946587899675649,0.2678311244225142,44.224542764379294,19.214312739220077,N3,8,1720,1727
0.778504237251056,0.2754974268607384,44.230847614970116,19.22112829436719,N3,8,1721,1728
0.5682505299114808,0.2829694271217349,50.282571638123045,23.879744488121105,N3,8,1722,1729
0.3228903929685032,0.2846114592096214,42.93848882383827,18.572785884804944,N3,8,1723,1730
0.044011219146284475,0.2843595999498838,25.645060989192643,4.66697162078799,N3,8,1724,1731
0.25583542983741836,0.2795691578297088,89.68853711433258,30.621271440757482,N3,8,1725,1732
0.9809439499651234,0.4718352814806188,129.39841544882438,66.29985798889084,N3,8,1726,1733
0.8520527640119866,0.6988623091616049,129.41448801847946,66.31724279445643,N3,8,1727,1734
0.5192844511813348,0.8590329483687498,108.50947265706418,55.899524681227376,N3,8,1728,1735
0.5391818427685848,0.8973418515359661,108.43516673063095,55.81919463120175,N3,8,1729,1736
0.5905982241256567,0.9255204448484164,102.46366369571842,51.24722867430137,N3,8,1730,1737
1.030524290155796,0.9436599167819217,127.1281281219417,70.48919197339637,N3,8,1731,1738
0.9864944842587704,0.9820629803265994,127.03502691438553,70.35184887920423,N3,8,1732,1739
0.6067307237699708,1.02834331370736,59.87460135058973,46.89287099568446,N3,8,1733,1740
-0.0743479904607085,0.8680070756262239,17.091080768117536,13.756394761901902,N3,8,1734,1741
0.10945620918533905,0.8349713040730933,36.21955030058052,25.936821386853808,N3,8,1735,1742
-0.014236714302953146,0.8042185925071728,36.25396155957242,25.974009727479825,N3,8,1736,1743
-0.13710913291308202,0.7776898560363072,36.283565829779036,26.006053305613932,N3,8,1737,1744
0.003966244935995178,0.7460428654080182,39.29779467901062,25.907443726590827,N3,8,1738,1745
-0.25209491971102693,0.7303821851612646,22.07992315799129,12.083254337030667,N3,8,1739,1746
-0.2887573246395476,0.7355940730300397,22.033175515120092,12.069402819172865,N3,8,1740,1747
-0.3026654763223462,0.7250125607912103,27.595761279621,16.199359894705594,N3,8,1741,1748
-0.16777350530807666,0.7376494251607575,42.3020991475787,32.86166004282404,N3,8,1742,1749
-0.374822385796989,0.5630675082064087,23.15198405936644,20.657831650792104,N3,8,1743,1750
-0.17746191335839967,0.40553821242034616,23.122159744823875,20.625596649431827,N3,8,1744,1751
-0.0676760069353719,0.25143062876097133,23.119545765277508,20.62273481536704,N3,8,1745,1752
0.2384550104642642,0.1120782358215493,37.46514416373793,34.698990787898765,N3,8,1746,1753
0.2135139569652722,-0.031638563970453504,37.3549860701205,34.57987986360331,N3,8,1747,1754
0.7875222282716408,-0.258981177511032,37.34915650438052,34.5735585581906,N3,8,1748,1755
0.9703363419432804,-0.4538062965741254,31.849617834132005,30.51173549289797,N3,8,1749,1756
0.9724449577093566,-0.5281878409675151,32.430975357108764,26.057438245107733,N3,8,1750,1757
1.012975701666349,-0.5647316226520935,32.382949687049404,26.005518323147953,N3,8,1751,1758
0.9000773191980898,-0.6210076650763625,32.377277566125485,25.99939075857401,N3,8,1752,1759
0.9473284632882724,-0.6597215744856051,32.40025379953295,26.02422239280895,N3,8,1753,1760
0.5810868429140612,-0.7299653289316694,15.010317045262127,11.977324072765441,N3,8,1754,1761
0.5692900809303296,-0.8069948000725695,14.986522942370357,11.951654218005388,N3,8,1755,1762
-0.02367091040898117,-0.7286755988553537,15.071444281604272,12.043497414704689,N3,8,1756,1763
-0.1862951642622619,-0.6041460732315969,20.984534651232025,16.55231699761498,N3,8,1757,1764
-0.47995435854464574,-0.5891276623114337,5.701818461700896,4.349705220387477,N3,8,1758,1765
-0.12333663907854486,-0.5998143949161303,24.060491049966004,23.611766273291323,N3,8,1759,1766
-0.07792389479435258,-0.5826763033612643,24.073116360090353,23.62541426552525,N3,8,1760,1767
0.10379025009625309,-0.5727910061067512,41.36904783556565,37.53398912873581,N3,8,1761,1768
0.15766343777386282,-0.5377620666434169,41.28063453092727,37.47517607069767,N3,8,1762,1769
0.06236807730439864,-0.4878603018215628,41.390084078755535,37.593456873381,N3,8,1763,1770
-0.01674106682391141,-0.5600254471102311,44.4910802722643,35.080834189130655,N3,8,1764,1771
