M1_log1p,M4_identity,M5_log1p,M6_log1p,dataset_id,window_seconds,window_start_index,window_end_index
-0.34021463123369083,-0.10918375409444607,-0.14660322203726053,-0.11120222792732379,N1,5,0,4
-0.6629890798388866,-0.24673293254355005,-0.23792357317466042,-0.2099520955684337,N1,5,1,5
0.2821221295303363,-0.25577798667903934,30.324790894560994,31.89440584100975,N1,5,2,6
0.9933434929914421,-0.13051638010856667,56.72265705727405,52.82800758083006,N1,5,3,7
0.6433527404941446,0.02537606748893889,56.99157354225703,53.11869184164127,N1,5,4,8
1.1711860447326947,0.16526346291504063,90.30172844177298,80.17319990398936,N1,5,5,9
1.2467902817333538,0.4010779448111297,90.4399546488655,80.32261377575898,N1,5,6,10
0.22341492700719892,0.4816186763657835,60.95361291039158,49.32302581268668,N1,5,7,11
-0.5904128624574312,0.4905902981973127,33.34651828626356,27.141061844939383,N1,5,8,12
-0.43513570168568627,0.5016481799366781,33.31437077513817,27.106335075665164,N1,5,9,13
-0.6609163453735019,0.42464453800679003,-0.3238457253727688,-0.30282987556279295,N1,5,10,14
-0.6108845078328506,0.35807008895162556,-5.65229011962897,-4.148201639104604,N1,5,11,15
-0.3018503741460316,0.32199237668314723,-0.5986350416581786,-8.010003902851622,N1,5,12,16
0.06172419109421914,0.16881415557316276,-0.7974807190496336,-8.224996015673605,N1,5,13,17
0.2866634346554755,0.03272724301947365,-0.6424519687366115,-8.057373882863407,N1,5,14,18
-0.0024424787457083983,-0.10098076383797441,-0.6325047569040748,-8.046567699591867,N1,5,15,19
-0.2155631516881619,-0.37653662806601895,4.753625182552128,-4.1388835897134415,N1,5,16,20
-0.06354942275611992,-0.6597908461272555,-0.36200964860836393,-0.28531907460010186,N1,5,17,21
0.11195288804765542,-0.919213151651966,30.426018998386134,19.40059563816319,N1,5,18,22
0.6822713319180919,-1.0546531978362625,62.633808130817854,47.81564534035874,N1,5,19,23
1.1521425133548908,-1.1883114272220918,96.18103485167367,75.05348607554355,N1,5,20,24
1.1969242386020498,-1.1021346459576757,96.01293978809403,74.87182705828525,N1,5,21,25
0.9946490845549729,-0.9650271447597678,96.37988735206521,75.26848063107103,N1,5,22,26
0.5676160800244532,-0.729019271066446,64.89993718444168,54.834637218666444,N1,5,23,27
-0.11191943749370008,-0.6011317975348567,33.343579308789366,27.123725083608612,N1,5,24,28
-0.6071540198544221,-0.45256289806828126,-0.21683181739424526,-0.1283872925224614,N1,5,25,29
-0.4805735072005991,-0.4609217814946353,-0.029943239753583838,0.07365548790974116,N1,5,26,30
-0.5113176325657063,-0.4009719494936924,-0.2669273464698335,-0.18253014276865542,N1,5,27,31
-0.46121693092177807,-0.42478718928579456,0.5528584102636842,0.703675200347675,N1,5,28,32
-0.6825966287446168,-0.3851010015626352,-0.21221626833494156,-0.12337253886194048,N1,5,29,33
-0.3927418536239963,-0.2888148792786135,-0.2356720837910416,-0.1488118889507632,N1,5,30,34
-0.18828232044972654,-0.17811664410540384,-0.2085990226224567,-0.11957062227650113,N1,5,31,35
-0.12254151717884368,-0.08900208915928012,-0.2701043324697139,-0.1860589625754983,N1,5,32,36
0.567527177800724,0.11608163562405985,30.47189821594568,19.45002980707998,N1,5,33,37
0.7900856598214445,0.32307243345549086,30.44512780812938,19.421067957024842,N1,5,34,38
1.0810566644740616,0.5703999569946718,55.020927757807726,39.07871175553712,N1,5,35,39
1.4211495159193066,0.800654108720656,89.94785133039758,74.08962651101085,N1,5,36,40
1.3274740533747962,0.9601322797966976,84.53051485836515,70.14823422852221,N1,5,37,41
0.778503882409883,1.0122982875778723,53.69406459472293,50.351290122878595,N1,5,38,42
0.7619055523308272,0.9771240936001684,53.80035577722724,50.46622880159337,N1,5,39,43
0.6112984958796381,0.8357766593239357,29.11883652216352,30.694350695960633,N1,5,40,44
0.03816436436328985,0.7044505074929699,-5.67891088991887,-4.176963768482165,N1,5,41,45
0.1362189993542863,0.5550751166815082,-0.23487914319430275,-0.20666424803407607,N1,5,42,46
0.972463365248393,0.397873888741947,107.14383849666524,37.30224431525812,N1,5,43,47
1.000792715712599,0.22984103482579563,107.08847056305608,37.24233825382153,N1,5,44,48
0.9483838077743553,0.16105049514177688,107.34319864880904,37.45896618906827,N1,5,45,49
1.210431459489406,0.08505251463366327,107.06403931522595,37.15723546963291,N1,5,46,50
0.8804871435769417,0.04920394726778825,107.2168439064505,37.322349707330524,N1,5,47,51
0.4533167185917783,0.11309456599403804,30.51635422453146,22.127890573230616,N1,5,48,52
4.765733413383089,0.2602096864134432,30.500411426112485,22.110746268812683,N1,5,49,53
5.120513796863096,0.32033762184669595,58.133230704904506,44.379232039215914,N1,5,50,54
4.7513694460152776,0.39653669852491663,67.8364893324363,51.85519668347702,N1,5,51,55
5.1878896951145155,0.5400091553350104,96.88540012958165,82.32329287846669,N1,5,52,56
4.812164145748462,0.6919304200486027,60.8492326154741,56.19034949889792,N1,5,53,57
0.36531615632860054,0.8519106995505744,60.79529149116011,56.13200871067261,N1,5,54,58
-0.002893926056557916,0.9860576149002164,33.02412645227487,33.772704735414344,N1,5,55,59
0.03249719799081561,1.0803781590546315,23.30796749048768,26.282786499462098,N1,5,56,60
-0.40122798225153816,1.0785717243772133,-5.617083468907549,-4.051456331877626,N1,5,57,61
3.5334092034957707,1.0442383904702652,4.641343100608447,-4.260415138063126,N1,5,58,62
3.736698318207408,1.0127556745268822,-6.774598399093702,-12.389772384182425,N1,5,59,63
3.61537822327026,0.9938346977937196,-6.730626222875253,-12.342261264886565,N1,5,60,64
3.617281961347227,0.9743251190110275,-6.785111312786649,-12.40111567798067,N1,5,61,65
3.944977597616945,1.0453871846943492,-6.969078526647445,-12.599902178831234,N1,5,62,66
0.34381976868864683,1.1295437349340802,18.92717453071409,11.181557108391143,N1,5,63,67
0.19989500116244444,1.2078733114737528,30.43808831536171,19.413573227954203,N1,5,64,68
0.3489205685493545,1.2734859177278666,58.1358926021353,41.69361976317705,N1,5,65,69
0.5710086121708571,1.3492922519607267,67.86064829793932,49.1928208703052,N1,5,66,70
1.8289797205800666,1.506011595453153,72.71367795624865,45.05531821284885,N1,5,67,71
1.3498567429543045,1.572334087439156,41.9494651911632,25.395213504895082,N1,5,68,72
1.9280164492343004,1.5458587323408934,71.18312487810954,56.062932989251024,N1,5,69,73
4.718299279294337,1.6444852384567838,100.01885932861497,67.99034321383688,N1,5,70,74
4.477693865466675,1.8407197687088037,90.54799501232564,60.76551499718876,N1,5,71,75
3.1536559362554755,1.825513322938172,85.43270664876863,64.61951061564541,N1,5,72,76
3.3560014469537323,1.781941603288915,90.41373597687652,60.55743213048449,N1,5,73,77
2.7901393544880904,1.7470617404311817,61.282043188168885,29.99991890900901,N1,5,74,78
-0.24268557020798198,1.632684847781637,4.61188990233668,-4.35519203196709,N1,5,75,79
-0.22036883829551357,1.433253303738765,4.590673463927033,-4.37807479625526,N1,5,76,80
-0.2511399183033177,1.2252671972366103,4.833617178077202,-4.1155050371916335,N1,5,77,81
0.05149238852793303,1.154760508494796,27.610077501479008,22.291053605056096,N1,5,78,82
0.23105997953668975,1.1536678719261189,27.491780847860717,22.163182915757716,N1,5,79,83
0.7864965901294312,1.1883998469389099,58.30863464625399,41.88023882403168,N1,5,80,84
0.836758271662896,1.1887027852879526,58.30579462756659,41.87718709827932,N1,5,81,85
0.6976141576287944,1.37168127991485,58.05603815169097,41.54852100071275,N1,5,82,86
0.08109411131143247,1.509947386374175,30.432158898696617,19.34847119157994,N1,5,83,87
-0.22147893222237655,1.561955093368944,30.425451987151792,19.3411925681663,N1,5,84,88
-1.029467348089574,1.6143639092764914,9.245880642129578,7.028825629946096,N1,5,85,89
-0.7641045469537857,1.6658663177534365,38.43192020063388,37.64505634306497,N1,5,86,90
-0.6068763792360101,1.513233120833911,38.719984451598705,38.01517904189613,N1,5,87,91
-0.4065323412537424,1.2965519674483375,38.60689073148596,37.89287958750056,N1,5,88,92
-0.292739476493901,1.1014352333576638,38.575791141877836,37.859350764903596,N1,5,89,93
0.09959493995833099,0.7810921642785843,29.116693536108414,30.647324162382755,N1,5,90,94
-0.25973459001561994,0.49806648921582025,-5.655443864961308,-4.09282888378475,N1,5,91,95
-0.09682794649582434,0.23480981361613118,-5.6658457091894885,-4.104084287413661,N1,5,92,96
0.42005325813601646,0.21055548476059585,21.95938040755136,18.09751966284175,N1,5,93,97
0.5123199571494979,0.1490218022298123,21.968538526185238,18.10738657237898,N1,5,94,98
0.7091318273551309,0.1787790396013719,52.26907633770024,37.266393748666,N1,5,95,99
0.9078913790692553,0.12380195895802615,63.150875547443135,37.731268226429435,N1,5,96,100
0.44336368647777535,0.12134185639453676,63.13534778771973,37.71449826450244,N1,5,97,101
-0.18016830661804023,-0.02229046615270249,35.3667335183517,15.357974822210963,N1,5,98,102
-0.21041787508526397,-0.13095059374854118,35.544293378806834,15.549865169678105,N1,5,99,103
-0.6156709133255959,-0.23350518641257736,14.606713765094446,3.4989863629559297,N1,5,100,104
-0.7911146205553621,-0.16915182379055266,-2.3837538896756088,-1.272737831082304,N1,5,101,105
-0.20366602989925014,-0.09487769671310815,29.863096359160682,27.184553320698978,N1,5,102,106
-0.34144319863607964,-0.12636709379234362,29.99299174365469,27.324915521114328,N1,5,103,107
-0.3729954464975407,-0.2043621922065199,29.722593258869892,27.03269116898946,N1,5,104,108
-0.4074252428329032,-0.299487843326321,20.390141281518208,19.957518991996494,N1,5,105,109
-0.519890194879028,-0.4912278952430924,32.10596742325024,28.410999028258903,N1,5,106,110
-0.7844489909980552,-0.7048509543112061,-0.16927017690677532,-0.13573658561635965,N1,5,107,111
0.2695791142941431,-0.6541212703574075,111.3880563770228,47.202655083102215,N1,5,108,112
0.257476349919051,-0.5493415585025545,112.59413870983344,48.50631645548683,N1,5,109,113
0.7751615722270173,-0.3088463089427279,140.1177691428431,70.59802493202888,N1,5,110,114
1.0798566537757524,-0.07770326519634807,140.05345910581227,70.52852303317304,N1,5,111,115
1.0096089051785042,0.26059297896394895,140.00034974298052,70.52987395491436,N1,5,112,116
0.2488768012498042,0.4244894875026901,28.57449052597203,23.33366830626601,N1,5,113,117
0.21127173303783026,0.5440960843832798,27.352035943228838,22.012296528906063,N1,5,114,118
-0.12799584439983674,0.5046249570060624,-0.11866410027269012,-0.022223418374596803,N1,5,115,119
-0.32215350299457557,0.4651606913359373,9.292778184944108,7.086631540059716,N1,5,116,120
-0.20484043172404826,0.27625554768491584,9.356219148088893,7.155193029879865,N1,5,117,121
-0.36485899851381304,0.021197649012782448,9.26159237159609,7.052854670693796,N1,5,118,122
0.04539590026072915,-0.12446754454588956,38.69469295407434,37.8673605267506,N1,5,119,123
-0.05123649078336427,-0.2233211490903372,38.319656967107036,37.46194443279792,N1,5,120,124
0.15289276046134717,-0.19987385329340554,29.115463195148187,30.518370457517086,N1,5,121,125
0.46170696766318714,-0.18372386260730025,33.99880798038521,26.41370413024997,N1,5,122,126
1.0686424931635514,0.10440674196019017,58.44628418902266,40.14476131761876,N1,5,123,127
0.6325041935364084,0.3021560241478326,29.247843491115237,9.583915051040185,N1,5,124,128
1.177485249813148,0.5278781989112176,60.1637727394791,29.408099399001184,N1,5,125,129
1.1490369402156575,0.7221209682039387,59.97831157346009,29.266425641835667,N1,5,126,130
0.897870718059582,0.9447338867987469,54.87045242543827,33.12846942059723,N1,5,127,131
0.5221448212725761,0.8700980153386795,30.552700383457523,19.53762686310838,N1,5,128,132
0.564186145978303,0.7639632969045238,30.395112046784014,19.367235016143695,N1,5,129,133
-0.11298043704189809,0.585168938843023,-0.210218349724164,-0.12121005104700089,N1,5,130,134
-0.3391104297703237,0.31136949105912637,9.285515736056732,7.130446602954817,N1,5,131,135
-0.7696210724740637,0.011983098674056692,13.954416461154688,2.7940385879714085,N1,5,132,136
-0.752400335841773,-0.30425305813960934,8.419883478578958,-1.3371185429154138,N1,5,133,137
3.2996312130060574,-0.5545879354780212,8.755868767508764,-0.973946173796503,N1,5,134,138
3.5116977688008175,-0.8276008751341764,8.749641473717748,-0.980689806043847,N1,5,135,139
4.197873775348208,-1.005391798819187,28.563465848877605,22.51737882405532,N1,5,136,140
4.5920373562740995,-1.2114095584327345,23.992595872573656,26.959674720501607,N1,5,137,141
5.160859685718836,-1.1688392868763358,60.12495514703223,50.529377646392184,N1,5,138,142
1.4081012972266052,-1.0074845592916362,59.78051721877473,50.157096412480314,N1,5,139,143
5.329364561737998,-0.6410974493459548,80.74378204026871,57.65269448633298,N1,5,140,144
5.918866901277428,-0.27361914740151005,65.13226332381473,40.3458996391224,N1,5,141,145
5.902511788685038,0.16145828519040747,65.32061554343473,40.549531783507064,N1,5,142,146
5.380449961360696,0.4440951903750744,39.59464082358645,21.006194312093704,N1,5,143,147
5.201600280858616,0.5633360703057775,39.503709554851596,20.90790281786367,N1,5,144,148
1.2117415831819471,0.4752076750875901,18.56700417347547,13.441032969819753,N1,5,145,149
0.2668022271448535,0.4121091020070864,14.384292666304281,7.270914223151522,N1,5,146,150
0.061473822254123435,0.31260923299737586,14.251166087178717,7.1269967866350274,N1,5,147,151
-0.20442092510310203,0.1141178030164312,9.220956325024781,7.060590124853479,N1,5,148,152
-0.5093555138860892,0.019355280658754737,9.372053682664774,7.223904809389114,N1,5,149,153
0.43424663029470023,-0.039026229938923504,63.9653244777568,41.30908614975797,N1,5,150,154
0.42009554254830733,-0.14107552408513585,53.21865496273731,32.70519019200501,N1,5,151,155
1.0318779819958308,-0.20590577535000848,83.70788718644363,64.72988599921128,N1,5,152,156
1.5368345285193243,-0.12543438315122443,111.4749263088166,87.08471754694528,N1,5,153,157
1.960524749953055,-0.06465127507157291,111.42779410078273,87.03379779069436,N1,5,154,158
1.5286152453986233,0.17243593310913638,87.47327312620254,75.16165244407094,N1,5,155,159
1.327114352234156,0.34634120448722283,88.7710263534329,76.56443832399164,N1,5,156,160
0.5858145572120748,0.5207010338649056,58.272554359129025,44.52975521650551,N1,5,157,161
0.2297368138315278,0.566549154936925,30.487443393027025,22.09668570235426,N1,5,158,162
0.2110117282763099,0.5062331846532032,30.3983541931113,22.000360695612834,N1,5,159,163
-0.09495937797270244,0.23546793559277007,4.651798651451645,-0.4130172239145395,N1,5,160,164
0.18977971078905398,-0.05226926443481546,4.537379522437732,-0.5367028363214559,N1,5,161,165
0.7754540039544168,-0.30260624843768513,4.616142329225477,-0.4515728813388705,N1,5,162,166
0.7590103206207118,-0.5588904063955382,-6.883901030955895,-8.613101363670102,N1,5,163,167
0.47336735690569753,-0.8490556876868538,-6.862464847260708,-8.589916818579331,N1,5,164,168
0.5396492727340501,-1.1425661113756163,-2.2625074962086726,-1.141800262192919,N1,5,165,169
0.31187794931307167,-1.3307009381200146,-2.277755708073528,-1.1581982200730636,N1,5,166,170
0.010748035610401985,-1.561307685285834,-2.37966449306914,-1.2683628233537092,N1,5,167,171
0.32276911423867316,-1.573697340105052,36.91021073092888,29.3313610066034,N1,5,168,172
0.8838753209404103,-1.410300472185304,66.29414926429163,60.1614988124782,N1,5,169,173
1.2482532717716197,-1.0034997131839547,84.5639064084733,72.57449395078929,N1,5,170,174
1.0362118755592804,-0.596802722454757,84.51165001504432,72.51797615165506,N1,5,171,175
0.8270160934055696,-0.08523266454001685,84.65644242801064,72.67446873601293,N1,5,172,176
1.0969026130217912,0.20597156347150616,164.216309701512,87.71381402255447,N1,5,173,177
0.7140500766322475,0.40656159239496786,135.01836732284247,57.084705535497775,N1,5,174,178
0.2448054301667014,0.3831970584160246,107.14295597818,37.30124192821495,N1,5,175,179
0.5310658678322909,0.27393948077993285,112.24993047791668,33.43831233734181,N1,5,176,180
0.5363835921750251,0.17593486201200648,112.17131029230022,33.35342734881124,N1,5,177,181
-0.1092042964604559,0.10162221307019052,4.769649904806101,-4.1215271412937,N1,5,178,182
-0.004961511832004817,0.003286908172790959,4.638667898613676,-4.263108033208482,N1,5,179,183
-0.29660820212045563,-0.08543153366483977,14.17846708207544,3.0362452480625506,N1,5,180,184
-0.13368216604385452,-0.1425035416355044,9.3149426967173,7.162292774020898,N1,5,181,185
0.2931534281333882,-0.3165486955335936,9.185996415139561,7.022813319601118,N1,5,182,186
0.5294699166632256,-0.17770686777313927,37.011007400494236,29.44026149731526,N1,5,183,187
0.28533308652483813,-0.018706969719447387,37.04962547988016,29.482032534711472,N1,5,184,188
1.2681468214525125,0.3304003754865789,76.51659873589578,65.12203257598249,N1,5,185,189
1.0162440184761181,0.6450561126239507,76.373820721431,64.96772495598616,N1,5,186,190
2.1388390444695857,0.9970710159243168,76.62337008187879,65.23750136943872,N1,5,187,191
2.0345975373011584,1.0579190092692698,48.83018942907311,42.854426065600094,N1,5,188,192
2.4215153312358835,1.1377722459257,43.20360651640258,29.706231694395136,N1,5,189,193
1.8366619329699063,1.0471168765950893,-5.6743799717440195,-13.09390092980193,N1,5,190,194
1.6766914006580975,0.9820337052144452,-5.675485220790324,-13.153835674181755,N1,5,191,195
0.359317394239082,0.9030620775384264,-5.859337098734431,-13.3526249939252,N1,5,192,196
0.33082838886704735,0.8174799173648466,-5.922384445153147,-13.420744466168435,N1,5,193,197
0.019861349702921416,0.7444894110367898,4.904485616304919,-4.034657674157097,N1,5,194,198
-0.2237589780599251,0.6408095586001835,14.229745076043036,3.032779070078868,N1,5,195,199
0.075328805671694,0.5561051552205797,14.306820442444224,3.1748166102493998,N1,5,196,200
0.004912541066579479,0.4792906315685954,14.326095232575971,3.1956784426611193,N1,5,197,201
0.23200627768032406,0.3945344042433291,42.158473190815855,25.621112046629786,N1,5,198,202
0.19089114100947313,0.2858876991096082,36.92430789099799,29.346620213494315,N1,5,199,203
0.6735601888367683,0.4841696062626141,55.164658257131485,44.41631131016784,N1,5,200,204
0.32402335402394444,0.6639907525808809,54.711331281844465,43.926297852649625,N1,5,201,205
0.9050316050734807,0.8495605046813737,84.50557227337723,75.19990040948633,N1,5,202,206
0.6723889140666358,1.051258699300088,56.78880280782214,52.899417855707,N1,5,203,207
0.7614587897283229,1.240735772256214,56.81146960771021,52.923917962280754,N1,5,204,208
0.4045636826328973,1.137840983377437,33.97887772415852,30.531911257395222,N1,5,205,209
0.5928384013239281,1.0218069282749185,34.40436951065567,30.991890732969296,N1,5,206,210
0.05691259547479035,0.894192057124178,9.598360467319072,-0.2606813828870145,N1,5,207,211
-0.0477226684309926,0.7425434549818476,9.547931191703537,-0.3151634317757271,N1,5,208,212
-0.2054553591327249,0.6267313821227745,9.735134037571333,-0.11280700317092851,N1,5,209,213
-0.3729415942282799,0.5030112520313338,4.9109809182671595,0.04360221012248076,N1,5,210,214
-0.4084107333069653,0.33035589477131,9.74177654982741,3.589044667131384,N1,5,211,215
-0.3516616366601625,0.14273581643959118,4.1147877775914825,2.8775536694403856,N1,5,212,216
0.2424289679736205,0.3646262695061736,32.4431640771716,25.838957076159204,N1,5,213,217
0.5929431830400744,0.5596605427309257,32.4428493430114,25.83860587329873,N1,5,214,218
0.902163881786936,0.7409841621405462,60.11130351707616,48.086825048728315,N1,5,215,219
1.097824887775903,1.0514706297445513,55.23418867324108,44.49125179666898,N1,5,216,220
0.8488685916684972,1.355431854666334,55.78235630695963,45.083801630836206,N1,5,217,221
0.22866774454606684,1.2620632820852251,27.524204856521465,22.198236251381786,N1,5,218,222
0.5730924715391325,1.2670495762857654,56.70173752251067,52.770904305043224,N1,5,219,223
0.22696460254070985,1.2921121420081647,29.07516506048996,30.56792359202482,N1,5,220,224
-0.005769393141082446,1.2345681208181105,29.0187699038539,30.506991465810824,N1,5,221,225
0.18074226641302857,1.1982810662929324,29.099485589065445,30.594266541103206,N1,5,222,226
0.3264174056536717,1.1535392450133628,29.075430240952482,30.509617283109584,N1,5,223,227
-0.29067987188502686,1.0125365212328519,-0.2011002644772816,-0.17009228182723746,N1,5,224,228
-0.07058454918659436,0.8769525597708764,-0.23777453974653326,-0.2096959926355339,N1,5,225,229
0.06444451421473332,0.7451962270576132,9.295365917110393,7.082424141424781,N1,5,226,230
0.0887649952340098,0.6255178832046312,9.430276308994143,7.2282131139725605,N1,5,227,231
0.42446293377676625,0.6022234108665145,40.01006557610017,29.43626118871125,N1,5,228,232
0.6319156620261367,0.5795311436112826,40.040879458119164,29.469560980203276,N1,5,229,233
1.7720203048127643,0.750751621613847,106.22592421472909,76.8643434972906,N1,5,230,234
1.7656699784100909,1.0184575725485587,96.67634363136713,69.55446623531661,N1,5,231,235
1.4715817943105776,1.2700722184499198,85.06044457400021,61.209060460716685,N1,5,232,236
0.8889740464403474,1.4145053142528012,54.466295768561395,39.04411577500851,N1,5,233,237
0.5848015728750283,1.5414456314441338,54.37009087521983,38.940107042283486,N1,5,234,238
-0.2785237083520428,1.5557664354766758,20.28676515294137,19.845805362290957,N1,5,235,239
-0.034324829966107015,1.4550569197352559,20.509380130776844,20.086410479682126,N1,5,236,240
0.1211014761327192,1.3313201770898018,31.87443493151295,28.101970929559865,N1,5,237,241
1.1430565578768892,1.211202623792559,139.3327855664491,65.63818124251611,N1,5,238,242
1.0970379739244778,1.067314552180133,139.30989149642264,65.61345654179259,N1,5,239,243
0.6117686093879229,0.8100046292025354,107.31000914666292,37.36424995394937,N1,5,240,244
0.21380827272622582,0.5755558677792777,107.17633134586649,37.2197146020013,N1,5,241,245
0.6202562837505639,0.4428155421929489,107.22436472140362,37.33032525376075,N1,5,242,246
-0.2161104029598789,0.38426411405914107,27.612751443892193,22.235105632295927,N1,5,243,247
-0.23938247081723601,0.5286687397966375,27.588267539235677,22.149867562657892,N1,5,244,248
0.1421297297295041,0.6720824507635627,60.87671473203518,49.239752372977634,N1,5,245,249
0.42224367936022417,0.7843879505373025,60.94596027835796,49.31461618415669,N1,5,246,250
0.22540331964358415,0.8175693603186887,61.113065140041364,49.495268137299355,N1,5,247,251
0.10248109613254996,0.7606775022543786,33.215169927887835,26.999012333019163,N1,5,248,252
0.3169967191941055,0.515698969776136,33.34228417565828,27.19516381937683,N1,5,249,253
0.297656688371319,0.3439757212530992,-0.09069999214043492,0.007795180186803918,N1,5,250,254
-0.0976480456386355,0.20631507015896489,-5.627214422895849,-4.062407399727817,N1,5,251,255
0.164979968020333,0.05124024913276628,23.578754590235622,26.575406384243433,N1,5,252,256
0.5314270181462518,-0.14740099478633795,11.87846289113113,18.13871338814588,N1,5,253,257
0.44205482124247625,-0.30009004840920567,11.946274467765761,18.21206816182439,N1,5,254,258
0.13294199866986672,-0.5773384068627024,11.86559473993293,18.124890771848914,N1,5,255,259
0.572774374961108,-0.8895148406948123,17.21103089837816,21.988570159184018,N1,5,256,260
0.10859699339113149,-1.2055446647724353,-11.781297276436089,-8.418311273066866,N1,5,257,261
0.3803267342765878,-1.2769090669006686,30.56802389983168,19.512299276420343,N1,5,258,262
0.6758425059642263,-1.2972580611842033,35.477834898260696,19.448500003405208,N1,5,259,263
1.246563631229219,-1.0478283874681324,71.76374198911726,44.34609140415669,N1,5,260,264
0.7414760499290309,-0.7585288850785872,71.83622747013032,44.42441816680603,N1,5,261,265
0.6898142115574786,-0.3633203783039448,71.56862731550682,44.13515197391789,N1,5,262,266
0.1407458091839544,-0.14729692556211943,40.98369523051042,24.710586253666953,N1,5,263,267
-0.04092318037319274,-0.007437639058926493,35.962236484368624,24.653698744394568,N1,5,264,268
-0.8124537336012793,-0.03921661221550039,-0.22001842776153352,-0.19061815335971916,N1,5,265,269
-0.5483358447441276,0.003982288015126301,-0.15544202714627317,-0.12073197654463001,N1,5,266,270
-0.5432068554539967,-0.015177945610037113,-0.18402167384847418,-0.15156608531742677,N1,5,267,271
-0.15850277829928813,0.06960079292972239,29.080926379320225,30.515568481834997,N1,5,268,272
-0.04349092662815792,0.15335370625932682,29.010997380972185,30.381219016971773,N1,5,269,273
0.26992325334991846,0.19493155828482997,28.915094518676778,30.336356475233153,N1,5,270,274
0.4914005952768207,0.14019030367994106,29.00944930742371,30.37953757463656,N1,5,271,275
0.4577048983888517,0.09336469029946955,34.00260629660988,26.393585545463065,N1,5,272,276
0.5971713286046907,0.2455851013660805,32.22453921585402,17.778500632697067,N1,5,273,277
0.4207164544749958,0.408866885216014,32.37194535381968,17.996578279614187,N1,5,274,278
0.8099658437977609,0.8899656668888014,60.29089804267314,40.51554029884519,N1,5,275,279
0.49176875655491015,1.3712982281259998,69.75263290970106,47.6857096730615,N1,5,276,280
0.33309232234955743,1.9312148509693798,69.5651389722876,47.48299914404451,N1,5,277,281
0.016330259990678542,2.159432339687908,42.18599113050186,25.54738440280471,N1,5,278,282
0.03255523429155573,2.373279066331034,42.085793232720604,25.43906568588136,N1,5,279,283
-0.5763440004998188,2.2727723922816976,14.154899798786937,2.907161676267242,N1,5,280,284
-0.47840515688344,2.1646400744181733,4.744016908762205,-4.149285096710628,N1,5,281,285
-0.256291284777393,1.9289977972939112,-0.16155900070625648,-0.12735511195442087,N1,5,282,286
-0.5253227517493542,1.717076561965277,-0.2887815404425055,-0.26492140441350787,N1,5,283,287
-0.4391634490433944,1.4730188826167763,-0.24153644464277021,-0.21381543641691678,N1,5,284,288
0.06754926969495045,1.2476933626756022,29.11193584468674,30.58339067067045,N1,5,285,289
0.09349450815759042,1.0168607208894884,28.87679007561419,30.329210361308288,N1,5,286,290
0.2708175025915864,0.7918226101707802,29.177932583580333,30.713423971793965,N1,5,287,291
0.7785849464665375,0.7196292656735835,59.16412269989996,49.53287949218302,N1,5,288,292
0.8897533415979183,0.8702708220146406,59.809569212661884,50.23052541105717,N1,5,289,293
0.876686363707688,1.0943234952903709,58.139890848411596,41.698210579012446,N1,5,290,294
0.9380021244005888,1.4103755296304172,67.77946209362126,49.105373699598566,N1,5,291,295
0.7328556976214315,1.7052648554924759,67.70246548557188,49.02220801735366,N1,5,292,296
0.21141621161312968,1.8141922285223984,19.129190432038378,17.129423312782457,N1,5,293,297
0.02775613560389729,1.7005499598645202,18.463320903586283,16.409662494571602,N1,5,294,298
0.10223973586507214,1.4360068947564428,-9.166563310337732,-5.796954053841728,N1,5,295,299
0.11925406646199121,1.0507325147089261,-18.742948114947648,-13.13584179207246,N1,5,296,300
0.13576509397050246,0.6530652295598827,-18.90423129510673,-13.31023691392311,N1,5,297,301
0.37217436232073736,0.30453787917431613,-0.2166987447948486,-0.18702671088794887,N1,5,298,302
0.22811189210639782,-0.003839456164882904,-0.4273009492666461,-0.414654382644585,N1,5,299,303
-0.2909058783609112,-0.2836719094328203,-0.35963570046405946,-0.3415860412955226,N1,5,300,304
-0.22493486683792413,-0.49551929112460014,-0.16454934650755604,-0.13063506465678074,N1,5,301,305
0.33462299863142564,-0.7022562659840645,29.23042729760673,30.71143033500375,N1,5,302,306
1.101247529479093,-0.9574495930856329,141.60465826587242,78.99084931605285,N1,5,303,307
1.44281181480967,-1.051197064317094,141.79104230424272,79.19236220681887,N1,5,304,308
1.82691042527984,-0.8676181101292884,172.3998057453053,98.68454473323546,N1,5,305,309
1.6651667826915457,-0.7195533655626889,172.40436702897858,98.6894590282629,N1,5,306,310
2.492182754177486,-0.4074008875149843,152.60173699465776,75.20347048044277,N1,5,307,311
2.068923709404453,-0.0859136588736277,40.016377501622266,26.75457274391847,N1,5,308,312
1.6770370003023687,-0.03424867609094804,40.04020132362566,26.780276822719678,N1,5,309,313
2.1161069644272343,-0.287893123292676,63.979442500580625,41.32446567904408,N1,5,310,314
2.261660568247214,-0.5930509336265288,63.86277061571091,41.19831576444194,N1,5,311,315
1.186185426528533,-1.029596169631867,54.34181522400358,33.91937632921581,N1,5,312,316
0.7479373470069504,-1.4900887633860207,54.43315745798755,34.01806981381014,N1,5,313,317
0.951161205490996,-1.9533126777050085,54.42077356159716,34.00463236151918,N1,5,314,318
0.22962567124217798,-2.3252043213078677,-0.07194705062975118,-0.08946938256267459,N1,5,315,319
-0.1373110970837672,-2.670703853153756,-0.20356969535787356,-0.2317648608557647,N1,5,316,320
-0.41229628286459385,-3.114500288413498,-11.879064708039369,-8.641692415508079,N1,5,317,321
0.286297549554331,-3.2724717128788567,35.01337511865749,36.09251228110698,N1,5,318,322
0.48866027800312395,-3.2636579705008444,35.187666530114804,36.280993901677355,N1,5,319,323
1.0130095477433088,-3.1952470517521334,62.75013292483673,58.53223873145616,N1,5,320,324
1.212418389573196,-2.926052170569011,62.787727622425884,58.57295582241859,N1,5,321,325
1.515609044515719,-2.527102107336364,74.56713661813083,67.09520184782414,N1,5,322,326
0.6559829065580743,-2.3798242922303983,27.600117685146323,22.28042098390906,N1,5,323,327
0.5966312405707981,-2.281372518883683,27.44649078047296,22.11429425838105,N1,5,324,328
-0.172226974667052,-2.2249355799614476,9.332469375920118,7.1812003446888415,N1,5,325,329
0.09668903365042639,-2.330382081212426,9.241279875176042,7.0825599243802575,N1,5,326,330
-0.17193664356472596,-2.4136085691892104,9.120237604013164,6.951803717025177,N1,5,327,331
-0.1757450256101663,-2.4513584313235213,9.362315950225092,7.213453345609378,N1,5,328,332
-0.49826021556379485,-2.467228115255904,9.189891582185737,6.968305751101798,N1,5,329,333
-0.1768111013932014,-2.480142991619675,-0.26154878173147156,-0.23555671708054432,N1,5,330,334
-0.5506735917646666,-2.4560487090725247,-5.66398104436521,-4.160845450085253,N1,5,331,335
-0.5852385694920372,-2.4257104536434837,-5.57768551159752,-4.0676606314948005,N1,5,332,336
-0.023675780539150537,-2.2656168355936783,24.731325088566155,17.70939113694403,N1,5,333,337
0.1837265670676004,-1.9754129722475782,24.91092493999786,17.96234035567104,N1,5,334,338
0.6669551609914321,-1.6888780155308922,74.02272686329488,62.817156289730704,N1,5,335,339
0.6656230819636335,-1.3229646041361662,79.46429341051116,66.78473188272547,N1,5,336,340
0.6588485209852195,-0.8086691243170719,79.35810001820282,66.61120911524377,N1,5,337,341
0.00042102032273874104,-0.43159863738222126,49.06348934980851,44.849728262882124,N1,5,338,342
0.02831231042130753,-0.22300894141768027,48.96863152209153,44.747166537595696,N1,5,339,343
-0.5656562946251256,-0.056584736481559615,9.332406158131562,7.122270920810843,N1,5,340,344
-0.5353493804445634,0.0071534801187667085,9.435440162905433,7.233690461838705,N1,5,341,345
-0.7629864861643625,-0.12869501820870538,9.266085502359056,7.109465233988158,N1,5,342,346
-0.41638010108471235,-0.17353567214655782,9.122619966022103,6.954386986408645,N1,5,343,347
-0.503064560746094,-0.19579137833570429,9.350167404706008,7.200356155962436,N1,5,344,348
-0.7042979903372156,-0.2036320824958338,-0.21171701029452378,-0.1228209824217629,N1,5,345,349
-0.7114830323763442,-0.22091997294125462,-0.2932592100212787,-0.21102249035611748,N1,5,346,350
-0.30226541073624275,-0.23230095681804386,4.8861668800786,-3.995666372720734,N1,5,347,351
0.16398172488320598,-0.06135934099929017,35.40111456048071,18.08360690685986,N1,5,348,352
0.12433100701966282,0.0992769538148636,35.33516561334909,18.012299533317492,N1,5,349,353
0.7579888841134675,0.26250775638491747,66.07696953732302,40.3366813495315,N1,5,350,354
1.5750652493008943,0.4291085599930199,95.46278739399641,71.16893966253083,N1,5,351,355
1.3021408754240837,0.5992364014269043,89.5593766839207,74.17092475271821,N1,5,352,356
0.8552633460557786,0.48653466816384566,59.94841946768647,53.06881889830292,N1,5,353,357
0.8315261964557976,0.3701300808783941,59.68435454878672,52.78340523600345,N1,5,354,358
0.48504665606795927,0.2540549759141527,28.9453929730269,30.344548640472205,N1,5,355,359
0.06750624125320996,0.1504513245405093,9.228949509019367,6.848213317529735,N1,5,356,360
0.43710462262448,0.05167656943719834,10.278270899351629,7.9824784500768144,N1,5,357,361
0.4448779021009443,-0.06329831496631613,9.126776308616172,6.737774739151064,N1,5,358,362
0.5385732695662455,-0.15556817174702645,9.370520615291388,7.001274887193722,N1,5,359,363
0.5270990257771644,-0.2681029368041948,-2.241325513956326,-1.2222541159164393,N1,5,360,364
0.301138859479147,-0.3715813319282148,-11.728763970904765,-8.361466273848055,N1,5,361,365
0.24951292119806112,-0.5025411649051634,-12.106812984056887,-8.828885599804925,N1,5,362,366
0.6439793334874991,-0.40777352636237507,19.099802401924535,11.309367086956263,N1,5,363,367
0.5603299781242924,-0.24091775616445688,18.94351481645099,11.140398774841014,N1,5,364,368
0.6743990839616061,-0.060818530137750314,57.9318907826444,41.41428377871962,N1,5,365,369
0.7340196371878847,0.1012580008806296,58.13109033185865,41.57085230205412,N1,5,366,370
1.0524765674374463,0.2872372885517322,87.69056369112113,72.6495351208323,N1,5,367,371
1.214231941596688,0.35262032857035164,164.15895399027687,90.28165018756007,N1,5,368,372
1.3704953126409236,0.31357059427512296,164.149392962964,90.2713045819808,N1,5,369,373
1.5790718065379452,0.27013315943745225,136.76638866673312,68.33148786103447,N1,5,370,374
1.3120489057049156,0.2252997283491709,146.06608113891707,75.42999137082442,N1,5,371,375
0.927355530679398,0.1741971647863295,116.71003340804273,44.571229959500855,N1,5,372,376
0.17442836045287322,0.024393158043311304,3.8482768913941983,3.108704826308167,N1,5,373,377
-0.029592216149615068,-0.02808884940654508,3.85056853432543,3.111173833686917,N1,5,374,378
-0.22812929977951057,-0.07235011042807002,3.7777158893182787,3.0324070314378333,N1,5,375,379
0.011663260788469642,-0.020479457003889933,-5.917728708439609,-4.435127802288116,N1,5,376,380
-0.3176458977039431,0.025696762009839346,-5.738853390984877,-4.183060993730396,N1,5,377,381
0.29186387594845653,0.08475932713153896,27.4516790605976,22.079989741552346,N1,5,378,382
0.3784592734956675,0.2492370944894134,27.284445443683218,21.899236171416852,N1,5,379,383
0.8665454806441687,0.5030200398316425,58.28541766665403,41.81520979242923,N1,5,380,384
0.5753993121083795,0.6418667430155551,46.59410999452484,33.38825228067835,N1,5,381,385
0.8550595481622623,0.7752588705851494,46.50364356704195,33.231765566291145,N1,5,382,386
0.37387965377276944,0.8858081344859812,18.852108161434444,11.041622987630763,N1,5,383,387
0.5580608045521217,0.7933893064328942,48.338570675987285,41.982627103946285,N1,5,384,388
-0.34067285264848124,0.6021873568090769,17.47918213282428,22.219679280618585,N1,5,385,389
-0.31646213040828003,0.39838418306405854,38.116059413264885,37.25195320303501,N1,5,386,390
-0.37394650466858936,0.19675069313940696,38.63242825050183,37.86884492907448,N1,5,387,391
-0.4517608200405334,0.019886340673380687,38.56688029587531,37.79798746889501,N1,5,388,392
-0.7849078236060961,-0.15538302603638385,9.309409429767403,7.104536090664624,N1,5,389,393
0.5460322260360726,-0.32011630169779154,63.94202036066417,41.232248465522574,N1,5,390,394
0.9259534948251428,-0.4952382018955063,59.927595542795096,34.58623902573818,N1,5,391,395
1.0434512926139803,-0.624171483854397,59.42589463748809,34.043948806137266,N1,5,392,396
1.3606245851030905,-0.5961961234717166,90.00529919064465,53.50430811479528,N1,5,393,397
1.4613363262887162,-0.5526263299156795,90.02250281373927,53.5228594112974,N1,5,394,398
0.7715261220697982,-0.38668617628156454,63.05909561648623,41.64423202879952,N1,5,395,399
0.5467633060450396,-0.20034002804272574,58.05092968478457,41.542962152820834,N1,5,396,400
0.5800359808474866,-0.05167963914826572,58.15852812574194,41.65921950587326,N1,5,397,401
0.333041578354954,0.029282485488376152,27.55609954326137,22.173989502684343,N1,5,398,402
0.08982870311283478,0.11786200785261372,27.500601775070027,22.114028370221057,N1,5,399,403
-0.07051347592022239,0.08288060376801099,29.11509150009624,30.586757278052026,N1,5,400,404
-0.08771442715252534,0.0443869686992457,29.153932359694227,30.628700007189035,N1,5,401,405
-0.0215358428936554,0.02927255407021647,29.114809429314846,30.586419937373286,N1,5,402,406
0.08966122769872982,-0.11295197490544809,29.03296171303482,30.497935923449404,N1,5,403,407
0.46302517060314585,-0.2751395572359641,29.082462521438355,30.55149871124049,N1,5,404,408
0.19256409225129117,-0.40856256248746803,9.240671670207666,7.023218954814365,N1,5,405,409
0.4267666153687344,-0.4266257656437986,9.333426515664542,7.182227975840215,N1,5,406,410
0.29319330847689,-0.39025336111287035,8.353154923401235,6.122657346766937,N1,5,407,411
0.6963671296776169,-0.2156133453622914,33.885441821250424,26.813918208007088,N1,5,408,412
0.6557512085465305,-0.040941007359887746,33.86310507131202,26.78972718348341,N1,5,409,413
1.323167406282505,0.2965559683050927,55.02112343089175,39.07880750634213,N1,5,410,414
1.1535368169627531,0.5390836073530465,55.05758047936579,39.11819750034847,N1,5,411,415
0.9102659591371378,0.7084473916832692,55.83619130464285,39.95984204281922,N1,5,412,416
0.2350953695694841,0.7581505883323658,30.404440198485098,19.377244132272608,N1,5,413,417
0.04756267810245731,0.813420736097008,30.322115578391095,19.22952797939397,N1,5,414,418
-0.8431615961909358,0.6745004802283091,-0.21002964571962365,-0.17980243780948513,N1,5,415,419
-0.7232218496275096,0.5451730112541455,-0.16673986683090333,-0.1329923305842385,N1,5,416,420
-0.06739963371087469,0.41376457912849673,32.09719001300109,28.307018603363396,N1,5,417,421
-0.10683808084659177,0.26843031246094995,31.99128274255054,28.192538048788265,N1,5,418,422
-0.053029058759904046,0.13990710778638799,32.117719306116484,28.387921891328734,N1,5,419,423
0.26231097074955867,-0.0031838621855939664,41.43380116938715,35.44542408020643,N1,5,420,424
0.015142908663426624,-0.13241647106873983,41.401554035174925,35.41052543413207,N1,5,421,425
-0.22505748359405403,-0.25121651641403275,9.26560512602955,7.108831960883253,N1,5,422,426
0.4510326163402965,-0.25197569809423614,41.78432111574584,25.59397850159512,N1,5,423,427
0.2936685676758145,-0.2530602089571488,31.207544275862166,18.371997649281184,N1,5,424,428
0.3342599128722384,-0.23210419435768018,49.49995735381235,33.49797504038288,N1,5,425,429
0.24725405678593687,-0.12770849733828982,49.456246572739474,33.4507840897546,N1,5,426,430
1.3804319017695263,-0.012904373136689174,49.32644748535167,33.31046724219122,N1,5,427,431
0.6838549457623685,-0.06889090719783156,16.879963932248938,14.903427102867136,N1,5,428,432
0.9226796677534367,-0.1893568426059943,27.49506232976419,22.16682081444669,N1,5,429,433
0.6099816905805028,-0.37443538074532656,-0.20692274474859004,-0.11775665245222626,N1,5,430,434
0.815349538326086,-0.7196641159227596,-0.17583231672251715,-0.08417900242020551,N1,5,431,435
-0.43075877032675863,-1.1750471455103793,-0.18682139218435623,-0.09605915124993772,N1,5,432,436
0.4935397012502108,-1.4055055834983647,112.10315889928606,55.32238691253515,N1,5,433,437
0.6934589639476372,-1.5103924944789155,112.17137526252918,55.39616369750147,N1,5,434,438
0.585520568385823,-1.6108249537489185,112.0948683112263,55.31346399020513,N1,5,435,439
0.5765950431678902,-1.7053047015459355,121.57348001715654,62.546637763597026,N1,5,436,440
0.34930625558150724,-1.649330867661952,121.62745481778256,62.604956243154085,N1,5,437,441
0.05843222128821708,-1.5965329207338286,37.107899089177955,29.54497688406409,N1,5,438,442
-0.26259692468906903,-1.6496174944090485,36.928268468486934,29.350808720826173,N1,5,439,443
0.151711667264874,-1.6511633045978216,67.7204603233542,51.72970135916366,N1,5,440,444
0.3187414134569394,-1.5381446688098876,58.19417970034192,44.4449789856284,N1,5,441,445
0.15559558024280024,-1.4899862591125412,58.163366263970964,44.41171180201964,N1,5,442,446
-0.5555257772472828,-1.6174688919257405,30.35798243416939,22.015438449718204,N1,5,443,447
-0.396367382164749,-1.708709191690683,30.52958289013113,22.200880239570687,N1,5,444,448
-0.4792249900550928,-1.8192513531227703,-0.2925627862881811,-0.21040822726026817,N1,5,445,449
-0.48239012458935804,-1.9959324859713732,-0.3216271179247997,-0.24178280252635886,N1,5,446,450
-0.1210631153333452,-2.1441725050208675,-0.09473872232629219,0.003505035612761276,N1,5,447,451
-0.015276998977628863,-2.2735188737847394,-12.104592931389197,-8.767871099501644,N1,5,448,452
0.041837458551481174,-2.3956135015804874,-11.992752515391476,-8.64693312090385,N1,5,449,453
0.3449502453269361,-2.3776257170117487,17.38582892174818,22.108755916454538,N1,5,450,454
0.1684889216198826,-2.3373869211060843,22.56892652115348,26.090025583492025,N1,5,451,455
-0.11247089426493631,-2.3019897216479115,27.080621279488696,21.583588139553466,N1,5,452,456
0.616319941531151,-2.040418197043281,69.95144340601037,50.11962225226707,N1,5,453,457
0.5692896677451245,-1.6709021486639437,69.82550789852466,49.98345386165092,N1,5,454,458
0.7399187465973114,-1.2934785245755407,68.2612217210175,41.63376297785144,N1,5,455,459
0.7720735372653621,-0.9093724404459443,63.11382047074221,37.69109218068952,N1,5,456,460
1.1142769804594876,-0.5111473707388704,58.471805200816746,42.05662183705899,N1,5,457,461
0.42101831267764284,-0.2713131322955114,27.570404166151274,22.248314308232512,N1,5,458,462
0.34502938626604873,-0.22668073718692341,27.45892895201687,22.127851534130606,N1,5,459,463
-0.3058443466057952,-0.3494126008859716,-0.3283359927343554,-0.24886610913345067,N1,5,460,464
-0.16471046029450917,-0.5425389583968488,-0.2876935275715368,-0.20495260000388954,N1,5,461,465
-0.1741131334855254,-0.8110633183782376,4.595466809064964,-4.309770293753172,N1,5,462,466
-0.0082868478116211,-1.1150569257422582,4.754888076282805,-4.137539154194019,N1,5,463,467
0.06592803561394475,-1.1084293593577954,9.733839356189856,-4.126620212433044,N1,5,464,468
0.13779635283310654,-0.9760362120741242,9.721985650917485,-4.1394359440600965,N1,5,465,469
0.14834268914569293,-0.7043824321357743,44.72575225184992,30.986384057129907,N1,5,466,470
-0.14994248802097446,-0.41707890403444414,39.849612482522204,35.09877174638969,N1,5,467,471
0.2743638401682119,0.10477914004592925,67.35395408730547,57.12991646706032,N1,5,468,472
0.13674191943366623,0.36179966751742754,62.47206408249476,57.22387422601751,N1,5,469,473
1.866281337436908,0.5920221590861303,128.77352774798493,104.74453344716967,N1,5,470,474
1.5804128140446096,0.6967348188208102,93.79287005520965,69.64370797924857,N1,5,471,475
1.5908561577387672,0.8942095123439724,93.69923867180114,69.5425160435254,N1,5,472,476
1.149047239812114,0.8048215123512168,66.12388324240165,47.434679438566675,N1,5,473,477
1.2452025214753006,0.6943300312469439,65.97004833138416,47.268418359544015,N1,5,474,478
-0.6926292682202074,0.5159079508903552,-0.24415510226899642,-0.1578948700993351,N1,5,475,479
-0.5863836509405929,0.3337769372796515,-0.2402914551210415,-0.15367151873870172,N1,5,476,480
-0.7282351444642586,0.021263858467173692,-0.3610085690525011,-0.28419847340446724,N1,5,477,481
-0.7815883355335472,-0.2552422920026096,-0.2879469217026781,-0.20522147954943648,N1,5,478,482
-0.9693603115572046,-0.5145726265761308,-0.2722274118794303,-0.188179987309195,N1,5,479,483
-0.8720250420192087,-0.7926365049364772,-0.20559573519130936,-0.11614461350072816,N1,5,480,484
-1.1137006758945405,-1.0179710534396142,-0.26863198943028693,-0.18428414066111146,N1,5,481,485
-0.9208223308943388,-1.1571223201137226,-0.05294259055299335,0.04890168744859693,N1,5,482,486
-0.41777149322705326,-1.1384012959328185,46.71230343283678,44.64557476308946,N1,5,483,487
-0.29760195965729963,-0.9505607401179799,46.70448375654814,44.63705465046114,N1,5,484,488
0.49339504160012665,-0.6540852162999705,80.11881514960551,71.80420640539378,N1,5,485,489
0.4664920807037788,-0.40441490131239777,80.25512853490363,71.95147619236013,N1,5,486,490
0.42195112838421667,-0.20119545419344753,80.11185491756915,71.79665397648023,N1,5,487,491
-0.15350092412704724,-0.1870699680513564,27.83968808431382,23.161655574032558,N1,5,488,492
-0.2722663176582728,-0.33642230593460776,27.888088366422018,23.213990184058638,N1,5,489,493
-0.6526831428330979,-0.5500966472346676,-5.625866671170661,-4.119660524980281,N1,5,490,494
-0.4046888318833794,-0.7584508783032327,-17.344587246078298,-12.57621906884997,N1,5,491,495
-0.3905296690416208,-0.9630494081667186,-17.27858907391201,-12.563688476730386,N1,5,492,496
-0.19505374324377273,-1.1638717118942636,-11.786871295017045,-8.541829694685294,N1,5,493,497
-0.1173619029317706,-1.3578245439671697,-11.798631738208496,-8.554512484558291,N1,5,494,498
-0.3458964759043397,-1.585162771131395,-11.739607968920609,-8.490697253175677,N1,5,495,499
-0.5931565153751308,-1.6547647979645856,-0.26126789385671145,-0.29391907020799407,N1,5,496,500
-0.4615676149275714,-1.7129840352085939,-0.16916591524714022,-0.1356109301021206,N1,5,497,501
0.5524699781326945,-1.5422208839646285,112.23324268899815,48.115523490788476,N1,5,498,502
0.926057237899272,-1.3491491191584173,112.34694916640801,48.238416551439514,N1,5,499,503
1.6069358976478043,-0.9230729220812645,161.41411007322458,91.30177869891449,N1,5,500,504
1.8807745861146485,-0.6300513649275544,171.0158924367235,98.66806763903806,N1,5,501,505
1.8202460030820817,-0.32205292823870774,170.94290273200386,98.5891738313494,N1,5,502,506
0.5128784785415746,-0.21659174052693952,58.52410463345441,50.32033699285421,N1,5,503,507
0.22083684936150122,-0.10827867085293157,58.29138424572302,50.068754634079234,N1,5,504,508
-0.39969352938117025,-0.19658342398144962,9.304210856531427,7.150621343304374,N1,5,505,509
-0.4817052157646685,-0.2964620712606855,-0.28460136802023045,-0.201724047697644,N1,5,506,510
-0.4481350628061705,-0.3802492329353317,-0.17582424314969103,-0.08412747528636828,N1,5,507,511
-0.4147147922502086,-0.47963209178201094,-0.32980160056467867,-0.2505158298081369,N1,5,508,512
0.014707607308105252,-0.5607530589187755,-0.14152545881224796,-0.164592916069887,N1,5,509,513
-0.030153689814301287,-0.6743946052916966,-0.23705163595441264,-0.326561987248715,N1,5,510,514
0.26940275819832776,-0.7777806683220486,-0.22708892722730525,-0.3157389548628998,N1,5,511,515
0.4589538817419225,-0.8985796974762064,-11.835184266864236,-8.720737499147072,N1,5,512,516
1.2538795957035518,-0.8808138349605008,15.95565019651185,13.659749104047659,N1,5,513,517
0.8125694123537869,-0.6839697563951994,15.663710972742411,13.461774227193382,N1,5,514,518
1.1836566283665662,-0.46147944567184035,43.47772697897235,35.92606276116676,N1,5,515,519
1.3515651845150842,-0.13571526684811416,78.63068909131398,71.21312773110658,N1,5,516,520
1.1363124548528958,0.1957112648958912,89.97628239754704,79.33440405072615,N1,5,517,521
0.6054704604569793,0.4018813664449489,62.45412417346233,57.244283536066725,N1,5,518,522
0.7635442116428862,0.41064611382671534,62.61906614744585,57.42256809882347,N1,5,519,523
0.23657891642039885,0.41295917121104464,34.7434027995012,34.95034828237367,N1,5,520,524
-0.0017693733142891688,0.3164339726062611,-0.1788852909929119,-0.08741249864215206,N1,5,521,525
-0.2019077043543689,0.21803233787364498,-0.12118622334237443,-0.025058927570353263,N1,5,522,526
-0.3418216446040333,0.1144729264536167,-0.33219685027506785,-0.2531342683076218,N1,5,523,527
-0.4342865814594461,0.009608045164252132,-0.2574139855816611,-0.23103455950731586,N1,5,524,528
-0.3674199626036739,-0.09443379241662839,-0.10079169187665685,-0.1792366786958155,N1,5,525,529
-0.6596912977130387,-0.18907310499872593,-0.2859457194412244,-0.37933361682917166,N1,5,526,530
-0.13580300528464023,-0.2844080983752253,4.805313483297505,-4.259310311522495,N1,5,527,531
0.3269658364954807,-0.3872433589354635,32.242336133985376,17.738865437758797,N1,5,528,532
0.1790600751473903,-0.4718914842788351,32.49692723165863,18.07278943934798,N1,5,529,533
0.6443332400159079,-0.3669077269236336,60.0208983665827,40.28240499520325,N1,5,530,534
1.0242146243447565,-0.2753252446603202,64.94747683381357,43.98642472507381,N1,5,531,535
0.7548641153916378,-0.18320664638768527,60.101114805005636,48.13113302062011,N1,5,532,536
0.4755718196214616,-0.07564794316083479,62.00845715027317,56.92034035824945,N1,5,533,537
0.6096439153453502,0.022872688018444266,61.77217060080657,56.66498935018426,N1,5,534,538
0.3114663273126098,-0.0773851588632084,34.072776660327506,34.38324331668919,N1,5,535,539
0.18029262835736973,-0.16249747267226872,29.243350604439183,30.72551154174762,N1,5,536,540
0.23534770126699414,-0.26176735411359286,33.99577426821488,26.479331532931973,N1,5,537,541
0.0017780109090836048,-0.36043551199533574,4.642723944410681,-4.376163481370895,N1,5,538,542
0.0832796913205243,-0.4691864067341026,4.680417720605329,-4.335451272839782,N1,5,539,543
-0.16032946368372905,-0.5681357742257653,4.749741199617711,-4.2605032058359935,N1,5,540,544
-0.2704661247718036,-0.6826109578198725,4.639000103014405,-4.321543021784237,N1,5,541,545
-0.28444013028288284,-0.6661142703544147,-0.15997978947634692,-0.12576088254900242,N1,5,542,546
0.006377872406085316,-0.4688777502958185,27.541047292114673,22.216446402258224,N1,5,543,547
-0.02237035803453864,-0.27482969698941667,27.428596474565712,22.094928106109002,N1,5,544,548
0.8050752009519897,0.007910193992033854,55.19529117641578,44.449383847671925,N1,5,545,549
0.8229862486467141,0.28224022026724993,55.30816116131173,44.571398529450015,N1,5,546,550
0.9084144445336164,0.5248217297349125,64.63449679059559,51.64001748191331,N1,5,547,551
1.7460902386325075,0.5866927193406077,41.91767620189567,25.360838132353457,N1,5,548,552
2.188373107646316,0.736113252961881,74.2058898242387,53.86286359226578,N1,5,549,553
2.4873532373598435,0.7857309792244017,101.1031890347338,65.67002272909194,N1,5,550,554
2.5339749180404283,0.8359500679040248,101.01559753862747,65.5753929456394,N1,5,551,555
2.279249165303065,0.7862463295412102,91.6548107834271,58.4108370297432,N1,5,552,556
1.063282503526466,0.7259623805572488,86.71054502722836,62.44974120660845,N1,5,553,557
0.7797359840580498,0.5624602396050211,54.36827020767741,33.88921294825268,N1,5,554,558
-0.20011770516996422,0.4061873885968371,-11.766968716680276,-8.461540605386471,N1,5,555,559
-0.12170866122813777,0.23192916063643737,-11.908208562262008,-8.614204798639912,N1,5,556,560
0.02206155346724472,0.07495045665404021,-11.816099919528643,-8.4559216234029,N1,5,557,561
0.7308083788553972,-0.08471671231907862,18.884650239402255,11.093834023601811,N1,5,558,562
0.7689672361345969,-0.262702893704127,18.89793353421992,11.108185966878228,N1,5,559,563
1.2439550038869016,-0.23516656219446758,58.10866072525969,41.62236671969731,N1,5,560,564
1.1289683487492765,-0.10287212718825103,58.24516177183614,41.76991927518029,N1,5,561,565
1.0876735162707631,0.00677783175072193,58.13025736190393,41.64574586089075,N1,5,562,566
1.2822030778356521,0.09870977955238942,134.8320722703771,59.571845467700406,N1,5,563,567
1.0618556695843722,0.20648155684155042,134.91872733245327,59.66557403163351,N1,5,564,568
0.6086693144165565,0.08968609301354427,120.75919848678532,40.964781665813646,N1,5,565,569
0.869832010308653,-0.12560249497496265,150.14378831871,71.79562378469745,N1,5,566,570
0.8573695160140573,-0.31588298956490773,150.2428667832981,71.90275248233156,N1,5,567,571
0.1724603713341139,-0.49460391532244863,37.27602040399506,30.32661305005495,N1,5,568,572
0.34844113470787763,-0.7057071027468833,37.15781208292319,30.198822173403823,N1,5,569,573
0.6940228043722414,-0.875719799920542,28.70711150962161,22.735669246918405,N1,5,570,574
0.5211165040467108,-1.0423714644277002,-0.6685539363395947,-8.085537521331208,N1,5,571,575
0.565101867158296,-1.1760915695581775,-0.8258889241413272,-8.255676550629142,N1,5,572,576
0.7836265719190237,-1.100313585009879,32.396808894274,18.082015889478498,N1,5,573,577
0.6147247722757356,-0.9623750347785475,32.573155471947395,18.272657077488475,N1,5,574,578
0.6442768214660759,-0.8561961967716023,55.18357196622382,44.43680116143696,N1,5,575,579
0.7471129995665933,-0.6591975492255063,43.57443119594755,36.09856453996654,N1,5,576,580
0.7084829388520347,-0.49066908744803756,43.64073440288193,36.17026051705106,N1,5,577,581
0.2318989967636071,-0.5201075563919154,15.939376443120272,13.886403099523523,N1,5,578,582
-0.005712814871185401,-0.5609605352726696,15.913746667910164,13.858654178055804,N1,5,579,583
-0.5550417167769297,-0.5077512470615438,-2.4557833804348776,-1.3506219685779797,N1,5,580,584
-0.5975473443887267,-0.5149653690214905,9.296022472417826,7.141794689400558,N1,5,581,585
-0.15346709216745466,-0.5491139183602762,38.50445009167743,37.7822521714952,N1,5,582,586
-0.17275854150185524,-0.575837498722089,38.596526311602794,37.88174001511434,N1,5,583,587
0.10484547563696651,-0.5797192386521622,38.59250328390699,37.877456214822814,N1,5,584,588
0.25086137534844966,-0.6826756625139346,29.152803575126747,30.686308324128913,N1,5,585,589
0.20205216237161494,-0.7745400766721247,29.105685316328163,30.635430190313127,N1,5,586,590
-0.15523727816608926,-0.7549158953429249,-0.11883689138485351,-0.022458599489618793,N1,5,587,591
0.3016988732000755,-0.5583488732490401,27.478452337811905,22.109126224147257,N1,5,588,592
0.19845638097950768,-0.3883629608092029,27.431257585136336,22.05804804784275,N1,5,589,593
0.561186233309229,0.08011780361713221,55.17946580920106,44.39255475075588,N1,5,590,594
0.6142023457261189,0.5107065963438714,55.058642491960924,44.26187011200163,N1,5,591,595
0.6946523974318438,0.8207899687514668,55.13433918040173,44.34375705438215,N1,5,592,596
0.3290034661640675,0.9489802602512718,27.39915223698481,22.063140203983856,N1,5,593,597
0.5206212116155029,1.0683820291561432,27.44745138059152,22.11539205605404,N1,5,594,598
0.17464054994995876,0.8952939630164714,-0.1503019973388291,-0.056420417271147015,N1,5,595,599
0.03239997921840541,0.721566373737803,9.150192221933684,6.984325738398184,N1,5,596,600
0.004870078648320941,0.5568178699018859,9.085935816486744,6.914823199730745,N1,5,597,601
0.2343258691460619,0.38106126179822225,9.291900235678622,7.137464756453847,N1,5,598,602
0.45866140205280315,0.22019636379518345,38.59848867166293,37.88398350482093,N1,5,599,603
0.31775788627675183,0.06082515108318916,38.54835817817366,37.82974473818395,N1,5,600,604
0.19809736286325688,-0.09613375025330413,29.26642755862631,30.809096202854924,N1,5,601,605
0.42440579756519126,-0.16982848441442117,29.073189923721657,30.600258068651236,N1,5,602,606
0.8268948365799815,-0.14322203459646587,59.69303834327802,50.104267054832235,N1,5,603,607
0.6237694462969671,-0.1304861645211993,30.32685883723898,19.29327791382675,N1,5,604,608
1.25220208877588,-0.01922183851295358,61.14533558958283,41.66069772864212,N1,5,605,609
1.5219556111825567,0.09389978307176464,61.17620786811094,41.69411938645717,N1,5,606,610
1.3480956927220062,0.10770180593395295,61.27943457209476,41.80568848989897,N1,5,607,611
0.7640943068208458,0.035744588427274945,30.576460496646906,22.21176463024822,N1,5,608,612
0.7487505822028652,-0.0634191773157852,30.508183958981682,22.07930836031228,N1,5,609,613
0.1911140914012776,-0.2451660557101988,-0.2624470935377758,-0.23639292010193458,N1,5,610,614
-0.08954119461708387,-0.43532454433282625,4.788044525889563,3.6015479192501516,N1,5,611,615
-0.3443101359874049,-0.6110263189701719,4.800607852992107,3.615126157495979,N1,5,612,616
-0.5119831746979913,-0.8429078990850677,4.656899291821174,3.4598170974699314,N1,5,613,617
-0.5999584150547662,-1.053430850927392,4.210707175744756,3.0362251116523113,N1,5,614,618
-0.31016821732335986,-1.1887242732654208,36.89740297019016,31.96885160554375,N1,5,615,619
-0.10521294208352856,-1.2347911262985805,31.955256282311893,28.247938404435263,N1,5,616,620
-0.09714717822057536,-1.0894983910160598,31.984243296651403,28.279256007920047,N1,5,617,621
0.5427114242436574,-0.4958420923099588,62.77498480833019,47.9681154853839,N1,5,618,622
0.5151487736535045,0.08569239891513902,51.76384625052524,40.27632550328853,N1,5,619,623
0.6032449763803698,0.6606460917067387,46.70995431378979,33.55340656798071,N1,5,620,624
0.3657005397013677,1.2353503554265266,46.53059996912125,33.359579913437486,N1,5,621,625
0.42024423814814327,1.611643663747661,46.61092254400937,33.44639232255868,N1,5,622,626
-0.04952843470888411,1.5782231174551022,15.811087453495565,13.747709086136457,N1,5,623,627
0.1063689507859749,1.5479260322686088,27.445644297893885,21.995782320489525,N1,5,624,628
-0.3772039456959419,1.4139165316320326,-0.30997407313407166,-0.3467164432258869,N1,5,625,629
-0.052007991041739386,1.1881667294690423,-0.23746493030703278,-0.2683319977855717,N1,5,626,630
-0.026713563573059672,0.961013768396284,9.23136173059611,6.902496211003017,N1,5,627,631
0.7433783845257722,0.7247061464458138,116.83056878031421,44.59089749056584,N1,5,628,632
0.46609627938494214,0.5858270608196623,116.7464897873455,44.61756333384692,N1,5,629,633
4.651507339181353,0.4251616940359909,171.27650679649452,78.63446696988831,N1,5,630,634
4.46649116983491,0.2527918800956268,171.34292595660662,78.70623508418649,N1,5,631,635
4.852940120346716,0.10962188011127019,191.16399350129797,102.22953955482663,N1,5,632,636
4.570733575772204,0.1628904558792815,114.3234571978006,86.88384621745863,N1,5,633,637
4.744456976465335,0.1207228581864026,114.3312712765568,86.89230151465308,N1,5,634,638
1.2139730137520588,0.27919211755836315,90.45656959032058,72.41785903942655,N1,5,635,639
0.9991713539387888,0.4353072696842723,90.467368644799,72.42958689751394,N1,5,636,640
0.539055762129044,0.5763875789072468,61.127938150385305,41.681938380801874,N1,5,637,641
0.35066034990773004,0.5178466840957281,30.562821334347973,19.548459103552887,N1,5,638,642
-0.04660217758862473,0.45532792526444366,30.482099328120967,19.40243008008547,N1,5,639,643
-0.49285377817755033,0.20990946105698532,-0.1163878057814145,-0.07855562455224571,N1,5,640,644
-0.12391135974411327,-0.08804458006797126,-0.7707283315612585,-0.8446553740126547,N1,5,641,645
-0.03748613731104342,-0.4164889176054139,-0.20656814152389416,-0.23483396395313322,N1,5,642,646
-0.373015656905136,-0.6946642084203756,-11.94842538764642,-8.716456079788623,N1,5,643,647
-0.0010976230654137,-0.9788980254545219,-11.710954859461344,-8.400997180545527,N1,5,644,648
-0.17807537571293325,-1.2691247009671813,-2.310936661950109,-1.2527924875314056,N1,5,645,649
-0.23319539207016077,-1.3808390105036288,-1.7129014873120467,-0.5475864361003915,N1,5,646,650
-0.2760076088832989,-1.3785780780170285,-2.406958996984031,-1.2978309132937285,N1,5,647,651
0.4912853584764093,-1.102715603824744,56.25879060410589,50.14994841132939,N1,5,648,652
0.3256414363911745,-0.8075244230410792,56.081517800112486,49.958320718976026,N1,5,649,653
1.0267688066280356,-0.2820756596778843,77.45288892183017,62.47797464847317,N1,5,650,654
0.8033102611069353,0.14127114292765058,77.3956548921924,62.41607603587836,N1,5,651,655
0.6182416461373691,0.47632252191869495,77.58604649215559,62.62186147106331,N1,5,652,656
-0.2817295123946678,0.48614415276376877,30.37916288256529,19.349795313963842,N1,5,653,657
-0.19393055416172728,0.5132850934498926,30.551241802365986,19.535802922400762,N1,5,654,658
-0.42732025581318567,0.30513496807208895,-0.9325156176986639,-0.9021574910839263,N1,5,655,659
-0.3250471656809282,0.11406333069259418,-0.18483610880794005,-0.09395318594251875,N1,5,656,660
0.150296795220072,-0.11707658315230489,-0.3067628263379447,-0.2256929551032954,N1,5,657,661
0.37853982641296396,-0.33828038398644866,-0.16863373117957964,-0.07638404443132459,N1,5,658,662
0.5847715729898709,-0.47429344290328646,-0.4564286531982361,-0.44617656323025584,N1,5,659,663
0.39171412233071123,-0.547968795751391,10.005323789991962,7.849711976842809,N1,5,660,664
0.581713674058426,-0.6341488874885272,9.25345785259633,7.036983044999943,N1,5,661,665
0.6617652558015493,-0.7016665203166873,9.330118946986477,7.119796064292314,N1,5,662,666
1.2047275400629018,-0.6280381761812002,40.09342840115278,26.77894810657308,N1,5,663,667
1.2262470274684574,-0.5495941174758456,40.255076214984726,26.953628251177726,N1,5,664,668
1.831616678714795,-0.4902525095990967,77.38645707438263,64.14937022073282,N1,5,665,669
1.5314962186558545,-0.32434588202506803,77.4200971381666,64.18573341463852,N1,5,666,670
0.9442390148479604,-0.11427417770962052,77.43153548136107,64.19811571303289,N1,5,667,671
1.5588583537569094,-0.02534151819183066,46.64847014595507,44.45885487041014,N1,5,668,672
1.395235935644814,-0.01152577191545987,51.64179352722058,40.5318578300983,N1,5,669,673
0.5398884545976899,0.008253640489078862,4.751718987587083,-4.199765482244402,N1,5,670,674
0.7695387274260611,-0.06471898928629258,9.770104110926331,-8.158435357279085,N1,5,671,675
0.8933065513438919,-0.1427784914424656,9.604204012238188,-8.337799623105093,N1,5,672,676
-0.3153893999799152,-0.18846120925933504,9.760390499264759,-8.168949124593201,N1,5,673,677
-0.2752134131003686,-0.2500098190125627,4.210771233583364,-4.78455654837453,N1,5,674,678
-0.09962220409394149,-0.30382516449301067,9.677934730733977,-4.2459310543512405,N1,5,675,679
-0.34976186546214194,-0.3539381374743698,14.1398615831371,6.947812044269813,N1,5,676,680
-0.19886421146356953,-0.3753893987926752,14.307654686913883,7.129171311689424,N1,5,677,681
0.14510584024375248,-0.32871239554210374,41.85112622271481,29.301142818663358,N1,5,678,682
0.13727880963700728,-0.25582451386835175,42.469154276357585,29.969265464754425,N1,5,679,683
0.48430389770720694,0.11721568319693816,67.66146483088596,48.97754152611087,N1,5,680,684
0.9717003659617831,0.6870016076925538,87.50379472564309,72.43764366971882,N1,5,681,685
0.9790998464352242,1.2145819543446357,87.52626899753668,72.46198882842073,N1,5,682,686
0.6629857511214823,1.6141141190621995,64.8733886295544,46.251934292844815,N1,5,683,687
0.7789235817357166,1.9903642708571543,64.6537274979637,46.014515015451614,N1,5,684,688
0.20904060779635075,2.0294655281459826,22.455297886490733,18.137334097905114,N1,5,685,689
-0.0493728945138173,1.851145410349155,-6.84200957423891,-12.530422588111833,N1,5,686,690
-0.38872529930165456,1.6655629580715015,-6.858884101644799,-12.548665820111637,N1,5,687,691
-0.42800903403793883,1.585806086266415,-11.86852678495634,-8.580519274478139,N1,5,688,692
-0.5433862686306383,1.4847441556563996,-11.743582623746624,-8.445536007728515,N1,5,689,693
-0.39696676160574496,1.379157892266247,-0.3031062591813679,-0.221710201951646,N1,5,690,694
-0.30533987895138354,1.2669719306528888,4.775765972082445,3.5918834929201693,N1,5,691,695
-0.1077735811270486,1.1327090283772379,4.695262118701066,3.5048696365134675,N1,5,692,696
0.6296316823521806,1.20080418821892,116.60491664968212,53.538567646300365,N1,5,693,697
0.4383428897939211,1.2488835679038899,121.69372439092622,49.65595328032723,N1,5,694,698
0.9635351434879112,1.3889478027636266,152.53703235856884,69.40154264975718,N1,5,695,699
1.1363213021356047,1.4999584261807322,147.38061920576,65.50412515177086,N1,5,696,700
1.1913440828722741,1.606990463293115,147.40541478547237,65.53091272152233,N1,5,697,701
0.8521670590932672,1.4070997265888405,64.91820166626204,46.36897216298166,N1,5,698,702
0.8134562654337969,1.2073458628839142,59.83255125306823,50.25505098877693,N1,5,699,703
0.3978576632280465,0.870902640780761,33.95775199156124,30.50916759956017,N1,5,700,704
0.14851136971501547,0.533298104847603,33.998352723203425,30.553062626897734,N1,5,701,705
0.43865566274793083,0.20326046688546562,33.99558945868339,30.550067270566068,N1,5,702,706
0.03437333120583617,-0.09817757591991808,4.736548697909893,-0.20376947144177393,N1,5,703,707
0.012899115277400596,-0.38998226349234877,4.740021541687748,-0.2587557827377168,N1,5,704,708
-0.20150753514227518,-0.6884005532734069,-0.25758416631870207,-0.28987160227479764,N1,5,705,709
-0.1910058963949382,-0.9239411687899729,9.354157691467117,7.087225892037532,N1,5,706,710
-0.4144026133286275,-1.2122425335593767,-2.3294577845830644,-1.3314557327212242,N1,5,707,711
0.23837106734157487,-1.2817265269925138,28.42112116662538,18.37256571709804,N1,5,708,712
0.608816186659044,-1.362032034412843,28.414964605987187,18.424616059032267,N1,5,709,713
1.9926029228278481,-1.1177786760314137,97.71405319683981,64.30051649903253,N1,5,710,714
1.9859799140996983,-0.7461217750395746,88.11944278867159,56.94197760217285,N1,5,711,715
2.151085778740935,-0.12996822601662866,99.6446802271872,65.13072474665532,N1,5,712,716
1.540126000304633,0.22584475253962716,68.81356792364241,45.39837517074047,N1,5,713,717
1.1690042212947673,0.5819283471930998,68.74524529408518,45.3245154311684,N1,5,714,718
0.26464397039115967,0.6732724152301951,28.996503687813675,30.42420924267062,N1,5,715,719
-0.061454589013669646,0.5848859837111247,29.045735661523214,30.47738509047995,N1,5,716,720
-0.36676014666688844,0.2759198055607451,29.166598009865993,30.66671998944512,N1,5,717,721
-0.2632516436706851,0.004469830361091276,29.128652964968932,30.62563986346722,N1,5,718,722
-0.053233650877496076,-0.1921523261511767,29.152200642282697,30.651093148944348,N1,5,719,723
-0.2723454872266302,-0.3680099939584053,-0.2917983902407286,-0.2095919187340769,N1,5,720,724
-0.3315413243078069,-0.5799447721299813,-0.2605787090877129,-0.17581039756259997,N1,5,721,725
0.13476956779350074,-0.714895530446334,-0.21153721150694765,-0.12276055829279357,N1,5,722,726
0.35505979012946226,-0.8734641641902929,27.39077741287474,22.054092480114196,N1,5,723,727
0.45317236100027003,-0.8924288391633535,27.508911015138438,22.181775995425415,N1,5,724,728
0.6532160779284482,-0.7389738625340179,61.12442343629955,49.566394969466636,N1,5,725,729
0.7751747701859927,-0.3525180650585259,60.323644271116066,48.70070735326808,N1,5,726,730
0.4668069174576999,0.0924397442216339,61.06656555158406,49.50376306188991,N1,5,727,731
0.09328275506546788,0.5160352536140238,27.93705158796656,23.26678552590456,N1,5,728,732
-0.16698323921739303,0.7404413649953707,27.89502081759274,23.22143909254155,N1,5,729,733
-0.26230689587677036,0.7322997087698297,-6.066626933130465,-4.5373177890280205,N1,5,730,734
0.22280382698460244,0.5487317092372059,24.237007226251443,27.286963099450077,N1,5,731,735
0.21881780130200923,0.2250284501574086,23.347695897870288,26.325670225635257,N1,5,732,736
0.24899382749243842,0.007625372957329813,28.92332757375407,30.438196049509134,N1,5,733,737
0.34534887798514546,-0.2349829814345675,33.99008600874804,26.531678372788157,N1,5,734,738
-0.014025662430435659,-0.42083207724217414,34.39806732944707,26.972715943567163,N1,5,735,739
-0.3585661752591136,-0.6928386933820105,4.7370326722702885,-4.156925015059096,N1,5,736,740
-0.40557602795955744,-0.8806591455988798,4.969234885810875,-3.9059246723329126,N1,5,737,741
-0.26628876224721126,-1.020641401115999,32.56563557770933,18.264435643894103,N1,5,738,742
-0.2871087894425955,-1.0449627219012947,27.385156253269816,22.047991415372962,N1,5,739,743
0.22784463904199584,-0.7812055028264163,60.78654452544288,49.20115273906267,N1,5,740,744
0.40800840650582587,-0.33877057471058974,61.048971907464875,49.484837432196215,N1,5,741,745
0.47931817643684554,0.06815592206368812,60.966948501666046,49.39624331193336,N1,5,742,746
0.3310494131480823,0.3479775410572694,33.30340906983547,27.153282924415542,N1,5,743,747
0.31115336296895746,0.5388225013410978,33.34165913572433,27.19461298956012,N1,5,744,748
-0.08785451088647278,0.4198620485449439,-0.018197134619549617,0.08630111026868689,N1,5,745,749
-0.15246493508774392,0.17232572446278133,-0.8880298090523866,-0.853941031354043,N1,5,746,750
-0.3822542556249914,-0.07942170148983933,-0.613670734072366,-0.557425434965262,N1,5,747,751
-0.11030069182251054,-0.3016185237590102,29.11125160368174,30.641258602659946,N1,5,748,752
0.07319806515276923,-0.42611179970649077,17.51374022159507,22.31567873307504,N1,5,749,753
0.11567382239530843,-0.5913976233599911,17.22708338592638,22.00588366451484,N1,5,750,754
0.1594514946526715,-0.6972617858873434,18.146134136783804,22.999350692978624,N1,5,751,755
0.4360136465335245,-0.8550278406632664,17.775077039864847,22.598223441946175,N1,5,752,756
0.8050393457068367,-0.8095423066396534,15.818227820083848,13.755480644325143,N1,5,753,757
0.5057982315983282,-0.8769682694686896,27.53757603473059,22.212729772181774,N1,5,754,758
1.0112573879374054,-0.7556444401028699,55.3602157452493,44.58784286858645,N1,5,755,759
0.9124012532401367,-0.54956510569674,64.66508602086105,51.6332106776812,N1,5,756,760
0.656298141556863,-0.10588911145357507,64.73028174779174,51.703756359869296,N1,5,757,761
0.550695793151317,0.09946276162004537,144.3956496762039,66.85711394298342,N1,5,758,762
0.9823957987525886,0.3188229902918998,144.13720307300463,66.57774231523945,N1,5,759,763
0.5512040855523423,0.40604437617535466,116.74078769317347,44.66330604257892,N1,5,760,764
0.4419353588191711,0.3571531481987343,107.17049593699194,37.331051112830025,N1,5,761,765
0.6646387347093878,0.12492860311009686,107.03638224740789,37.18604437276226,N1,5,762,766
0.3774768476720169,0.10237453304330266,-0.335991396252939,-0.2572239224209625,N1,5,763,767
0.49979193998169646,0.18068984445507433,29.242345943947292,30.78306808081834,N1,5,764,768
0.6388904113763715,0.2367706968935174,28.911714373635913,30.425705245639257,N1,5,765,769
0.6173296021205829,0.4161190475170251,29.112419568969198,30.642629442628824,N1,5,766,770
0.49125453915964956,0.5677459811106462,29.13284318124861,30.60592251750204,N1,5,767,771
0.5583975766775893,0.711961067237346,46.72973927421699,44.502810539642816,N1,5,768,772
0.0374400899935722,0.8239330519321975,17.16438985179193,13.476540130368084,N1,5,769,773
0.28368883275312556,1.0280787091276538,45.0955042186215,36.00864711519098,N1,5,770,774
0.3449147850593022,1.1968150685919081,58.53229497203138,39.423121976919354,N1,5,771,775
0.4754179802477211,1.369140823149896,58.756594784917255,39.724329828698686,N1,5,772,776
0.14130469600754622,1.3188005109783256,41.10723547557063,25.77074821134738,N1,5,773,777
0.18586686223218293,1.198095980772707,41.366012950090955,26.050520617940492,N1,5,774,778
-0.48726063263891317,0.9465302094867678,13.38308780028674,3.462394061929808,N1,5,775,779
-0.3481929878132064,0.6371024310584621,-0.13575366413133452,-0.04082721091544954,N1,5,776,780
-0.4438174660204254,0.42720527894095195,-0.17154640401276994,-0.0794770898122806,N1,5,777,781
-0.6235334775040314,0.17512825028629403,-0.4093455575130065,-0.3365922688586579,N1,5,778,782
-0.5386324917181355,0.004323387086062736,-0.5240439771252567,-0.4605319703092391,N1,5,779,783
-0.415037865715351,-0.14561520542060752,-0.6260731881506217,-0.5708480800916732,N1,5,780,784
-0.14669302522924,-0.3297531479747051,29.081906584118407,30.609543714783648,N1,5,781,785
0.20237532457193766,-0.5568996084828508,29.08624399510372,30.614237048038923,N1,5,782,786
0.8145219068736764,-0.47672591806717135,56.967684105439545,53.09278479570494,N1,5,783,787
0.8520950675692575,-0.49148647325769107,56.96041835810975,53.08491214643509,N1,5,784,788
1.3112925476024657,-0.4963228933296585,84.88829820742976,75.61365028536093,N1,5,785,789
1.0674857625292815,-0.44787243974803764,64.7355796832373,51.749308085058146,N1,5,786,790
0.512159974453084,-0.3410142927390486,64.62695883092893,51.57310332941124,N1,5,787,791
1.20414057320221,-0.4756582003295091,37.001547821774146,29.371337936714554,N1,5,788,792
1.7365022470698819,-0.674640061796245,36.835744910493666,29.192030756185705,N1,5,789,793
2.2698777121300395,-0.9985217252604175,65.84931534462085,41.31155672005625,N1,5,790,794
2.106272011891406,-1.4348342049383658,56.161892154279485,33.85269743940516,N1,5,791,795
2.3113417635545033,-1.9559766451976066,56.324897681194855,34.08771226287863,N1,5,792,796
1.2810233347273539,-2.538046048623764,56.29387935580671,34.05424468039782,N1,5,793,797
0.6749167309426298,-2.9024841929938487,56.43866917913037,34.21080910545133,N1,5,794,798
-0.31052056805821165,-3.0806927779552353,-0.34119361893899625,-0.26276814748489413,N1,5,795,799
-0.13990915312700736,-3.189053518436404,-0.3855317310873943,-0.3106858520884998,N1,5,796,800
0.20530862029531818,-3.1809775901419486,28.918830646655987,30.43340273191934,N1,5,797,801
0.6900736448687667,-2.8968744464946026,56.67003862402562,52.77106204395532,N1,5,798,802
0.949646542834796,-2.736295573334531,56.77099910220204,52.88016851205757,N1,5,799,803
1.3587364606982875,-2.6400351523568957,87.63179618658395,72.64467761417328,N1,5,800,804
1.3293921829751185,-2.4436760881402093,87.67171005587515,72.68777596347573,N1,5,801,805
1.1650456416439852,-2.3725791120173008,58.31879823321651,41.89121270184914,N1,5,802,806
0.5478690463627345,-2.513806045086544,30.546585364799103,19.530819517066266,N1,5,803,807
0.22074385090775195,-2.697298385269923,30.43859233260373,19.355372544896817,N1,5,804,808
-0.11563527012829126,-2.813543407770294,13.351167439037818,3.424088765405031,N1,5,805,809
-0.11179484542375348,-3.0314753179397114,13.381418733097235,3.45687588803994,N1,5,806,810
-0.2673605138199946,-3.114681040223985,13.36375336512865,3.4377502611525417,N1,5,807,811
0.10412221029557714,-3.143228751244662,7.999604987395287,-0.4462523200782016,N1,5,808,812
0.40436694001512025,-3.1008181648541706,8.04123360887461,-0.3424821553431684,N1,5,809,813
0.5059952265994866,-3.0633124350353214,-5.633102078424417,-4.068661600388441,N1,5,810,814
0.5919240795592714,-2.971533912596601,-17.231061451990534,-12.394815003030818,N1,5,811,815
0.695103318091401,-2.9491870781220486,-17.574732655668775,-12.825005152603262,N1,5,812,816
0.7490827991169227,-2.9186984068507145,15.898581753833422,13.783502751951165,N1,5,813,817
0.8760130633158496,-2.7595795725407726,45.119276675555014,44.437230258137426,N1,5,814,818
1.2841744995127784,-2.3776054930329567,72.86164403859948,66.76539399907998,N1,5,815,819
1.1722457223771585,-1.9158937424618245,84.38754060416031,75.01360321665416,N1,5,816,820
1.0800972012410284,-1.4854893129703555,84.81436118091005,75.53367522970366,N1,5,817,821
0.7779297969850972,-1.0360567076200256,61.69634522266206,48.82107599513692,N1,5,818,822
0.49381515386796765,-0.6633667585684606,32.479598188983076,18.171577619580056,N1,5,819,823
0.1098978073055605,-0.545252643170653,4.762079382111551,-4.129709193557938,N1,5,820,824
-0.2334064392426626,-0.5334290189960598,14.338015109644767,3.2086534230526014,N1,5,821,825
-0.45010813285291534,-0.5664201668816929,14.214544580744406,3.07521641113417,N1,5,822,826
0.40812511048903843,-0.5696957893520306,116.56992914594011,44.47873274144731,N1,5,823,827
0.36151072569393816,-0.6350982106836597,116.77796135109602,44.70360132335918,N1,5,824,828
-0.006282294106665631,-0.6048666126665978,121.60057861371679,40.533262476171515,N1,5,825,829
0.37881570248201796,-0.5760244501451212,112.17001124829112,33.35203155895506,N1,5,826,830
0.4321324882691101,-0.5206385562161217,112.21956013837116,33.40556099025052,N1,5,827,831
-0.10671407360944159,-0.17096469884216675,32.15552552919981,17.821347766747202,N1,5,828,832
0.0892291854569521,0.15671973473011463,31.874409783116427,17.517483902336245,N1,5,829,833
1.1649810326204602,0.4854136217201955,74.42594239509053,66.94250497588,N1,5,830,834
1.132095211879971,0.798199182532693,74.45061780502583,66.96913059263898,N1,5,831,835
1.2573603277488359,1.110261495341598,74.41211885601369,66.92752048248876,N1,5,832,836
0.8849051948739088,1.0200313110889994,47.07525177123462,45.03752563302915,N1,5,833,837
0.712472308034512,0.9222691393049672,47.11840298972675,45.08420713945016,N1,5,834,838
-0.3425751646915273,0.7270459283735505,-11.84734221221006,-8.489717111739447,N1,5,835,839
-0.40272731907937215,0.5403789050425729,-2.367967886812403,-1.25572887137605,N1,5,836,840
-0.49380611664106483,0.34866726300077744,-2.4071266240032854,-1.2980742514613666,N1,5,837,841
-0.2788526997409576,0.15591866052240277,-2.191488056763774,-1.1237156204217171,N1,5,838,842
-0.44401394283505624,-0.05402068507467846,-2.290883374091936,-1.2311870963065303,N1,5,839,843
-0.19775912532372786,-0.2740493282838088,9.297951577401545,7.085062706482859,N1,5,840,844
-0.14484013552259967,-0.4639180602578591,-0.16377071380702546,-0.1297557136058458,N1,5,841,845
0.3888570261493669,-0.655184834956566,-0.15184634328907123,-0.11689021549245808,N1,5,842,846
0.6169491154605566,-0.8417710225627758,30.46128255831136,22.087347592433797,N1,5,843,847
0.8938328904687524,-0.9509661225500878,30.511201184388483,22.141373232631302,N1,5,844,848
1.0002779279075527,-0.9293530092110046,58.284812775283356,44.5033082452981,N1,5,845,849
0.8246471672801932,-0.7620675396540918,58.02899401798495,44.16799773194653,N1,5,846,850
0.8445767469372185,-0.5989429731631276,87.38712082215643,74.9358889705436,N1,5,847,851
0.3468884344205094,-0.42278700166866373,56.75855632133753,52.773678569415644,N1,5,848,852
0.06526323647498203,-0.3268083320146644,56.70365116309112,52.71429467051348,N1,5,849,853
-0.21519761793747422,-0.3601624280911807,28.691632823522376,30.094619098450494,N1,5,850,854
0.002175371924840874,-0.5396792516809057,34.16963032117055,34.45343577969834,N1,5,851,855
-0.3812592071951144,-0.7151371949548576,9.76091276602383,-0.34769750872510485,N1,5,852,856
-0.1528125569873396,-0.9068286130178592,9.607178125620703,-0.5138180751913751,N1,5,853,857
-0.23321599811650912,-0.9008745171653715,9.79278811817494,-0.3132548164030595,N1,5,854,858
-0.008363281290417034,-0.8659475854046065,9.9705881425165,-0.12108900329767494,N1,5,855,859
-0.28825480274737175,-0.8922653620014216,4.618640218309883,-4.284911699598888,N1,5,856,860
-0.3280925247901223,-0.9212803913892685,-0.3084279253598652,-0.2275326051756565,N1,5,857,861
0.09126681685105495,-0.9135544101564704,30.569986815603624,22.244497776672507,N1,5,858,862
0.385076696678459,-0.8732107023608051,30.487020657397807,22.154824846333213,N1,5,859,863
0.6106280044952882,-0.844150530163148,58.2127415712137,44.465054370829606,N1,5,860,864
0.7413624176018061,-0.6745176344960356,58.26642326306755,44.523077097463826,N1,5,861,865
0.4122521608873512,-0.4810685961806257,58.27226355507737,44.52947670080393,N1,5,862,866
0.6009683126574259,-0.2027046084206546,56.56146485320933,52.619396498078274,N1,5,863,867
0.3711766899273812,-0.11202191264250416,56.742780132121695,52.81541436092884,N1,5,864,868
0.08760317013885696,-0.02144780036955467,29.072144759901857,30.564833348512913,N1,5,865,869
0.2954752646221209,-0.023172857608486197,29.088633075491817,30.582616002477153,N1,5,866,870
0.34123615534983853,-0.047728018148603724,38.44256567559205,37.68103841232951,N1,5,867,871
-0.5849908245092138,-0.18484340429062343,9.488275527014048,7.3496261339205375,N1,5,868,872
-0.6219024081884982,-0.3094030702637326,9.37241248866485,7.224383453836344,N1,5,869,873
0.3949219699866717,-0.42263152983167346,65.80214984172054,41.319579348833216,N1,5,870,874
0.04762009247190235,-0.5496757958663977,65.67571365468757,41.182927975995696,N1,5,871,875
0.34075404479082183,-0.6524099365326606,56.25046971166739,34.007369177589865,N1,5,872,876
1.0145519472579054,-0.5340425398766058,83.85644724651357,56.18808679601862,N1,5,873,877
1.3750608623547578,-0.32477871128554625,83.9393899418792,56.277707734123396,N1,5,874,878
0.735708112035411,0.2719138928084789,54.9590524089479,44.19397349459177,N1,5,875,879
0.8176945773288367,0.9406090979806464,55.19674924468855,44.450967472603224,N1,5,876,880
0.6249492789426085,1.6054727018368369,43.6423654786704,36.17205101326763,N1,5,877,881
0.04333280665005077,2.0321842087240727,15.882273856953542,13.766084032400249,N1,5,878,882
-0.3565897197531399,2.328851378817336,15.541159376043652,13.397378384639888,N1,5,879,883
-0.3637123193641287,2.1969217579048093,17.541531595628477,22.28711639139583,N1,5,880,884
-0.38086247726673716,1.9860043180951437,17.514368344724062,22.257713526737643,N1,5,881,885
-0.3404113897223738,1.7494934933101092,29.098141155630582,30.568366586251795,N1,5,882,886
-0.1742655450168627,1.5014399530083324,29.036954486260946,30.560903729550773,N1,5,883,887
0.10910016424752485,1.2629537992467703,29.35348352011788,30.903054433206854,N1,5,884,888
-0.2612488639973094,1.1298556416546688,9.325949683540966,7.122309134786337,N1,5,885,889
-0.26637293809639007,0.9840172200871479,8.998187720948772,6.768057139299344,N1,5,886,890
-0.17149361584861253,0.85319179230261,9.269974338664905,7.06190108434239,N1,5,887,891
0.8143665146511239,1.0089912457119028,121.31953608624171,53.92237725571395,N1,5,888,892
0.9211818548773408,1.131734485399025,121.20828642539564,53.7434410768823,N1,5,889,893
1.4650298404501654,1.3358194104676842,142.44095486001316,66.1649010233632,N1,5,890,894
1.4847771507281435,1.5251272279822217,142.81201396920224,66.56594450157937,N1,5,891,895
1.5295159502537445,1.6694825577714028,142.52956385479337,66.20184503081983,N1,5,892,896
0.4367959975601707,1.5037749197030224,30.4870322941264,19.348949233679015,N1,5,893,897
0.03566098461166121,1.3977667215171636,30.433691768538846,19.35000793251238,N1,5,894,898
-0.8348981654623685,1.1132522967772274,-0.11042798737616977,-0.07220973346120445,N1,5,895,899
-0.5414273395676901,0.8772166753034754,28.993555030760763,30.455392349914472,N1,5,896,900
-0.3653931309872405,0.6732202903324633,29.108371014951263,30.638288344366448,N1,5,897,901
-0.6180155702515322,0.4028052892857573,29.119664757390275,30.591732543746183,N1,5,898,902
-0.401833479025197,0.044261832830449065,17.553656891411812,22.30010035407322,N1,5,899,903
-0.3884553938684121,-0.35282064226508963,26.911117665043275,29.402339577052043,N1,5,900,904
-0.6255884314326522,-0.8141751627345769,-2.4469332874563405,-1.3998803813716223,N1,5,901,905
-0.8167601149458733,-1.2205400227643879,-2.504270754380559,-1.4618375242112962,N1,5,902,906
-0.22701236992295434,-1.2990873682185906,28.352984450633812,21.00634361997363,N1,5,903,907
-0.32737170161017276,-1.1152245560426906,39.99373299217696,29.378790877033317,N1,5,904,908
0.24829840690141508,-0.7901121190118147,61.2049907226683,44.41388272856493,N1,5,905,909
0.4405164318866355,-0.25527028054468986,61.29236771661526,44.50838709647432,N1,5,906,910
0.1730521117641274,0.2999055647931129,61.328023608919466,44.54688350533543,N1,5,907,911
0.8785996262575964,0.624393586478672,30.454182360274718,22.119617048492366,N1,5,908,912
1.0219249540059878,0.7431573370048739,30.512653115524152,22.18283778480036,N1,5,909,913
0.5629167906076873,0.76332437566966,-0.2737609556163079,-0.1897859733995574,N1,5,910,914
0.26081967373016823,0.581174823411726,-0.23312363014556467,-0.14587804225157014,N1,5,911,915
0.2995889429994122,0.31751126061960233,-0.36458533569530116,-0.28796187966509024,N1,5,912,916
-0.5464407111362448,0.19114479882659624,29.12334773283801,30.654550056831066,N1,5,913,917
-0.49955352753892157,0.005379608454825302,29.010135407130292,30.532154476061987,N1,5,914,918
-0.301220812989709,-0.14803136898254649,29.078616518057242,30.547439685651625,N1,5,915,919
-0.40805266547977226,-0.2819284941178978,38.57011328398657,37.79453777803428,N1,5,916,920
-0.30255355094652714,-0.3323224359475233,38.711431349512715,37.94729744032738,N1,5,917,921
-0.059432871683372926,-0.1871710277549198,39.86986727211479,26.53750286410359,N1,5,918,922
0.024211356457544752,0.02443517095164225,40.069602119959015,26.753339661165956,N1,5,919,923
0.2065772772440823,0.28232412570308724,67.6981775926237,49.017249479488235,N1,5,920,924
0.5157967132757904,0.7265296752005469,58.19169203973579,41.75389528677188,N1,5,921,925
0.6069946570480624,1.0776337169797414,58.082697173130875,41.63611658539885,N1,5,922,926
0.320791421806166,1.1045570091321608,27.605735401621494,22.28645174639023,N1,5,923,927
0.17507305741837625,1.1082175492941573,27.369237496210552,22.030797681699188,N1,5,924,928
-0.18840175946456839,0.9803560780210191,-0.21909623589890542,-0.13092362174211303,N1,5,925,929
-0.54330760321767,0.7643567014444272,-0.43691101373842683,-0.36630219511935136,N1,5,926,930
-0.6319398241412728,0.6490903750607699,-0.6869998722017044,-0.6367099763592705,N1,5,927,931
-0.9637437685571285,0.5049483600955526,-0.7733709537045798,-0.7300406346876116,N1,5,928,932
-0.7984470708804338,0.3908369071677001,-0.17943830392177915,-0.08799867765701493,N1,5,929,933
-0.2664121808692016,0.3997816840749948,32.03336551788234,28.332552714702615,N1,5,930,934
0.200745035154614,0.39206545368911777,41.608998904288455,32.15128152931211,N1,5,931,935
0.3931867982902645,0.25962024169813136,41.99393701216468,32.56743862476287,N1,5,932,936
1.0506361588755453,0.21449121549120348,72.69768106417614,54.85068322721563,N1,5,933,937
0.8355481858404801,0.2851746232858261,72.07424047815293,54.17674397700539,N1,5,934,938
0.9332118588823164,0.4862505694140992,67.69982764950255,48.18810541236162,N1,5,935,939
0.8203946702248345,0.6849585645013121,58.34193014137709,44.60469647649152,N1,5,936,940
0.5988006231897998,0.863113880947121,58.14826801799209,44.33656750937443,N1,5,937,941
0.2231727287365402,0.9805016786302673,32.40510980067047,21.985633491272893,N1,5,938,942
0.4463344601216136,0.9204394109376863,32.5718944281718,22.1659548982665,N1,5,939,943
-0.2806245290331503,0.6705590314084574,4.718041593916132,-0.2826245350668614,N1,5,940,944
-0.24598909626571414,0.3086970367182843,3.379648042526969,-1.7293025604529249,N1,5,941,945
-0.0023815226167130275,0.034078397412339714,-6.815194628355675,-8.479686704294727,N1,5,942,946
-0.26140945725342135,-0.1900667885282971,-11.756539689694183,-8.44997100927867,N1,5,943,947
-0.24912363752054034,-0.33769322650683475,-11.804996168933576,-8.502398480929696,N1,5,944,948
0.16292593076470893,-0.5024213257927173,-11.815648528606108,-8.513962319547137,N1,5,945,949
0.1089088362470875,-0.6216879672202197,18.836218128175823,23.652306672302075,N1,5,946,950
-0.20599056377556052,-0.7195799095348562,38.618443063495214,37.76047377973955,N1,5,947,951
0.031507726625955,-0.7314412730984529,66.23640800102439,60.01296823783632,N1,5,948,952
-0.2971622958774788,-0.7060876265383869,66.1256759576936,59.89331515664962,N1,5,949,953
0.6591136835410112,-0.562444228955141,132.46466448852735,107.45449635889236,N1,5,950,954
0.6527824970527718,-0.37973460490348004,103.20008660105813,76.7877649007365,N1,5,951,955
0.9045346267208629,-0.2351097424445186,93.73571002132084,69.62167249254344,N1,5,952,956
1.5039068617136422,-0.2521179280403487,173.3767542779111,84.74873302456908,N1,5,953,957
1.8261809811358376,-0.3318862962143328,173.44846799975204,84.82631551856757,N1,5,954,958
0.577741074300991,-0.48043707836657035,107.3214138246185,37.49427322739357,N1,5,955,959
0.49565555451883936,-0.6571344626267063,107.21102016311488,37.37493280621493,N1,5,956,960
0.5081858151057759,-0.8362104516310168,107.02976976071368,37.17906025199481,N1,5,957,961
-0.20134009673001857,-0.882281939325982,-0.15431427984003676,-0.06069731338357087,N1,5,958,962
-0.5777294484118898,-0.9199586701083987,-0.05650677252269816,0.044949340884340924,N1,5,959,963
-0.6908157806550548,-0.9297293196735922,-0.39287700084241806,-0.3187245184191852,N1,5,960,964
-0.4196741184114671,-0.8956183291525704,-0.23520826692983973,-0.14827233845135196,N1,5,961,965
-0.19001447543113273,-0.7774048393827655,-0.12470855783321895,-0.028881513364467537,N1,5,962,966
0.7395620712309665,-0.6435411199266753,46.73386456685112,37.093452751094446,N1,5,963,967
1.1760221814038005,-0.5056695616251033,46.56592572262598,36.91193048874338,N1,5,964,968
1.7622712101027218,-0.10792655693640256,80.39855810529698,64.53124902712298,N1,5,965,969
1.5493492523756687,0.35953115103877736,85.20458150594058,60.28001232092065,N1,5,966,970
1.3416177169099797,0.7525538429623453,84.97716205392207,60.03419293761035,N1,5,967,971
0.39806919689457343,1.0326053893338993,32.86897342019656,19.151707330040516,N1,5,968,972
0.28680942539165244,1.4199604917712505,32.817442533336,19.096001295965106,N1,5,969,973
0.048505665371897065,1.4811852771020966,-0.9337007352194633,-8.4939618067001,N1,5,970,974
-0.12296191771074519,1.4256425871470213,-5.685488522074593,-4.184049704349309,N1,5,971,975
-0.16891426199188117,1.3611843728254087,-5.393789406518044,-3.8687346205246285,N1,5,972,976
-0.23719089146007946,1.2921565023426083,-0.35567023145122223,-0.33728004184958993,N1,5,973,977
-0.2338642837031557,1.1083165625236788,-0.13178407960804178,-0.09524091630446492,N1,5,974,978
-0.19928923910021012,0.9219102238717596,-0.1123589953800547,-0.015486573203816079,N1,5,975,979
-0.09651116770527324,0.7358148890842344,-0.2722336988663301,-0.1883470188433421,N1,5,976,980
-0.03503448741905686,0.5657356213137064,4.776945675531169,-0.10146384962790762,N1,5,977,981
0.2932453805719433,0.6838699004998958,35.324779595607836,21.973608822957612,N1,5,978,982
0.646851880996735,0.7937716961272046,64.66036610451992,52.75147583411963,N1,5,979,983
0.9709686096901805,1.009034823570977,100.57442231760942,77.24729263605987,N1,5,980,984
0.9522900403794438,1.221063739548613,100.88506213515211,77.58303975875315,N1,5,981,985
1.0521011128685926,1.4088041385160834,95.91308903427561,77.52086804486972,N1,5,982,986
0.8535612081174463,1.3080424978769343,65.45394800522335,55.54168094815323,N1,5,983,987
0.5435361126713474,1.2053763723774567,36.04733872808138,24.687027142907755,N1,5,984,988
0.07597335612806547,0.9746048238606193,0.08494352255947887,0.13897409013516154,N1,5,985,989
0.31581805506685895,0.7370301937147715,-0.22482825132756262,-0.195833758169465,N1,5,986,990
0.39670701318381135,0.5194260203445864,4.675702393378015,-4.223170228971867,N1,5,987,991
0.29116788500858776,0.2935799737110784,4.768973855895456,-4.122346306957479,N1,5,988,992
0.09214686546118855,0.06505051808154719,4.856397253654722,-4.027845063286077,N1,5,989,993
-0.029485864719424625,-0.18810680810710637,4.694076454718015,-4.261994065314502,N1,5,990,994
-0.2712128561923464,-0.44412089168145885,4.811840761573694,-4.134747404284281,N1,5,991,995
-0.3257612340713081,-0.7264786939206644,-0.17931422181572998,-0.14662552023364697,N1,5,992,996
0.4021329182663635,-0.6032175157289729,30.44281757001736,19.35989977558347,N1,5,993,997
0.3160689455329816,-0.46882574577891345,30.383262217396986,19.295526718506153,N1,5,994,998
1.1646126471038543,-0.13403818136840756,79.64175058799155,62.56564023544852,N1,5,995,999
1.2235689887950343,0.20980153964633103,89.0879337990904,69.76374636309484,N1,5,996,1000
0.8754616028534997,0.645184859917532,94.02912961802795,65.72158178298487,N1,5,997,1001
0.4425666970273824,0.6525138853760524,63.30401923405443,46.103723533942684,N1,5,998,1002
0.7217428377614283,0.6626863059485686,63.36452062212338,46.169093599237385,N1,5,999,1003
-0.1076822094150657,0.6100490072329621,14.161329340048542,3.017440628067561,N1,5,1000,1004
-0.1058810757128299,0.5533962254894135,4.786198377680558,-4.10386795255472,N1,5,1001,1005
-0.2764062751892425,0.38058160439637306,-0.21115334359928967,-0.12239797691217973,N1,5,1002,1006
-0.668916043043214,0.2540821217904551,-0.21644171461230144,-0.24559707241714931,N1,5,1003,1007
-0.8954091132298118,0.1800285323865424,-0.34541574977483835,-0.384994538135652,N1,5,1004,1008
-0.9276362383332412,0.029124485654035935,-11.621236255827535,-8.362846904881007,N1,5,1005,1009
-0.6599369951828067,-0.03559423277539651,-11.881674708571518,-8.644315487838321,N1,5,1006,1010
-0.3220245041792282,-0.1251266295691366,-11.884993795488844,-8.647901594514405,N1,5,1007,1011
0.3617672630322545,-0.11628688493266992,15.879573114360392,13.82174888856316,N1,5,1008,1012
0.5505877797868948,0.011332018975748781,15.978265642219048,13.928470643088076,N1,5,1009,1013
1.1299099471976661,0.11708537095261703,55.06785641726892,44.311701256474045,N1,5,1010,1014
0.9732622911951921,0.2382113544306364,60.191578230343296,48.17374891866275,N1,5,1011,1015
1.3122635457363685,0.40714634225806207,89.2975200228495,78.70349435114403,N1,5,1012,1016
0.9239025578334349,0.460718518469659,61.677050084767686,56.507098152308025,N1,5,1013,1017
0.955640024570289,0.35598021761900467,61.71773686842498,56.43346553962692,N1,5,1014,1018
0.5013827968090936,0.2588058654091313,34.126866882170724,34.26908631006663,N1,5,1015,1019
0.2500246716988386,0.06573650821944313,29.029609847000394,30.435600328294093,N1,5,1016,1020
-0.1609315019468113,-0.1165897630912994,0.025122388973250052,0.015570401361765107,N1,5,1017,1021
0.5227807098064545,-0.3287869714639129,107.08705513031892,37.12347797460097,N1,5,1018,1022
0.44082844832577167,-0.5542411183178431,107.15306529484951,37.312419006416896,N1,5,1019,1023
0.3577523654769152,-0.7233391619743074,112.06662103891286,33.24033309058505,N1,5,1020,1024
0.47567348591501285,-0.8803026377821951,112.17849607890676,33.36129782792923,N1,5,1021,1025
0.6989349495810074,-1.0292147429841634,112.10564229488372,33.28249777054807,N1,5,1022,1026
0.2570331495947812,-1.0454141499994094,32.69227765861433,18.401351068157236,N1,5,1023,1027
-0.0955210536024083,-0.7628999730670174,32.46483491806866,18.155506049066027,N1,5,1024,1028
0.36265237819472984,-0.23161087373205902,55.15658223900682,44.40758706149281,N1,5,1025,1029
0.2507151875423915,0.29208839508449386,64.69859929868399,51.7092740976972,N1,5,1026,1030
0.10227657198007592,0.8162891704228457,69.71164672979648,51.75714249209268,N1,5,1027,1031
1.291307086367715,1.2198719091791772,71.02272279625177,59.90197348619258,N1,5,1028,1032
1.6206634632472174,1.2221764195248497,59.71731714760972,51.892128404750835,N1,5,1029,1033
2.1374020011979837,0.8357344658443665,86.57349210306856,63.65486815953191,N1,5,1030,1034
2.2456735372851084,0.3281332433874297,77.06330602585368,56.38758680842511,N1,5,1031,1035
2.1482401276332097,-0.2716889612347956,71.91707952706346,56.19575503007873,N1,5,1032,1036
0.6821036541424746,-0.8756795927246032,42.99756771382963,25.86759933619542,N1,5,1033,1037
0.40485852850086984,-1.4305078384268555,54.39318357086013,33.97493437857484,N1,5,1034,1038
-0.6444227940877909,-1.9026659963308519,-0.11530918311327695,-0.018619804087211377,N1,5,1035,1039
-0.794470892487061,-2.188717022126359,-0.2991520411975216,-0.21736727356983465,N1,5,1036,1040
-0.7712545112168187,-2.3653189443913463,-0.12909945070859977,-0.03357928885598085,N1,5,1037,1041
-0.2333570409109484,-2.2799452236182702,27.333634802392044,21.99230264746584,N1,5,1038,1042
0.09552828604917067,-2.171166039385355,27.370953684866254,22.0326252044586,N1,5,1039,1043
0.9419707567788123,-1.9433464092972996,58.111805715033555,41.62571262160127,N1,5,1040,1044
1.2974664980463444,-1.827425030648071,58.251521304814375,41.77680241452472,N1,5,1041,1045
1.224654123282096,-1.7149659851305585,58.22238782038621,41.745320950960014,N1,5,1042,1046
0.417766542499885,-1.844350394235498,30.543761914942298,19.4860662575069,N1,5,1043,1047
0.37429145239406125,-1.9449445249550408,30.57467015099246,19.519500130890084,N1,5,1044,1048
0.15812901206288643,-2.1943897879880994,34.77062480786117,34.9479743274358,N1,5,1045,1049
0.04200807875761257,-2.3913450382463624,34.705233213017344,34.877206090596886,N1,5,1046,1050
0.06168973423875741,-2.5587575095748774,34.81347531443462,34.99429305896992,N1,5,1047,1051
0.32001952266349465,-2.7070137198454916,29.359636293585936,31.01335000166364,N1,5,1048,1052
0.3657440726081404,-2.8231514228393366,29.236922231595962,30.880731588360504,N1,5,1049,1053
0.04348219308303669,-2.8667789991919337,-5.716223154056934,-4.1585041173108035,N1,5,1050,1054
0.07905544131077705,-2.8827478769250745,-5.728616413706914,-4.171834285645309,N1,5,1051,1055
-0.05055726778134613,-2.8942452690607667,-6.006133191195841,-4.471867380713957,N1,5,1052,1056
0.4442415309663147,-2.44938791758004,30.475446071097394,19.412239761279487,N1,5,1053,1057
0.23217497517156288,-1.9843181438630637,30.387992088045575,19.31765206179407,N1,5,1054,1058
0.498330122120592,-1.1858583669369325,61.10538455095666,38.88543898348071,N1,5,1055,1059
0.5914098476776986,-0.35010376739939203,61.1931012423287,38.980209586614365,N1,5,1056,1060
0.9530286871840303,0.5085610488791502,61.33954745634401,39.13847531088322,N1,5,1057,1061
0.6630818080822223,0.9552961004863818,30.103121705945522,19.00971500491578,N1,5,1058,1062
0.861026732504115,1.3066596231363747,30.53220610826538,19.47356715805872,N1,5,1059,1063
0.34532357399752983,1.2586937625704764,9.252681338577531,7.094881997141783,N1,5,1060,1064
-0.02338883833753016,1.1100823686722663,9.286798004023149,7.131808880551398,N1,5,1061,1065
0.31055046033285405,0.8931460681256397,38.599491518065044,37.88500504333278,N1,5,1062,1066
0.039295237840860864,0.5425352867816514,38.83186633060395,38.136154397275824,N1,5,1063,1067
0.17882826406173535,0.21764019733241752,38.413543542557456,37.62524438273685,N1,5,1064,1068
0.3667499485581402,-0.09452895345970944,29.125455989278272,30.539233121313735,N1,5,1065,1069
0.8127054451394656,-0.3470365843295582,29.046158102955086,30.453444130939896,N1,5,1066,1070
0.31074880112518033,-0.669257172963907,-0.3442574119762867,-0.3836861375675653,N1,5,1067,1071
0.7369770974217659,-0.6877563954726043,27.495581032811607,22.049838483189525,N1,5,1068,1072
0.45811776457983344,-0.507735416982905,27.63023297695181,22.254162331586848,N1,5,1069,1073
0.7804508424223855,-0.23396341602737322,57.69023864274641,41.21204683099349,N1,5,1070,1074
0.3420070658029658,0.10600034333695021,58.18723776133557,41.74934498877701,N1,5,1071,1075
0.4636650301422378,0.4965037053305565,52.45469239235244,33.152574497534076,N1,5,1072,1076
0.059745624645051974,0.6618548957726631,25.10387789655506,11.247696913819528,N1,5,1073,1077
0.3452389224366357,0.6207420748786319,24.985126987881085,11.119270835954376,N1,5,1074,1078
-0.03164032716680367,0.5113908409597855,-5.155076694067975,-7.866524252494128,N1,5,1075,1079
0.28356156771799307,0.2699347116455158,3.7662343466567108,-1.2357773977484612,N1,5,1076,1080
0.1419292858889321,0.03079464923623334,9.677457086017238,7.554145516351855,N1,5,1077,1081
0.5961064515119574,-0.2251574984030583,38.319979037700975,37.54851188364701,N1,5,1078,1082
0.4107563096709782,-0.4697136145622892,38.495207207236675,37.737964294903215,N1,5,1079,1083
0.41464784427902257,-0.736224545035671,38.503484715975354,37.7469370382838,N1,5,1080,1084
0.5349431975749553,-0.9787811958627316,28.99177271584631,30.47792704269741,N1,5,1081,1085
0.7197521417770645,-1.1671558212128474,28.9237535454522,30.404374364319665,N1,5,1082,1086
1.5462904866092686,-0.8882339285140148,111.96228752599418,50.19638355561692,N1,5,1083,1087
1.679212685529069,-0.589332550477559,111.9545609496272,50.1879962875224,N1,5,1084,1088
1.851868040135082,-0.18371832508929345,142.5702447346659,69.68757246360255,N1,5,1085,1089
1.6397312496788685,0.3268549795848088,142.57087691438065,69.6295208003161,N1,5,1086,1090
1.5405455067955471,0.8845995109912963,142.70407156570872,69.77348518884682,N1,5,1087,1091
0.18684434187313173,0.9790935239162138,30.463050112234487,19.381827793960838,N1,5,1088,1092
-0.1361527177578182,1.0562402384579967,30.460132642701502,19.37866025450203,N1,5,1089,1093
-0.45471521290502326,1.0170538719250686,-1.7443054617586313,-1.838299616095901,N1,5,1090,1094
-0.6584720350343446,0.8727407958058706,4.341037011971639,3.1769863548230206,N1,5,1091,1095
-0.7969623269756425,0.7223121329558865,3.9590912579908037,2.7640722906151494,N1,5,1092,1096
-0.6569836896885249,0.5799894334164832,-6.785952289140551,-4.639977619127603,N1,5,1093,1097
-0.6883576272418395,0.5062384212191346,-7.2782204072136665,-5.172138609996182,N1,5,1094,1098
-0.10951285623613102,0.45195533603862825,23.966463422657398,27.669317007090285,N1,5,1095,1099
0.12612686860429675,0.35663346417218234,17.902768556684897,22.736238855927514,N1,5,1096,1100
0.33914699396603964,0.18457591809489032,18.159336041305504,23.01358758574643,N1,5,1097,1101
0.7807503925056949,0.16590021729503804,59.61006938837672,50.0145272347123,N1,5,1098,1102
1.0413823414406125,0.17939791742868466,60.07883419588616,50.52128291897461,N1,5,1099,1103
1.113296898517524,0.19762941297999248,58.09263907650311,41.64684111737297,N1,5,1100,1104
1.0499323731100276,0.256044208876105,58.22501852538262,41.78992340362238,N1,5,1101,1105
0.7544842847913855,0.3935608243117315,58.147514391414006,41.70617149531536,N1,5,1102,1106
0.08129137055279897,0.35406002306086465,27.607102485395444,22.287898040372966,N1,5,1103,1107
-0.039881768013174224,0.2119038703944625,27.518990719858266,22.192630571939663,N1,5,1104,1108
-0.5232575279742833,0.055995111195011306,-0.15854814464546507,-0.06550309454323724,N1,5,1105,1109
-0.633896663809162,-0.06316842405488217,9.328593648364768,7.1768937483000625,N1,5,1106,1110
-0.5382116547357555,-0.3153370625182532,9.359340236580465,7.210115291857074,N1,5,1107,1111
-0.4707986552555212,-0.5133383619654694,9.317556381040777,7.16489734030838,N1,5,1108,1112
-0.6276224954008967,-0.7088350781339301,9.350496995144931,7.14179079924943,N1,5,1109,1113
0.24116562108523568,-0.8463392341540498,63.622199916333194,40.847237176312774,N1,5,1110,1114
0.8330626788692712,-0.8789469089179363,83.60474740448117,64.52762410510695,N1,5,1111,1115
0.8805770609479169,-0.8790743922128428,83.74008901371272,64.67392231550257,N1,5,1112,1116
1.5193743143971232,-0.7624704542792642,111.34744098354568,86.85623891237992,N1,5,1113,1117
2.0697395986026663,-0.6409368613238542,111.43045216655301,87.00471081708456,N1,5,1114,1118
1.368615638235633,-0.46458797955546344,84.65609562189347,75.3626634047323,N1,5,1115,1119
0.8985193204371285,-0.41718796906295097,55.16891144609981,44.42094380237104,N1,5,1116,1120
1.019571413182075,-0.24998255275543785,60.137012202818006,40.344895365290725,N1,5,1117,1121
0.7273872134048588,-0.20304432311208984,32.5232714975733,18.15577245964523,N1,5,1118,1122
0.4076240698487254,-0.16971472453369926,32.4134828099006,18.03710801378984,N1,5,1119,1123
0.1773323946373921,-0.2058393853243814,4.82721052376146,-4.122380689724378,N1,5,1120,1124
0.4571209679219237,-0.23605057879140645,4.868101729398768,-4.078187284510932,N1,5,1121,1125
0.1349510589681131,-0.36755904738359674,-0.26245045203395423,-0.17771804881776915,N1,5,1122,1126
-0.29430679013000827,-0.44585907043044415,-0.27207444448868046,-0.18816378455376254,N1,5,1123,1127
-0.5040978016626696,-0.472310048411407,-0.29238380814931586,-0.21015042943763546,N1,5,1124,1128
-0.48759812650032475,-0.4213444782287382,9.394651152921142,7.248280946023442,N1,5,1125,1129
-0.6160000473322043,-0.380742914703427,8.656936563602358,6.392137205911422,N1,5,1126,1130
-0.34980675753342894,-0.3108393339006966,14.292051456950139,3.0999076298903674,N1,5,1127,1131
0.661273433926499,-0.30757400399099877,58.972366665757725,45.98579393684122,N1,5,1128,1132
0.9587323571096477,-0.24097246924994806,58.94216482884658,45.9532099733071,N1,5,1129,1133
1.2736511520173508,-0.25152258466455635,77.12007827233174,60.955411824845214,N1,5,1130,1134
0.9700009449926711,-0.23424709344423036,77.78962332685333,61.679166595433344,N1,5,1131,1135
0.7330805299340909,-0.2315676570154693,72.19441748543758,64.95574999171004,N1,5,1132,1136
-0.070513631718336,-0.22262420429726149,27.536029814148787,22.093569240880605,N1,5,1133,1137
-0.3193092611339807,-0.29145146013325984,27.547574955144956,22.10598156320848,N1,5,1134,1138
-0.6123551507605953,-0.394849139913336,-0.2728524046804523,-0.30655730411963306,N1,5,1135,1139
-0.49206124414433816,-0.5029569000883214,-11.993656688905322,-8.706688736627257,N1,5,1136,1140
-0.16796760550907947,-0.6158405287797137,-12.475674894628174,-9.227739193904563,N1,5,1137,1141
-0.22030430641159454,-0.7334996046546223,-11.894207953479782,-8.599259046853694,N1,5,1138,1142
0.05738022849236586,-0.8242580199724301,-11.68824169754662,-8.376530132537301,N1,5,1139,1143
-0.01814256593729624,-0.8967148780981006,-11.80143311994325,-8.498871195867105,N1,5,1140,1144
0.05529760559338683,-0.8676668643638863,9.433098187175347,7.231052453650773,N1,5,1141,1145
0.06015750621772895,-0.7305459407038626,9.874574876665429,7.767043339983502,N1,5,1142,1146
0.5644683579920866,-0.4743011472761651,39.95616138949845,26.689309646168113,N1,5,1143,1147
0.9048967208535259,-0.23724993296247873,69.2391487570203,57.37592020164884,N1,5,1144,1148
1.321297453623424,0.10527468771683175,96.96774203506502,79.68925489212124,N1,5,1145,1149
1.2698446300711794,0.35030829442304423,87.44597074544,72.40953310202094,N1,5,1146,1150
1.30967104735671,0.4935404711041144,87.56182295446342,72.53478526161344,N1,5,1147,1151
2.3178667842357528,0.5874503962604848,164.15124790381233,90.2978276361413,N1,5,1148,1152
2.085637153802554,0.6348372852429464,134.77697650566842,59.51246374190159,N1,5,1149,1153
1.845450508870681,0.5395177006121941,107.25909030907496,37.42691319147052,N1,5,1150,1154
2.0439106138943997,0.41108104975164395,107.16696749375551,37.327316308760786,N1,5,1151,1155
1.8668330242501725,0.2527309673975878,107.18187485349772,37.34345227681479,N1,5,1152,1156
0.00296079810568699,-0.004891464204732188,-0.28197396262548863,-0.1988222551000945,N1,5,1153,1157
-0.2124140730082445,-0.24055890092166124,-0.08423288275953382,0.015006594703299925,N1,5,1154,1158
-0.4105862235805716,-0.4720152357681314,-0.25470682769082487,-0.2279561702715,N1,5,1155,1159
-0.8684142840009599,-0.6786992430640822,9.156324810137448,6.932156587100326,N1,5,1156,1160
-0.8197361617963679,-0.8750403103472593,-2.2549874958000147,-1.1922314094816102,N1,5,1157,1161
-0.06892271587494178,-0.9658566288424509,28.458129907457625,18.412734871090652,N1,5,1158,1162
-0.02920606247566866,-1.0455760020201894,28.273010832534055,18.21257978511567,N1,5,1159,1163
0.13447437048600933,-1.1214656999751695,58.82650251413433,37.70369196677566,N1,5,1160,1164
0.8111476527330297,-1.2044371009813148,79.03073331154883,61.623704239877405,N1,5,1161,1165
0.7937570189819553,-1.2821331734232984,90.29839794596191,69.59276375137343,N1,5,1162,1166
0.32929694064980597,-1.3385935264162243,59.86230046433775,50.28722387607777,N1,5,1163,1167
0.19330058361742886,-1.403644676497109,59.75041219535342,50.16633572861392,N1,5,1164,1168
0.06096300801496,-1.4299436134946262,29.29772491811891,30.84284772641404,N1,5,1165,1169
-0.3352908413418163,-1.4505641267315752,-0.21256023105670466,-0.12383513071254129,N1,5,1166,1170
-0.5798246914916263,-1.464052497351193,-0.089342227121233,0.009371253702556714,N1,5,1167,1171
-0.5637340939504611,-1.5724098069788142,-0.20311800053168555,-0.17237733712318004,N1,5,1168,1172
-0.5475082779973036,-1.6853775216772817,-0.10251050583174219,-0.06369565517379669,N1,5,1169,1173
-0.3668213017491098,-1.7803012941516072,4.823561460222118,-0.10988583010694128,N1,5,1170,1174
-0.5473088946654343,-1.8798066404889084,9.685040679105441,3.5237621871921876,N1,5,1171,1175
-0.32632019209179364,-1.9451073400224317,9.680306814689539,3.5186558739980685,N1,5,1172,1176
-0.07524185272682189,-1.9033753403490266,37.40596988539473,25.847740095562038,N1,5,1173,1177
0.13973788953901475,-1.6309492572204192,37.3069432616001,25.681991486030892,N1,5,1174,1178
0.5505851315291238,-1.382817469381635,60.09550336412358,48.02639454200107,N1,5,1175,1179
0.8556265592295631,-0.9907499993136781,55.18124575312686,44.33570120427176,N1,5,1176,1180
1.1392227810830036,-0.5059592580832628,84.45758414811571,75.01521070446688,N1,5,1177,1181
1.0935887045857726,-0.14049889992780606,56.732710384755045,52.74575565926134,N1,5,1178,1182
1.0158461278866753,0.08391467506476147,56.856977377161094,52.938847834425545,N1,5,1179,1183
0.3761090299415173,0.2939852959527741,29.08829629151296,30.582230732846803,N1,5,1180,1184
0.18372199726086363,0.35685063118258425,29.060900252265856,30.552570557661966,N1,5,1181,1185
-0.007529847821797375,0.27122338838960613,-0.23390425222023623,-0.14689901425299468,N1,5,1182,1186
-0.16880530091389118,0.1965556160106047,-0.23240460062952478,-0.2039419934961188,N1,5,1183,1187
-0.08895180203310246,0.01744549904207702,-0.3255380400209106,-0.30469653819382075,N1,5,1184,1188
-0.008982136557688137,-0.14510683719171596,-0.1965428277864703,-0.1652121286620968,N1,5,1185,1189
0.09038619982661658,-0.3076614606612054,-0.2246641414545593,-0.19559301192784914,N1,5,1186,1190
0.20044850594824765,-0.4588877668653538,13.532127626621513,3.619735292004043,N1,5,1187,1191
0.43810065828215555,-0.33878152936576955,44.071502794756086,23.095526242685445,N1,5,1188,1192
0.510957233994327,-0.10626397734625073,44.205547434758046,23.24043714659856,N1,5,1189,1193
1.713469463232491,0.1954916300785527,111.84283932542894,70.61305551332552,N1,5,1190,1194
1.750355130744674,0.47664375815331256,111.9034080047888,70.6785570691267,N1,5,1191,1195
1.5191356676719807,0.7471751674589229,98.12498535222258,66.8398549039739,N1,5,1192,1196
1.0843217514049912,0.8111087621401112,67.43036878159182,47.25498972822679,N1,5,1193,1197
1.3591326321396309,0.7656900996654343,96.70825478868065,77.97054172274875,N1,5,1194,1198
0.31976137849756014,0.6177684277107318,28.83212200209091,30.33968616784041,N1,5,1195,1199
0.33837314541190155,0.47503228022387134,29.02937846325367,30.552884161171825,N1,5,1196,1200
0.060859727803040185,0.32725061116999543,28.42713233254035,29.90188245288664,N1,5,1197,1201
0.3082500930594506,0.08755986667142394,29.26985973399569,30.812783674403182,N1,5,1198,1202
-0.2355825542171715,-0.15151464837801426,-0.09579945798468543,0.0024266177424578927,N1,5,1199,1203
-0.38001961669465345,-0.38986350780733686,-11.60324731188739,-8.225819617779052,N1,5,1200,1204
-0.6976057802772857,-0.6256893055010864,-11.84708892427734,-8.48935609379987,N1,5,1201,1205
-0.43412171684033185,-0.8604512978340239,-11.252028725406854,-7.904886984052427,N1,5,1202,1206
-0.07707415249458335,-0.8598974256528436,18.907255618459022,11.059590538260817,N1,5,1203,1207
0.19194761404739893,-0.6863378278170871,23.17222993637406,6.286558834310563,N1,5,1204,1208
0.7649193213317176,-0.5149189020225918,68.70756730220747,39.88723988150887,N1,5,1205,1209
0.8992629701911483,-0.3474402212396882,69.0033580465606,40.20696172661265,N1,5,1206,1210
0.9836166951380619,-0.07364053269413659,68.70011037880322,39.93787004045735,N1,5,1207,1211
0.7750679910109056,-0.009058566883226149,38.27424550288124,20.685249697975813,N1,5,1208,1212
0.4657518786797937,-0.13260492725210044,33.97729607559595,25.42362904405163,N1,5,1209,1213
-0.07277155735005181,-0.250335689908988,-0.10520576277631336,-0.007803287798014935,N1,5,1210,1214
0.5404537529081154,-0.36226241141319804,29.09400561170769,30.622627295587154,N1,5,1211,1215
0.5649818024361594,-0.5755782586129442,29.435856356324802,30.93345782182587,N1,5,1212,1216
0.9216790481286126,-0.8107287800623226,136.42679418745394,67.90332961445674,N1,5,1213,1217
1.2650132759521058,-0.9827105464095467,136.4342172889257,67.91137787757616,N1,5,1214,1218
1.2169881682858885,-1.196736760864485,136.67716636315745,68.17398547115154,N1,5,1215,1219
0.5619665025520817,-1.412318235403052,107.18255920569936,37.22430315134261,N1,5,1216,1220
0.5782581497306865,-1.629466105251663,107.23650905303657,37.34136230142758,N1,5,1217,1221
0.4492809317246838,-1.782751585677761,27.5392881112959,22.214671270975668,N1,5,1218,1222
0.327025989666663,-1.7738540582447342,27.560288281076645,22.237400041043294,N1,5,1219,1223
0.8999398392268404,-1.5159583019766103,63.65098891538073,49.381859745204565,N1,5,1220,1224
1.1249787094256818,-1.2265159075464112,52.07739203457167,41.014165847442925,N1,5,1221,1225
0.9472792318050096,-0.9069925115126807,52.00094687738601,40.93153305103188,N1,5,1222,1226
0.6348600185107444,-0.6082226495288126,24.438515758335416,18.797875062537788,N1,5,1223,1227
0.47467802518360713,-0.4853233361005721,24.350353989897123,18.702553565257404,N1,5,1224,1228
-0.0409182645301371,-0.5371914013369917,-11.759110824551318,-8.46219942447642,N1,5,1225,1229
-0.1291117069865777,-0.6051108051724725,-0.1718500911607407,-0.07981657349446322,N1,5,1226,1230
0.5261513524962765,-0.5600354688140101,28.84341836347594,30.351887717074714,N1,5,1227,1231
0.2073524159496401,-0.5456184805013606,28.862224748118024,30.313526342101976,N1,5,1228,1232
0.3136547861123745,-0.5387532823660479,33.9625717951014,30.45568647477048,N1,5,1229,1233
0.14677976141824728,-0.5426401384812323,33.98330661733344,30.47809078775317,N1,5,1230,1234
-0.17833938197620683,-0.5189659248269833,34.02664433336322,30.524952750951343,N1,5,1231,1235
-0.7364539074442519,-0.6146109590212688,4.992425056701177,0.07268913258449175,N1,5,1232,1236
-0.12792251039129496,-0.4083592392720732,35.409993986382325,22.105357907466534,N1,5,1233,1237
-0.3243904030849535,-0.20436478039428038,35.38765493370738,18.068898192305642,N1,5,1234,1238
0.1234448816189115,0.19685271588958245,63.23384979650582,40.50924469439051,N1,5,1235,1239
0.4863502320199132,0.5733631310307032,72.70257769226592,47.679943906237895,N1,5,1236,1240
0.5098643157931064,0.9430208676424343,77.66427371744794,43.660002019390234,N1,5,1237,1241
0.1768103185966538,1.0267203318852183,52.076274643484794,17.523179123111184,N1,5,1238,1242
0.2353355191618675,1.1029752050763648,47.02640585841291,21.44787891718297,N1,5,1239,1243
-0.13575094350621839,0.9699493963607836,19.080325535460723,-1.100464257026033,N1,5,1240,1244
-0.10947920677185721,0.8365340954821534,9.700530280360544,-8.174975816623192,N1,5,1241,1245
-0.04132130780519674,0.7027186487373512,4.302280366174818,-4.626806165245943,N1,5,1242,1246
-0.017265470780534996,0.5588541115764428,-0.23370599076297366,-0.14664925887045682,N1,5,1243,1247
0.5669581473292056,0.4174383611813596,29.13024589223205,30.661913972902404,N1,5,1244,1248
0.4166319413898236,0.2776245786304571,29.093984979832022,30.62277365077607,N1,5,1245,1249
0.4777600323247043,0.13961127190607953,28.979401319712633,30.440055217061307,N1,5,1246,1250
0.36516835512425133,-1.1285702458962988e-05,29.5199433917689,31.02428485957207,N1,5,1247,1251
0.6715238629814394,-0.037525983892857086,53.47198143370188,50.00767933106253,N1,5,1248,1252
-0.05895515848144441,-0.08335857583829806,24.25133927255083,19.35404165164946,N1,5,1249,1253
0.40472152107549847,-0.019698847536631092,52.10744995961286,41.80512686998554,N1,5,1250,1254
0.43090216979142043,0.03212136632138822,61.60288495580171,49.11531951056386,N1,5,1251,1255
0.26567815544726725,0.05690428738461151,61.40451566019474,48.90095523709897,N1,5,1252,1256
0.020020149162405687,-0.03733812961362446,37.0463498596233,29.478542758464755,N1,5,1253,1257
0.02823784631611943,-0.11338877673318279,37.085030736283805,29.520387063390807,N1,5,1254,1258
-0.34104142214182503,-0.33278078594314026,9.177369517253828,7.0136012895338355,N1,5,1255,1259
-0.4762469616091721,-0.42912234359761214,-0.2640943618884194,-0.17942722354928264,N1,5,1256,1260
-0.02617855297830829,-0.5145192376797241,-0.17010813013912413,-0.07781411525356816,N1,5,1257,1261
0.08752563874950284,-0.5003909827786288,-0.20544065333233447,-0.11600867724482669,N1,5,1258,1262
0.34166977913266694,-0.5297469306661753,-0.42584973743796584,-0.35423736829689007,N1,5,1259,1263
0.6707080870484561,-0.5336628587508813,28.991960498258415,30.512503726489378,N1,5,1260,1264
0.8381875433713958,-0.6643162623348303,28.959852723150107,30.477761214970087,N1,5,1261,1265
0.6041714396783618,-0.7553988632174992,29.123397479164122,30.65450746183051,N1,5,1262,1266
0.5073149377659547,-0.9374301413137289,59.74077949804632,52.84447773220309,N1,5,1263,1267
0.4336290548913439,-0.9956973503169593,48.33679577178118,44.728055651159956,N1,5,1264,1268
0.5120392504263919,-0.762518064896011,46.655026069487214,36.18264692634693,N1,5,1265,1269
0.21956215785887706,-0.5134688547810299,46.70913261890382,36.18247081266891,N1,5,1266,1270
0.2172404183368144,-0.28400139175402617,56.08148119727557,43.30076517559646,N1,5,1267,1271
1.210139274029484,-0.012679923086301415,25.481847249416752,21.12998337426252,N1,5,1268,1272
1.3282392487786865,0.09242529852249959,36.946528916871465,29.311961313064966,N1,5,1269,1273
1.9650525408977046,-0.1456209837002632,63.984618081311055,41.27128245121421,N1,5,1270,1274
2.0733082201765,-0.45154796732289243,63.84790448028216,41.18221702307492,N1,5,1271,1275
2.195898651681182,-0.7676083079399462,54.21770844707498,33.78521016760642,N1,5,1272,1276
1.2019530134809884,-1.1872904774353912,59.28976789169101,29.8845419111487,N1,5,1273,1277
1.2166157695698303,-1.5232993053273334,59.407330469519366,30.01161819688423,N1,5,1274,1278
0.013844798317154527,-1.8644880599786973,4.307004528469406,-4.621667076421727,N1,5,1275,1279
0.6099270745939975,-2.023023107472153,34.132411528006195,26.68557977014716,N1,5,1276,1280
0.5939307784764424,-2.19359172330104,34.25742717346875,26.820731158778653,N1,5,1277,1281
1.2375615214204572,-2.221486789672673,141.79411718224,79.19548343348579,N1,5,1278,1282
1.1941980170397983,-2.211223722338059,141.44707098462385,78.70280842692883,N1,5,1279,1283
1.7145909170398226,-2.1131106404457567,169.88557488703955,101.7833474312938,N1,5,1280,1284
1.007099524792261,-2.061807040903221,140.016443087229,70.42886796623061,N1,5,1281,1285
0.7712982200062243,-1.9686802532114598,140.12966668090812,70.55122250126442,N1,5,1282,1286
-0.10759379805135723,-1.9470116443115102,27.480600810196485,22.033647135292995,N1,5,1283,1287
-0.19699302450874256,-1.9908460349234531,27.66599048359931,22.351629770982253,N1,5,1284,1288
-0.650017785126306,-2.0187878090556355,9.178304267812928,7.014646932660253,N1,5,1285,1289
-0.6456050537639839,-2.010577656140009,9.393732667299627,7.247491454884584,N1,5,1286,1290
-0.775892731871204,-1.9151534003809103,9.233998483441246,7.074793689671788,N1,5,1287,1291
-0.6576573343269729,-1.8043225055372716,-9.280122271487198,-5.919753030971333,N1,5,1288,1292
-0.7050127918178077,-1.6514980836753863,-9.137069037329638,-5.765174523463065,N1,5,1289,1293
-0.671608582650515,-1.5087510417237582,-18.686990143223376,-13.075418350023392,N1,5,1290,1294
-0.6005276871646629,-1.4433342950738108,-18.7658290232328,-13.160694641293958,N1,5,1291,1295
-0.4889269822722781,-1.4551544883948622,-18.732975208220886,-13.12520893100591,N1,5,1292,1296
0.12483737131606176,-1.2600132568060645,48.84977053098119,42.84770374511572,N1,5,1293,1297
0.2848210759251515,-1.0397729239141256,48.734774139127694,42.66465426123468,N1,5,1294,1298
0.8189753779053717,-0.8313089657225134,76.52789886804968,65.0477129562336,N1,5,1295,1299
0.8727797491552337,-0.384924222319421,76.44277908889926,64.95572576233826,N1,5,1296,1300
1.0573463315852223,0.0633089686694234,76.49004970277456,65.00685937489907,N1,5,1297,1301
0.20112195412930306,0.36073941339097926,27.467655839939834,22.0783794959003,N1,5,1298,1302
0.056499728543212765,0.6680970027517447,27.38193710353953,22.044478236354188,N1,5,1299,1303
-0.351230370328426,0.9469877770070128,9.284537576140428,7.1293131342798,N1,5,1300,1304
-0.5889989065291047,0.920351773696234,9.337536345761327,7.186602200329071,N1,5,1301,1305
-0.5604791881087067,0.8415553001222861,9.363324072734395,7.214468710152142,N1,5,1302,1306
-0.21520567187501455,0.6696178339190908,14.247678308960166,7.064444735449797,N1,5,1303,1307
-0.1560508230818641,0.42239383789041085,14.418661925199558,7.249245552794309,N1,5,1304,1308
-0.45997535163342035,0.17185882742850253,4.536899847821042,-0.4196783043938922,N1,5,1305,1309
-0.3944946763372627,0.1140530381319536,4.772108200687216,-0.1654780508368276,N1,5,1306,1310
-0.4544685799558465,0.05097252217537403,4.540991403408407,-0.4740548254092573,N1,5,1307,1311
0.4274289767030723,0.3968171858498749,30.275331535846636,19.178862311891862,N1,5,1308,1312
0.6354076474167186,0.8202470512254649,59.66167186410312,50.01158966944204,N1,5,1309,1313
1.3436543923216733,1.3317728089961804,90.58770348858089,69.84657740316615,N1,5,1310,1314
1.4264570798784688,1.6423913343664878,90.34033616543601,69.57922042067658,N1,5,1311,1315
1.6497651564358875,1.9290594924673257,90.57255674456974,69.88897022472665,N1,5,1312,1316
0.4763126605189655,1.7789982318987938,59.93090963765135,50.36131552066945,N1,5,1313,1317
0.3706913312645838,1.542214563971254,30.560896102056724,19.546249388114667,N1,5,1314,1318
-0.19671567216332733,1.1686265739564987,-0.28165078770398394,-0.19852598709549057,N1,5,1315,1319
-0.022285420169578175,0.9011819096049749,9.409842277073768,7.264786862101755,N1,5,1316,1320
-0.5525871163790044,0.6380635515745496,9.270663596360828,7.114384771621554,N1,5,1317,1321
-0.4139210989571893,0.37926638368011256,9.138353830490086,6.971297788558877,N1,5,1318,1322
-0.583399224091886,0.10934584687687447,9.261706998835143,7.104666567927052,N1,5,1319,1323
-0.3979919715740152,-0.08457670941824631,9.413053949967434,7.268288708632463,N1,5,1320,1324
-0.6597972040536433,-0.42286248044666197,-0.4007363931275904,-0.32722885808325375,N1,5,1321,1325
-0.05706700894841106,-0.7575879885412803,-0.17758000217727385,-0.08598994773637969,N1,5,1322,1326
0.3879543143922547,-0.7678423282660048,27.656191640826002,22.301207690544835,N1,5,1323,1327
0.21007185361879693,-0.7711365495739869,27.285109643827308,21.90004863764334,N1,5,1324,1328
0.5269584101745522,-0.8121118955645386,55.008855179791865,44.20807160543918,N1,5,1325,1329
1.030686094382645,-0.7518960821281894,84.59111961923482,75.25263418229443,N1,5,1326,1330
0.8623545624598364,-0.6215340001435606,84.42595267633878,75.07410589482315,N1,5,1327,1331
0.4373552877044176,-0.8031960702459401,56.69347699682403,52.79647383649717,N1,5,1328,1332
0.7705645724605802,-0.9294049535374939,56.95066833199089,53.074529762353635,N1,5,1329,1333
0.4296228979910438,-0.9932071525469268,29.165013637243828,30.699538756250696,N1,5,1330,1334
-0.15919885898781558,-0.9959110864738079,-5.794106400670716,-4.242686023579154,N1,5,1331,1335
-0.5137578093495676,-1.0614207671215525,-5.710946186121146,-4.1528831634204835,N1,5,1332,1336
-0.5888922833935112,-1.0738638108371732,-5.616383149439935,-4.050677747791633,N1,5,1333,1337
-0.8984418143285439,-1.1994570063933168,-5.754071213044517,-4.199504174200411,N1,5,1334,1338
-0.9448958200159723,-1.3232798213294756,-5.6666771169489945,-4.1050079555017875,N1,5,1335,1339
-0.6512208224091637,-1.51883239420128,-0.21444925433170284,-0.1258579389512306,N1,5,1336,1340
-0.5482930249257152,-1.6447183559266478,-0.232190728779824,-0.1449806096003158,N1,5,1337,1341
-0.012074303226108895,-1.7217607002921511,30.390868140327804,19.320835199028078,N1,5,1338,1342
0.10728033144227993,-1.4320864523907573,30.568674245385047,19.512991739845894,N1,5,1339,1343
0.6360530284829565,-1.0805685413312118,61.233991034473,39.066199627847524,N1,5,1340,1344
0.2759024628851193,-0.6321420187355443,61.20837806237832,39.038559711066775,N1,5,1341,1345
0.6991079801053501,-0.21833792460086557,90.44115943688958,69.70532439037052,N1,5,1342,1346
0.6853763544859476,0.42093163218540897,167.2837480062386,87.7834888073543,N1,5,1343,1347
0.8832097926450615,0.7817918778306592,167.14813895631522,87.63689046903164,N1,5,1344,1348
0.13726174147816436,1.028422817719246,136.4627824092764,68.06208376156573,N1,5,1345,1349
0.4172472391670226,1.1630422880019922,145.93574702085752,75.28914694100385,N1,5,1346,1350
0.03838525290955204,1.2830429515170294,121.77226502656558,44.730933051055764,N1,5,1347,1351
-0.4871968693131521,1.0929683081398252,14.219947824576229,7.093202992925944,N1,5,1348,1352
-0.7234266626692716,0.890155507451658,14.250349980489409,7.126099941266875,N1,5,1349,1353
0.3177411992034195,0.7979908033226024,68.92667846255935,41.26860103243234,N1,5,1350,1354
0.06028353939636873,0.7116648100241605,59.522303520111016,34.11566508353135,N1,5,1351,1355
0.17275026179063388,0.6229015865191968,42.78577084969002,25.60618851265026,N1,5,1352,1356
0.9023588809403463,0.7514581366826064,70.36504222089279,47.758168509091774,N1,5,1353,1357
0.9101268903671553,0.8847864624143312,70.41917018191452,47.81663145729544,N1,5,1354,1358
0.7291356254299899,1.0152281161250527,43.482568357730635,35.999369993097204,N1,5,1355,1359
1.0504255210875955,1.1350317162276553,43.59498037197045,36.12084635112406,N1,5,1356,1360
0.9980201676028401,1.244788031626547,55.004887491709084,44.24359704033414,N1,5,1357,1361
0.5145017780101625,1.1290741293312123,27.377369872739656,22.039571930875535,N1,5,1358,1362
1.098647616399353,0.999606537075391,56.8094055558744,52.921723108219155,N1,5,1359,1363
0.5877213549514408,0.7835650874000578,29.07472899944114,30.60188394938159,N1,5,1360,1364
0.5421887985786953,0.5632567393413354,29.052502154944523,30.577843857259722,N1,5,1361,1365
0.4973976573402979,0.4251937755261622,29.15771798302303,30.691570675482218,N1,5,1362,1366
0.13752856270286884,0.28731090142692894,29.27450736020546,30.817783524461266,N1,5,1363,1367
-0.5394885018397645,0.14945896520002294,-1.4048757864788057,-1.4126870261447038,N1,5,1364,1368
-0.4427892820895522,-0.014883915442135276,9.282028295898636,7.074644426944724,N1,5,1365,1369
-0.5362718219448197,-0.14213969058842507,9.23754664282751,7.026592661580071,N1,5,1366,1370
-0.47455598632679996,-0.34894799108739105,9.375538416665222,7.1757264664556715,N1,5,1367,1371
0.12877205935310485,-0.4059531275091217,36.97141164841596,26.657034095108976,N1,5,1368,1372
0.40134988281840833,-0.4681934454894872,38.227117982502385,28.014446256987867,N1,5,1369,1373
0.7754022092425885,-0.23176995699383837,58.204633663673306,41.7679326413403,N1,5,1370,1374
0.944117660863526,-0.0307203140760862,58.24927298674011,41.816218992912034,N1,5,1371,1375
1.1950639498967575,0.1500493729619393,58.197183194082754,41.75997215541865,N1,5,1372,1376
0.6024890336463613,0.4334372739306332,30.504187611634553,22.173663124456652,N1,5,1373,1377
0.5460148434391613,0.7169901568215835,30.443674343613385,22.108280271037074,N1,5,1374,1378
0.38971241012256996,0.696883549331534,29.091095106802822,30.619702228518143,N1,5,1375,1379
0.19624766071920022,0.6660917591399198,28.839488982745387,30.347700660629197,N1,5,1376,1380
0.03934286859359872,0.6480296996014374,29.018825579687835,30.54157206012751,N1,5,1377,1381
0.06519683917931615,0.3654743524264973,28.992522248224123,30.513131650935975,N1,5,1378,1382
-0.07754089251204732,0.07593848228477781,29.070616387408517,30.597516706878377,N1,5,1379,1383
-0.7841570668177837,-0.10334931678316935,9.281527416640893,7.126135803629586,N1,5,1380,1384
-0.9273474048771277,-0.26854581786365656,9.460476870927959,7.319555944207241,N1,5,1381,1385
-0.9360240516084104,-0.2924933561837122,9.33764745297376,7.186743265589757,N1,5,1382,1386
-0.3100507508511555,-0.012648503690684265,40.01411514816427,26.75205240177893,N1,5,1383,1387
-0.13820165101283238,0.47110666148265634,39.872593415853046,26.59903491885343,N1,5,1384,1388
0.8135586387197918,0.8400268247724796,58.18190361214802,41.7432474139714,N1,5,1385,1389
0.9445235810086843,1.295233857592251,58.21836272195942,41.78263962746278,N1,5,1386,1390
0.6906489398020085,1.6053711004195577,58.18624940596637,41.747891101734425,N1,5,1387,1391
1.642654324801697,1.6823576482721307,27.500932012250995,22.17300071567006,N1,5,1388,1392
1.5278601407809902,1.5168291970634926,27.506306156386565,22.178821208434236,N1,5,1389,1393
0.7924003144501739,1.3165812302575772,-0.3574845243332675,-0.339303281478351,N1,5,1390,1394
0.9678233282235397,1.0017682757612363,-0.204739488940686,-0.1741627583411173,N1,5,1391,1395
1.4256573894977465,0.6609114110476014,28.950833049224457,30.409222153249722,N1,5,1392,1396
0.10922181787595946,0.22729227178383554,29.13376865213504,30.60698793118936,N1,5,1393,1397
0.12357873732494226,-0.18839692589816082,29.07232868995925,30.54057569816505,N1,5,1394,1398
0.24918391025605616,-0.5893854578506591,17.605258020479233,22.414741770163527,N1,5,1395,1399
0.1107355900355742,-1.0624856559098022,26.864413446513936,29.4106993329493,N1,5,1396,1400
-0.4783244719435743,-1.4606781024129873,-2.2063022174857907,-1.080929390944948,N1,5,1397,1401
-0.014508175716264305,-1.8499153590674098,25.344766517865356,21.04046430856979,N1,5,1398,1402
0.10480104268651758,-2.2018774753755053,25.449101076951774,21.153242986013357,N1,5,1399,1403
0.35039259080674584,-2.4644296221900674,64.64004364307475,51.64602592693846,N1,5,1400,1404
0.24716344549899533,-2.3847508775411597,55.235558201451205,44.49296733477822,N1,5,1401,1405
0.6586603988692786,-2.3367410177832992,55.136571621776966,44.38600203866954,N1,5,1402,1406
0.10149969974568193,-2.211894965824746,27.516157866772847,22.189690238090407,N1,5,1403,1407
-0.010997294911658174,-2.0793680754432047,27.507076270856487,22.17987943071348,N1,5,1404,1408
-0.39336980864306953,-1.9885252129758442,-0.16242605991865275,-0.0695446498284582,N1,5,1405,1409
-0.17398617032736183,-2.131029446801102,-0.34842988925956886,-0.38811294029437704,N1,5,1406,1410
-0.5224075660202743,-2.3116286745892807,-0.3431406759948004,-0.3824163921293803,N1,5,1407,1411
0.49614484633166284,-2.4708714409597574,112.07465026157297,55.15176087934087,N1,5,1408,1412
0.2514393969064258,-2.677313061462229,112.01467269621499,54.969397388845394,N1,5,1409,1413
0.20642275272862207,-2.878316658713976,112.07560450347373,55.03524921794451,N1,5,1410,1414
0.1725646155215827,-3.012100565682323,117.2500925233995,59.124687446265305,N1,5,1411,1415
0.3547772214124734,-3.0425713002105566,116.94307807586156,58.79287547048443,N1,5,1412,1416
-0.15281400853982632,-2.7837462641548596,32.307998294453135,25.63039434541279,N1,5,1413,1417
0.13624093326529874,-2.42418432571979,32.51553666392283,25.972283300240814,N1,5,1414,1418
0.6405304015639786,-1.9085810887956598,60.02252503559721,48.046039287280294,N1,5,1415,1419
0.7379878854081653,-1.3058578868341215,43.538852038369804,36.06018955217151,N1,5,1416,1420
0.6837465921834565,-0.6084188702754603,48.803083407778466,32.36717669405334,N1,5,1417,1421
0.17278540978381898,-0.13601176482296182,20.93656450730923,9.904897074156906,N1,5,1418,1422
0.12905349246402692,0.29469096835574077,20.777550778393923,9.73297351678193,N1,5,1419,1423
-0.11793946259795121,0.5892881299526949,-6.898927228432148,-12.523982851904293,N1,5,1420,1424
-0.41320499516366455,0.7439947060316626,4.788767706599901,-4.159685404117044,N1,5,1421,1425
-0.04399080291175324,0.7650983677144211,-0.30091718465846495,-0.2780331477348227,N1,5,1422,1426
-0.030741374270360212,0.6794257413499849,-0.1948776400400675,-0.16346287822816521,N1,5,1423,1427
-0.107619618231206,0.6002962342204512,-0.19922249994124286,-0.16810550853260792,N1,5,1424,1428
0.07922905467382861,0.6082593656807944,29.130433223351428,30.569004494625553,N1,5,1425,1429
0.3876214474944163,0.6994540411126196,38.515671603841476,37.75997953083279,N1,5,1426,1430
0.11310486327324724,0.7787680318582488,38.70202789680043,37.96137710456969,N1,5,1427,1431
0.3508851980490135,0.9520861457567207,66.20986606291845,59.996272441926706,N1,5,1428,1432
0.4320784968780799,1.1064980897636474,66.23782493604085,60.02647218712373,N1,5,1429,1433
1.453911784671527,1.2531603977054373,104.76772863728256,75.18458489288169,N1,5,1430,1434
1.5665900381405435,1.2963930647578024,95.06307599105494,67.70711426705967,N1,5,1431,1435
1.5823200136071591,1.3266655922557562,95.09886607087392,67.74581992320309,N1,5,1432,1436
1.1865209035688622,1.238304500900591,67.49272758025764,45.604696563981996,N1,5,1433,1437
1.0209732798083677,1.145394338505514,67.53203461979282,45.647207746953065,N1,5,1434,1438
-0.10820334276900212,0.9413735162267869,-0.1351939338390366,-0.040088383518741465,N1,5,1435,1439
-0.4188018542041618,0.7436776229355473,-0.08461540804273682,0.014587153725733515,N1,5,1436,1440
-0.47982922244798376,0.5496851253804209,-0.2271306771945092,-0.13951082813873655,N1,5,1437,1441
-0.2165789706678197,0.35954198531312614,-0.10731695191498147,-0.010009378455288242,N1,5,1438,1442
0.006782688059911379,0.26733593037028525,-0.24280431655206486,-0.15646513318642974,N1,5,1439,1443
-0.13366727613088186,0.14864910319200247,-0.33343952852883374,-0.25443642300233477,N1,5,1440,1444
0.02111071313647699,0.011294339777151663,-0.25056347395293416,-0.1648343842709437,N1,5,1441,1445
0.6845338311058186,-0.10790205943828254,29.15705929763353,30.691004382229586,N1,5,1442,1446
0.8474429143261432,-0.140906027881897,56.74412602715165,52.85132435948181,N1,5,1443,1447
0.8427194422955153,-0.2771023064161568,56.878903282020474,52.99695837371255,N1,5,1444,1448
1.4233164134832577,-0.3056630185660595,93.06412562937184,77.78570371339592,N1,5,1445,1449
1.0963379955608161,-0.33969142784033013,93.04905971319094,77.76944952738559,N1,5,1446,1450
0.6552432976786804,-0.3111466059594818,63.6639523561942,46.93800051284488,N1,5,1447,1451
0.5819788701977131,-0.3000141482983111,30.413397130230443,20.57020246017928,N1,5,1448,1452
0.872195640019936,-0.2651136401288909,30.415764125817805,20.572785033500985,N1,5,1449,1453
0.4265238635085552,-0.3171985714236428,-5.782869620445126,-4.230514914203377,N1,5,1450,1454
0.8112598049472808,-0.3934020420020204,-5.690411879765452,-4.130656827091298,N1,5,1451,1455
0.5376426721973985,-0.522740345250537,-5.674696255431627,-4.113678285984497,N1,5,1452,1456
0.34448508467307876,-0.7724175821356141,-0.15811369687580737,-0.12376772896095645,N1,5,1453,1457
0.16381018128297456,-0.9991829771385369,-0.10969237854442326,-0.071437005988264,N1,5,1454,1458
-0.11747169869563549,-1.1748362984933522,-0.2673330334349885,-0.2418480738037033,N1,5,1455,1459
-0.12232571683705373,-1.1096096331679177,4.620337926103093,-4.34183325040649,N1,5,1456,1460
-0.10418104572820538,-1.0477630206795197,4.783930039175902,-4.28253596060822,N1,5,1457,1461
0.944567864725309,-0.7459880319416982,53.88826729578432,40.59610695914453,N1,5,1458,1462
1.1089583673051493,-0.39655144517611235,42.16995152941381,32.13997750087292,N1,5,1459,1463
1.7678584964562334,-0.09573980399967467,70.05962103324855,54.62742543718632,N1,5,1460,1464
1.6248557428667936,0.10730858196529311,74.50134868957393,65.79934646256588,N1,5,1461,1465
1.685005575517721,0.2888239680309937,74.38645332816813,65.73393982734706,N1,5,1462,1466
0.39676958413085683,0.28484881257981554,25.3193149528146,20.954288308847755,N1,5,1463,1467
0.12756068714952562,0.2002502841368198,37.03376809994952,29.34752123552753,N1,5,1464,1468
-0.5678612564305695,0.10385515701470922,9.191558606982289,6.911443949466047,N1,5,1465,1469
-0.3896650386021065,-0.0713143537997496,-0.18266937215958023,-0.2089626134984428,N1,5,1466,1470
-0.4160647352912747,-0.24737877567591796,-0.24763464385905537,-0.2204781506268773,N1,5,1467,1471
-0.027747121915240314,-0.4548495318612652,-0.2115663833130384,-0.18149287031701533,N1,5,1468,1472
0.10671198122379337,-0.6315125473955276,4.648279847734375,-4.252838767117646,N1,5,1469,1473
0.18782651049223203,-0.6871295725107643,4.843998581366032,-4.100117096392205,N1,5,1470,1474
-0.01954939134293454,-0.7568246537225832,4.702565566675912,-4.311652012052946,N1,5,1471,1475
0.11904642681747646,-0.8523692903078484,4.736360596300801,-4.275057064194698,N1,5,1472,1476
0.7673353893810144,-0.6898462668052275,116.79044844046003,45.91458744672127,N1,5,1473,1477
0.5261745651846013,-0.4805566767173673,111.69199413746828,49.72799382332014,N1,5,1474,1478
1.270540416314293,-0.35659373849954934,160.80245953858974,92.83814752447215,N1,5,1475,1479
1.0469529498104522,-0.14834255341817765,170.2912313576453,100.14097914311424,N1,5,1476,1480
0.6974411004322292,0.08804879339689364,170.3376249572146,100.19116372984863,N1,5,1477,1481
-0.1445025689244858,0.11329668540117269,58.264282713033026,49.9806794845048,N1,5,1478,1482
0.02156840183110944,0.06683450173488836,58.421868635647115,50.209787917915676,N1,5,1479,1483
-0.7458243855933461,0.0077836737437337435,9.213476310617988,7.052568851948308,N1,5,1480,1484
-0.4656786756603424,-0.16098103540508077,-0.15491148550645448,-0.06148278330656467,N1,5,1481,1485
-0.06683102626134314,-0.30382293744772826,-0.14639462183986324,-0.052331036419491286,N1,5,1482,1486
-0.23370769085204302,-0.4595965089793935,-11.810743528707826,-8.450200655277877,N1,5,1483,1487
-0.3788768098313085,-0.6203389796822251,-11.718528440031514,-8.350557190368999,N1,5,1484,1488
-0.277109529968925,-0.782974258305245,-11.741814653153416,-8.37569019591756,N1,5,1485,1489
-0.1734254502119029,-0.9215702082282633,-11.7927767598012,-8.430738186734379,N1,5,1486,1490
-0.34091168530744653,-1.0192878391066187,-11.93774977367284,-8.587458137584326,N1,5,1487,1491
0.3160598095426167,-0.795310163085594,30.512661648767242,19.452399732945196,N1,5,1488,1492
0.45217774747434303,-0.5541325950030682,35.44992988884478,15.40602532557823,N1,5,1489,1493
0.7294546019373229,-0.20229717951451107,63.08003603434918,37.61283576270798,N1,5,1490,1494
1.1301320953658205,0.15658478782397084,95.33922803210153,70.55458562060667,N1,5,1491,1495
1.0438607955759835,0.45590286409019426,95.40331454237021,70.62389366006536,N1,5,1492,1496
0.41345234455627633,0.4407674430070017,64.49224420418031,50.84676233821665,N1,5,1493,1497
0.36018406240666534,0.41710448495999797,59.19530765252275,54.5043817798185,N1,5,1494,1498
0.00896450503532833,0.3021657749947451,32.033533486801026,32.80379637648584,N1,5,1495,1499
-0.6180973423935712,0.17588917748847166,-0.2882052628294332,-0.20557404545979807,N1,5,1496,1500
-0.4038786005291513,0.06594783675976715,-0.17791454974358203,-0.08637703588319709,N1,5,1497,1501
-0.36053502119068526,-0.060809381194968634,-0.12541014720336535,-0.029553428290819285,N1,5,1498,1502
-0.26041744673393624,-0.1690684600684392,0.22393236812204123,0.3480017596360995,N1,5,1499,1503
-0.27971219679020576,-0.3075348200320832,-0.24495229006861335,-0.15881062572007068,N1,5,1500,1504
-0.4184011072420617,-0.4125979685421385,-0.19527213835099247,-0.16380749044619733,N1,5,1501,1505
-0.43476957128027605,-0.4600197077737732,-0.337635937644518,-0.31773621962202014,N1,5,1502,1506
0.21833546098243914,-0.3810579513254993,30.55607765919267,19.482282822090202,N1,5,1503,1507
-0.11972254308338962,-0.13342116944390342,30.31715675228479,19.224140835100844,N1,5,1504,1508
0.46354193542942995,0.1382940649061993,58.107392137013086,41.604015144998264,N1,5,1505,1509
0.8016316601756899,0.38425827558907033,58.05707982347521,41.608306596413605,N1,5,1506,1510
0.8207088205688706,0.5561828610438682,67.42579292790178,48.722789126877615,N1,5,1507,1511
2.272897718535296,0.5243754780123198,66.06986299158598,59.919147130388595,N1,5,1508,1512
2.7433835909393567,0.21750573194958633,66.33534314128046,60.206075751328896,N1,5,1509,1513
2.266321055567232,-0.1758470441993211,38.438016404678635,37.710434467491,N1,5,1510,1514
2.217603908671845,-0.6444818960831469,38.628115198519666,37.91598852620227,N1,5,1511,1515
1.856295690629804,-1.1837364141141393,29.41445275566657,30.969151995518768,N1,5,1512,1516
-0.29102742237782875,-1.6478424189368468,-0.05493178523611277,-0.012116866662108806,N1,5,1513,1517
-0.5170909687905578,-2.029486835552217,-0.257021476738737,-0.2305763088268577,N1,5,1514,1518
-0.47893526882587595,-2.3888187864189034,-0.1522198539110832,-0.11727627718064468,N1,5,1515,1519
-0.4241130031050716,-2.722561986972022,-0.19751352418534224,-0.16632396420318402,N1,5,1516,1520
-0.08628093319832715,-2.973039635970264,-0.23471590318949892,-0.20654714379052166,N1,5,1517,1521
1.3153834644466769,-3.050528111677528,66.04171138864476,47.345796088803034,N1,5,1518,1522
1.5635993696753303,-3.0664497399363997,66.18349162759841,47.49909850468248,N1,5,1519,1523
1.9691157505372074,-2.9850567121325016,96.69145038093411,66.88225653983973,N1,5,1520,1524
2.022310197938873,-2.8691168550264536,96.80622415245452,67.00634734166233,N1,5,1521,1525
2.083668994915638,-2.7761862278909293,96.68102634814568,66.87098792558682,N1,5,1522,1526
0.8132855519628492,-2.816381987651238,35.382417544983035,15.374823929855484,N1,5,1523,1527
0.8965631660710415,-2.9154270578997,64.68999867029633,46.05362689917238,N1,5,1524,1528
0.3116149789743986,-3.047715233102957,22.620998405960563,18.384230066626333,N1,5,1525,1529
0.18559278962522968,-3.1750548534946743,22.260809816233813,17.99489547194389,N1,5,1526,1530
-0.03652021006162158,-3.2715206441617513,22.456843074318023,18.206807104674226,N1,5,1527,1531
-0.14759157376872736,-3.365243136371788,11.926558376444154,18.05889638406661,N1,5,1528,1532
-0.3664033196595028,-3.4277911477438296,-17.331981617688143,-12.566942538699369,N1,5,1529,1533
-0.3410819855202817,-3.4567364164429137,-5.756019166728947,-4.264611792920914,N1,5,1530,1534
-0.36586994972808495,-3.4236056267989285,-0.5836255676680594,-4.0445853037148485,N1,5,1531,1535
-0.34247176350268094,-3.365775460385078,4.205371046128858,-4.238861549238209,N1,5,1532,1536
0.13366315123842015,-3.0574531390834294,45.81269429756649,24.559578348096693,N1,5,1533,1537
0.08356733686377993,-2.74186890463385,45.93297615339397,24.630823659995805,N1,5,1534,1538
0.69684458977124,-2.346851201468678,73.57453964291635,46.85006470912049,N1,5,1535,1539
0.7883551771011298,-1.9662467548105496,68.68765757140208,46.938706289547554,N1,5,1536,1540
0.5892966648445508,-1.5464667758938504,63.68452614744747,46.842821920054845,N1,5,1537,1541
1.1340146120053531,-1.3075204664242848,135.15625467425707,59.80477565076872,N1,5,1538,1542
0.9360641609820505,-1.1281182453810743,134.84095941332345,59.522674349036244,N1,5,1539,1543
0.304926474385411,-1.0627832975025058,106.87151189077704,36.94901229539537,N1,5,1540,1544
0.6055459887690631,-1.0015347369584902,139.34609219304693,65.65239070487442,N1,5,1541,1545
0.8822645973593353,-1.0207123656130306,139.5023207582708,65.82128658743314,N1,5,1542,1546
-0.24633971783002834,-1.1662269025677574,31.72889410910284,27.944581196601213,N1,5,1543,1547
-0.18592971756563656,-1.250868346775269,32.034438440855595,28.27496877607773,N1,5,1544,1548
0.06386991996375854,-1.2340140078752824,32.34321660126443,28.608716086165806,N1,5,1545,1549
-0.040500580176399126,-1.1596221483498539,4.6730114836595025,-4.284746044852364,N1,5,1546,1550
-0.24886586456239002,-1.0867627367414912,-6.994654276105575,-12.627562861214392,N1,5,1547,1551
0.5535796903742494,-0.6601357371942186,24.07745714049088,7.365308008904686,N1,5,1548,1552
0.451547995572173,-0.26160875237512754,33.27749728778144,14.29731488985708,N1,5,1549,1553
0.8676184620922186,0.22328328932051136,64.12881327066862,36.74009281962208,N1,5,1550,1554
0.3748909596839212,0.7391309595121698,59.035759634294664,40.61815127508744,N1,5,1551,1555
0.5195617744042466,1.222531843914112,70.77605416500155,49.098163458435735,N1,5,1552,1556
0.02406976233255591,1.3969734118727615,39.808911469150914,29.218741241075623,N1,5,1553,1557
0.25520108089676796,1.550915509515164,30.59329757210653,22.269824160392453,N1,5,1554,1558
-0.2606844879131131,1.5040932667978155,-0.3237572737692972,-0.24401771799166455,N1,5,1555,1559
0.034680976712138545,1.3196179569783908,-0.16287943947827443,-0.18773705237254035,N1,5,1556,1560
0.5305943943445073,1.3670507110556174,29.005853960012608,30.409823324183527,N1,5,1557,1561
0.6016942028404628,1.366298631844154,34.217446895714964,26.659998356574214,N1,5,1558,1562
0.4315579786969238,1.3640538905786799,33.8443581860236,26.198045815143267,N1,5,1559,1563
0.5318873111118819,1.3480945229308077,34.01879812187544,26.327939722650626,N1,5,1560,1564
0.2619712512122533,1.3290672499281413,34.14439381413395,26.58128249013098,N1,5,1561,1565
0.12006587886382931,1.0939769790822538,4.8482185427725195,-4.154001562511257,N1,5,1562,1566
0.3195399380036406,0.9740024382064917,27.470148764012265,22.02254106548935,N1,5,1563,1567
0.4868506671324667,0.942788231695863,41.34496207110642,26.024099493192626,N1,5,1564,1568
0.9465057611015254,1.099554403329671,71.92565590483719,45.54454617017618,N1,5,1565,1569
0.9410440938762576,1.241755036711345,71.11603199989331,44.61067090698198,N1,5,1566,1570
0.5996610873767168,1.3617832072451619,71.8545010479007,45.40894022283028,N1,5,1567,1571
0.20596758787551153,1.3535443435024945,44.0923962129149,23.059415943555358,N1,5,1568,1572
0.17564431746031914,1.243549072163671,30.5005214978868,19.422347552346764,N1,5,1569,1573
-0.26512200540682895,0.9278668477216001,-0.14680222938914084,-0.11136288332927506,N1,5,1570,1574
-0.18416306143342354,0.6085437653826034,-4.948423105824622,-3.3915195777837654,N1,5,1571,1575
-0.17047109249224376,0.24421607042052074,-6.154428313927201,-4.695198551424255,N1,5,1572,1576
-0.11187466443120683,-0.06938615391667327,-5.7069965593022065,-4.211525102956512,N1,5,1573,1577
0.07469925939096811,-0.45439726109736966,23.457646568464405,26.381630235289048,N1,5,1574,1578
-0.22460013724301006,-0.7834384467709355,23.570277129628813,26.44457644836948,N1,5,1575,1579
-0.06858636195991039,-1.0766099382436323,28.931693963173892,30.32978038503643,N1,5,1576,1580
-0.15292432950125204,-1.2652834691851127,29.53533039587637,30.982282612021663,N1,5,1577,1581
0.27281907260037314,-1.3529632050641909,56.64732259340817,52.62908932458813,N1,5,1578,1582
0.2277791209609404,-1.3282918770268224,37.11518938191148,29.435485792550026,N1,5,1579,1583
0.8978776738729721,-1.2025891349188782,64.64004378777027,51.587286456118456,N1,5,1580,1584
0.90188246537964,-1.0568192100414422,64.71752552925318,51.729753686115146,N1,5,1581,1585
1.0195602700625614,-0.8917473633064447,64.56674623713334,51.566809578625545,N1,5,1582,1586
0.46623631078246036,-0.8103977929807911,37.192970652326764,29.63700391713064,N1,5,1583,1587
0.2787859736794417,-0.8078372326178738,27.02427896804729,21.65793493262463,N1,5,1584,1588
-0.42665266470767166,-0.9450642117857455,-0.29767256278864807,-0.21580705161759398,N1,5,1585,1589
-0.5139907362985696,-1.068634467748609,4.853022395270818,-4.03150844824413,N1,5,1586,1590
-0.6354589249779565,-1.1004383597361993,4.724684305209666,-4.229021888280113,N1,5,1587,1591
-0.5549117450749919,-0.9607873922526892,4.580514050849888,-4.384851975327183,N1,5,1588,1592
-0.23241216014469046,-0.7536700139825484,-6.492340093615349,-12.143351583833283,N1,5,1589,1593
0.920056236167784,-0.4478643140422832,60.27183127306635,40.571695525785614,N1,5,1590,1594
0.959118659437172,-0.23178518516835994,54.9257919872005,44.1762471548238,N1,5,1591,1595
0.9947006098859902,-0.1784350513906247,55.221120391364096,44.554208716523135,N1,5,1592,1596
1.3566465252942634,-0.13528111339857105,83.01175458807556,66.9345535844448,N1,5,1593,1597
0.8974265894929203,-0.01680964751828924,94.55881697300065,75.20558599256765,N1,5,1594,1598
0.03317838641301023,0.12108707037594968,55.21635579461581,44.472048327876834,N1,5,1595,1599
-0.19557884751257007,0.5011362604734018,55.46279192058864,44.7384771453726,N1,5,1596,1600
-0.15792167580643762,0.9107265441690402,55.20716769809078,44.46218063037522,N1,5,1597,1601
-0.5210800549656597,1.129601397349802,27.431536637483806,22.098048692986776,N1,5,1598,1602
-0.24405907986374586,1.2530756496038067,27.39933859907469,22.004538565973053,N1,5,1599,1603
-0.6252957612858608,1.2716839371410174,-0.2137018116642139,-0.18377790837257635,N1,5,1600,1604
-0.43560095062966864,1.0860541150082668,-0.3552527469699271,-0.3367627399828052,N1,5,1601,1605
-0.027006521746875477,0.992832045892601,-0.241209343256196,-0.2134411331397132,N1,5,1602,1606
0.8488695245360531,0.9889302625549703,107.23673148062372,37.34393285974802,N1,5,1603,1607
0.48624048021797533,0.9772420668098107,107.23081059612305,37.39622805670515,N1,5,1604,1608
0.718272340649105,0.9361095636507002,101.33807200530865,32.940938422238105,N1,5,1605,1609
0.6507331640719031,0.9084517678874476,111.26089420707285,40.6542241255127,N1,5,1606,1610
0.5005472639394156,0.7365756959055944,140.52630568697788,71.32186207699269,N1,5,1607,1611
0.04306347012395691,0.5860438666875893,60.81328552705818,56.117049986596975,N1,5,1608,1612
0.1685382011257616,0.513673441995104,60.80420555351302,56.10729967085645,N1,5,1609,1613
0.6619404746154942,0.5592406544092683,94.22929331998748,82.66376830861118,N1,5,1610,1614
0.9180010311697515,0.5825274223745055,72.83343926323869,66.75943458490511,N1,5,1611,1615
0.6225511985858929,0.652269753060591,43.6494612659837,36.17982174675126,N1,5,1612,1616
0.14335930800264124,0.5623198755617181,15.855083063400524,13.795475833004456,N1,5,1613,1617
0.1801934623375246,0.4228102351681173,15.964255487405172,13.91342545748339,N1,5,1614,1618
-0.19748405277741768,0.13322181879577782,-11.88485005961993,-8.58887582710886,N1,5,1615,1619
-0.16711416475036459,-0.16355604146714314,-0.22947655917378143,-0.20076370626920834,N1,5,1616,1620
-0.03529438698385547,-0.43206740031930624,-0.2638320741141797,-0.23792770705767907,N1,5,1617,1621
0.02125294654335903,-0.5197766896912072,-0.7937729391531321,-0.8107603126278263,N1,5,1618,1622
0.012454430192997279,-0.5957343426225634,-0.27388088285078993,-0.2487698825018015,N1,5,1619,1623
-0.0492183744312797,-0.6208862309179721,-0.06436661590269069,0.03640608194546076,N1,5,1620,1624
-0.07800036934693252,-0.5230740409006671,9.292464151732565,7.137964619490958,N1,5,1621,1625
0.03481985848013665,-0.4565638150162613,9.248541793199546,7.031732680802816,N1,5,1622,1626
0.9641134248342041,-0.3332221020518659,58.957695547789626,52.53220040228625,N1,5,1623,1627
1.115379335700186,-0.171922508885541,58.23584733472963,51.75190019579895,N1,5,1624,1628
1.408696048579077,0.09809084153466756,85.91481667111657,74.01153650689521,N1,5,1625,1629
1.1185850712616912,0.26539286345517893,76.61844359189999,66.97535941349634,N1,5,1626,1630
0.9364940754999225,0.4446152957345248,76.63035432464385,66.98822336863523,N1,5,1627,1631
1.1986530717404094,0.438369998663552,27.409177659486886,22.015202330681497,N1,5,1628,1632
0.9893989327074223,0.3761816250096672,27.487509185071396,22.099935022645514,N1,5,1629,1633
0.7447768526666095,0.18871581470667706,-0.19398425194522134,-0.16240050775377313,N1,5,1630,1634
0.8164279806846935,0.047447169681174725,-0.32989389612484954,-0.309275957387581,N1,5,1631,1635
0.9809707705431038,-0.10436202048326777,-0.2709317968139658,-0.1868312462247559,N1,5,1632,1636
-0.03617445779757418,-0.15615869988977238,4.816707822663011,-0.058409289149858525,N1,5,1633,1637
-0.006865925056490596,-0.10962783896216025,4.774671376807964,-0.10384712535451399,N1,5,1634,1638
-0.0359804037660524,-0.02327512112030945,4.843804079722031,-0.029137448087567464,N1,5,1635,1639
-0.16675334085537089,0.032807837982591084,14.334102066406922,7.216650478669908,N1,5,1636,1640
-0.4402035109211056,0.09555128762591494,14.217217646258359,7.031562237779144,N1,5,1637,1641
-0.16160908609895158,0.4570073581702559,36.91481707818311,29.27765366568492,N1,5,1638,1642
0.0869305332427757,0.7131140145999325,36.90691176932305,29.26912638308131,N1,5,1639,1643
0.9107896308580848,1.0709575769319257,85.90207424885448,72.19586447356414,N1,5,1640,1644
1.0483969556592228,1.4229006128790729,76.56225795907812,65.11271447313047,N1,5,1641,1645
1.2764041162824469,1.7819841579109608,81.52379010358564,61.15131246608799,N1,5,1642,1646
0.8386274472190053,1.7472056557088649,53.695288085188075,38.730082249773844,N1,5,1643,1647
0.7288644977477133,1.71589237577831,53.850254249610586,38.89751390296733,N1,5,1644,1648
-0.014706745380817666,1.572731645117574,4.672566226034542,-4.226530203460425,N1,5,1645,1649
0.12631889988538206,1.439206978258369,4.64428491229919,-4.257121569394076,N1,5,1646,1650
0.053985295376082834,1.2935745282844209,-0.20044159465323902,-0.1106899290549336,N1,5,1647,1651
0.18619444540267976,1.1458599113507149,-5.650199513651023,-4.08722771115863,N1,5,1648,1652
0.008858401761654023,0.9947439341737436,-5.6261623240119665,-4.061196740527521,N1,5,1649,1653
-0.1351229185850798,0.8111655818900658,-5.597633364645299,-4.030332041966903,N1,5,1650,1654
-0.30369830362067207,0.6409726144292222,-5.670572608547809,-4.109171255200636,N1,5,1651,1655
-0.36582949000253395,0.4648144158894752,3.72880934166169,3.038371741163428,N1,5,1652,1656
-0.07552422835617563,0.47374968271150236,30.5142259710512,24.009740647199216,N1,5,1653,1657
0.17139349082694935,0.6597841649914017,30.2914849714085,23.710257395266673,N1,5,1654,1658
0.6536395046086454,0.8669288697090849,61.00104461106675,43.311297295476834,N1,5,1655,1659
1.287121728701345,1.0364166462902573,90.39456825747621,74.15177471308562,N1,5,1656,1660
1.5358810975420965,1.192530714988726,80.79707229233318,66.79014891799162,N1,5,1657,1661
1.133073301157492,1.2649966016763585,59.70967539490812,50.063625997529016,N1,5,1658,1662
1.1374759109627575,1.1353149121212085,59.678966314955325,50.03038427345746,N1,5,1659,1663
0.8189382417018123,1.0187428149161462,29.237586079598987,30.719189127821302,N1,5,1660,1664
0.16055302533191024,0.9064031871781936,-0.22439451546524652,-0.19535746935580392,N1,5,1661,1665
0.11027477105585604,0.7733982645359617,-0.20644696297240445,-0.17600665819772984,N1,5,1662,1666
0.40535504394504185,0.517508654735866,4.671883975897799,-4.286122635766515,N1,5,1663,1667
0.5950679011532657,0.30546715896189197,9.87862102619838,-7.982466270003352,N1,5,1664,1668
0.21016783308994036,0.032402937073794644,9.561514137839549,-8.325173290551174,N1,5,1665,1669
0.3542263124423698,-0.20399617430456374,9.738830526173114,-8.133413147398096,N1,5,1666,1670
-0.10459803497385564,-0.4744513223567992,19.186701899467153,-0.9852139702634304,N1,5,1667,1671
0.4618973543700804,-0.688974167910078,126.36795427522739,53.32042151589267,N1,5,1668,1672
0.12418313314822171,-0.5340989382936584,121.31190104757843,57.17960675225186,N1,5,1669,1673
1.3958920538011852,-0.21382117581277385,189.1505905649072,103.05223039607226,N1,5,1670,1674
1.1932038441321082,0.08465092419758094,188.7756991716422,102.6469496346137,N1,5,1671,1675
1.34590663493384,0.45752770429135126,179.3809233043372,95.55617623543658,N1,5,1672,1676
0.7746490702869095,0.8043482953235639,96.71860119373596,76.20513751771213,N1,5,1673,1677
0.9314123907431849,0.7798748131739955,96.82837952865812,76.38264033474407,N1,5,1674,1678
-0.3416717781728266,0.6665353624843305,29.062551014687052,30.588733715178385,N1,5,1675,1679
-0.17832823163764716,0.6478343817109817,29.158659966438428,30.692649102442374,N1,5,1676,1680
0.03168279215615257,0.637262718128494,17.642880478469305,22.45534444311779,N1,5,1677,1681
-0.15214060639470972,0.638569331615679,-11.73808112985862,-8.371504568340606,N1,5,1678,1682
-0.15980417231230604,0.6134740824989763,-11.950271542317932,-8.600941622137906,N1,5,1679,1683
0.06625298736059904,0.5961882385275998,-11.798312916056602,-8.495410741395608,N1,5,1680,1684
0.0869505659900824,0.4577621459503064,-11.729092497454257,-8.420611721466411,N1,5,1681,1685
0.3905106248208085,0.30743087118868856,-0.22105279430397787,-0.1917086738627404,N1,5,1682,1686
0.8234466109584673,0.34978295249766234,30.15114230135805,19.003033614245943,N1,5,1683,1687
0.8772462740551873,0.42372344411539303,30.62565783748869,19.51601296228182,N1,5,1684,1688
0.8239117585704434,0.578027346330839,61.11928210945625,44.19894065842527,N1,5,1685,1689
0.6711525369485344,0.8496511514434701,61.187780664517774,44.27299607581226,N1,5,1686,1690
0.14593503917753878,1.1290689529556857,61.197889545434734,44.283923805430824,N1,5,1687,1691
-0.3734912231111366,1.2941125101965327,35.677811843995,24.904276142115123,N1,5,1688,1692
-0.2492057637124617,1.532899796594745,64.57636466656986,55.20969751936791,N1,5,1689,1693
0.00794566971360382,1.7686386793320026,39.03566600525228,26.556071521836564,N1,5,1690,1694
0.3809399982780633,1.991219335865401,39.00020317285962,26.51776273061987,N1,5,1691,1695
0.6811733048064752,2.1816122059565712,39.1029989323084,26.628860449114292,N1,5,1692,1696
0.6974256775769618,2.249230176203338,34.09397715422674,26.644135394273327,N1,5,1693,1697
0.44947387140887257,2.196760748549815,4.838555151046603,-4.047071793912619,N1,5,1694,1698
0.26469177753713213,2.0145252443820025,4.663331142946845,-4.2364905231603185,N1,5,1695,1699
0.053812727643116884,1.691096634157094,9.704544271834312,-4.15825504270615,N1,5,1696,1700
0.10524198453069858,1.3897800556053084,9.710139855821035,-4.1521576546641885,N1,5,1697,1701
0.6004732410925271,1.3355229124928372,40.36506842139643,15.389836982892302,N1,5,1698,1702
0.7974954133254869,1.4478127627591733,40.289248414809116,15.307934137515257,N1,5,1699,1703
1.3121096633696196,1.5456658220669568,69.07256422185455,46.85246714647947,N1,5,1700,1704
1.3511581448539118,1.751950887305003,64.0588388293836,46.80390558832587,N1,5,1701,1705
1.3233977491738642,1.915830903670559,69.03501462200366,42.79954866531334,N1,5,1702,1706
0.9158072936233793,1.8065006762058828,38.3706886068976,23.24739076753758,N1,5,1703,1707
0.9192968306997272,1.4785081279090377,38.26309104930842,23.130974418320694,N1,5,1704,1708
0.5586872391718998,1.1485631831830516,4.739070767496014,-4.154719140351517,N1,5,1705,1709
0.912617966393077,0.7634191755702716,34.041776394861515,26.58767665896885,N1,5,1706,1710
0.5069857254413819,0.48672902300769466,28.98326233388507,30.50302944379655,N1,5,1707,1711
0.27702999879747947,0.19555994619740885,29.012633703413304,30.53480566881626,N1,5,1708,1712
0.250887555195186,0.04796017257186236,29.079195886242086,30.606813954465906,N1,5,1709,1713
0.3601199822919625,-0.09860258042668875,29.023690512025496,30.54678052171075,N1,5,1710,1714
0.21821822399319898,-0.2316230923859166,4.79660393234226,-0.08012152184965089,N1,5,1711,1715
0.5127677456486935,-0.46206666334186935,4.717299629483023,-0.16585334463743492,N1,5,1712,1716
1.0566934886011041,-0.568865161651496,32.39049280046893,22.087515491305385,N1,5,1713,1717
0.8346309736140256,-0.8453445273874536,32.60866707393725,22.323336749545707,N1,5,1714,1718
1.1315985151946735,-1.0222652782705381,63.085116169010874,44.36099563864555,N1,5,1715,1719
1.0978542165493081,-1.184390683904337,67.68833382900338,51.695130038361825,N1,5,1716,1720
0.8197824529246418,-1.249882367618568,67.67615912707406,51.68195628233807,N1,5,1717,1721
0.333015264038454,-1.3985886216077972,40.080579640250654,29.51243667700619,N1,5,1718,1722
0.07749765586418107,-1.4651894942543096,39.92327498138184,29.342421173359618,N1,5,1719,1723
-0.6062231440938831,-1.4583186984105851,-2.521020520228194,-1.4211157319659833,N1,5,1720,1724
-0.920827716567078,-1.3789450589655927,-11.950355626360396,-8.601034964449354,N1,5,1721,1725
-0.8549257094161249,-1.364683482299523,-12.00565128227463,-8.660766528747626,N1,5,1722,1726
-0.48505289902918775,-1.3322628191490822,17.384247459232576,22.17581186931784,N1,5,1723,1727
-0.21760002233500017,-1.283307849525005,17.456962209838093,22.254397426046488,N1,5,1724,1728
-0.23721645815153353,-1.3709482810643352,29.271216885867762,30.814314853725953,N1,5,1725,1729
0.04327804551185181,-1.5081619581509187,29.126086237610433,30.657461421935295,N1,5,1726,1730
0.2979915041717277,-1.6434917956888626,29.333601683416056,30.881764957960694,N1,5,1727,1731
0.23547320512111583,-1.4125489452563955,27.434669145112274,19.413178510907166,N1,5,1728,1732
0.033171034557949494,-1.1533395332227543,27.533672393072628,19.46146278615197,N1,5,1729,1733
0.4997789847077911,-0.7822807443657098,55.22251444128633,41.73178153584595,N1,5,1730,1734
0.21237299531528606,-0.44550683613308595,64.60853829246189,48.86484987960576,N1,5,1731,1735
0.09576844736909607,-0.0959766532751587,64.51984916386718,48.768936384296104,N1,5,1732,1736
0.38385243882660236,0.0036107325951775238,144.4322966556152,66.877722404401,N1,5,1733,1737
0.5524635790204684,0.09276687911673775,144.3100923636317,66.80437058865209,N1,5,1734,1738
0.05750921125397781,0.070114036582072,116.68109905708698,44.598720942778165,N1,5,1735,1739
0.12446774764432575,0.05311524069068128,107.33360029692412,37.44853024152835,N1,5,1736,1740
0.024773583717251312,0.013406300991374565,107.06092467674462,37.153799902589526,N1,5,1737,1741
-0.39086203180634127,-0.11634412601551958,-0.13497360309993384,-0.09861530261550797,N1,5,1738,1742
-0.0782748358205481,-0.2557150876973765,22.74748748312995,25.861084206304803,N1,5,1739,1743
-0.08153438679864848,-0.2835001861843011,22.777859747907495,25.89389010784216,N1,5,1740,1744
0.05070969177954794,-0.3334813421610079,27.41164875360264,25.590528811799594,N1,5,1741,1745
0.508038221255174,-0.36354862035034896,27.858170042265556,26.07317844931531,N1,5,1742,1746
0.998350142150025,-0.2930890005115657,58.385298783978214,45.476951394909705,N1,5,1743,1747
0.708717041750333,-0.01635207999802333,35.40526651502878,19.41181300894532,N1,5,1744,1748
1.1593322706874687,0.15710736099036354,63.05907243369147,41.64427350327314,N1,5,1745,1749
0.8856491494817191,0.3405069477471841,67.83382392355125,49.16379086369852,N1,5,1746,1750
0.6848091987197449,0.5227652640815563,67.70631394353113,49.02596148967423,N1,5,1747,1751
3.1089719391014112,0.549668151683943,36.81190173329378,29.225182157556993,N1,5,1748,1752
3.02684656545955,0.3527316206441469,37.053722826615555,29.48654260463809,N1,5,1749,1753
3.5496077074617913,0.14734122570615682,63.985887280869065,41.331377465021795,N1,5,1750,1754
3.6120653716182916,-0.06990668060900021,54.45268904720433,34.03922319861158,N1,5,1751,1755
3.320405777857195,-0.2971647341430014,54.423487282262066,33.948876934687725,N1,5,1752,1756
0.3078185457098698,-0.5117174943315831,54.43328929546406,33.959461913137055,N1,5,1753,1757
0.4808113399799822,-0.7120940278598425,54.24821563755104,33.759425377991285,N1,5,1754,1758
-0.3968628455315638,-0.9047450014881975,-0.32292992135917303,-0.30185531312745295,N1,5,1755,1759
0.1705336112562918,-1.0867283078251944,29.060427968212753,30.527616461414436,N1,5,1756,1760
0.1522664878357091,-1.2502221425004165,29.11424143507029,30.64454603271588,N1,5,1757,1761
0.563736204614861,-1.2510597522888645,56.81179644294607,52.924291487289885,N1,5,1758,1762
0.5485426029352993,-1.1532266160078108,56.86635264622164,52.983260440679445,N1,5,1759,1763
1.0406094968825301,-1.0392187507808728,84.51015618547972,75.20492028480366,N1,5,1760,1764
0.6822658169520309,-0.9146747343151617,55.02115018451586,44.20253697582375,N1,5,1761,1765
0.9221452775567286,-0.7699749949823286,55.08515022674692,44.271724833085315,N1,5,1762,1766
0.2663802746750662,-0.7507917686193707,27.570103112148352,22.18926619408012,N1,5,1763,1767
0.275966732253255,-0.7117767040020737,27.512782076271833,22.06856153709814,N1,5,1764,1768
-0.3752936175011655,-0.6651470104161887,4.8159647738095375,3.5179521049096367,N1,5,1765,1769
-0.5023725337920268,-0.6202851694529329,4.880864126933739,3.646803102522972,N1,5,1766,1770
-0.5183882158176857,-0.5751562034364156,4.821359219722217,3.5824845810057013,N1,5,1767,1771
