M1_log1p,M4_identity,M5_log1p,M6_log1p,dataset_id,window_seconds,window_start_index,window_end_index
-0.008340473303106638,-0.0903646947782343,35.402101544491394,32.96693671495661,N2,8,0,7
0.24259310170830437,-0.06282746793618019,34.958188717506886,32.48710204275747,N2,8,1,8
0.14431894305150217,0.027711101897844877,35.461539206576504,33.06789089697035,N2,8,2,9
0.12770878867151259,0.11614296965499063,35.41060540360408,33.01285079967769,N2,8,3,10
0.1942099643375657,0.20425285632115572,35.36409075158265,32.962579218902725,N2,8,4,11
0.1026057799512392,0.22720688415907853,21.358105005379844,16.745640797571184,N2,8,5,12
0.16969671392012078,0.24949994602334424,21.110285126053803,16.47776182623043,N2,8,6,13
0.8788927086921345,0.32976890281532933,25.193523322106486,14.057009030616243,N2,8,7,14
1.1883585138967387,0.42222705777956493,25.463178524880355,14.348479022496768,N2,8,8,15
1.0957522803825848,0.5226052553921752,25.928617130258978,14.851619164553838,N2,8,9,16
1.6760135229649158,0.6224731511588742,60.86463124609065,35.80165504569856,N2,8,10,17
1.691526548827281,0.7240089608910847,60.844314714679356,35.74300405632285,N2,8,11,18
2.026552979942385,0.8827429301759783,76.19845714620881,48.02281320740833,N2,8,12,19
2.0117967274034156,1.0975683454120173,73.00491243824361,50.4353406081289,N2,8,13,20
1.8497968603332,1.3196386173376833,72.9516654172539,50.377747487043614,N2,8,14,21
1.135271711100527,1.4732337548676822,67.09458583849485,51.47640707684553,N2,8,15,22
0.9504718324851309,1.6113022862960644,66.75835914650277,51.112966218058816,N2,8,16,23
0.9504718324851309,1.7307476405838087,66.79143332129047,51.148701119684866,N2,8,17,24
0.3802301031631554,1.7762108891069783,31.479265645052905,29.79211017076264,N2,8,18,25
0.36060608904311175,1.8060156769048734,31.438842125307588,29.78509351568819,N2,8,19,26
-0.07879135936567971,1.7620695277434364,12.471738062891106,14.79635409680256,N2,8,20,27
-0.25447790259648695,1.645238280714853,12.675450869039082,15.016563416101121,N2,8,21,28
0.047869507880266005,1.5074618608849595,32.05690517342602,27.47042729397002,N2,8,22,29
-0.1855409288192873,1.359188759679674,15.537173072558659,9.600838413415417,N2,8,23,30
-0.1539959265910149,1.2165992510866837,15.547355118864871,9.611832604004306,N2,8,24,31
-0.20805795008134464,1.0736445371623184,21.463659591003093,14.124047801457976,N2,8,25,32
-0.25412342144447275,0.910614966190801,21.451035820964748,14.11036479605751,N2,8,26,33
-0.09775161052798742,0.8815358490606262,38.812344597956624,28.08963318708568,N2,8,27,34
-0.07163478063991713,0.9049755759131131,45.55792024158656,28.320224987907878,N2,8,28,35
0.13022209749475744,0.9164577624456984,45.39839565483197,28.14776319404197,N2,8,29,36
-0.006207674389677065,0.9192252047821854,26.111686467698405,15.796308946872088,N2,8,30,37
-0.1692675549935283,0.9272079583171897,29.283059238535486,13.359772578899296,N2,8,31,38
0.17171849661437188,0.8978875152495642,47.52345391191341,32.494006265375816,N2,8,32,39
0.24826701109396887,0.8787369196142953,41.62042888310941,27.99609699959194,N2,8,33,40
0.34234157360613193,0.8670996675300073,41.60893509940655,27.983656702508753,N2,8,34,41
0.2814541439377476,0.6882025493857724,24.227766690252423,13.982925714392678,N2,8,35,42
0.3166199114884072,0.475131458977025,21.18142184784736,16.554522507791816,N2,8,36,43
0.408586025739035,0.265521580653552,38.43198986446805,30.414104385798183,N2,8,37,44
0.38580375499138975,0.11980818962160455,38.548194606374665,30.53975479270285,N2,8,38,45
0.4130850432029376,0.03620317918454807,35.368148038854685,32.93021966243792,N2,8,39,46
0.10357439118778178,0.0949050457320535,17.09932478268695,13.765237888520517,N2,8,40,47
0.08357704556935674,0.14353980235853125,22.959647784735836,18.21704530158769,N2,8,41,48
0.437382040070466,0.3307396237023097,42.22107351376965,30.541162303262382,N2,8,42,49
0.24213506040104527,0.5499222229413565,42.140475524197484,30.417354589466584,N2,8,43,50
0.22872318108431822,0.7466311138388759,42.20122206069584,30.482999388422428,N2,8,44,51
0.12394880267490471,0.9534654241200959,24.983990722510924,16.659479767603926,N2,8,45,52
0.05052337579325705,1.1068840908827395,24.92379274832146,16.594415365453642,N2,8,46,53
-0.06656398409413677,1.1905561760113743,24.767126472732457,16.46173924621698,N2,8,47,54
0.060476808544769334,1.2181144694980066,43.258991293296305,35.86778165604329,N2,8,48,55
0.7577454028345869,1.2406630772848137,103.58397180257376,52.15147023549298,N2,8,49,56
0.3778587605541057,1.1283786140604475,84.3384784493903,39.80785841536306,N2,8,50,57
0.4494270372651963,1.0117623596635914,84.4798528580418,39.99737310156206,N2,8,51,58
0.7602796985992368,0.8939558774670466,101.64317381039265,53.762614170520294,N2,8,52,59
0.6113683607376479,0.7712459456497651,101.63671621450462,53.75564667650204,N2,8,53,60
0.6088061494314081,0.6436257175522604,101.64919865101493,53.73243843908034,N2,8,54,61
0.8140695491261623,0.495339600170146,101.73461453618356,53.82479006999293,N2,8,55,62
0.4478773831193421,0.27712095039660767,89.29670801903899,39.0798703972568,N2,8,56,63
0.10889498161301026,0.31618783895956604,42.15773843307761,32.11634540460639,N2,8,57,64
0.05693832209209981,0.34743764809952804,42.227149683713435,32.22810377711633,N2,8,58,65
-0.11641751147311652,0.3709618296253705,42.155648068554115,32.15081489075931,N2,8,59,66
-0.4360646039711451,0.385862417811925,24.85927759370935,18.241796286087663,N2,8,60,67
-0.33933046445543,0.3922454982622501,24.92182881118333,18.30939706321152,N2,8,61,68
-0.3422683602164187,0.40835057185259327,21.466950518956992,15.808066808304318,N2,8,62,69
-0.3426086018200247,0.422214681125876,21.540221712528478,15.887277194989764,N2,8,63,70
-0.0984437177169224,0.45586052013460066,18.69167265626089,8.787080067831056,N2,8,64,71
-0.386286867169495,0.2287991839181558,17.80771478198284,14.065018560472339,N2,8,65,72
-0.34787245680974443,-0.014624163714476168,17.682432584689593,13.929639254466366,N2,8,66,73
0.1931778524549581,-0.16873840593829925,37.012874907776904,28.008658245582552,N2,8,67,74
0.38513340725479894,-0.27863842594842136,40.08532334142711,25.465261922645254,N2,8,68,75
0.49101211674894474,-0.3237459491302763,40.030461942534885,25.369227055343202,N2,8,69,76
0.46637200456776773,-0.3677328020585602,43.44945907126231,27.868500158640586,N2,8,70,77
0.27696072934059135,-0.32801397608390737,43.46128569231587,27.881257272185195,N2,8,71,78
0.3840463925091999,-0.18512603589905474,61.19112021048119,47.35529343524158,N2,8,72,79
0.23900193900982147,-0.03326637607325189,42.96460938077411,28.236069544632755,N2,8,73,80
0.2691690330219858,0.14525861484210356,43.128155824760654,28.412829697514155,N2,8,74,81
-0.10357827138425879,0.2360058573144821,23.83639685351983,14.375598273239575,N2,8,75,82
-0.19637170796354164,0.30332450816079426,20.789940448908055,16.947062801197546,N2,8,76,83
-0.20129296652516437,0.3167875988069184,20.652883318608076,16.8356038779051,N2,8,77,84
-0.09940260318245864,0.32202032760622146,20.788848558322286,16.9825029758822,N2,8,78,85
0.06584069461283049,0.32046993542225266,20.74097400035663,16.93078655443668,N2,8,79,86
-0.15056432451207602,0.20584079227528385,-0.15141373524755863,-0.05780574272444028,N2,8,80,87
0.2612482562073546,0.0888892020395442,14.122955809481653,16.137661933980212,N2,8,81,88
0.5422016615967129,-0.012321428985989868,31.367713197136993,29.99088479102113,N2,8,82,89
0.5320033920563398,-0.10000580705067286,31.415079540853014,30.04212465837543,N2,8,83,90
0.49962127255571787,-0.19308125232007267,31.3998912285291,30.025689999593,N2,8,84,91
0.28508509445437413,-0.2796321320493975,31.497099719430196,30.130835327180137,N2,8,85,92
0.03608422688024149,-0.30200340383166147,31.39390780798618,30.019332145143835,N2,8,86,93
0.1599024773271096,-0.3149792907028939,52.36956558577339,47.097937471013836,N2,8,87,94
0.1957476757157468,-0.21023138195755298,52.41626348221695,47.14843062636447,N2,8,88,95
-0.32143683080780683,-0.10105323309532466,38.05437617878522,30.858350215525775,N2,8,89,96
-0.007888057040922547,0.0002727378092783894,56.05666822291829,38.29133146429774,N2,8,90,97
-0.013431435408919778,0.0938057054561181,55.974078647195995,38.20205477419859,N2,8,91,98
0.013220952273654163,0.1904215884420113,55.93859570584442,38.163690127660345,N2,8,92,99
0.2114759632983767,0.29852093700676896,59.16252469909756,35.78396230101913,N2,8,93,100
0.3142358272114727,0.3471595683910884,59.17628575784852,35.79885924696282,N2,8,94,101
0.012267792955200196,0.3218611992016367,38.17165273617593,18.68893102724462,N2,8,95,102
0.0288656682888071,0.19761163423672556,38.14974352236021,18.665217290505723,N2,8,96,103
0.36482291553281954,0.11491990046116385,55.47921471574915,32.61010429981451,N2,8,97,104
-0.035387101036788327,0.042909745486180206,38.51433045125896,30.503222369609205,N2,8,98,105
-0.10278970555156697,0.04206896065344079,38.56816291279927,30.56141886123561,N2,8,99,106
-0.06933149025956498,0.029354789222090893,35.0915639521819,27.99992071498457,N2,8,100,107
-0.18502445794219824,0.0048323496952829,31.93285720031514,30.450136112769485,N2,8,101,108
0.18676052733825532,0.05330030363950744,51.09367656630718,42.665463735354024,N2,8,102,109
0.2538000035535979,0.1818438526736914,51.14953121267962,42.725808370154766,N2,8,103,110
0.24186736088820027,0.29662004852362145,51.176816826667846,42.75531967210782,N2,8,104,111
-0.05873477303585517,0.3741482724749243,39.886134753780425,33.39038770920246,N2,8,105,112
-0.39545919817771,0.4361027160883584,24.5220079880703,11.500736222304226,N2,8,106,113
-0.36252611520813716,0.44417026286779215,24.57934950404956,11.562723083964556,N2,8,107,114
-0.3988639998607386,0.45910500911377117,27.96724786526954,14.028368833592822,N2,8,108,115
-0.34586017219833387,0.48567083792669763,28.043448893513528,14.110709627741016,N2,8,109,116
-0.5388431105057254,0.44229059150525707,8.852140351245794,1.862424294563482,N2,8,110,117
-0.5384430802150528,0.3271466322313952,8.773561666834098,1.7774942220470393,N2,8,111,118
-0.051254807705271244,0.21272315220212512,27.969906709080874,14.031234412541721,N2,8,112,119
0.13492009100893387,0.09545657801092577,21.962470965862053,9.485182244938528,N2,8,113,120
0.9730264446218135,-0.01941486916770696,88.40970754965576,44.9179462624823,N2,8,114,121
1.085207793034026,-0.13936085721626146,88.37421977014617,44.879593083208306,N2,8,115,122
1.090240719375497,-0.1866309467021372,88.46864758677782,44.98168941811042,N2,8,116,123
1.3721255594506276,-0.17148752781780452,107.47029743149676,57.02503118775843,N2,8,117,124
1.333167627472018,-0.14247112157425956,107.59208623612983,57.156680449355804,N2,8,118,125
1.3275496978282,-0.09225407184487988,107.6117483772133,57.17792267108081,N2,8,119,126
0.8496144584827117,-0.03538628242200037,88.47000575491882,44.98320549329958,N2,8,120,127
0.7776871027469148,0.03608934406580655,94.39759593988367,49.507714549725506,N2,8,121,128
0.17306839992173018,0.12161830343802205,28.046321745024215,16.686340053940853,N2,8,122,129
0.0849631163349498,0.22010516779556255,27.992821160049743,16.62847594876797,N2,8,123,130
0.14744063569501176,0.2656299986351165,28.029481525218557,16.66808123147797,N2,8,124,131
-0.1431697484030625,0.25294829240782235,11.982440703689917,1.9539369297745566,N2,8,125,132
-0.2284951878830057,0.23924812677217133,11.866821066519378,1.8289697441936141,N2,8,126,133
0.29051465705185997,0.23539665509607666,29.264970892115343,15.848060887608312,N2,8,127,134
1.1879235672404587,0.273280802041973,29.136205771509594,15.708889632587955,N2,8,128,135
1.2929691411792321,0.34365550825550084,23.328668879306974,11.314185344399561,N2,8,129,136
1.3927199720360743,0.5631674619111315,38.44854915723704,30.432215161410795,N2,8,130,137
1.551919760751507,0.8101830486345145,38.439706338465385,30.422660062495538,N2,8,131,138
1.595022827407929,1.123820394077745,57.734003530954055,42.73006836340136,N2,8,132,139
1.6827186785277224,1.5116034879711178,54.6295811391343,45.23893724636616,N2,8,133,140
1.6452064693086594,1.911949261549914,54.64901884549283,45.259893254384,N2,8,134,141
1.2233912489884338,2.3337798526023095,37.21153306803717,31.198305061052906,N2,8,135,142
0.3590594278177326,2.707093697856875,43.31601526011809,35.91394629824322,N2,8,136,143
0.27150347460123125,3.065263748037026,43.180363048689514,35.76728593004253,N2,8,137,144
-0.09356602825275662,3.2575702368837085,24.864505117014573,16.551476227255478,N2,8,138,145
-0.08037249317819928,3.4325727343494714,24.94321705066443,16.63657379619133,N2,8,139,146
-0.2727442914140772,3.5308741369967027,5.63683579234646,4.3161031620217045,N2,8,140,147
-0.32572110324423775,3.532932461029066,5.687588123014507,4.370956818600348,N2,8,141,148
0.15502342914973433,3.5119334930460653,24.89304723748762,13.017150954764134,N2,8,142,149
0.2885589249733487,3.4569252864353555,24.867671545792746,12.989736405295389,N2,8,143,150
0.26577045293415047,3.394327858734174,18.850074371905976,8.367999698595668,N2,8,144,151
0.34287072652191597,3.2896588370489788,11.63259487541984,3.198014985494524,N2,8,145,152
0.412857384953921,3.1761364827415637,11.660409505984944,3.2280786800683927,N2,8,146,153
0.7642747380579467,3.034017249369784,42.43215267259518,30.21914307591669,N2,8,147,154
0.8539283539205273,2.875804416205156,42.43817059479295,30.225638146090432,N2,8,148,155
0.9264186237388587,2.7100786532986376,42.37774233715402,30.16031789666141,N2,8,149,156
0.4409628199535902,2.5003276660754956,23.113293582613437,21.450373556307568,N2,8,150,157
0.4015586723993989,2.2599266295597467,29.203579651393284,26.150680340252393,N2,8,151,158
0.45758223069910464,1.9980380293828013,29.157499713168818,26.100839136889363,N2,8,152,159
0.3481326606096795,1.714730633091607,36.42776870602904,31.327895187667934,N2,8,153,160
0.35924763491799716,1.4727716053522375,36.46784395079885,31.37121894253113,N2,8,154,161
-0.11157418980963829,1.2377404941586096,8.803822699653324,1.8748493766597676,N2,8,155,162
-0.07011472428481369,0.9771700264091532,8.765081708017192,1.8329593340125712,N2,8,156,163
0.15408560997062004,0.7006372492053821,26.022366113659245,15.699764784513718,N2,8,157,164
0.2996884599883831,0.5325558968638902,26.20501619079971,15.897183027224969,N2,8,158,165
0.1819292106953787,0.3603107598404236,20.22953243161919,11.320975588746819,N2,8,159,166
0.19143721959239368,0.22140264738756343,20.26022662359526,11.354161838629693,N2,8,160,167
0.14441073158198403,0.2272443150722161,23.332567320650014,8.810640221414246,N2,8,161,168
0.6053214845832926,0.32558875386480146,40.509654810480356,22.590767495519458,N2,8,162,169
0.4957540248252563,0.42052833384636124,37.47224529035873,25.172041583839814,N2,8,163,170
0.6686127946204516,0.5539501277658019,55.797848253379016,44.39837882166,N2,8,164,171
0.3509768269293847,0.7127193460613572,38.63714702370248,30.599276657456244,N2,8,165,172
0.20851777458588394,0.8087218887379439,38.50219042369292,30.453425531951098,N2,8,166,173
0.10084577494030622,0.9319912152068053,44.40796749945525,34.95429849675804,N2,8,167,174
0.04472903856842603,1.0490121748936225,44.3508990084531,34.89260038675661,N2,8,168,175
0.20021813465612937,1.052390926112972,41.33613613556622,37.42486174642215,N2,8,169,176
0.15769912127704888,1.000871844891602,58.286012310596334,44.95465447835102,N2,8,170,177
0.349875291316879,1.0127503100563153,58.13298570722111,44.78925060506867,N2,8,171,178
0.41036724203584374,1.081123797891891,57.22713519765978,39.60534305002864,N2,8,172,179
0.3683456769073761,1.202981395840924,57.1870373044876,39.59874348254107,N2,8,173,180
0.46456713709930497,1.308636750301492,57.16097732366211,39.57054502799383,N2,8,174,181
0.6005134763541555,1.4038217190733846,51.24814771845763,35.06204081054807,N2,8,175,182
0.46546149823990834,1.4860916685292729,51.34041537541407,35.16176982972115,N2,8,176,183
0.6249952486217865,1.6131120991604178,72.14125776730612,45.540409819109755,N2,8,177,184
0.35940342849817597,1.7148735853226782,41.13048594832901,21.73436848488268,N2,8,178,185
0.8212062148387735,1.7321185148607618,107.50822852849853,42.657318814238124,N2,8,179,186
0.6898013907418497,1.6679895044796993,106.4552391408763,46.363886616550076,N2,8,180,187
0.7066422055554193,1.53247349799409,106.46001993745756,46.369019718575714,N2,8,181,188
0.7597967416788656,1.3849078598565683,106.48287288230665,46.39373128610123,N2,8,182,189
0.6494573111023731,1.201729059058735,106.44709394500046,46.355036365101796,N2,8,183,190
0.8318260364339514,1.0691170142902884,106.16867221811344,46.01740135073601,N2,8,184,191
0.4873440564603584,0.8643159737819879,91.51054644366855,40.43689534955695,N2,8,185,192
0.40283123902413465,0.6767354856944721,88.43423365765409,42.976141494606054,N2,8,186,193
0.17511164159577142,0.48410539813945874,39.39094485135604,35.97854548722694,N2,8,187,194
0.2354559308492874,0.35211199796047055,23.11087911006598,18.32328296803587,N2,8,188,195
0.05915464633772416,0.26555938775677035,22.97764615856579,18.179277287135278,N2,8,189,196
0.029098770458842793,0.18061250729806488,22.970441531006145,18.171494799171796,N2,8,190,197
0.19760180449911324,0.11878055117525221,23.08524131563263,18.258884406186553,N2,8,191,198
0.43289182016699446,0.08615384871702858,42.53275103281851,30.82083391141373,N2,8,192,199
0.49957496262379486,0.0961350368233802,36.24404838575174,25.938410737223876,N2,8,193,200
0.5167324001222475,0.0265048484006698,36.17317941748706,25.861806398614817,N2,8,194,201
0.2795656853742621,-0.041367892817071095,18.85053343323648,11.94924218028109,N2,8,195,202
0.09558288008547855,-0.17207897386435533,18.227746553613997,11.27601615644187,N2,8,196,203
0.6481865210523221,-0.35153635189735866,37.22644316204946,31.208298488339324,N2,8,197,204
0.6960913875239978,-0.49290297939156247,40.47148919477172,31.359094739617035,N2,8,198,205
0.6531152323293306,-0.6772466151585661,40.357331303647925,31.27243977083208,N2,8,199,206
0.49742119916594696,-0.8773511105910998,24.196828297689763,16.39634109922622,N2,8,200,207
0.428269921247626,-1.0710842627038595,30.308673901382917,21.119979390430558,N2,8,201,208
0.6887701154876869,-1.156066241697193,47.59418719156838,35.01729995965832,N2,8,202,209
1.0153043592926707,-1.1541163732654027,47.60204025376402,35.025787420709776,N2,8,203,210
0.895077755187204,-1.0515874217173398,48.26095799879022,35.73808583905918,N2,8,204,211
0.5832793244544856,-0.9383275352299698,32.42917364875507,13.364487510433833,N2,8,205,212
0.5299161241789605,-0.8478344843958361,25.801363922477776,10.714240948613678,N2,8,206,213
0.7658773573004112,-0.6160020422294181,43.15091390148905,24.680767427189835,N2,8,207,214
0.6741626681289645,-0.3784675365176895,40.11640150464882,27.304536610145647,N2,8,208,215
0.8008285318944512,-0.10759476480808772,30.628496610052025,20.128043716761,N2,8,209,216
0.45201630681438765,0.07736130841202637,13.39576723842788,6.287788403459103,N2,8,210,217
0.17447440154315963,0.19299973192935838,13.292442195143849,6.176078095141861,N2,8,211,218
0.4104805475253439,0.23074525283012548,13.186942007005882,6.062037364060643,N2,8,212,219
0.3896449727846143,0.2917225427061787,10.24490087861659,8.709667530622937,N2,8,213,220
0.5436205665466005,0.3586351715972427,31.946418457823484,30.38504780723497,N2,8,214,221
0.2806262357495566,0.33544267686648865,14.622238004064911,16.409190303406945,N2,8,215,222
0.3004938139074209,0.3185310517408446,20.468878911452975,20.846153014674883,N2,8,216,223
0.47465448431264257,0.24795666383191772,44.96992926830944,33.954401979483805,N2,8,217,224
0.47424403810143545,0.17603799828481925,44.970274307081354,33.95473199620244,N2,8,218,225
0.40157865716047425,0.12218390522594902,45.12191153092999,34.11864553792941,N2,8,219,226
0.24395463295829956,0.07363089470423745,45.13779991197498,34.13582435643161,N2,8,220,227
0.12309981659149827,0.020515037061819896,45.03822621927975,34.06493584125292,N2,8,221,228
0.20259857001418702,0.08575211532871663,43.99833386912496,27.098816161576565,N2,8,222,229
0.11179750211151429,0.17068139009159466,44.02506437695524,27.1644490840265,N2,8,223,230
0.029711586954633162,0.19483674333661938,38.18818559825627,22.738086246071475,N2,8,224,231
-0.24356080063463637,0.219946227486016,17.07283166283787,12.093096442249248,N2,8,225,232
-0.07095861121291946,0.24522315384080784,16.996293031921596,12.010387208823659,N2,8,226,233
-0.020599816702704388,0.25903361840843075,17.05950073844656,12.078701723030235,N2,8,227,234
-0.0700812520942442,0.26007111303492536,17.05081734964051,12.069305783381651,N2,8,228,235
-0.13424935027394014,0.2580586841925374,17.023990121105044,12.040287134100708,N2,8,229,236
-0.2705762068745514,0.27051057589888217,18.095702311311015,19.08378465959447,N2,8,230,237
-0.10876911138074519,0.3293760851319547,23.990908672029036,23.54086769962339,N2,8,231,238
0.1522084569867186,0.43672933590755036,41.303582104095995,37.467502597497514,N2,8,232,239
0.35286441444700856,0.5255690313323349,41.336179310392254,37.50273798955482,N2,8,233,240
0.202542565300579,0.5988825720835997,41.43838860799815,37.613194416800184,N2,8,234,241
0.03200330493890213,0.7222783360389435,41.31288996652029,37.477537454134676,N2,8,235,242
0.025753901354777398,0.8456499862100451,41.35869878167887,37.52702194557526,N2,8,236,243
0.3374516192616124,1.1467777323883865,58.669178053145515,51.45134854341302,N2,8,237,244
0.21246437683194763,1.2989690413902721,40.28878223179322,32.1658282140279,N2,8,238,245
0.1854680621584368,1.3846818448554465,34.41506300804804,27.73198884272847,N2,8,239,246
-0.02014074443779812,1.4030248356231887,17.118949036540926,13.786462710817887,N2,8,240,247
-0.17541576316003749,1.423109323136437,17.106704148535982,13.773239724309747,N2,8,241,248
0.004753089414762712,1.4449907201942302,17.072061306337673,13.73581077617439,N2,8,242,249
0.17062494520090787,1.4032408063491317,17.111907431838972,13.778859919348406,N2,8,243,250
0.5721676173017816,1.3506244538972751,83.31365900903825,34.491139901392785,N2,8,244,251
0.5058486472835941,1.115961407079645,66.03602038722761,20.60232216204497,N2,8,245,252
0.368048528158905,0.8849920954368251,66.10401903701336,20.675813949103258,N2,8,246,253
0.7471918457925586,0.6569022555368385,97.97599673779519,50.764422527098645,N2,8,247,254
1.344374002718478,0.4199679611005642,97.89657406671881,50.678608027666655,N2,8,248,255
1.614846041975703,0.13732833982350456,98.00233314529737,50.79289889881977,N2,8,249,256
2.1274078521572743,-0.10998571611074937,134.3485039172724,70.71376506684169,N2,8,250,257
2.0067715503884056,-0.4247434684744924,134.26178844000856,70.62007065223736,N2,8,251,258
1.9383416752078393,-0.7549909603118401,85.47081972898582,63.94049329154029,N2,8,252,259
1.701693030225508,-1.1186683580509822,85.375264697391,63.83720718914742,N2,8,253,260
1.8969218147929379,-1.528000146493838,85.35480082369077,63.815050722938054,N2,8,254,261
1.4863269823020904,-1.932870922471114,53.514978516758674,33.76116954471945,N2,8,255,262
0.7589688321388195,-2.357104051480686,56.55229188351018,31.21650392809329,N2,8,256,263
0.45695161563003595,-2.8193344854127496,56.517716952253295,31.179168437755948,N2,8,257,264
-0.11953464798416036,-3.347847241753886,20.15428516799534,11.239628163193174,N2,8,258,265
0.038370277884688164,-3.7737551313884588,20.310210066519176,11.408167967378859,N2,8,259,266
-0.1250248972625716,-4.120209982899379,-0.5629406848120198,-5.170636067669079,N2,8,260,267
0.13006453704341325,-4.3805704613451955,-0.561260170451078,-5.1687975940922115,N2,8,261,268
0.3873355510687908,-4.527277596097127,18.567080356389397,7.011523533287004,N2,8,262,269
0.6555259459019087,-4.578440688644125,36.899098438636656,26.244729463283534,N2,8,263,270
0.8134702101885463,-4.615531112136511,33.910004011052706,28.87825485962867,N2,8,264,271
0.7397411706656367,-4.551621683906172,39.78359342930753,33.34432448911207,N2,8,265,272
0.6693829715542456,-4.438193866166301,39.82904453381684,33.39346527509838,N2,8,266,273
0.9907964844377055,-4.137601363236291,57.078478027799065,47.25180343942634,N2,8,267,274
0.8563907877130141,-3.859668368929192,60.46635588790491,49.680704086819446,N2,8,268,275
0.6542976618588643,-3.609027513625879,60.54682193796589,49.76766629875419,N2,8,269,276
0.3107984658293663,-3.3231697742943815,44.569428502672054,35.0894340556963,N2,8,270,277
0.01913338601078607,-3.1097089885799374,26.151461699608262,15.763326535630654,N2,8,271,278
-0.03511304905144641,-2.824081214245423,26.12358519599252,15.733155831492581,N2,8,272,279
0.01797641883922374,-2.506990180518553,20.228454410288805,11.243763837765187,N2,8,273,280
-0.024717940647928316,-2.157358554243178,20.076377817956654,11.079391532666932,N2,8,274,281
-0.4883482641762651,-1.9746923876697622,2.847915221941321,-2.756241587127761,N2,8,275,282
-0.600822056365546,-1.7666949352747405,-4.498887521310735,-8.02937746146847,N2,8,276,283
-0.37072546965454656,-1.5652225374669015,13.010550224130384,6.109917941442177,N2,8,277,284
-0.3533269077863235,-1.4063254897815636,9.846627917804426,8.59384582225016,N2,8,278,285
-0.3740940408238487,-1.2291169384383274,9.807917691301782,8.5519723831884,N2,8,279,286
-0.028644217806286676,-1.079698827481181,33.36244009527945,30.522844085455176,N2,8,280,287
-0.035098818688338085,-0.7958833864845669,33.20873089210863,30.35669184224696,N2,8,281,288
0.2645210919907228,-0.49363135862786933,50.781036207965144,44.51416409804688,N2,8,282,289
0.12588346313538068,-0.23883507006239668,50.67629563445371,44.40089864298841,N2,8,283,290
0.10277760643755052,-0.03862392474168175,58.11502743225924,49.81014531348421,N2,8,284,291
-0.2144386579947355,0.1351296968906457,40.53935516565298,35.59929039924839,N2,8,285,292
-0.34083782242626803,0.2615183162794672,40.577279824871766,35.640233750789776,N2,8,286,293
-0.34046241768119145,0.3498137398939569,40.61919741675433,35.68559443425522,N2,8,287,294
-0.5960212785466155,0.4184871640817214,20.212887265255176,11.25320409329106,N2,8,288,295
-0.7292072938395773,0.2947383081156367,20.3319135640254,11.381884085016395,N2,8,289,296
-0.9692769287098777,0.12270763705778442,2.8830017012089684,-2.6421960445799186,N2,8,290,297
-0.8762106979670286,-0.05002033993562449,2.848624006529917,-2.679344678590155,N2,8,291,298
-0.4159024736775283,-0.21840260672351874,20.095261800654953,11.175915764502065,N2,8,292,299
-0.3126380762520089,-0.3359801396363036,20.17337689192118,11.260310751013435,N2,8,293,300
-0.20767619643264723,-0.4411069094129889,20.17322902563774,11.260200750958916,N2,8,294,301
-0.14898495128477762,-0.5413885766506183,20.14474663410715,11.192671409720106,N2,8,295,302
0.008911499681181212,-0.6541577984143441,38.859112349106,35.59188197824699,N2,8,296,303
0.4100294071660535,-0.6655882211916797,58.148597268964295,47.94628297054658,N2,8,297,304
0.333177805358563,-0.6234615905987049,58.08369760671417,47.87612111417684,N2,8,298,305
0.36537539234775807,-0.5741241861375102,58.188300375490826,47.989174100346986,N2,8,299,306
-0.061570520139039076,-0.46518514369125086,40.75591448143655,33.93309016084595,N2,8,300,307
0.048039026295441545,-0.39305897169505144,40.81451553642796,33.99643000528431,N2,8,301,308
-0.022583914135166694,-0.3322506287847151,40.72859234757493,28.699306524034455,N2,8,302,309
-0.05431643716625878,-0.20140250169064444,40.87592293900525,28.895296615614598,N2,8,303,310
-0.41131910987357756,-0.05011585459738299,18.946395018365592,6.885267739801293,N2,8,304,311
-0.5234256115279319,0.023015760630343607,2.8827922609139023,-7.88612256121155,N2,8,305,312
-0.3533368662688492,0.03351605343051922,2.9340316035602427,-7.830708616481388,N2,8,306,313
0.0440391161762701,0.09597391461136695,20.179621686902692,5.9985975108324965,N2,8,307,314
0.12532596734083867,0.15941942523287445,20.286525601563653,6.07746662494651,N2,8,308,315
0.3778552824770429,0.2721644203553346,86.3723859046388,26.705566129818408,N2,8,309,316
0.23350436082945514,0.4308784515658939,86.55261230175165,32.10458805642088,N2,8,310,317
0.10828297470879988,0.5046287866210939,92.3262376437417,36.46261347202312,N2,8,311,318
0.7425780216541433,0.8029405995614098,123.1667438245222,63.528012174241894,N2,8,312,319
0.6035907520793842,1.1417057872300287,123.0258678388825,63.415166998125414,N2,8,313,320
0.47937900047205595,1.4758007255095968,122.98880375293106,63.375038090632415,N2,8,314,321
0.1346215732609739,1.7357004839622796,108.79172600936158,46.97649270338616,N2,8,315,322
0.24222282397513872,1.9177607964090164,108.88514494238257,47.1141611989417,N2,8,316,323
-0.07478694069415148,2.0236445358682236,42.73077518781156,26.412013714056457,N2,8,317,324
0.034389995771919146,2.062820068126795,42.61546826757149,26.287411361214026,N2,8,318,325
0.14790079862665095,2.0945670876978237,36.676333997972506,21.75049229832939,N2,8,319,326
-0.3579720912069906,1.8772298512858558,5.949439186062818,-5.1921157223173395,N2,8,320,327
-0.409118000222902,1.6085340163413981,2.883333031405755,-2.641870330905931,N2,8,321,328
-0.04821475064709979,1.326239286131301,20.23587681845811,11.327947991909468,N2,8,322,329
0.13662060901116746,1.027856260408507,20.204407593823817,11.293873960426026,N2,8,323,330
0.1322046515053099,0.7532966754215984,23.29483064195483,8.7698968003549,N2,8,324,331
-0.016188842821604155,0.45908544722952094,23.216692170106626,8.68540301990879,N2,8,325,332
0.06647184718306676,0.19296809434348106,23.26760073336186,8.74043240067249,N2,8,326,333
0.27937888562949453,0.09095241654297403,45.97565597392622,25.869292062571958,N2,8,327,334
0.23821473508711222,0.007169392959227139,45.98216165027975,25.87633158681524,N2,8,328,335
0.6675186475328392,-0.050778400569384985,64.21986475768085,45.00764934344761,N2,8,329,336
0.7652555404188863,-0.08644080651139951,82.19754104510548,52.414034604265225,N2,8,330,337
0.5933399729604769,-0.10415382936822049,79.190102854511,54.99102521668783,N2,8,331,338
0.578218053414199,-0.14459527887093238,75.99870684317489,57.40588706766698,N2,8,332,339
0.7124799467734722,-0.13230563794685146,76.01772778817963,57.42646888623335,N2,8,333,340
0.6043717084097313,-0.11806142621495574,75.99018871829253,57.39670999287159,N2,8,334,341
0.42469975622381106,-0.30162006613834613,53.378000677582804,40.37146749047656,N2,8,335,342
0.3318876396060517,-0.5045819509559166,53.284679842196056,40.197126025844,N2,8,336,343
0.3567544528023241,-0.680295560533235,54.28543778264225,33.36508735090433,N2,8,337,344
-0.15429296176510476,-0.8409638239805357,18.98996341943416,12.026444009529541,N2,8,338,345
-0.18994286205245103,-0.9389438474409175,18.95630935098052,12.026774079304232,N2,8,339,346
-0.28419488064984044,-0.9702601293683255,7.4202313568866884,3.8972828432840743,N2,8,340,347
-0.2769082603611359,-0.9592870784923981,7.4749113281231985,3.9563897722869115,N2,8,341,348
0.06011855208561023,-0.7956078648686837,26.589321907018984,16.121576536991824,N2,8,342,349
0.15128948273709675,-0.5744240472516822,26.553533659899358,16.082851538501473,N2,8,343,350
0.15471176400416553,-0.3214278658464522,26.649959027125988,16.260528961072396,N2,8,344,351
-0.004302021765834496,-0.11515257402673207,29.18906559835432,25.76724397938483,N2,8,345,352
0.03959582889967628,0.07621419199570845,28.966935134704954,25.52717981130354,N2,8,346,353
0.07239188099410399,0.28872822013138055,29.202043987533443,25.781308811601775,N2,8,347,354
0.03993494008621923,0.45020525463546157,40.79569651317547,33.93628391913944,N2,8,348,355
0.1466128262638957,0.5675237430579454,40.80678928853558,33.94827695791105,N2,8,349,356
-0.0489272775921652,0.5034514997602191,21.62513461358776,21.673664139100083,N2,8,350,357
-0.16928924009221724,0.4310167766589572,21.633370318724474,21.682578999049156,N2,8,351,358
0.1926181256946009,0.36341538134719187,38.92822815925297,35.590001231059205,N2,8,352,359
0.007596456393637041,0.2761066290791483,17.00381600888022,13.625259471736172,N2,8,353,360
-0.0970505066059939,0.1774561220360411,17.37149187506111,14.02266253451262,N2,8,354,361
-0.2375931896615029,0.02957425851579032,17.117792119456226,13.748467098867422,N2,8,355,362
-0.2883437404501592,-0.1458552899307879,20.112253407310845,11.157499661670045,N2,8,356,363
0.006716152720711577,-0.19065840009848145,39.37162266905193,23.47935020419959,N2,8,357,364
0.09561308229415388,-0.11363938704185195,39.41470814055174,23.56262520026189,N2,8,358,365
0.026843299485252103,-0.029627790364425977,39.39991199665246,23.54666493069226,N2,8,359,366
-0.2052406998220082,0.09369589557125124,27.98208351621497,14.109081523110035,N2,8,360,367
-0.17509465637897925,0.24756997804687764,28.16595662953091,14.30788296403125,N2,8,361,368
0.1267189944269269,0.4103871897172393,46.22118728846999,33.24199426795553,N2,8,362,369
0.2542973324901041,0.5579404512010715,46.27678101491642,33.30208661042093,N2,8,363,370
0.38467603548527585,0.7405923225513806,43.30838530523624,35.957966956848395,N2,8,364,371
-0.01667999231625572,0.7863076184293316,23.975339813967594,23.556491128114885,N2,8,365,372
-0.06964130467554774,0.7319610925534352,23.988998995593192,23.57127450708549,N2,8,366,373
0.4325528925819757,0.6772876951154938,41.29762953067711,37.4935390489793,N2,8,367,374
1.1180571692935892,0.5555155299340306,35.43680800350921,32.967791079649714,N2,8,368,375
1.0496967273091666,0.3940589601703959,35.34566603346752,32.869300260067575,N2,8,369,376
0.9599985371827255,0.22489850657936827,17.20230831955496,13.83992346977584,N2,8,370,377
1.0322698198039895,0.02266707004355517,17.106834744588014,13.736725497519501,N2,8,371,378
1.4002246455355305,-0.17665634192221624,36.26118700589177,25.945088922907644,N2,8,372,379
1.3450064155818602,-0.3855959623770122,39.44227749501488,26.026804327836317,N2,8,373,380
1.5817769544844875,-0.6298741267324335,105.61522141427145,46.748991847566,N2,8,374,381
1.1704301764545288,-0.8595952020649555,88.3948260373495,32.92208960533685,N2,8,375,382
0.5136634962653339,-1.0786302219349277,94.19624780696631,37.3836177101025,N2,8,376,383
0.6540942336782649,-1.2653854618400793,94.36024135980506,37.524131492454444,N2,8,377,384
0.833657490386214,-1.4000060606930749,112.43367607324694,56.47790950195599,N2,8,378,385
0.8618034498634923,-1.4991389938970343,112.59816695807308,56.65568840571245,N2,8,379,386
0.4154304116678418,-1.5833250675343802,93.41789699631227,44.41932050522064,N2,8,380,387
0.380032954015336,-1.669810753522535,90.23018588995524,44.33043785314112,N2,8,381,388
0.43042024431311177,-1.7017766028641237,41.421680796942155,35.91051487209188,N2,8,382,389
0.38754778248898347,-1.739170724609517,41.302401600180474,35.78155773827257,N2,8,383,390
0.4656979775619572,-1.7027464208949095,38.559381503924214,28.83486403414213,N2,8,384,391
0.38104787310774846,-1.6729221464507802,38.27797058299143,28.56737787865154,N2,8,385,392
0.17226477203780277,-1.6689656801228647,20.324767098494704,9.74355743942192,N2,8,386,393
0.42117739411095734,-1.4761032951923596,39.36956552439801,23.513853531998166,N2,8,387,394
0.4191598532944436,-1.2881497017817534,39.35590869940961,23.499036026991234,N2,8,388,395
0.6113534357037089,-1.071938778474582,39.41263512579849,23.56037065975488,N2,8,389,396
0.2794886410462638,-0.8699988892521375,22.073478051980146,11.285419139478336,N2,8,390,397
0.27041564784778416,-0.6521027096166847,28.00223829764718,15.811167143320745,N2,8,391,398
0.125010086674056,-0.4955842741993237,24.932112601879908,18.357116959550012,N2,8,392,399
0.08419337456541953,-0.3018343816279252,28.12271754153926,15.941408098191914,N2,8,393,400
0.29792493973365275,-0.12015770782656965,46.3389612343376,35.02804729120294,N2,8,394,401
-0.09231249770689764,-0.10913274271935869,27.139399528252397,21.09047810649622,N2,8,395,402
-0.04137772954634222,-0.09098646174537173,27.167151000565354,21.083837581807302,N2,8,396,403
0.23250736102438196,-0.06660968301822301,46.34952379710785,35.00281059296344,N2,8,397,404
0.11133941135036274,-0.030298123471117933,46.2775211191115,34.92499615048905,N2,8,398,405
0.26884100928414867,-0.018164225240887788,40.32050478350948,30.368710098608744,N2,8,399,406
0.37507448495455975,-0.012956249748965476,40.178403558889386,30.17838363040346,N2,8,400,407
0.5205882080689523,-0.0273905503291747,30.108193523249156,27.74686788180543,N2,8,401,408
0.5917512086500292,0.009385002064774994,28.967409475861587,22.330526820394198,N2,8,402,409
0.5151666417625975,0.02883598548033106,29.02512381072529,22.392947096164107,N2,8,403,410
0.457742806058981,0.030449427122002604,28.939675521006393,22.33727971969256,N2,8,404,411
0.1999248115516199,0.005866533849054889,9.83628140825249,8.503669636766062,N2,8,405,412
0.2493993481553609,-0.031316357165428244,15.749796043084643,13.012897837675837,N2,8,406,413
0.11735290057741565,-0.07533289149116129,15.813387733321633,13.081654426254545,N2,8,407,414
0.11937255485534237,-0.11005636460810386,15.93641624873726,13.251339769206197,N2,8,408,415
0.13016516328630878,-0.15354502901110934,23.013984182091008,18.312588204400072,N2,8,409,416
0.4406709750538802,-0.26227893500578325,39.88011321830345,25.751852787994267,N2,8,410,417
0.7729922726801384,-0.37138925679626844,58.1353011296228,44.8805505249386,N2,8,411,418
1.2974113523697852,-0.4825043331514749,77.41849858942078,58.908460773358456,N2,8,412,419
1.25490659941185,-0.5718744565915443,77.35599137742247,58.84089093331295,N2,8,413,420
1.3997233411337007,-0.6139117420401003,71.3631917125299,54.245911617900674,N2,8,414,421
1.386718313755507,-0.6334588796405569,71.4041555510712,54.29017356858117,N2,8,415,422
1.2432908159122142,-0.6642002302660082,71.3807308843443,54.26486004006415,N2,8,416,423
1.2635435738112815,-0.6779898162840938,88.72253393320625,68.22299204915112,N2,8,417,424
0.6230506852558548,-0.6155653607825071,54.52739039835296,46.839397891518956,N2,8,418,425
0.4768233712054304,-0.5443663092428128,36.29491535322404,27.735183512326557,N2,8,419,426
0.029734464310752884,-0.46318904149841256,13.676710361241476,11.298812890302315,N2,8,420,427
-0.038563907139575804,-0.3896190143494005,13.605933588398784,11.222331704560247,N2,8,421,428
-0.14046694111679514,-0.3612691416927234,13.769288627726382,11.39894150040891,N2,8,422,429
-0.11501939275772699,-0.33337156237134824,13.721813236153139,11.310913913096556,N2,8,423,430
-0.21497100825670046,-0.2984099609326494,13.468710920008562,11.03734317624071,N2,8,424,431
-0.3817010049650911,-0.2696112935084285,2.263204598250013,1.8292347607507509,N2,8,425,432
-0.44978896482666286,-0.301216677513672,2.2799117603390187,1.8472895077181875,N2,8,426,433
0.10729168114748688,-0.26979043522536283,31.655205268985355,29.87912182854052,N2,8,427,434
0.08738534405613407,-0.24360880934294027,35.018950373596454,32.31862119454877,N2,8,428,435
0.16401412017255268,-0.21683916074371457,35.09081180642397,32.39627604644102,N2,8,429,436
0.2672625058834974,-0.19178663177269417,34.886504300131946,32.175423464452024,N2,8,430,437
0.25445120835895807,-0.18354867088622218,35.04625945413454,32.38480793617077,N2,8,431,438
0.5800523715596064,-0.16782708546522862,52.59635995928693,46.568126271391975,N2,8,432,439
0.6132100265576952,-0.09343598584376078,46.470166947551206,41.82899215928751,N2,8,433,440
0.5703776992053946,-0.016139795934889456,46.537947170322695,41.902220895995924,N2,8,434,441
-0.04843743520124022,-0.003933556351935152,17.096146289049557,13.798540346998607,N2,8,435,442
-0.014545043144842396,0.011004838937837214,17.119187472792873,13.823425569827123,N2,8,436,443
-0.19890359182188178,0.023582114798434084,17.02592507211557,13.722606901311792,N2,8,437,444
-0.35878857852046053,0.03592088614719291,17.086963876808113,13.788637861735197,N2,8,438,445
0.130028398295142,0.12137731607164515,83.3329839671951,34.589661118478716,N2,8,439,446
-0.17864915673790094,0.19748722817668618,66.05679756556947,20.702403092309396,N2,8,440,447
-0.1322811640687256,0.21128219371294055,71.97048811567629,25.21184929934998,N2,8,441,448
0.41085259576724553,0.22149402395842177,89.20891760248969,39.03340894063081,N2,8,442,449
0.4604640674353817,0.22869129260270515,89.27000683270626,39.02599219038757,N2,8,443,450
0.7019061201049581,0.23517545532799922,107.45721012623608,58.10274696930969,N2,8,444,451
0.7869973863342814,0.24341097097893982,107.69152062018748,58.356034793962635,N2,8,445,452
0.7800504765686433,0.2517623531750637,107.75397760559372,58.38678067119827,N2,8,446,453
0.5170705493798238,0.31785710720936944,58.678801101490535,51.334271365150016,N2,8,447,454
0.7025282907069013,0.382778938187748,58.616227709547275,51.26665000159687,N2,8,448,455
0.6245045998416501,0.4408670882358656,52.73972186916308,46.7974331556552,N2,8,449,456
0.06150876280295492,0.4919366223095283,35.37237638167608,32.836522261600976,N2,8,450,457
-0.12085889022517904,0.5372837409544573,35.43418910498667,32.976812779632155,N2,8,451,458
-0.4146403749895953,0.5727322075969736,17.24077070981366,13.893379594249382,N2,8,452,459
-0.2888590150412078,0.6560707625991178,16.840865482001846,13.461115901925496,N2,8,453,460
-0.18990866960037422,0.7278492221027442,17.10705942317236,13.712124617800782,N2,8,454,461
-0.4877366399445293,0.665365027616172,-0.24708037037862596,-0.23449683590024506,N2,8,455,462
-0.4713030602764121,0.5975990491436356,5.727589347583034,4.340864799148449,N2,8,456,463
-0.09669272021673692,0.5859893341733322,22.35079659735038,17.522408997149114,N2,8,457,464
-0.07299921249520125,0.5738503949960059,23.007510146680488,18.232297429149185,N2,8,458,465
0.16987646422136038,0.5682517084851639,22.736967957582692,17.939808456814035,N2,8,459,466
0.373382252529062,0.5724690626347808,22.990395798300142,18.21373605699887,N2,8,460,467
0.4832682120722609,0.5837227513117043,41.59597717483666,37.72117099396064,N2,8,461,468
0.9382146369223108,0.7170948881403518,58.63931673027082,47.98680233297091,N2,8,462,469
1.1305721466233898,0.9130825097941084,61.78837073965178,47.997157853884346,N2,8,463,470
1.1180137987428473,1.098080340113297,55.77589251695872,43.344215960759584,N2,8,464,471
0.7886733532212489,1.2087870621347516,42.20263357129943,27.59490424031287,N2,8,465,472
0.755311041418544,1.306104088195033,41.735439363504156,27.089903460823734,N2,8,466,473
0.5295586799580718,1.3830590360807378,41.88016777805069,27.246324510741488,N2,8,467,474
0.3237181069558943,1.436589379955242,34.289533635002954,21.672922597888373,N2,8,468,475
0.2094711569047334,1.4095012112137884,16.003739834868156,2.511129238760077,N2,8,469,476
-0.33463491642415377,1.3006865748275676,-1.3602392975276416,-8.02761134530897,N2,8,470,477
-0.3965985381830883,1.118022514918609,1.4912670027301829,-3.4346219410213052,N2,8,471,478
-0.1946396335974967,0.9495097854103598,20.852291522883206,9.033829201815934,N2,8,472,479
-0.28817099477402763,0.7846562192084079,17.72521854333536,11.518193299000131,N2,8,473,480
-0.18711953424918093,0.6174814097259471,17.674476950622648,11.463367908253758,N2,8,474,481
-0.08017064321339262,0.4512324416537137,17.69436107739375,11.48487705829666,N2,8,475,482
-0.07861339533269884,0.2577330916767693,28.09487621276412,14.231046644953722,N2,8,476,483
-0.07124653741479747,0.26121111945869835,45.338442684696474,28.083014881445024,N2,8,477,484
0.37588224975852924,0.2270691233511375,63.7250121914517,47.37521079707949,N2,8,478,485
0.32518961111783895,0.1838009439550543,57.76525561675908,42.8159845585858,N2,8,479,486
-0.011907201079818464,0.14467510640628412,38.39399314253387,30.373191386199778,N2,8,480,487
0.1102674278558915,0.10864937608330294,38.507621664592534,30.4960109073902,N2,8,481,488
0.20845319426480913,0.07485039009229233,38.49041100651857,30.440660670798025,N2,8,482,489
0.18222159425320328,0.0385501162476416,38.398390047896555,30.341191974153617,N2,8,483,490
0.26085910643126553,0.0693512058580783,35.305074494046494,32.86200426880464,N2,8,484,491
0.16412097426919559,-0.06847099630476627,18.08694054681291,19.03755549799598,N2,8,485,492
-0.18731256463425439,-0.24488036943830593,-0.32881541724191266,-0.3229403316445314,N2,8,486,493
0.2533809299520833,-0.37693448669649143,20.73138447018846,16.846992429086868,N2,8,487,494
1.1316042210104982,-0.5056320855691574,23.937902256162033,14.448458553164755,N2,8,488,495
1.2646484081432412,-0.6864584193096963,23.732575099963015,14.226549267508062,N2,8,489,496
1.7101578954494308,-0.9425679498315933,59.04586064920295,35.62111091353654,N2,8,490,497
1.837979455299621,-1.1701880787954888,59.20174585528957,35.78964449902014,N2,8,491,498
2.025256882949545,-1.2677392455626606,76.52916773952984,49.73230421998505,N2,8,492,499
2.139153631169286,-1.3501704677066009,76.43442238680973,49.62987747959096,N2,8,493,500
2.5002676494645613,-1.4098673946393756,94.86769355015485,69.00930012171557,N2,8,494,501
2.1109544176286015,-1.512629170229042,73.79526274797354,51.78940860281227,N2,8,495,502
1.423938630512847,-1.6641615823027198,73.76493767956208,54.264328922894265,N2,8,496,503
1.3149260335510249,-1.772252955637743,73.7258293748946,54.22201469822403,N2,8,497,504
0.8866503100741028,-1.7888191254113028,38.52594971917415,32.98677553949938,N2,8,498,505
0.6626742459207904,-1.8544074899765475,38.36551364248044,32.813310941687405,N2,8,499,506
0.5582370591941412,-2.063580047329972,17.785275055350667,16.511683162092595,N2,8,500,507
0.4759264196139803,-2.3083333021396513,17.77180949256217,16.49711595899612,N2,8,501,508
0.44239802980249365,-2.5620534989762422,18.535287573845835,9.408640673061655,N2,8,502,509
0.5619535251514094,-2.7693016559664096,18.648399186924053,9.567635007479794,N2,8,503,510
0.9161184071848538,-2.955111718291132,81.78797378434729,30.367785783637373,N2,8,504,511
0.8634435492547539,-3.113747012917579,87.89029895032263,35.08116589737483,N2,8,505,512
0.847601644549755,-3.245585723734947,87.79878701765847,34.98225458439833,N2,8,506,513
1.3185020969841368,-3.2791888651693917,105.16354766724317,48.96525895735613,N2,8,507,514
1.179662850214097,-3.302009195052256,108.43438153171428,51.343762723226064,N2,8,508,515
1.0725186545729741,-3.2902165764642,108.4688483699806,51.38106786920548,N2,8,509,516
0.8771233670983243,-3.2218959433351126,89.37798765347725,39.241346458549515,N2,8,510,517
0.8924696441422775,-3.0745391283119763,107.60770879485653,58.34253301168724,N2,8,511,518
0.45181228170014975,-2.8098611539167773,41.353223077614075,37.532245963989226,N2,8,512,519
0.4994673173217521,-2.539319993764249,35.37089799753721,32.94863291862089,N2,8,513,520
0.4747685476917951,-2.245328799150994,35.23298140553334,32.79951251350167,N2,8,514,521
0.1576636079313758,-1.9740514350084561,18.054591173597146,19.017978627568027,N2,8,515,522
0.2871535639519749,-1.7133453131155152,18.106219009563574,19.07377294294588,N2,8,516,523
0.6211107116717471,-1.3993177833194808,35.40435625033706,32.9846984911992,N2,8,517,524
0.4710077619289734,-1.0449019972982967,35.317961189678954,32.89125061152117,N2,8,518,525
0.2526888818735067,-0.7931868935975013,16.640834424290915,13.30646289311926,N2,8,519,526
0.3372070488479899,-0.6317749775965718,20.239774923466484,11.332002018665207,N2,8,520,527
0.16401596473555102,-0.4230820249783873,26.176331085894617,15.866154458448364,N2,8,521,528
0.4532209505457274,-0.2031567888989323,43.57871298543341,29.88980834350582,N2,8,522,529
0.270288382033975,-0.019808702564305225,43.44824527220908,29.74882461405423,N2,8,523,530
0.18431429093285345,0.15467664639605783,43.41960594512511,29.717875189363212,N2,8,524,531
-0.13421598341594887,0.2518506449872544,26.082709493165112,15.764983206719762,N2,8,525,532
-0.07605782043490095,0.2792232886685375,26.06564096445345,15.746544124090633,N2,8,526,533
0.22594673330576143,0.31057530865371463,26.357832057707128,16.062333948765854,N2,8,527,534
0.41579415284060417,0.33672958551719256,41.22300777181408,37.41277602188302,N2,8,528,535
0.6457530674336169,0.30994936597666944,35.33838110065426,32.93471762120862,N2,8,529,536
0.44353376423777746,0.22180163458827895,18.11057058409051,19.099766800348107,N2,8,530,537
0.6141150143996406,0.12527498388977998,18.08883360834625,19.07624609759273,N2,8,531,538
1.0657433191302808,0.03739430984043279,31.355028847574886,29.623887755120677,N2,8,532,539
1.142917833020764,-0.04899898386364088,31.36583272507596,29.63559487906923,N2,8,533,540
1.0721008938328005,-0.13393333719262257,31.441707960342228,29.71763295417486,N2,8,534,541
0.7888715851916288,-0.21769834127145327,31.483416257234694,29.762723792806355,N2,8,535,542
0.4757096635280078,-0.31439589512409727,18.895034380407196,14.85516789950043,N2,8,536,543
0.785098548009401,-0.34403809356865445,38.19120179051242,27.21675780620194,N2,8,537,544
0.6880252176616715,-0.3780956726218685,38.10511713292044,27.123705795041133,N2,8,538,545
0.6355738317786468,-0.4236341215423822,38.11840802274082,27.13807731007978,N2,8,539,546
0.3263277575396053,-0.4676384296904592,24.923198861727542,16.667173413867886,N2,8,540,547
0.3639756806215537,-0.46368963764021265,24.85891576554286,16.59768203209842,N2,8,541,548
0.4443878733067095,-0.4511439241274755,21.511328212745866,14.175634142596437,N2,8,542,549
0.514851802957697,-0.3782965205065212,21.31605699498232,13.96456287729734,N2,8,543,550
0.8734749562504902,-0.28569586473931396,33.90941713158054,28.8775069735716,N2,8,544,551
0.46356310483716356,-0.2627520316526071,14.612362720949477,16.514963945299087,N2,8,545,552
0.40462660350073065,-0.24033117801756676,13.871625245226369,15.714274846513945,N2,8,546,553
0.9132646957581905,-0.13175873280598527,33.91402548202859,30.562626552675283,N2,8,547,554
0.5722376524580639,0.022220344321460583,33.2868164583856,29.88461569735773,N2,8,548,555
0.5548795130985766,0.18105663730859378,33.85859367867124,30.502671303483567,N2,8,549,556
0.39006110225971113,0.31920330341695813,37.243733256331325,32.96528264469612,N2,8,550,557
0.3214516977788868,0.38877631094724174,43.436506029810516,37.77641674144138,N2,8,551,558
0.09596828622689557,0.5746051451570451,42.244771144474726,32.283545536520705,N2,8,552,559
-0.11495630413242708,0.7421280057031523,42.29829360425629,32.341419986177016,N2,8,553,560
-0.1251306895465305,0.9752873831449702,42.92722166883186,33.021261641595174,N2,8,554,561
-0.5931325862451118,1.1222091343385476,22.998293191857556,18.25887149036066,N2,8,555,562
-0.5000637347679202,1.2023311136655876,23.577045188873853,18.88449566418808,N2,8,556,563
-0.594316252371133,1.2158466452091088,23.006799968124596,18.268094432059115,N2,8,557,564
-0.3821416973012468,1.2285320380992042,23.005567002933276,18.23006524701873,N2,8,558,565
-0.38399622247140996,1.2365742296671272,17.074738986778357,13.665359726757288,N2,8,559,566
-0.473976886788428,1.1045711614030371,-0.25173570865581496,-0.2762906557663882,N2,8,560,567
-0.011985399139305741,0.9821978820899258,17.9924549989546,18.86199253917539,N2,8,561,568
0.31593434239053764,0.7755612596966728,35.46421797516177,32.96059428850481,N2,8,562,569
0.39729802943026016,0.5747098012377911,35.33735648852826,32.860187692127056,N2,8,563,570
0.5975559420654051,0.38627855928037036,35.39973672901306,32.927616799598354,N2,8,564,571
0.5652852002757456,0.18247581439204374,35.4238934235741,32.953745771463446,N2,8,565,572
0.30043525767044343,-0.001798414304874818,35.45307773132299,33.021993302897954,N2,8,566,573
0.5978297456035513,-0.012042371183338396,59.541414560539124,46.804383677414535,N2,8,567,574
0.45974430431044766,-0.012919195025910657,59.73080304540008,47.00913323703139,N2,8,568,575
0.37201041600205187,-0.02233211039475247,107.66256318384649,48.59620961623523,N2,8,569,576
0.7780024423178382,-0.034583756120575515,125.62414856549685,55.98522989739672,N2,8,570,577
0.770774638129172,-0.04711754440772076,125.60521584889557,55.9647469144179,N2,8,571,578
0.517059142911215,-0.07571739537372979,125.47860962209552,55.827888228243864,N2,8,572,579
0.5899968629985679,-0.06923364645752494,125.57506074274079,55.93217727726028,N2,8,573,580
0.8296813317672829,-0.10836396066826826,125.50674296111401,55.85834677583853,N2,8,574,581
0.6132641497389812,-0.326211724640197,101.41333518028978,42.107176777575205,N2,8,575,582
0.6314593077619968,-0.5215487631665523,100.97154408223196,41.482535024112394,N2,8,576,583
0.7873140685653581,-0.6847579649021114,64.35735575171066,48.99045129779438,N2,8,577,584
0.16353443411349744,-0.805981983515438,29.129237405230015,27.724640006743584,N2,8,578,585
-0.016156820850174114,-0.7552717109698586,29.147082895543463,27.743909782124774,N2,8,579,586
0.1944347887169009,-0.6977244094022916,25.71587928714689,25.231479462261632,N2,8,580,587
0.24622864119783472,-0.6552248992002734,25.74486821336177,25.262783906192453,N2,8,581,588
0.41019358024654196,-0.5063790109764961,43.075723583613126,39.209100485896215,N2,8,582,589
0.5017160559170648,-0.22987015946192546,43.05626953532055,39.18810668068454,N2,8,583,590
0.6309815106760333,0.08775679465542296,43.22361109488929,39.51610157554137,N2,8,584,591
0.2501512943070239,0.3767171240672491,19.64283068620898,15.864959829758163,N2,8,585,592
0.2570247452201606,0.7021571699927267,19.58404832037195,15.80147381622578,N2,8,586,593
0.3679713809073206,0.8594347946140921,19.57099882268585,15.787390248143083,N2,8,587,594
0.2432283562637778,1.0103239968859716,23.122315165709097,18.429616322703623,N2,8,588,595
0.17330090225699024,1.1513217323859992,22.970889900534075,18.265945364961,N2,8,589,596
0.05233892046488364,1.2756893834175758,5.749029420555871,4.43745764760115,N2,8,590,597
-0.1332590974167367,1.2645305698792733,5.614311277346133,4.291811399066319,N2,8,591,598
0.22556779917148617,1.1757125430031983,25.01362864759767,18.44526687255302,N2,8,592,599
0.5939953352716358,1.208141708049486,37.24987053230325,32.97225492637335,N2,8,593,600
0.4085077921754703,1.2141664674469324,37.239068471408245,32.960513082211946,N2,8,594,601
0.42588066473233255,1.263228124578195,37.323847836402365,33.05212251940384,N2,8,595,602
0.42273686705807023,1.281234237127718,37.19874769670287,32.916926755568966,N2,8,596,603
0.7196328502890132,1.2925461224102897,54.628527844493874,46.970162495118075,N2,8,597,604
0.5826112710577007,1.3434521642744182,47.278370094359616,41.656725210228615,N2,8,598,605
0.6544884458939038,1.3867766217067343,47.36945982812722,41.75520962155133,N2,8,599,606
0.34271779679710335,1.4264651267607968,34.09494391016051,32.33938610067162,N2,8,600,607
-0.11610733222613234,1.3405894706092294,15.778731546741255,13.12326941246738,N2,8,601,608
-0.1148262740971262,1.2046324564907724,15.795845511377593,13.141797754628897,N2,8,602,609
-0.25925657407711,0.9947418275092801,15.719222684434953,13.05897740774526,N2,8,603,610
-0.2576831965007855,0.8251071487011812,15.826656056236516,13.138389308490787,N2,8,604,611
-0.47928815126164537,0.6557127801173124,-1.5280399670973566,-0.833724448461453,N2,8,605,612
-0.47299948965317284,0.37115925418027906,5.699294229148109,4.346930550880188,N2,8,606,613
-0.0739504609126378,0.06075605248897098,26.65052000962669,14.814557005731785,N2,8,607,614
0.6293232822499739,-0.2629162010042876,20.73067221277097,10.298476531868346,N2,8,608,615
0.7485392618993636,-0.5690411433717415,20.78160758334934,10.353498228857461,N2,8,609,616
1.044691274439387,-0.8186231740709262,39.05831389296873,29.526965537749675,N2,8,610,617
1.2037303797478778,-1.0921951848551927,39.027803098914774,29.493967718971817,N2,8,611,618
1.5778748134507445,-1.3461783385589356,58.24337820649771,41.80517633241652,N2,8,612,619
1.4262644024300428,-1.4447949884946842,58.21215083738207,41.77141313202583,N2,8,613,620
1.5219197652748875,-1.513553281164894,58.20893978666936,41.767921876352375,N2,8,614,621
1.1637320027104288,-1.5443457560224578,37.352932189506646,31.403193863418437,N2,8,615,622
0.3782502577899436,-1.5561045927411712,43.235875004962054,35.87938125079381,N2,8,616,623
0.37123106917688986,-1.5266452979143672,43.2122168031442,35.85382501519098,N2,8,617,624
0.13237864152682022,-1.5791334071673484,24.841645011225864,16.57890316246494,N2,8,618,625
0.09175416332919184,-1.5859750257083336,24.91488302868447,16.65809097828378,N2,8,619,626
-0.23317505792998006,-1.557697155833305,5.700144721408833,4.384471850292357,N2,8,620,627
-0.06883083695619874,-1.5834381126539503,8.805079633112655,1.8762152371414231,N2,8,621,628
0.13283898462001176,-1.6286540538173693,26.217371624875796,12.46719551124579,N2,8,622,629
-0.024044483509477743,-1.66791272408401,26.108436837913814,12.349468235744098,N2,8,623,630
-0.111072646304617,-1.523878833672092,20.148000849616892,7.789505413751613,N2,8,624,631
-0.17905909035493295,-1.3580147832915173,20.104731686594732,7.742708959804077,N2,8,625,632
0.20630888285346316,-1.1395024043021387,38.442304288554624,26.981964490360497,N2,8,626,633
0.44493547658255395,-0.8345088536055862,55.842664255832915,40.97851462622475,N2,8,627,634
0.5138860953814195,-0.5807483668112385,55.79370052242939,40.92559958812717,N2,8,628,635
0.535371610113998,-0.34414895678574986,52.73212080133953,43.48074909269053,N2,8,629,636
0.0838787683244746,-0.09115981013504815,35.3323254564707,32.86657088939455,N2,8,630,637
0.009917750918003065,0.1706034435066539,41.33271321786606,37.46970938529557,N2,8,631,638
0.007007450526593573,0.26939490897339713,41.36272570297888,37.50213460325449,N2,8,632,639
0.15758468551247873,0.3629471375524229,41.337290440751985,37.47465219834885,N2,8,633,640
0.2726232900528238,0.45137938149965073,89.4372379466181,39.243449333365334,N2,8,634,641
-0.08275117064107818,0.4760279575608739,71.94196370288273,25.14429650118882,N2,8,635,642
-0.10137911626423346,0.4998339430769647,71.90655048920235,25.106027326149615,N2,8,636,643
0.17438667660437446,0.4590151373032376,91.16855304444789,37.43072140928871,N2,8,637,644
0.30538705292869395,0.4175243808054656,94.31338226644948,35.002278187927914,N2,8,638,645
0.4502183231447283,0.4309389053120336,88.37910756582914,30.470584593991134,N2,8,639,646
0.41881580475390834,0.42205611700641166,88.33857440778274,30.426731948321503,N2,8,640,647
0.42817309092597355,0.3494180631659587,91.54681253226636,28.030072206274326,N2,8,641,648
0.35883431969261537,0.25429625670879386,44.29622961742507,19.265627242485607,N2,8,642,649
0.7090237885113986,0.2747260114790806,62.77282209507075,38.655146501643685,N2,8,643,650
0.6587011153356883,0.40071308557462926,62.746163252736096,38.62631672478801,N2,8,644,651
0.26873134322424264,0.5743413230527046,43.466460478537556,26.2825133118954,N2,8,645,652
0.14873854702990386,0.7838714866978522,40.37699446488887,28.80754616430886,N2,8,646,653
0.033359605770577616,0.9775413636388595,46.26721944172732,33.29165270785006,N2,8,647,654
0.03292705942588725,1.2207265077117184,46.29008406433422,33.316413648647995,N2,8,648,655
-0.0135374895869802,1.4934282027418262,43.12712196891016,35.76203470133942,N2,8,649,656
0.21820460241950457,1.8150789235927167,58.23143809667454,45.005901137927594,N2,8,650,657
-0.03650048515117632,2.104322448898094,39.69231090493304,25.54877576560648,N2,8,651,658
0.2448742983198322,2.308960373386942,59.04520196223575,37.97171725848011,N2,8,652,659
0.2749218581940944,2.4839623441865903,62.17316374195252,35.48825016945602,N2,8,653,660
0.34696028491920217,2.628835176099847,62.18514199750007,35.464475832896824,N2,8,654,661
0.38187043892239814,2.806288702424326,56.258943415874455,30.94151037723941,N2,8,655,662
0.46067219845804885,2.954345494332599,56.24417951319947,30.85212140538397,N2,8,656,663
0.8052584730785206,3.016905303025605,73.57238528169592,43.11525296436412,N2,8,657,664
0.22000968987620695,3.049406169901477,39.08663181278234,21.417528885139745,N2,8,658,665
0.03959367062661201,2.9966508152144105,39.43839846791934,21.797797646469917,N2,8,659,666
-0.13742987302745036,2.8776455280843116,38.556291892550234,28.75807916066151,N2,8,660,667
-0.06707167391606106,2.6891517633353006,35.424236516129895,31.237106731041877,N2,8,661,668
-0.0059601310133530205,2.4375458299962327,28.137963272685738,26.02938850727469,N2,8,662,669
0.0024446000682303293,2.0628619380828956,28.12755814553475,26.018162899003073,N2,8,663,670
-0.0098505948359211,1.695888701418423,28.187215246460255,26.156068921118276,N2,8,664,671
-0.3671814711921968,1.33457358929771,16.789894894702684,18.420964516315053,N2,8,665,672
-0.29621310967814196,0.9819529071086812,16.988795522527653,18.599234582809913,N2,8,666,673
0.3112017038973143,0.5697600426179896,36.08515038960286,30.744870120945052,N2,8,667,674
0.17282237064367933,0.0846207988958323,17.59687791380702,11.342757456772233,N2,8,668,675
0.1893530978211082,-0.34300026037108644,17.646558741280842,11.396435047910472,N2,8,669,676
0.2740518497281137,-0.7087476440351264,24.929726926661715,16.6374989260853,N2,8,670,677
0.3909216925198642,-1.1501815754861928,24.895677859319676,16.600679189864877,N2,8,671,678
0.7909021476776879,-1.5168274515415154,44.062466192518514,28.82248812301168,N2,8,672,679
0.743190360969443,-1.8414476288027988,38.068562594905416,24.226308259425423,N2,8,673,680
0.7642674140330854,-2.1516166145492024,38.24877616412323,24.45783805269275,N2,8,674,681
0.4128361892127046,-2.4014839101873875,18.89733046669062,12.036422411735657,N2,8,675,682
0.7237294901028228,-2.509054297878178,37.33982722617884,31.389080801507134,N2,8,676,683
0.6821312199112306,-2.603138007804718,40.316168740585,28.741804170309024,N2,8,677,684
0.5466895757977852,-2.678564420150205,40.195536614686716,28.611399855779382,N2,8,678,685
0.5263627055818318,-2.5969282005060528,40.370295747686214,28.800273021226985,N2,8,679,686
0.0979347419114518,-2.5554375944843137,21.18087108202326,16.553993579405414,N2,8,680,687
-0.01860463735989981,-2.4784706461350012,27.197252157477124,21.174456959654435,N2,8,681,688
0.2380866391691825,-2.3804818950647224,46.259640819552715,33.25735406938611,N2,8,682,689
0.27815417550522525,-2.240786191056684,46.38427856138105,33.39211943172495,N2,8,683,690
-0.0734629256848649,-2.0459501248622125,27.957541167756517,14.0565136211535,N2,8,684,691
-0.07489781353626057,-1.7433342083394248,24.902454553580355,16.618690091531334,N2,8,685,692
0.06992739126927461,-1.4523624281794216,25.0474757325278,16.775484788396625,N2,8,686,693
0.4334944208603808,-1.06817593718175,44.091995616137865,30.545487060467167,N2,8,687,694
0.489839132235538,-0.7232320155152197,44.113645938066384,30.56893065753229,N2,8,688,695
0.6265291154960337,-0.39968680141257185,38.178780521619956,26.036581981069503,N2,8,689,696
0.333955572524296,-0.12094759414124656,18.994960109369003,13.82241514772386,N2,8,690,697
0.1846018896613586,0.11125223525901973,18.9491577669005,13.73617966590291,N2,8,691,698
0.19426984610337072,0.2637820024774662,18.897652706914414,13.680471474607657,N2,8,692,699
0.5066389987112494,0.28976943903968255,37.31984143621003,33.01117856683686,N2,8,693,700
0.2941480176366724,0.298217953514917,37.27938029159759,32.967403895211646,N2,8,694,701
-0.19266671523502055,0.18352248805653293,18.045829745250558,18.993099171536414,N2,8,695,702
-0.31299542974704764,0.0787006955791334,23.965977434907018,23.50947476204192,N2,8,696,703
0.03407133499912618,0.08503840750559721,43.18263561050344,35.78518208268679,N2,8,697,704
-0.01883040399964031,0.09181513325747837,43.145600392951565,35.7451411329057,N2,8,698,705
0.2607872423482327,0.16264228328234243,109.50535073227366,56.705827763025354,N2,8,699,706
0.24133814106201257,0.22498604601139238,106.15527992114994,54.28109823053774,N2,8,700,707
-0.16558372197908966,0.27978682141101796,87.72889475219745,34.94587371317448,N2,8,701,708
0.28232507023996334,0.3979547470381206,106.95030287079499,48.90704142990489,N2,8,702,709
0.3433580498249178,0.6365334811788035,106.98140591953825,48.94068341237107,N2,8,703,710
0.5599405612029535,0.8630184941899879,103.87646343409779,44.11049466484019,N2,8,704,711
0.2390068365270821,0.962403625224761,84.94415289042672,32.14216560332261,N2,8,705,712
0.2162767284395919,1.061617853105389,84.84846004832843,32.038733836258416,N2,8,706,713
-0.10211463635640783,1.088817186016004,18.655394077957226,11.294964235998577,N2,8,707,714
-0.1207687707970635,1.119000383417144,21.981513987219387,13.693851060637826,N2,8,708,715
0.22092561282500256,1.1483191336294016,40.29906155829576,32.911423116048354,N2,8,709,716
-0.1443910054667228,1.109647282271303,21.153852767224635,19.032664223293523,N2,8,710,717
-0.08858651715273069,0.946009637651624,21.164361961861687,19.044005758972617,N2,8,711,718
0.12508086995236667,0.7858577703295584,41.012876263297585,36.43876335220466,N2,8,712,719
0.15076780247953891,0.6227256123227445,40.5502278283343,35.938676857058454,N2,8,713,720
7.849290451034108e-05,0.47098588189500745,40.873991591501635,36.28869487246675,N2,8,714,721
0.04998932600283368,0.3236746611097807,40.68455509499654,36.083900044871825,N2,8,715,722
0.19049148671846083,0.1784819547700014,40.83293018884751,36.24425034238584,N2,8,716,723
0.14012558026532673,0.1508299147149934,39.79217138713602,30.914566492843278,N2,8,717,724
0.13465735810506274,0.13183494891654934,39.79256498176392,30.914969093939817,N2,8,718,725
0.1289177855367356,0.10699056591776923,39.71888111435919,30.83531891939674,N2,8,719,726
-0.0861282541025048,0.0715526702165512,17.02852823168041,13.725572291772096,N2,8,720,727
-0.05684659395965497,0.05891874012964138,17.263342669791655,13.979381636881044,N2,8,721,728
0.029752690962283168,0.03363523044841976,17.064705776722803,13.764648115860837,N2,8,722,729
0.1591936454635956,-0.010755989198750981,17.01890742404521,13.715141662850783,N2,8,723,730
0.2879808728219224,-0.06002895229893923,17.068792665794717,13.769067140196512,N2,8,724,731
-0.01876698488194606,-0.22662800286126217,-0.27872427410829914,-0.19526290325848095,N2,8,725,732
0.18718158421885178,-0.3769907647327235,16.094549965066562,14.456612600960852,N2,8,726,733
0.5197909680994464,-0.48041335582001476,38.79299649980021,30.038956711133324,N2,8,727,734
1.220799280399465,-0.4891455176168984,38.8148966179474,30.06262390279153,N2,8,728,735
1.4580464038809176,-0.5398186225824002,38.71036682192471,29.94964988086258,N2,8,729,736
2.1593718133122515,-0.5886869556306449,72.89735871571293,51.32444274226509,N2,8,730,737
2.173947040914733,-0.657621606211185,73.0310685231957,51.432262061313395,N2,8,731,738
2.4028279660855105,-0.7356012958796114,92.14742795070788,63.59956312224813,N2,8,732,739
2.667095352810602,-0.8328452282070069,92.24396814972351,63.70390839317952,N2,8,733,740
2.5867931680978913,-0.9283976594507655,75.74504774026855,48.91624640041164,N2,8,734,741
2.2577756351758467,-1.112603383933795,53.1173744089765,33.410359580104796,N2,8,735,742
1.628138783442818,-1.3368234317007026,53.09996400754608,33.39150047923613,N2,8,736,743
1.2986553011524968,-1.5820774707472234,53.12222886181871,33.41555565107683,N2,8,737,744
0.6272836691330568,-1.8303703356552155,19.021610126749692,12.13413691832011,N2,8,738,745
0.5106621788442851,-2.059554550122055,18.94924682612418,12.092604693248177,N2,8,739,746
0.14516261344834192,-2.3165579458972303,-3.6758989865761578,-2.671009418234007,N2,8,740,747
-0.05602098835257863,-2.560468986351859,-3.687889456018638,-2.6840038390878362,N2,8,741,748
0.12594494217886165,-2.8339919795684705,13.680495027958841,11.302851823907531,N2,8,742,749
0.3325569970176261,-3.058254311100568,33.44463700689357,28.667105714770514,N2,8,743,750
0.166696733511138,-3.3314778570120964,33.83766211987722,29.05523166427247,N2,8,744,751
0.10747960574143889,-3.546505888226173,39.78042183440948,33.563739496747985,N2,8,745,752
0.1850639394638236,-3.747801476695584,39.66328060793239,33.43711590991461,N2,8,746,753
0.5147830118058039,-3.7729628750762654,57.07190514298054,47.46751195882371,N2,8,747,754
0.5215508175956884,-3.6868344568087608,60.48227716493602,49.88396524529526,N2,8,748,755
0.5031207339330876,-3.5683632091187327,60.22658570142994,49.60761980357847,N2,8,749,756
0.29790800874897627,-3.4186912827134206,43.124699746056194,35.90877502834246,N2,8,750,757
0.007283666905678388,-3.2369600613502096,23.376834469959704,18.562170190341476,N2,8,751,758
0.08856054101971722,-3.02522692858626,22.98257597889915,18.17272299776414,N2,8,752,759
0.15817467891942272,-2.7946612689011716,17.127742040183875,13.759285997568895,N2,8,753,760
0.13637097815576027,-2.521873050152258,17.078889103114307,13.70646431122077,N2,8,754,761
-0.28248121919168057,-2.3798547109604087,-0.20649699522618903,-0.2274031218012169,N2,8,755,762
-0.2964327600937864,-2.2357166535148503,-0.23414694954726656,-0.22052388647261978,N2,8,756,763
0.09764413446265507,-2.0892745822945287,17.36471690907547,14.015479139565286,N2,8,757,764
0.090681900454193,-1.9146019282924556,17.136569012936434,13.768922492348338,N2,8,758,765
0.2853133910607468,-1.5786415010164347,35.41938121606108,32.94894091852848,N2,8,759,766
0.1448214289118539,-1.2886417207896899,35.40946318823353,32.93822236771712,N2,8,760,767
0.14297428412646696,-0.9648190665017427,41.31549170658718,37.43934103429774,N2,8,761,768
0.38196294210655424,-0.6340212461937842,58.73809824400587,51.48482483928001,N2,8,762,769
0.33246773206945335,-0.3306357952397425,61.721654755314376,48.88203261537137,N2,8,763,770
0.5536589663042335,0.017462743595425323,128.47216060746496,68.41166077910066,N2,8,764,771
0.36717017001209484,0.3919405585819735,114.29008491860213,51.96501438121959,N2,8,765,772
0.20951683574949698,0.7585950493901681,114.23913849490918,51.90992740712227,N2,8,766,773
0.09674437516660106,1.0387106985516552,95.9540085827457,32.727377738389805,N2,8,767,774
0.057266326601371986,1.3818352521257564,95.86871946512156,32.63518332646299,N2,8,768,775
0.05874436899679125,1.7002500611313405,89.91737718292052,28.08507585066718,N2,8,769,776
-0.3160015791344648,1.9887707748136187,72.58534865462843,14.100793300274745,N2,8,770,777
-0.19906509297138086,2.2398155454077213,69.60361118069613,16.70556250232721,N2,8,771,778
-0.22922339089949872,2.343717553135211,20.13051937120008,11.076350601816557,N2,8,772,779
-0.4896964219932727,2.428670076445141,17.089230978868272,13.656142371484748,N2,8,773,780
-0.5224132281330114,2.434076304110153,20.235280935672108,11.19226494955501,N2,8,774,781
-0.545363956033377,2.2896789388412357,38.46437507258406,30.31425276281516,N2,8,775,782
-0.5549821634728858,2.0729355184733294,44.5012099568944,34.95685209908106,N2,8,776,783
-0.26240090498357915,2.028649970620126,61.74373290288122,48.80767146766948,N2,8,777,784
-0.13355281707187316,1.9185496293914652,61.876901283332245,48.988346818635364,N2,8,778,785
-0.23665824557009785,1.8157944747472374,61.75825838247056,48.89681554544586,N2,8,779,786
-0.47748451756341126,1.6992484926576545,44.41602348048582,37.40954296406062,N2,8,780,787
-0.45303018895211977,1.53242794137519,44.40392437828723,37.43319106387571,N2,8,781,788
-0.3884231817809294,1.3430011876044003,37.819077683430805,37.337037917599446,N2,8,782,789
-0.3977082656372346,1.1616181301618607,22.72352442590818,15.737659445696863,N2,8,783,790
-0.02929594570637306,0.9977416424592711,16.778887051929814,11.194743161661336,N2,8,784,791
-0.3123331441666153,0.5531402657577796,-0.5009184079090119,-2.6964314407473466,N2,8,785,792
-0.22077383747294022,0.14884754346013707,-0.5580798123110071,-2.758240118377671,N2,8,786,793
0.2431437376985457,-0.25532393277415355,16.74866894007937,11.162014867200014,N2,8,787,794
0.1832296566316316,-0.7039204481439647,16.67132143976687,8.631891718257066,N2,8,788,795
0.17879961698837832,-1.105846069590132,16.54198881639877,8.492082902904258,N2,8,789,796
0.24554731609831038,-1.486898558635647,16.76919786126109,3.164183894880807,N2,8,790,797
0.32425825400386543,-1.8661935252381743,19.480058703303257,10.076130952862059,N2,8,791,798
0.5617720492278053,-2.145674805064785,48.98118290556886,38.243916843995976,N2,8,792,799
0.6182199037239613,-2.3866857585600965,48.94054852522004,38.20006154493376,N2,8,793,800
0.5800550912833131,-2.603834109932012,48.92341042111366,38.181560419355264,N2,8,794,801
0.26387551763627215,-2.677737479112474,31.617451068876107,24.262149601523106,N2,8,795,802
0.36305555889069296,-2.637604543095817,31.832200713634847,24.457613255001434,N2,8,796,803
0.31313748358032,-2.5801429752478837,31.85041863329934,24.477299419892915,N2,8,797,804
0.2767155619745836,-2.379832590983601,35.079244065044804,32.383857874286605,N2,8,798,805
0.24942283260048015,-2.0961993012245754,29.25756861983973,27.973872644989115,N2,8,799,806
-0.21859477758295043,-1.8577990316586803,-0.30222400829734397,-0.25735926218158056,N2,8,800,807
-0.44083219537882457,-1.5479465722470729,-0.25788909166112717,-0.20946639292242253,N2,8,801,808
-0.04717720543063564,-1.2544004481195512,17.037116327712283,13.69806854774879,N2,8,802,809
-0.03824550558798023,-1.0297791560114358,17.03099798475978,13.691424776729946,N2,8,803,810
0.003090744289991676,-0.8319047906216075,17.006147783124106,13.701259911340912,N2,8,804,811
0.22993428435398755,-0.6634102310943071,20.19065306014545,11.2789682171815,N2,8,805,812
0.3151722146760463,-0.6023428060746618,20.19297379006639,11.28142929689966,N2,8,806,813
0.603376188703443,-0.5302104645611223,41.10372099012511,28.289864844604836,N2,8,807,814
0.785843281614504,-0.38176943210333825,59.52683524717577,47.62158775245416,N2,8,808,815
1.0195998398662383,-0.26727481452960733,59.53975921264282,47.63553222107112,N2,8,809,816
1.0174587232507122,-0.15823205647780592,76.35597056484403,55.02084430247987,N2,8,810,817
0.9635154695424433,-0.08844747964553923,76.2640596460351,54.921518110221314,N2,8,811,818
0.7734286463446765,-0.007365500848848683,76.34450875742823,55.00844885466904,N2,8,812,819
0.7163009221200696,0.06476405685808606,73.2237613610996,57.49970362618069,N2,8,813,820
0.638087011886654,0.14434977722357356,73.25840485543085,57.53718663271138,N2,8,814,821
0.3281814736695452,0.22810940178423467,51.73288007536121,39.86423272148613,N2,8,815,822
0.1782523931287514,0.1866222567112481,33.92891404607599,21.201797128942417,N2,8,816,823
0.42971368327226145,0.14420697546853667,53.074191200862515,33.40038311897115,N2,8,817,824
0.00536383413356134,0.10486738671530871,18.972234045695586,12.11753888223393,N2,8,818,825
0.14373500739647938,0.06830468266962031,19.060887966566042,12.21337751910687,N2,8,819,826
0.30768940424850655,0.02717081770241725,15.572515446830948,9.639149774727684,N2,8,820,827
0.3146574450248494,-0.01495652765171318,15.514531889686623,9.53969792695716,N2,8,821,828
0.7371480436188449,-0.005839335306144999,34.69267668255998,21.773800990773452,N2,8,822,829
0.7302717640931533,-0.04691846461645177,35.27432095488621,22.402520517405264,N2,8,823,830
0.9966540592871524,-0.08937655629046803,34.726617885138694,21.81047770873147,N2,8,824,831
1.0571621770164867,-0.12864707654468432,37.38758989208145,31.48869015484115,N2,8,825,832
1.1948091188555878,-0.1732344040814775,37.33209201312093,31.428704887660842,N2,8,826,833
1.0537802552248081,-0.2184954504356993,37.38766384452174,31.488753531672955,N2,8,827,834
0.9996932725409096,-0.2506757657429013,40.7726434488668,33.95127403655579,N2,8,828,835
1.489339845582876,-0.1605519078550115,107.04381060055493,54.8163194418039,N2,8,829,836
1.2262661093434275,-0.06174024098087738,91.02609790861698,40.13390224530349,N2,8,830,837
1.0232299084054475,0.08508181984103302,90.97011024363292,40.07337368989056,N2,8,831,838
1.0730664636929035,0.2287289116108826,110.21315681825763,54.05792720618547,N2,8,832,839
0.6798859804154489,0.3635526154890205,88.3306228669835,32.09870426859379,N2,8,833,840
0.5873164531096293,0.4849366653631293,88.32356808085387,32.09103387176128,N2,8,834,841
0.5918673308865365,0.5950112375711893,88.34888227370811,32.11840200380266,N2,8,835,842
0.7550899960023969,0.6798967614275577,88.31451087858477,32.081186715313834,N2,8,836,843
0.571649174567618,0.7041597426549737,41.318258782183875,23.591519101766607,N2,8,837,844
0.44574672629451584,0.7189122624253468,38.092753914083914,25.969497408348616,N2,8,838,845
0.7470651814590283,0.6667577585368725,38.14893889914947,26.030209450659186,N2,8,839,846
0.39718914463404076,0.6151592259702352,18.5626189134764,11.67459172999861,N2,8,840,847
0.6483136976126858,0.5712683767508175,40.81259770872839,34.03090907600972,N2,8,841,848
0.5158050242521597,0.535408245301829,40.919639251515946,34.14663438357047,N2,8,842,849
0.45948669912100115,0.494456268239158,40.775622727430346,33.99097678733369,N2,8,843,850
0.3875356190412802,0.45782291569611466,40.79607207587014,34.01313427750392,N2,8,844,851
0.05668314659487095,0.3659736243792122,21.633137698706378,21.79553978558215,N2,8,845,852
0.07111675767193759,0.2724448700612885,24.707011239509484,19.25370611383778,N2,8,846,853
0.40033702709738606,0.18450784273769338,45.03929480047918,33.21088878853834,N2,8,847,854
1.1996648575284894,0.1488974638839875,45.36722567301513,33.56536479971237,N2,8,848,855
1.1053013264328655,0.16008088025363731,23.24862394058073,11.351041731712485,N2,8,849,856
1.1629950770306792,0.1453886261343622,23.04983223734962,11.136187616371899,N2,8,850,857
1.2063543146167746,0.12194212786040382,23.197639301065465,11.29594679826505,N2,8,851,858
1.5378690332799678,0.0824917135090888,42.40425468805461,25.24110075597673,N2,8,852,859
1.4923404396524873,0.012766048043626022,42.29518546683721,25.12320475715069,N2,8,853,860
1.451743145717586,-0.13151661686936178,39.27079466640316,27.718491565872228,N2,8,854,861
1.0307563996456324,-0.2936248983306422,18.952912299792843,13.776901842655661,N2,8,855,862
0.23403764683028072,-0.43682865008913474,24.961341653534873,18.38873143735782,N2,8,856,863
0.2759994264751384,-0.6093135706707167,39.169044480160665,34.46546851146559,N2,8,857,864
0.13911254750053104,-0.7538685972029002,39.32108189387509,34.62976170823731,N2,8,858,865
0.1987741479090417,-0.8975118142149077,42.35467140820492,32.04433089679242,N2,8,859,866
-0.19801368189223467,-0.8063991783161129,23.170170582035098,18.08635445743039,N2,8,860,867
-0.15930230525092526,-0.706907510250185,23.224897841945676,18.145479235221956,N2,8,861,868
-0.07858934019940733,-0.4852490159880163,38.549086743193584,30.392944645514945,N2,8,862,869
-0.11960417308455362,-0.2610998048135049,38.55934131385129,30.404057358824048,N2,8,863,870
-0.06591723308859798,-0.12266008663144712,32.50222270028644,25.739623233405837,N2,8,864,871
-0.35998973332183937,-0.03215729247419752,18.192443108331645,9.552539757415161,N2,8,865,872
-0.1286055154065906,0.05165849726567062,18.163175830820364,9.52094415191732,N2,8,866,873
0.15061211012243092,0.19428073439577398,32.39859641606563,25.985855209302372,N2,8,867,874
0.13526146851140197,0.11889777200473084,32.46573816443015,26.095158196585544,N2,8,868,875
0.06736734256767818,0.04763315053378525,32.40385517099185,25.991552185959335,N2,8,869,876
-0.03757497314312275,-0.13309725473590417,17.084649955340865,13.749519465773119,N2,8,870,877
-0.021818126964213036,-0.3024098772150059,22.975613511579468,18.234347591341702,N2,8,871,878
-0.1791816041671339,-0.4694188621094253,23.026967258662808,18.289851940035987,N2,8,872,879
0.13596260102052327,-0.5976216205485398,41.384050971301804,37.55017974014572,N2,8,873,880
0.11492884892952304,-0.7203895608764288,41.398490753531405,37.5657977574333,N2,8,874,881
-0.22471897250481732,-0.8343704156554965,24.00114918053896,23.54759197951489,N2,8,875,882
-0.22358614081110773,-0.8768647344343865,23.969320635658732,23.51317496174397,N2,8,876,883
0.15906011707997436,-0.858400422365277,41.29789818024801,37.49378038141458,N2,8,877,884
0.17204379591286312,-0.8414868034322018,41.32714372487408,37.52536909156743,N2,8,878,885
0.2561198552326971,-0.7325549838355121,35.370061388815884,32.96899986327708,N2,8,879,886
0.3451552329337133,-0.6260371383744858,35.279991630385666,32.87163590740511,N2,8,880,887
0.17117571476580906,-0.5295970113947921,17.122870082060217,13.82746244466398,N2,8,881,888
0.40319854330834204,-0.3460125648317933,34.257091542561284,27.561227294253513,N2,8,882,889
0.4539160323443241,-0.21760444422704417,34.455150639638305,27.775345595832277,N2,8,883,890
0.5630674969816738,-0.1809777878674561,34.44622725087265,27.76569996666649,N2,8,884,891
0.06628880596269937,-0.22096122594562084,17.0732990684146,13.77388287958911,N2,8,885,892
0.06511677409486083,-0.24094365308968335,17.05638615751741,13.755578763923495,N2,8,886,893
0.08471311335981113,-0.30207213375959885,23.014954082585973,18.31359800356313,N2,8,887,894
0.12752890242005321,-0.3630911431157209,23.15684005384992,18.466966791414052,N2,8,888,895
0.0020115940935099275,-0.4436127115476096,22.888404210340013,18.176813410140767,N2,8,889,896
0.43602995280026846,-0.4233830899008204,47.73189597536475,37.67478536737326,N2,8,890,897
0.4280315490582396,-0.2951978243005078,47.55048585959503,37.478675584034136,N2,8,891,898
0.5512656129639453,-0.09474208018863184,64.81686173304752,51.35530630564199,N2,8,892,899
0.6968418610398501,0.11315752516612321,64.94141619607853,51.489944873274,N2,8,893,900
1.1039981233481484,0.2980455079814375,131.21301895846955,72.31874991353607,N2,8,894,901
0.9853259817138422,0.4241665809841102,125.32377371608982,67.83568191795666,N2,8,895,902
1.0281076801886257,0.5438499883555936,125.18871453974589,67.68967337181812,N2,8,896,903
1.433982618902661,0.7396932282559683,144.57645412408692,80.15028387328039,N2,8,897,904
0.6985290300426428,0.718726048334875,102.48630927987597,46.79701629863348,N2,8,898,905
0.6714265348717134,0.5766076049622679,102.55154009060152,46.867529833565186,N2,8,899,906
0.3474025305680257,0.3640139750052942,81.896309933677,30.524199455792314,N2,8,900,907
0.502230629289393,0.17150080732769046,84.93786797242774,27.947382282157832,N2,8,901,908
0.1314128978341884,-0.02595305278874349,18.6936765490982,7.111531882804684,N2,8,902,909
0.2314962941903218,-0.25942745180502946,18.605925672195553,7.016697019691037,N2,8,903,910
0.2314962941903218,-0.4892851969942571,18.745615275932323,7.167689308821082,N2,8,904,911
-0.11951625070351213,-0.7314392792910209,5.33708118110826,-0.7126539056557704,N2,8,905,912
0.09565666239409865,-0.8949901744778446,23.741919060099463,18.59925832161207,N2,8,906,913
0.44117277934328314,-1.0203158687906466,41.051357458391976,32.49753702673297,N2,8,907,914
0.40326897731362266,-1.0942624622115034,44.39101604851567,34.87433047095146,N2,8,908,915
0.279469605045648,-1.155903050439722,41.29525418275807,37.39256923210496,N2,8,909,916
0.5220602588424299,-1.2077282751496297,41.26532735892215,37.396936050253316,N2,8,910,917
0.26327281044623163,-1.2480778590343746,41.28874373101189,37.38553750228084,N2,8,911,918
0.5461879285584743,-1.183641651832544,58.61297102315257,51.324702702709146,N2,8,912,919
0.5842719352030201,-1.0657352535502822,52.701844102864925,46.81799356635793,N2,8,913,920
0.3116941648397642,-1.0033329556445105,34.382721763435256,27.598717086329543,N2,8,914,921
0.0138479410570298,-0.9445127773162909,17.11062717540881,13.740826568600369,N2,8,915,922
0.11654879731574397,-0.9200455248744781,17.12306869062013,13.75428278622303,N2,8,916,923
0.2178480839894732,-0.9168981305554107,17.151462839685337,13.784976919837845,N2,8,917,924
-0.10399649434972957,-0.9123203110694487,9.859430244278883,8.534334586130171,N2,8,918,925
0.17173670322755896,-0.8756871466214458,9.916272060778283,8.632463796959655,N2,8,919,926
-0.1754628625451815,-0.7585095037655751,-1.5235749930943712,-0.82895794012029,N2,8,920,927
-0.155269414344815,-0.7334045338971578,-1.6380587006260612,-0.9526589362812956,N2,8,921,928
0.11872704076434104,-0.687908105408777,15.81737668097685,13.128271141206824,N2,8,922,929
0.47184860540284745,-0.6465134278578875,35.888348521835724,32.24850106223175,N2,8,923,930
0.4975571952407165,-0.5925050216274776,35.93382891273086,32.33437666229884,N2,8,924,931
0.36823444882930545,-0.5355285885089849,35.80591273304162,32.19610062714719,N2,8,925,932
0.46855624708409493,-0.45592108673776277,43.176722485470236,37.53188118372509,N2,8,926,933
0.6536677555964943,-0.30368038397814257,60.47762336484266,51.44582104314213,N2,8,927,934
0.6943774023046885,-0.24482544568636833,54.437919075037826,46.800191287659345,N2,8,928,935
0.630734568723561,-0.18408820270148674,54.70299310939936,47.08668997743598,N2,8,929,936
0.2840075299661535,-0.128728484078378,37.23789125905569,32.995303546624655,N2,8,930,937
-0.210108505576585,-0.07538145763071569,20.07990364777652,11.159297178444831,N2,8,931,938
-0.2716452112929133,-0.01972774645870956,20.077931823192557,11.157170215667975,N2,8,932,939
-0.22746141702894818,0.04987430294588613,20.27854635375934,11.374023541169663,N2,8,933,940
-0.2609737939566159,0.10884868158862027,20.155890151652784,11.167959080635683,N2,8,934,941
-0.4317366348633769,0.11487697717283485,2.851932557786313,-2.7492449792648586,N2,8,935,942
-0.4226440192053218,0.05389363063646346,8.824959652334655,1.8243319499424615,N2,8,936,943
0.19294059851031875,0.05797484159549082,29.76249477642068,12.277108086689623,N2,8,937,944
0.38535784372898263,0.05849240390998034,29.66562526344569,12.172376306314618,N2,8,938,945
0.7187471556126539,0.057662829541676786,26.65989378503218,14.787904869913746,N2,8,939,946
1.2772570527934732,0.058168729963631094,45.062215051456405,34.097105848773936,N2,8,940,947
1.1061588480193336,0.05288325931486515,44.96580728952449,33.992860235540775,N2,8,941,948
1.4675235880477047,0.23489775180964312,60.27002390002599,46.29220973632073,N2,8,942,949
1.2433988869932833,0.40450116922194734,60.22186811697247,46.24016241695199,N2,8,943,950
1.1484664678667826,0.5701589921997003,54.397761120088944,41.82758230480795,N2,8,944,951
0.6300454655160834,0.6613671427602545,33.35114585037627,31.256914958749803,N2,8,945,952
0.5251806695071863,0.7460666782401999,33.4511227500152,31.364985766164864,N2,8,946,953
0.41033764975912135,0.8242618872064682,33.54869502065958,31.433718641122596,N2,8,947,954
-0.12490772538080108,0.8912449764998485,15.10632033580896,12.081217522015322,N2,8,948,955
0.05150853201628536,1.0114513633229985,15.103509572452822,12.078209457260527,N2,8,949,956
-0.22915803311683192,0.9332317396204237,-0.2303545554223092,-0.17970715736146303,N2,8,950,957
-0.14363147746658456,0.8526573541010558,5.727333085600549,4.344899643245299,N2,8,951,958
0.3194416046491071,0.7630579428061512,24.88022789878778,16.551664559733126,N2,8,952,959
0.4773928977713098,0.6775175848744581,24.97086597363159,16.649617007181405,N2,8,953,960
0.6584688136319485,0.5799626938254763,27.994283118200656,14.053217307682644,N2,8,954,961
0.3876890611048438,0.4781160382287055,27.898636473566512,13.986541360700357,N2,8,955,962
0.5275912627714874,0.3701710404544958,27.881455896285843,13.967957624228802,N2,8,956,963
1.0198034107520968,0.39077384266239346,58.565808788694085,40.864591691838086,N2,8,957,964
1.064793015810693,0.40859039302971567,58.52316872214669,40.81848263772008,N2,8,958,965
1.7127294769976942,0.41828511238880584,119.06465298928288,57.34790305658453,N2,8,959,966
1.2696776704080008,0.42737604666666673,99.83960362901962,45.026387641861675,N2,8,960,967
1.1809915278599874,0.4329128122900503,99.7927392200354,44.975740866859724,N2,8,961,968
1.1209903893561233,0.4442602099163411,96.752795325433,47.55426764188542,N2,8,962,969
1.2287242323534784,0.4385826739643619,96.77268691345398,47.5757481331334,N2,8,963,970
1.1405878575512531,0.4291348481559325,96.74734412315593,47.54833237627827,N2,8,964,971
0.6437686895404937,0.24124065515923654,69.2514340130856,18.194244233991412,N2,8,965,972
0.5606685793797226,0.0538239602333217,69.36399971403625,18.315956894733517,N2,8,966,973
0.3618025534945488,-0.13200367016821968,23.86698606016853,14.369137531570686,N2,8,967,974
1.2393847891972527,-0.1854456846115271,23.897731361887054,14.402396474490615,N2,8,968,975
1.3847481511052209,-0.2740411574352315,23.80884191880068,14.306326270090267,N2,8,969,976
1.8516174002263739,-0.33240513005129735,57.97331048063279,35.65679242158194,N2,8,970,977
1.909574214023813,-0.37552964245515597,58.054825102846735,35.74492938604635,N2,8,971,978
2.3685168755838504,-0.369778109914094,77.25421642445417,48.00203319512593,N2,8,972,979
2.486008706995456,-0.2076639598875385,92.3261937602274,69.61534825315175,N2,8,973,980
2.6440885421348312,-0.054746604027851475,92.33852408188704,69.62866704117278,N2,8,974,981
2.3159718673553513,0.08965828504270057,71.40610978385394,52.560079810005846,N2,8,975,982
1.420314462867566,0.08175043095297507,71.28647220992661,52.467466084817715,N2,8,976,983
1.0404632895342019,0.09085167283907669,71.05360119448142,52.215723310464,N2,8,977,984
0.510752862532108,0.06282837079237691,37.27469092159663,31.28204179462955,N2,8,978,985
0.528250114536668,0.09401456618951265,37.20126772324784,31.202676915080247,N2,8,979,986
0.09997009606211549,0.09083673809282988,14.679067052620667,16.550302345614,N2,8,980,987
-0.14802832847358616,-0.08402058762038056,-3.592647833373121,-2.61777691224097,N2,8,981,988
-0.10664010303483451,-0.24781453921903207,13.693624791346338,11.280357642972831,N2,8,982,989
-0.12432782260260922,-0.4007353184084632,13.680170799825646,11.302549326023836,N2,8,983,990
0.003069791238672792,-0.5282250085475964,13.78905322879018,11.420243012517858,N2,8,984,991
0.05638954852605593,-0.6417820475805502,14.065264193579424,11.718805415498537,N2,8,985,992
0.12123503743493558,-0.7445341927041245,13.686070912328432,11.308921446312524,N2,8,986,993
0.3432563395433732,-0.8407869770231002,31.03416057035338,25.273859434601945,N2,8,987,994
0.29531281538690735,-0.8215950380978452,34.4008752452728,27.679900548625483,N2,8,988,995
0.26183047703698037,-0.7991135050026159,34.371461200387785,27.648106167579954,N2,8,989,996
0.24546239721733087,-0.7582379321455504,35.388130162245034,32.95179492580746,N2,8,990,997
0.17292088857090704,-0.7167843808468648,35.33095142122693,32.88999085549631,N2,8,991,998
0.18682352963812576,-0.6650015903781803,35.29046501061839,32.846245588636066,N2,8,992,999
0.07341613581873929,-0.6031048167042812,35.32571711884793,32.88435378701297,N2,8,993,1000
-0.13549987089347582,-0.5197267617435513,35.360333196539614,32.92177041476589,N2,8,994,1001
-0.4092311492311751,-0.42840154082955184,18.07065038822111,19.019972053890342,N2,8,995,1002
-0.28136627642857803,-0.4647933417210952,17.970061259313297,18.947936581012527,N2,8,996,1003
0.17322282933439936,-0.4933254032343708,39.04909463073818,29.553694405993156,N2,8,997,1004
-0.018222782019435613,-0.4539296116829279,20.671509147455254,10.271185406270888,N2,8,998,1005
0.004638224977938421,-0.4315486341965542,20.706992300113598,10.309513556309867,N2,8,999,1006
-0.20509129287768246,-0.3574388871372376,26.699499884065517,14.904164541005684,N2,8,1000,1007
-0.012589532353558752,-0.2954667625899612,26.763695465235287,14.973564659157546,N2,8,1001,1008
0.30592453963182464,-0.17891197765246503,44.02497401567962,28.819815186415326,N2,8,1002,1009
0.2821804500590872,-0.009689264602904757,43.876611775672245,28.659438682693235,N2,8,1003,1010
0.10627150312833322,0.1691890064182342,44.05361243641346,28.850797088692616,N2,8,1004,1011
-0.05214699763683228,0.34512103195702437,23.002858488165657,18.275659296723916,N2,8,1005,1012
0.22755541250705846,0.4477555800610391,41.35783832645939,37.53371673418269,N2,8,1006,1013
0.2239681882492448,0.5737244089376228,41.438090379210735,37.62050088363958,N2,8,1007,1014
0.38885474176144896,0.6444108262528996,35.495295162296316,33.07957819822968,N2,8,1008,1015
0.34912403062295994,0.7231542946443286,35.325082282475705,32.89558452124447,N2,8,1009,1016
0.1764814326160078,0.795378840346908,18.029088981376844,19.01180725965378,N2,8,1010,1017
0.29311005472517593,0.745050024544236,18.049017781416296,19.033327951153296,N2,8,1011,1018
0.5211043958979644,0.7540282146545927,35.44118191927282,33.045886909504134,N2,8,1012,1019
0.25132351477590475,0.752506412916838,35.333611317730174,32.92958270708823,N2,8,1013,1020
0.05353361815080859,0.86239138532369,17.162027246705293,13.869773610194898,N2,8,1014,1021
-0.14749100453934005,1.0176318277952854,17.083945391893394,13.785374436070015,N2,8,1015,1022
-0.38553280270196666,1.149646934141992,22.941484079306974,18.23411041613872,N2,8,1016,1023
0.027694881584309883,1.3909589149407307,42.22526718212066,30.58236368824555,N2,8,1017,1024
-0.09618944855844802,1.5423402490775722,42.28953969903159,30.65184700660302,N2,8,1018,1025
-0.2108462424072215,1.6789917100869625,42.33187951763375,30.697641181940526,N2,8,1019,1026
-0.2820400674943855,1.7970833819844918,24.77325752655088,16.50513847904449,N2,8,1020,1027
-0.24155705098988278,1.8995850973706356,24.95809094035576,16.668203338966578,N2,8,1021,1028
-0.3969935830400857,1.8661792300150672,21.444662554873503,14.066857759523828,N2,8,1022,1029
0.016786401024347697,1.7597455758943394,39.61641526682433,33.126878302808564,N2,8,1023,1030
0.5504583102113756,1.6654957780467003,100.18445429418989,49.673219726963,N2,8,1024,1031
0.08126781680505957,1.4939403103001294,80.92444104437527,37.3507002248225,N2,8,1025,1032
0.20335119077272168,1.3402325038406429,80.86189526191174,37.28312537259717,N2,8,1026,1033
0.5652806136597732,1.1900032894482075,98.26040543671843,51.30255277237757,N2,8,1027,1034
0.36006387837741727,0.9842546637429552,98.3779308915664,51.42959877449175,N2,8,1028,1035
0.26101157754666815,0.7695325126843602,98.167153219194,51.23846734018889,N2,8,1029,1036
0.24371025154793813,0.5776108662913204,101.62844098527785,53.783423679455154,N2,8,1030,1037
-0.007671245031772855,0.37050927295700875,89.44206881739137,39.27801508959055,N2,8,1031,1038
-0.03485523345749186,0.2834140837983825,42.2000201381843,30.522835784095605,N2,8,1032,1039
-0.003132405571463437,0.22353568277016445,42.17773331089484,30.498720110092563,N2,8,1033,1040
-0.0761878706088126,0.2099331760797396,42.28333697961716,30.61282287231188,N2,8,1034,1041
-0.2686400294313458,0.1872568893791824,24.857462787938857,16.56377928362099,N2,8,1035,1042
-0.09465920305753173,0.13189920218251538,24.717461764389554,16.41246356573265,N2,8,1036,1043
0.16215364995643,0.0816424643995095,24.96468946152345,16.643009881000125,N2,8,1037,1044
0.30733149250401937,-0.0025352578180228846,24.852753186243717,16.52202823200514,N2,8,1038,1045
0.5648214215508389,-0.03673311815272662,37.27942251718832,31.28713163856628,N2,8,1039,1046
0.2126498581611571,-0.20431116578382857,18.047119774166276,18.99449753900126,N2,8,1040,1047
0.2658725903901171,-0.39394749504916815,18.053594875781528,19.001483932273914,N2,8,1041,1048
0.6883085456460094,-0.6201296750445331,35.26894992392954,32.8229857762808,N2,8,1042,1049
0.6959910204330981,-0.8077651997410094,35.39156588239621,32.95551683261556,N2,8,1043,1050
0.6004368262317783,-0.871335643088671,35.54768857414729,33.124253809869515,N2,8,1044,1051
0.5691222269796654,-0.8481381074108234,35.40688127661906,33.00874377815944,N2,8,1045,1052
0.5687804543235941,-0.7824556577061297,41.42633264376218,37.63253061667001,N2,8,1046,1053
0.7662017861064641,-0.6691666541064318,42.195675298772585,32.23072990672608,N2,8,1047,1054
0.8650305070718645,-0.4900868580584925,42.25978702501561,32.263313470416506,N2,8,1048,1055
0.9391663899229172,-0.3549786792405252,42.263938333122496,32.2678355142084,N2,8,1049,1056
1.2813914499828911,-0.20203657007345832,59.120574651900824,39.6968242158423,N2,8,1050,1057
1.1591108550163298,0.010395900052488027,59.128007771852936,39.70488060541811,N2,8,1051,1058
1.1004718812716732,0.1594648313757423,51.831932369335846,34.44992672471699,N2,8,1052,1059
1.0447891820215531,0.2583472972232639,51.60870968817562,34.20865075849542,N2,8,1053,1060
1.017337514501797,0.358318532405423,45.84193353627688,29.857977102909445,N2,8,1054,1061
0.5305769553504973,0.4234234174775864,26.725137941722096,16.0098901337019,N2,8,1055,1062
0.6531206170151975,0.4480255340637114,44.92799166670011,35.14023714195446,N2,8,1056,1063
0.8140876976028437,0.500879300076166,64.24889393498688,49.20888761261949,N2,8,1057,1064
-0.03150112781104042,0.5965003107718299,30.059802087342177,27.831814030599617,N2,8,1058,1065
-0.0322391695958828,0.6311686720417939,29.97839002620185,27.743791334179605,N2,8,1059,1066
-0.009258378014749269,0.655087213630348,33.812757221636275,30.45331273733018,N2,8,1060,1067
-0.027425368082397483,0.6738137678054543,34.09078748474258,30.753857049881844,N2,8,1061,1068
0.23609010062874347,0.731682787130945,52.95347011489412,44.327324986977146,N2,8,1062,1069
0.22546215629881772,0.7811456509844072,53.02083992088774,44.400123240835,N2,8,1063,1070
-0.14746775924959366,0.9563746901174071,34.79204057300194,25.2784773095741,N2,8,1064,1071
-0.2821265347729067,1.1169571822260662,21.366747197987024,15.699689588802357,N2,8,1065,1072
-0.14747595025819038,1.2201715521031016,21.511326266463584,15.855966160519529,N2,8,1066,1073
-0.040542971089038815,1.3180467313876956,21.50634240281397,15.850606692888505,N2,8,1067,1074
-0.12569433033871036,1.4145498325870767,24.586030911883427,17.98313979698196,N2,8,1068,1075
-0.08152984351290371,1.5084987159883134,24.891553629682676,18.313387447612968,N2,8,1069,1076
-0.3258384147015647,1.54805058880468,5.789973982075935,4.481721839670627,N2,8,1070,1077
-0.10199339002303986,1.5832105928924998,8.792383877365864,4.3703060935431495,N2,8,1071,1078
0.4342519412459609,1.4771169769866772,27.85681381147515,16.48151968348202,N2,8,1072,1079
0.6025151090348757,1.374251786743534,40.50195469699429,31.45046489401102,N2,8,1073,1080
0.4360503402840763,1.2426552294817972,40.3262204489547,31.260543338167736,N2,8,1074,1081
0.2610747195466345,1.1735433933727466,40.33608875877326,31.271188070576954,N2,8,1075,1082
0.37173838923796865,1.1502255897257592,40.70815043157745,31.67330560075152,N2,8,1076,1083
0.6551309177161357,1.2277284584655515,59.54958863152933,43.54342901062364,N2,8,1077,1084
0.6589198731722163,1.2970561148245094,59.62494631923164,43.58817499691395,N2,8,1078,1085
0.4771755018911108,1.3439687108756857,56.453212593293756,43.51658227340704,N2,8,1079,1086
-0.048124739486624435,1.3898442637284671,37.45163865278391,31.473289206930076,N2,8,1080,1087
-0.49948279661965955,1.4832890524201416,24.407871936528863,16.07351417047721,N2,8,1081,1088
-0.23757202567257707,1.5944173706662272,24.84145087250181,16.542163356181845,N2,8,1082,1089
-0.052907893815515195,1.631049745115058,24.96033022048414,16.67071449776404,N2,8,1083,1090
-0.012295082044140315,1.615565008969542,24.865085020674087,16.56775693804093,N2,8,1084,1091
-0.3618792224363432,1.4928542871530892,5.7646221762324785,4.380950586023118,N2,8,1085,1092
-0.43961932130574155,1.3806815147639975,5.683240318104254,4.329666051231925,N2,8,1086,1093
-0.08175254831353129,1.2805023217046398,24.95617107077851,16.66617418652322,N2,8,1087,1094
1.2503663693461746,1.256508880670807,24.59909780887847,16.28019418321628,N2,8,1088,1095
2.142087214365283,1.2427701179327675,88.85230848920764,45.35949141900301,N2,8,1089,1096
2.057274857644572,1.175078549858404,88.4181861762354,44.890254267033924,N2,8,1090,1097
1.9614361998695529,1.0621409830330888,88.40284545738905,44.87361149398521,N2,8,1091,1098
2.2218297961751645,0.9608756915886738,107.57168634615118,57.09771170659678,N2,8,1092,1099
2.0777018481055407,0.8008442427117806,107.53080697023233,57.09019675956597,N2,8,1093,1100
2.161605228380857,0.5849041386444704,107.58123794625135,57.14470935891404,N2,8,1094,1101
1.6952930839044953,0.3450852938992566,88.32592998330074,44.827260111459054,N2,8,1095,1102
0.6107398342569468,0.03736583225124335,94.63814108357201,49.76745263405883,N2,8,1096,1103
-0.1921040934827758,-0.38625967453826604,24.875195240195353,16.615297195417497,N2,8,1097,1104
-0.19283311904919742,-0.7639557204362779,24.962219533082134,16.709359187169866,N2,8,1098,1105
-0.16590321903815664,-1.1655467960427335,24.855720719459896,16.594257731096604,N2,8,1099,1106
-0.4341874645840065,-1.5737527604278962,5.819772327653482,4.51384167918377,N2,8,1100,1107
-0.16352933221101296,-1.9912852293201198,8.736745865923695,1.8024138193823092,N2,8,1101,1108
0.0630600117530733,-2.3423500645689943,26.11282609212958,12.354221547101133,N2,8,1102,1109
0.23774043176351256,-2.7381806543104426,25.75553494394626,11.967986186241433,N2,8,1103,1110
0.14709129559238932,-3.1520543737054583,20.0659812354952,7.700862078675982,N2,8,1104,1111
0.13653622594988946,-3.4736362893903943,20.141680512204402,7.782669744519353,N2,8,1105,1112
0.38025044734533253,-3.6664445405681323,38.44591088576544,26.985857321739786,N2,8,1106,1113
0.6167538146030083,-3.7039922231049,55.82113616616425,40.93034632119998,N2,8,1107,1114
0.7860183122091371,-3.7055000305716126,58.810516530358655,38.25775509717687,N2,8,1108,1115
0.718538984844237,-3.617082871846664,55.95705671396718,41.03785855498836,N2,8,1109,1116
0.42853802521724305,-3.5526608093919085,38.57550286338301,30.443438964573033,N2,8,1110,1117
0.37612495083559594,-3.394950039510401,44.84670844362881,35.33934706635182,N2,8,1111,1118
0.38211127825579183,-3.1394649845242286,44.57009000528342,35.00364183347165,N2,8,1112,1119
0.43013734749661126,-2.90975557108424,37.246350156670815,29.718791462219087,N2,8,1113,1120
0.11090563669768017,-2.771145213081095,18.891432725466984,10.460804183135224,N2,8,1114,1121
-0.17331046308478903,-2.691308385836031,1.602683810427152,-3.390212229477129,N2,8,1115,1122
-0.42503936065737946,-2.6203988501832614,-1.4403223787921888,-0.7756273274821979,N2,8,1116,1123
-0.1617910356757477,-2.530492204448581,15.795681623770179,13.068132405772758,N2,8,1117,1124
-0.19789227375640195,-2.390248579586455,15.696111166821538,12.997220561626818,N2,8,1118,1125
-0.2964809384422793,-2.2256953259267744,9.842940782712503,8.553166438572589,N2,8,1119,1126
-0.2784101836096653,-2.019357925124556,9.765844523063606,8.506504124906769,N2,8,1120,1127
-0.2627435946175183,-1.849337726720667,17.090422860362196,13.755561381753068,N2,8,1121,1128
0.2390392319439627,-1.6845220428599479,46.50197610068153,41.826555408954846,N2,8,1122,1129
0.22751541826065846,-1.4798611331571045,46.39585714947134,41.71186174474451,N2,8,1123,1130
0.3494288258883671,-1.299676391601012,49.5265005529036,39.23135992379821,N2,8,1124,1131
0.10707259675688618,-1.166360269475538,32.09365190697554,25.17480951592779,N2,8,1125,1132
0.15486904938170198,-1.0536543605025717,32.29008528126542,25.387125227157412,N2,8,1126,1133
0.304129150866018,-0.9187530109915576,38.17131867933767,29.86149632041179,N2,8,1127,1134
0.27328577749620564,-0.8916630741567193,38.2467397674809,29.943069699083935,N2,8,1128,1135
0.1642630514981036,-0.851281363638992,38.17099297272216,29.897900996158114,N2,8,1129,1136
0.2613030628568893,-0.7596835177727401,44.087754430407585,21.84078826560517,N2,8,1130,1137
0.37323786126046343,-0.7203475780633051,44.15325019607735,21.91159852312967,N2,8,1131,1138
0.7804116166814339,-0.6820671148662711,58.29983788556183,38.280491724931835,N2,8,1132,1139
0.7202438651213825,-0.6286036575883038,58.16820409713728,38.10144305668655,N2,8,1133,1140
0.7231422661067768,-0.5905586893824539,58.32743370529988,38.27353952586918,N2,8,1134,1141
0.7030266565772578,-0.558482691584925,52.313622947051954,33.65589204738899,N2,8,1135,1142
0.9139994860236627,-0.5268996156515291,52.30849836746165,33.650320294220364,N2,8,1136,1143
1.401086430048295,-0.29199896717825613,71.52331710929502,47.60442075415949,N2,8,1137,1144
0.8806933746629895,-0.11833980687545953,36.154614266789395,27.546903865638342,N2,8,1138,1145
1.0918931815402075,0.053672393249379446,56.37682630669951,45.40613648564886,N2,8,1139,1146
0.6129407686172357,0.23093176787266056,35.642806137805565,28.977690882101342,N2,8,1140,1147
0.5689588641522292,0.4148737078703588,35.82467481225649,29.211066615388972,N2,8,1141,1148
0.49250738210791667,0.6048747910389753,35.6438024135532,29.015587986313676,N2,8,1142,1149
0.4928644939945741,0.7363402460572184,35.70013606532757,29.039789107338493,N2,8,1143,1150
0.22389907006594711,0.8692315367233583,35.64307162042405,28.97811204602658,N2,8,1144,1151
-0.2073027365510498,0.812023671466565,22.511449064442786,19.71668622729885,N2,8,1145,1152
-0.22902342742764148,0.7517998150862644,22.250807175679256,19.43493742769806,N2,8,1146,1153
-0.20644874506564292,0.7510393092169725,21.451186962607608,14.073911559439694,N2,8,1147,1154
-0.20801990349033872,0.7427198655587901,24.936574131351335,16.644923955257582,N2,8,1148,1155
-0.13377497921776182,0.7890927416996609,24.912850601298487,16.61926036484465,N2,8,1149,1156
-0.0444037049735897,0.8212119637375848,24.946489214910798,16.655626020482032,N2,8,1150,1157
-0.16808903199482472,0.8463768606860267,24.96731829413784,16.714809368014812,N2,8,1151,1158
0.33257794950922914,0.91875684813039,44.18284353244508,28.989282172341973,N2,8,1152,1159
0.4313846600000488,0.97397297499929,38.03690432884014,24.228839599915318,N2,8,1153,1160
0.7433542746788859,1.0109265029209213,104.65571311277017,45.4328749256033,N2,8,1154,1161
0.3953960940332166,0.9752550307979373,85.2812727565115,32.94998585472467,N2,8,1155,1162
0.7883125401609519,0.9171112422367278,103.54535918842703,52.109781280115385,N2,8,1156,1163
0.7493604731607846,0.8450700515799996,103.57036725841044,52.13680474832154,N2,8,1157,1164
0.6350481454176204,0.7599904512604496,103.4648125255253,52.02268159373034,N2,8,1158,1165
0.6016843002595351,0.6577031642209104,103.40999704879596,51.9634614787833,N2,8,1159,1166
0.0015989009794594722,0.5465143922286861,87.32661729909705,37.210080497520266,N2,8,1160,1167
-0.1061303173327488,0.42578581595304144,93.50710176903885,42.00789218055843,N2,8,1161,1168
-0.2632941674009217,0.29874510867649207,44.46147764172838,35.012134163251176,N2,8,1162,1169
-0.22909881930210219,0.18075143429526186,44.37072917972637,34.950787393071096,N2,8,1163,1170
-0.7310521996758723,0.04109075358383496,26.146244859787657,15.833790464817866,N2,8,1164,1171
-0.7023110720398407,-0.13848482337285972,26.164420704076292,15.853447793812393,N2,8,1165,1172
-0.7221449588946456,-0.27043334407509434,26.12810786103455,15.814211858685212,N2,8,1166,1173
-0.45331209853664944,-0.31049871635306747,43.56578754654947,29.851096717857672,N2,8,1167,1174
-0.2760749703124432,-0.28499287833352405,40.453776257593745,32.35177460558816,N2,8,1168,1175
-0.11053750046076516,-0.25956765784850244,34.34715583155139,27.63379121577691,N2,8,1169,1176
-0.26013786975172337,-0.22868941165229817,17.09902312390841,13.776841406861422,N2,8,1170,1177
-0.41051763971072575,-0.21438455807922274,16.727887295694018,13.375635319028788,N2,8,1171,1178
-0.10730396121161334,-0.1685743118246359,35.33260419362614,32.90357492074327,N2,8,1172,1179
-0.18130065952747998,-0.12708848341693457,35.38603676780258,32.887849920769895,N2,8,1173,1180
0.04608906035170435,-0.12275578938824871,35.43980114120404,32.945972776184135,N2,8,1174,1181
-0.11307042963128566,-0.22072373714700522,18.047807312147597,18.95846928820538,N2,8,1175,1182
-0.1748143152584376,-0.4172023620954777,23.988912370053185,23.49754923008595,N2,8,1176,1183
0.039634128577048955,-0.5450850580130284,43.29616709329548,35.87114099658356,N2,8,1177,1184
-0.10091118060238102,-0.5604537018993119,43.18751062180763,35.75367831066069,N2,8,1178,1185
0.03272965429150787,-0.5025793030556516,43.58098711535513,36.142257323459035,N2,8,1179,1186
-0.08414538719653564,-0.3873788024125009,17.58069487371722,11.251747845219143,N2,8,1180,1187
-0.03132901155647971,-0.289777489507431,17.65175539779011,11.402064966693615,N2,8,1181,1188
0.08890570498467554,-0.000880059077275952,32.99764721972497,23.672935243437678,N2,8,1182,1189
0.08435895500845447,0.3676456011976068,32.81864377414513,23.479430076149583,N2,8,1183,1190
0.23873587191170742,0.7001708111230034,27.073257951302367,19.151923337959488,N2,8,1184,1191
-0.08260387484266829,0.9660816356541551,7.794011677213348,6.808611649462364,N2,8,1185,1192
-0.08788328101147869,1.1137275151361177,11.014784344534746,4.425571500863043,N2,8,1186,1193
-0.11061077301963707,1.187920663536561,10.997820623437292,4.443960034987867,N2,8,1187,1194
-0.12434274450618688,1.2632966287920837,21.463378619493596,7.221031549291183,N2,8,1188,1195
0.08553758939877554,1.3382517878221467,39.666817715828984,26.29376600632986,N2,8,1189,1196
-0.0934081186987541,1.2163132337675204,24.19169511813743,13.883190552923224,N2,8,1190,1197
-0.03934609520842258,1.0195070977338654,30.379325395249907,18.688715219963342,N2,8,1191,1198
0.20996978287733725,0.8418266535520669,47.518104040805156,32.42739710412843,N2,8,1192,1199
0.21866669538248829,0.6468204365836145,47.50392988233125,32.412076526402416,N2,8,1193,1200
0.3316053274084325,0.4510495380359618,44.416163114030496,34.93894354521399,N2,8,1194,1201
0.4431658981479103,0.27421932105795577,44.441112558470195,34.96594032849407,N2,8,1195,1202
0.48439661067386197,0.03493496718091027,41.30406423359818,37.47896636293899,N2,8,1196,1203
0.6399334563566228,-0.04472106311085877,43.9486554221985,32.2056788703112,N2,8,1197,1204
0.5678907359732435,-0.0673314789281001,44.06625286529743,32.33280609912708,N2,8,1198,1205
0.7260691485475235,-0.08302161485825899,41.07600878424273,25.07954758235246,N2,8,1199,1206
0.4634122565068921,-0.09705497204932634,23.86353455693734,11.261205939483261,N2,8,1200,1207
0.5494787416714217,-0.09506582937299868,23.926407781668786,11.329125027765258,N2,8,1201,1208
0.559823981695402,-0.0913803327609779,23.84876240950689,11.245198254237039,N2,8,1202,1209
0.5034331550179232,-0.07948997998968022,23.806297692552107,11.199298949954027,N2,8,1203,1210
0.4880324747671736,-0.07706227491603279,23.79100290496808,11.182709039795554,N2,8,1204,1211
0.5432723520689038,-0.15427931443170184,21.199912884054356,16.53529698760758,N2,8,1205,1212
0.3741695872280957,-0.30084048743190905,21.20361036032682,16.539294540260926,N2,8,1206,1213
0.4313979192526318,-0.4271866349605,40.825670220596294,34.70019455140482,N2,8,1207,1214
1.0934803435512421,-0.5262158901779257,40.700538408268585,34.56490454789218,N2,8,1208,1215
1.2125153503840451,-0.6287839278754843,40.71429144520789,34.579756151953916,N2,8,1209,1216
1.790280498757383,-0.6615904491927882,74.88495572591728,55.93690297280955,N2,8,1210,1217
1.6133442681993841,-0.7755981263246854,74.89230833356942,55.94486894061629,N2,8,1211,1218
1.7845863818957781,-0.70441250477091,94.07578929477859,68.18475358137675,N2,8,1212,1219
1.3639293250063247,-0.7474544434518222,75.72604103837875,48.93234496941568,N2,8,1213,1220
1.5705422965056712,-0.7696533449386234,78.8122762721996,46.403810113787586,N2,8,1214,1221
1.4474229671587509,-0.8446579729644377,56.17898952282121,30.891858812216014,N2,8,1215,1222
0.7890306093717854,-0.9927164577280774,56.1954150633328,30.90961887938829,N2,8,1216,1223
0.6025288001983284,-1.1382897931925848,56.21310323268426,30.92875186700985,N2,8,1217,1224
0.060907497548718936,-1.3711604823656582,22.11875394695653,9.65406561537111,N2,8,1218,1225
0.7672316956560294,-1.6016126455030788,88.36794933414603,30.458623274354977,N2,8,1219,1226
0.5974014340000764,-1.9894121789030237,65.77965038489765,15.734896163738995,N2,8,1220,1227
0.8822665183473859,-2.3934544714632366,84.01761499258282,34.84501842199461,N2,8,1221,1228
0.9195281916934306,-2.817702083790956,100.09508404364897,49.59202034851023,N2,8,1222,1229
0.8448598023746001,-3.1708412311506713,100.16857656714456,49.67148025970346,N2,8,1223,1230
0.7578013761426092,-3.471244924278645,99.7598201741248,49.22960636942116,N2,8,1224,1231
0.837730469666937,-3.7066331150978824,105.93178873066154,54.01823976150172,N2,8,1225,1232
0.8129330624323217,-3.9231309209614045,106.00719100822789,54.09977946643994,N2,8,1226,1233
0.4583670154267949,-3.890823491025575,60.7194887746964,43.77392577532373,N2,8,1227,1234
0.17372271463781175,-3.850299392561902,64.18608396992113,46.32455819565257,N2,8,1228,1235
-0.050546093919535906,-3.6894091017283444,49.05646906025413,24.70984044708257,N2,8,1229,1236
-0.05395893872300661,-3.451342324669932,29.771915151859503,12.360727085906547,N2,8,1230,1237
-0.12754179467240334,-3.170547050506732,29.485853184422012,12.051505113913663,N2,8,1231,1238
-0.2143704918857381,-2.836527011672443,30.18658861860422,12.809018028827268,N2,8,1232,1239
-0.18642597231404068,-2.550060672026671,27.08458304382293,5.474276979522983,N2,8,1233,1240
-0.03937884679110937,-2.179724935554381,26.96283061169379,5.342667044846166,N2,8,1234,1241
-0.2777214175512768,-1.9839429770183248,6.0286117452469625,-5.143268626117788,N2,8,1235,1242
-0.08743467930407434,-1.6945193319017982,9.028140873393568,-7.76546827673792,N2,8,1236,1243
0.1228014709383558,-1.4379456956760297,25.097288570953424,6.972538954724769,N2,8,1237,1244
0.3054594045940746,-1.1811559382482884,43.266793985842924,26.00868003638334,N2,8,1238,1245
0.415876809938176,-1.0195518643535948,43.73688131556992,26.51682203301334,N2,8,1239,1246
0.46858475253271337,-0.9143699074919169,49.4479885944138,30.807229827518313,N2,8,1240,1247
0.34661329011577635,-0.7673735578051257,46.3206402118949,33.291356462847034,N2,8,1241,1248
0.5087493758706998,-0.5890085605315427,63.63377896634847,47.218491776548035,N2,8,1242,1249
0.7294110584847715,-0.33016352621109846,63.50732930498543,47.118530142738564,N2,8,1243,1250
0.6555668602990039,-0.1989277352377723,53.252332441068575,44.52963487072611,N2,8,1244,1251
0.3614567202494712,-0.101973356416309,34.099983888442694,32.323442337016786,N2,8,1245,1252
0.10183384859208644,-0.09530440912285343,15.858510344471142,13.17279658616917,N2,8,1246,1253
-0.0901178545403738,-0.05681497233540078,15.857824847295888,13.135368922738053,N2,8,1247,1254
-0.021787815353043527,-0.06472478261355086,9.799609274771683,8.469732385457974,N2,8,1248,1255
-0.03157263188209214,-0.13718504902136353,9.826933959961025,8.499195914883785,N2,8,1249,1256
-0.4120857373264428,-0.3309918215331251,-7.4837870676010425,-5.425333286712885,N2,8,1250,1257
-0.6281820356505321,-0.5756642707132418,-7.446592417436477,-5.385153340294892,N2,8,1251,1258
-0.17299624223670662,-0.7874742591108959,19.044064504731978,12.121658580217627,N2,8,1252,1259
-0.07661612416595887,-1.0530763068229358,18.896647610329637,11.962268238161414,N2,8,1253,1260
0.25938065672222876,-1.261677055252079,37.518247107505886,31.523739069570183,N2,8,1254,1261
0.27765195292973033,-1.427673035494328,37.21845636076978,31.236356702173907,N2,8,1255,1262
0.3434542726047951,-1.503763197620076,43.25288154865211,35.87630661061576,N2,8,1256,1263
0.6129106965308324,-1.5394153711918648,60.411464973218244,49.636475309263915,N2,8,1257,1264
0.6602324691676102,-1.5668387252961686,60.49494100186257,49.72669128693906,N2,8,1258,1265
0.831190139492378,-1.5819206747211414,60.59144236606062,49.830978009184946,N2,8,1259,1266
0.4596614741550553,-1.5871677363625594,41.26742145901608,37.439236505378176,N2,8,1260,1267
0.39255883194448415,-1.4752022447085196,41.455775345049915,37.642859767061964,N2,8,1261,1268
0.08385996733013457,-1.3225648118886735,19.591120245367165,15.809022864777035,N2,8,1262,1269
0.198802362634666,-1.159073053782702,22.7158850232463,13.322170513176388,N2,8,1263,1270
0.0943210379870294,-1.038100330143994,16.65269899978557,8.651119696530259,N2,8,1264,1271
-0.11984469997028668,-0.9311669827376612,-0.44943218547996366,-5.047961021810806,N2,8,1265,1272
-0.18787807482214447,-0.7945009631721067,-0.4670560085833131,-5.140489455676288,N2,8,1266,1273
0.034024696641829166,-0.7064424640711096,16.822147354801928,8.760830668797098,N2,8,1267,1274
0.06805192484294764,-0.6352572187074159,16.75456278045658,8.687786975514427,N2,8,1268,1275
0.1738949371692371,-0.5546156832584526,16.71712538974043,8.647330828823215,N2,8,1269,1276
0.06884168553703773,-0.5487227032466482,20.18522327142182,11.199670036108728,N2,8,1270,1277
0.34157481415941504,-0.5818132856946914,38.982214489077705,35.68818158816612,N2,8,1271,1278
0.6430297368073568,-0.4999979619526105,56.36601807119405,49.691765622018465,N2,8,1272,1279
0.5639328808006923,-0.24542464124859897,56.277553242507565,49.59611148775821,N2,8,1273,1280
0.6844105673733623,-0.011838175206955626,56.214266595101435,49.60121337495093,N2,8,1274,1281
0.38071242265333893,0.21124984136591074,38.92604900767219,35.70095658542505,N2,8,1275,1282
0.4198676358839464,0.4248887530840708,38.96067427010712,35.73837974547678,N2,8,1276,1283
0.33286629123995226,0.566637928272419,38.95510430879858,35.73236605514467,N2,8,1277,1284
0.41024655891699524,0.7177066484513173,38.91351204117109,35.68742076916533,N2,8,1278,1285
0.01927856473439249,0.905348192189102,17.009637436297453,13.705090265988474,N2,8,1279,1286
-0.304507169288037,0.9651964603917698,-0.23341680833982537,-0.14633474401034618,N2,8,1280,1287
-0.21275153707445327,0.8396753729505022,-0.21442255928013765,-0.12578184170706663,N2,8,1281,1288
-0.017726215127048306,0.7724964767195637,17.094845085958696,13.797177080711663,N2,8,1282,1289
0.07206997227564216,0.705107177375897,20.03712164465105,11.11311221151027,N2,8,1283,1290
0.42230090560964584,0.6391339703570083,86.49760011134458,32.14594937658512,N2,8,1284,1291
0.24964037230943603,0.6401633016587276,86.48206828526327,32.12918638583869,N2,8,1285,1292
0.09152000551661388,0.6992065983244391,86.2933123052062,31.925124910706472,N2,8,1286,1293
0.7337402713561474,0.7563127794021316,118.42885654298243,62.282786902539556,N2,8,1287,1294
0.6288385531414846,0.8073761439584519,118.33681794426775,62.18329239893956,N2,8,1288,1295
0.5153813567381889,0.846309898851473,118.33523961614537,62.1815678765488,N2,8,1289,1296
0.8365065001344476,0.8152642480688836,134.83450103353607,69.22445609448096,N2,8,1290,1297
0.7755338047633842,0.784393676150346,132.26544411855048,72.31195148494226,N2,8,1291,1298
0.24039260492920533,0.7308142394701704,65.83135548238715,51.30764297935366,N2,8,1292,1299
0.4456519810705686,0.6185451248011393,65.87911111656922,51.35926399926029,N2,8,1293,1300
0.6756226368999805,0.4400217138841285,66.0314556857511,51.523942846713,N2,8,1294,1301
0.004879771367690466,0.2000137207658046,33.954920705898985,21.230072323343848,N2,8,1295,1302
0.09858260032296329,-0.06405745902751114,33.87965075467946,21.148746065789055,N2,8,1296,1303
0.3879324168475975,-0.3219318476989912,53.132383431317066,33.46343547198285,N2,8,1297,1304
-0.2214634110019844,-0.545746023986684,19.374335715316192,12.552122086972304,N2,8,1298,1305
-0.3100008709710309,-0.7759194302735182,18.96630042067318,12.11105229570785,N2,8,1299,1306
-0.24069552248393222,-0.9583035671426359,15.496576769095554,9.55698022776869,N2,8,1300,1307
-0.21953464123187416,-1.153860263057732,15.415020435316364,9.468761492385966,N2,8,1301,1308
-0.036348516045919155,-1.15033261580402,34.72252749141535,21.81658328197318,N2,8,1302,1309
0.23272804170772332,-1.0750731566168206,34.5115157222599,21.588533484059553,N2,8,1303,1310
0.6248154432972086,-0.902630444562412,53.112579701996765,41.11251285363687,N2,8,1304,1311
0.37107258679132826,-0.7245265232055722,39.81205302542185,33.34890458600239,N2,8,1305,1312
0.4914666427205674,-0.560133865091796,39.773114233786146,33.30684720477984,N2,8,1306,1313
0.5408872987775268,-0.39170604168500134,39.760579539822174,33.29330059700624,N2,8,1307,1314
0.5543266756408514,-0.2523163683084757,43.29825659217204,35.92083222277233,N2,8,1308,1315
0.3206885483330879,-0.06516138882244427,43.22006227849215,35.83633489701515,N2,8,1309,1316
0.19502867796431644,-0.0722665661347115,16.755914360285715,18.38427769393911,N2,8,1310,1317
-0.005273601552751472,-0.14639105984523404,20.053267601347216,16.083936610168166,N2,8,1311,1318
-0.22575899129373056,-0.28547206925967217,20.683625173313885,8.851593108504858,N2,8,1312,1319
-0.3128904907907568,-0.40066801800283436,14.709561468280299,4.276910693278296,N2,8,1313,1320
-0.3767809969947109,-0.5480817505853413,14.782767968337794,4.3193345303152455,N2,8,1314,1321
-0.5993668469591,-0.6674517163807003,14.844113169016055,4.3856969898079115,N2,8,1315,1322
-0.7015155876801131,-0.6716372448494017,14.613881059087362,4.136809287694632,N2,8,1316,1323
-0.20222599451373213,-0.69686304697208,32.24291962549887,18.405391005757338,N2,8,1317,1324
-0.2974222353050706,-0.6470098106707738,39.403312020060184,23.513702492993616,N2,8,1318,1325
-0.06795173099600049,-0.5915151526653357,36.26077598953452,25.944635308131183,N2,8,1319,1326
0.09099316490001286,-0.39747122992603146,38.998948682326954,35.70628505152581,N2,8,1320,1327
0.19293217157112963,-0.21695337205253828,42.138839015128724,35.74346010983936,N2,8,1321,1328
0.19217300455287045,-0.006490708432718151,42.037163477932154,35.67024111108003,N2,8,1322,1329
0.3419384984357521,0.18086752655449168,41.830137782761994,35.44645091657276,N2,8,1323,1330
0.5263555512903793,0.26172894510624545,45.25274377064852,33.28154451237333,N2,8,1324,1331
0.22214818487078247,0.32947728026394607,27.830946075556312,19.236969493867946,N2,8,1325,1332
0.33954020060041756,0.33229626064163575,27.749155319422243,19.11183208962757,N2,8,1326,1333
0.3253871237874719,0.34808627503850254,45.19297683993318,33.21695928453846,N2,8,1327,1334
0.5010676704856394,0.2902292185576112,23.27193472647923,11.216086295458808,N2,8,1328,1335
0.6056368761911415,0.25128526891337444,20.159277970864423,11.20830951480275,N2,8,1329,1336
0.7601721476267329,0.23624665658582167,20.15053993183028,11.198871131702617,N2,8,1330,1337
0.784669937508518,0.3021896555411434,20.404336512825466,11.47320353548821,N2,8,1331,1338
1.0736405489008334,0.44362798486493205,34.503979821060966,27.791340566071085,N2,8,1332,1339
0.9855758515408013,0.7155455869076217,34.4147996373722,27.658221050697648,N2,8,1333,1340
0.6331010770270993,1.0526211544430115,34.52086636429431,27.80960313306332,N2,8,1334,1341
0.2828830086962526,1.4613726320657374,17.076748570901145,13.740897679671434,N2,8,1335,1342
-0.0329601536443036,1.8127792736229011,23.08440858877475,18.351959768260713,N2,8,1336,1343
0.14438687043368503,2.141525616557983,41.31206467428274,37.47241260321243,N2,8,1337,1344
-0.046630529999845294,2.439839122353666,41.406333513982645,37.57430365145865,N2,8,1338,1345
0.037838594354568045,2.6542997836864277,41.17994108583025,37.32953710001493,N2,8,1339,1346
-0.22553437702090662,2.8407666362749,24.001509609704954,23.54798735829172,N2,8,1340,1347
-0.18280030300989125,2.883025911490705,24.001805467868508,23.548317837203285,N2,8,1341,1348
0.371111804051111,2.843775705500903,41.228138013792886,35.70136931759953,N2,8,1342,1349
0.42260319667118296,2.7643072812029086,41.11248832243564,35.576329733855346,N2,8,1343,1350
0.32971468283293603,2.663229971942352,35.4032267607281,31.2878693883913,N2,8,1344,1351
0.0899932696756025,2.5312459765154074,17.09928986246996,12.08495959148604,N2,8,1345,1352
0.22047893885918768,2.390422078452163,16.927858532068967,11.899667723629136,N2,8,1346,1353
0.580448352621417,2.2888424049564193,36.45173882091149,26.187759604362327,N2,8,1347,1354
0.452134408519548,2.0848430631313644,36.251818003446715,25.97165685119944,N2,8,1348,1355
0.7848039519828731,1.8546339564057703,102.49567996093356,46.80716693514296,N2,8,1349,1356
0.5142483597122833,1.6357982420411172,88.45054193856504,32.2281805900775,N2,8,1350,1357
0.6677284708823095,1.465943303940147,94.54955793159115,36.905613366890066,N2,8,1351,1358
0.6865421537102279,1.2591412707679428,94.20854421052809,36.53696616999514,N2,8,1352,1359
0.724659454327643,1.0835779867472954,94.32908117165334,36.66726757875131,N2,8,1353,1360
1.0021745738715495,0.8886840248992396,112.67362209596286,55.9140432578788,N2,8,1354,1361
0.5743951526506095,0.5823093299365034,93.32537246112497,41.81585068217828,N2,8,1355,1362
0.6136183897015144,0.3419461757619864,93.40076153281461,41.89734934200624,N2,8,1356,1363
0.5299621807194868,0.048607144274475544,46.27861233162548,34.95198824808722,N2,8,1357,1364
0.49171124024545065,-0.22195895728047432,43.178111144061404,37.46514472663148,N2,8,1358,1365
0.4348957885090883,-0.594967449045674,37.18679386435906,32.90411804233281,N2,8,1359,1366
0.23782998551465795,-0.8881927958904772,37.35407252736695,33.084943356929216,N2,8,1360,1367
0.15977283116797736,-1.1939285319993385,37.29753443749178,33.023852486080614,N2,8,1361,1368
0.03135067405627012,-1.2566522090919605,36.36104903771957,27.80681453219404,N2,8,1362,1369
-0.18426701947590374,-1.1865391430802976,36.31938701994204,27.761773796251873,N2,8,1363,1370
-0.2042551318284822,-1.0670727597669831,36.29911251667272,27.739828908729578,N2,8,1364,1371
-0.31887335823480356,-0.8524863757088958,17.18627427761203,13.895990238768718,N2,8,1365,1372
-0.45498690632813776,-0.6711049735027164,23.01346737611493,18.311908264699923,N2,8,1366,1373
-0.47257625591821295,-0.4832111943151087,22.996274892166184,18.293348398606213,N2,8,1367,1374
-0.3794710407534154,-0.3221135098894763,22.82266353412797,18.10571422026169,N2,8,1368,1375
-0.3510599701681443,-0.13608845493302546,22.95844878294156,18.252471958136994,N2,8,1369,1376
0.12241879526656163,-0.10696927355914276,47.53057592407458,37.4717526261129,N2,8,1370,1377
0.5251815527538639,-0.114040669002069,47.61857161869193,37.566865823903754,N2,8,1371,1378
0.855393015412794,-0.17421780257421382,62.936208167904624,49.807207367845876,N2,8,1372,1379
0.6948394626812586,-0.22995457651627405,62.84864101643416,49.712541280586265,N2,8,1373,1380
0.8496017328365326,-0.20697556965692065,53.49878344181707,42.68532981413591,N2,8,1374,1381
0.9792349989973985,-0.1672648317690264,55.86207604971332,44.226630101747105,N2,8,1375,1382
0.9432282001358274,-0.10326831553475913,53.33262507138261,42.68900438009223,N2,8,1376,1383
1.2361227027344555,0.2084210800460955,70.6439752439619,53.17082459748417,N2,8,1377,1384
0.532734276027746,0.46964446330146004,28.682049000681218,19.94149718821336,N2,8,1378,1385
0.1168732822341525,0.7066973328515047,28.625760644415095,19.88064651406421,N2,8,1379,1386
0.1452694442600091,0.9487277238493839,13.390821395522835,7.729688373819954,N2,8,1380,1387
0.043145473202670814,1.1851818868843047,13.375446135340098,7.713064783596565,N2,8,1381,1388
0.044883487655361876,1.3542384367747502,16.907949834672763,10.334971564379885,N2,8,1382,1389
-0.04389334293928471,1.5120274541932641,14.591865771711127,8.844733669878224,N2,8,1383,1390
-0.07776535641434634,1.6491210890247583,17.198957115004305,10.42955316305688,N2,8,1384,1391
-0.45494444126077127,1.5258371663807235,5.703184099682403,4.351135388676084,N2,8,1385,1392
-0.4769116488511784,1.390086906331204,5.567281696555256,4.204241440772421,N2,8,1386,1393
0.3146098670523685,1.3230268485470962,35.09065301506598,32.37924935342198,N2,8,1387,1394
-0.052128850972671614,1.2907959356738985,35.02107882835753,32.304069276584414,N2,8,1388,1395
0.08481910112471525,1.3072121560808672,35.07794651351196,32.36556009168817,N2,8,1389,1396
0.0958575870018663,1.2984405695634145,35.02615944749141,32.30956671304375,N2,8,1390,1397
0.15151510519393696,1.2638860434121924,35.0357312235883,32.28316295309651,N2,8,1391,1398
0.6613953553339016,1.4010684591029818,52.37648611171062,46.27688970079544,N2,8,1392,1399
0.7500218957968272,1.63428001410914,46.425222373903125,41.72680292079713,N2,8,1393,1400
0.6837565674499899,1.8511554771957455,46.652453674895696,41.97243005676319,N2,8,1394,1401
0.17240174525937135,2.0399896939687503,17.01953147579934,13.67901511214859,N2,8,1395,1402
0.41956470715907557,2.1440979667180695,17.050099032054277,13.675345541506431,N2,8,1396,1403
0.4377316972267238,2.158943104486572,17.031779614486368,13.6555462183087,N2,8,1397,1404
0.47328869084217473,2.178575712473603,17.104809440715144,13.734475625160485,N2,8,1398,1405
0.4112117624534122,2.190983665178398,17.088377836370455,13.75342660973547,N2,8,1399,1406
-0.10872433521689118,1.9985215464948904,-0.2371766868445775,-0.18718502156934846,N2,8,1400,1407
-0.13140467775463804,1.6846682303257206,5.738937272459225,4.389751148475625,N2,8,1401,1408
0.1712655356921573,1.341795423154335,22.94695430288266,18.178429300353855,N2,8,1402,1409
0.1336831756396748,1.0834006883617606,41.338712835979095,37.47623568900144,N2,8,1403,1410
0.0446108613708418,0.8309541206659858,41.306813471242094,37.47847417181583,N2,8,1404,1411
0.13292905065590332,0.5860393674542062,41.364798480082754,37.54117730881535,N2,8,1405,1412
0.029213262869212997,0.29721642266023984,41.00359609830775,37.150768821826205,N2,8,1406,1413
0.35008470917380663,0.271806926920636,60.50224206157873,49.73117253187502,N2,8,1407,1414
0.4930822592871067,0.2687746843855958,60.53986751692082,49.771855507076,N2,8,1408,1415
0.4386928562443728,0.2538605909751048,54.39861648034275,45.01640481136292,N2,8,1409,1416
0.1899162393460685,0.2698587513442101,37.340064095374146,31.38932956502049,N2,8,1410,1417
0.15792427785709862,0.1656826139041403,22.125544518665265,9.66136403735527,N2,8,1411,1418
0.03855082047515879,0.0427578023121562,22.145318839005995,9.682714332752766,N2,8,1412,1419
-0.055656120915664076,-0.07486032151045041,21.926866153917217,9.446529388287672,N2,8,1413,1420
0.4617285684879917,-0.1529755900843437,88.62415977304772,30.735306896531256,N2,8,1414,1421
0.01729726474324167,-0.44778048384445146,69.17015127402829,18.203153524207664,N2,8,1415,1422
-0.23353566322373354,-0.7552026048518394,75.07530733732438,22.70338653100862,N2,8,1416,1423
0.17467197787829036,-1.046113743170662,92.56426091560479,36.820649842621606,N2,8,1417,1424
0.08252567148988987,-1.251113111090067,92.3141672535885,36.51355300027444,N2,8,1418,1425
0.08105865926728484,-1.432020777126283,89.30571966464868,39.126154239570496,N2,8,1419,1426
0.2901120405783715,-1.5486971466982045,105.64324674916134,56.821182426228916,N2,8,1420,1427
0.19184713697282518,-1.652899843158047,105.84404325408104,57.038252344395914,N2,8,1421,1428
-0.10980975851568786,-1.6414784489426744,58.63308610113836,48.31668083083605,N2,8,1422,1429
-0.144354636393615,-1.4804054049673967,58.51878297321127,48.19311823309454,N2,8,1423,1430
-0.05700150796157999,-1.2812603447193904,52.686733786568766,43.77191790373945,N2,8,1424,1431
-0.429190555316211,-1.0603335401662504,35.28042685294986,29.744023077422753,N2,8,1425,1432
-0.20276655331354476,-0.8388076529079029,35.39895626075395,29.908886294769218,N2,8,1426,1433
-0.29422447125061524,-0.6378239636352818,35.30184096685025,29.803908462079562,N2,8,1427,1434
-0.47301940155158206,-0.4021531035886081,18.896706980742238,12.035788955895441,N2,8,1428,1435
-0.4167921072675185,-0.14472961634912807,19.017596520699954,12.129724946848,N2,8,1429,1436
-0.5792280085471972,0.02136428617140318,-0.2395909774604661,-0.18979232138644875,N2,8,1430,1437
-0.46749569081438835,0.06904716903399688,5.793412165625341,4.448627574812235,N2,8,1431,1438
-0.12443575328627787,0.11067316586616194,22.939294689104827,18.1950338691031,N2,8,1432,1439
0.040801504848303694,0.26432458143239224,23.01443353185823,18.27625174417153,N2,8,1433,1440
-0.018285865025596593,0.3582145158478163,23.097251009533466,18.36573524114374,N2,8,1434,1441
-0.03817878687520704,0.45185590147622,23.078593599421765,18.345576853690545,N2,8,1435,1442
0.28908342424445976,0.5560587107930868,41.44455215739799,37.615540433649585,N2,8,1436,1443
0.42598763803573547,0.6467071657499943,58.63306825388736,51.44473230185213,N2,8,1437,1444
0.3311521846025798,0.8019608501124686,51.33079971839288,46.18304476953654,N2,8,1438,1445
0.4490498020147271,0.9732322567283003,45.24914148077278,41.492044048965,N2,8,1439,1446
0.3086744263830141,1.1302831892063958,28.097603238016745,27.666091783841694,N2,8,1440,1447
0.2537174079688427,1.1696869559875722,31.331686419814105,25.258021604609894,N2,8,1441,1448
0.19891932278735425,1.1983010269386716,31.16539922764332,25.07831574442298,N2,8,1442,1449
0.1589743818682905,1.217046390617866,30.89243552798598,24.74651900700428,N2,8,1443,1450
-0.2621426263804949,1.1770811977586666,12.938799587521316,5.922283806894484,N2,8,1444,1451
-0.46488447031137525,1.124943772899904,-4.428028961791824,-8.062918960956267,N2,8,1445,1452
-0.33687914590774426,1.005914183890524,2.8165444779187965,-2.86359085674394,N2,8,1446,1453
0.0033785374830728188,0.8349690093135971,24.056470514256034,14.50061729251047,N2,8,1447,1454
0.5907403289961408,0.787251893153563,23.958646164657694,14.468338363941257,N2,8,1448,1455
0.6893282571137433,0.633038073415098,20.750853439860293,16.904809682827363,N2,8,1449,1456
1.1266799162818657,0.38201226280111644,54.968274652798755,38.31247967713625,N2,8,1450,1457
1.2597925679693205,0.007268330950729762,55.10944938886951,38.501816626330765,N2,8,1451,1458
1.7314694796834829,-0.3364311539253295,74.00918199658554,50.43491883020215,N2,8,1452,1459
2.117600787169124,-0.7532032674242943,92.35390704990277,69.68190008021793,N2,8,1453,1460
2.0632340943396628,-1.2484433653178133,92.53052796034535,69.87282431680069,N2,8,1454,1461
1.6326673508233256,-1.8307333590841148,74.44732351123912,52.527256579936875,N2,8,1455,1462
0.7775103452391292,-2.549485590248681,74.5497708686089,52.63798398048857,N2,8,1456,1463
0.6432932047009814,-3.2139644268892438,74.4843267113738,52.56723287478053,N2,8,1457,1464
0.3201585994201892,-3.825656120780832,40.37343914757366,31.27471510650321,N2,8,1458,1465
0.34236982991112797,-4.342196703007886,40.52408289804407,31.437553529759498,N2,8,1459,1466
0.07634335633698441,-4.928965164459557,17.822254354852703,16.59106798747689,N2,8,1460,1467
-0.21194507935587126,-5.389158980526973,-0.46544244455617445,-2.594278743380528,N2,8,1461,1468
0.06583605432229689,-5.737884026324309,16.714941619740785,11.164524051198896,N2,8,1462,1469
0.15265820101349448,-6.0660153360947175,12.785333717593858,10.27372507561904,N2,8,1463,1470
0.3341215118833034,-6.335946466410659,13.693958996133006,11.25587383365837,N2,8,1464,1471
0.31376902779147287,-6.547007573212548,19.654562181269284,15.816072493656065,N2,8,1465,1472
0.18536849946625722,-6.641243188694103,19.639878027603118,15.800163378788056,N2,8,1466,1473
0.5475336484169802,-6.527240477271285,36.831746224693234,29.596270911370993,N2,8,1467,1474
0.434608748509973,-6.347299281174125,40.35767806881813,32.21113079031238,N2,8,1468,1475
0.5683475935803699,-6.128244210372797,58.6945802509872,51.449641705800786,N2,8,1469,1476
0.35294084898154665,-5.855223054725256,41.37888095127619,37.54453641851069,N2,8,1470,1477
0.39085310467837076,-5.496299796763399,42.32246311086692,38.56448315284888,N2,8,1471,1478
0.418575065510872,-5.121146570104054,41.23474219061518,37.388759205740826,N2,8,1472,1479
0.4785335878396211,-4.662468912923165,35.30095415942105,32.857582835257745,N2,8,1473,1480
0.6246477813932785,-4.223809571420141,35.3677195052187,32.92977691496981,N2,8,1474,1481
0.16535684166029796,-3.9045022890645846,18.128002409597684,19.08194744707089,N2,8,1475,1482
0.13427517554218582,-3.5532453335409535,18.0826126636739,19.032873040139748,N2,8,1476,1483
0.11265742672448908,-3.207502685092823,17.079762583151933,13.744142478800313,N2,8,1477,1484
-0.15194745983524882,-2.6539282959806876,17.08302136641396,13.7477054102701,N2,8,1478,1485
-0.011789342475964304,-2.140462202434854,83.1910837954756,34.43652177062722,N2,8,1479,1486
-0.09586475489030022,-1.6292272170259388,83.38876332352902,34.61348403689408,N2,8,1480,1487
-0.08014408885705393,-1.205410530436879,89.4038001544368,39.232469683493036,N2,8,1481,1488
0.17683398975739095,-0.7770581952700226,106.60761490430741,53.041457257387265,N2,8,1482,1489
0.19830404497865572,-0.3542947656718809,106.65778289187529,53.095675237278556,N2,8,1483,1490
0.1741090201533808,-0.008773994133974838,106.57580587172197,53.00709801902758,N2,8,1484,1491
0.03385775063291874,0.2615854285900525,89.23499450609233,39.050013748766105,N2,8,1485,1492
0.3990768408856198,0.2183128477700116,107.64196834240829,58.36426259944437,N2,8,1486,1493
0.19618187954937127,0.17151028731774787,41.44325753836711,37.614183930195395,N2,8,1487,1494
0.3576349476131142,0.12224311754481931,41.31872369900884,37.51628944805361,N2,8,1488,1495
0.35568596559524934,0.07830716313459973,35.406892936846816,33.008875473413354,N2,8,1489,1496
-0.12769195367170738,-0.04716622340430021,21.114836766139888,16.48281352104277,N2,8,1490,1497
-0.1545136025544096,-0.21178173652251076,21.191620412955672,16.56585458763493,N2,8,1491,1498
0.261814448787689,-0.39622148885540653,38.49212262307992,30.479375767261445,N2,8,1492,1499
0.38389198271146086,-0.5602309597518982,38.54059106871682,30.531791465630704,N2,8,1493,1500
0.24627579689708767,-0.7449046270776343,20.136875695325216,11.221068466219549,N2,8,1494,1501
0.3060019592516454,-0.8950976896032117,20.25471462880523,11.348433720700996,N2,8,1495,1502
0.264908103045272,-1.1082794551340136,28.832075149513003,13.710689911908048,N2,8,1496,1503
0.4634114901981121,-1.1549226990866472,46.05069182117495,27.535664244179316,N2,8,1497,1504
0.43747676693237736,-1.0721150987659023,42.992326101041726,30.094241017924105,N2,8,1498,1505
0.4856204687480883,-0.9419980970957376,42.884196360755595,29.977304963531424,N2,8,1499,1506
0.01139265822129687,-0.7736987802208688,25.69698788244932,16.18620756541077,N2,8,1500,1507
-0.043485068189653475,-0.6387436731471716,24.246366014333944,14.61814866248642,N2,8,1501,1508
-0.04313804295264134,-0.45460318002431777,14.138911271016696,8.079542568606485,N2,8,1502,1509
0.23071159076456382,-0.29658073666006857,32.39027557484678,27.225607494409815,N2,8,1503,1510
0.10308392396171939,-0.08076105103793196,23.76616191094854,24.81277832516662,N2,8,1504,1511
-0.1723527274372998,-0.03878373028841153,9.45782898310972,8.269084408259005,N2,8,1505,1512
0.1382717483765319,-0.08536968049159555,9.70668648537685,8.501383667590744,N2,8,1506,1513
0.43094160599908804,-0.14613291821112995,28.922812200108638,20.776537751261458,N2,8,1507,1514
0.6710737171856422,-0.2183420401203584,28.83814960939344,20.685034471666768,N2,8,1508,1515
0.5610405950636661,-0.2656831542936686,30.24385551762498,22.20449498401922,N2,8,1509,1516
0.4474950786384966,-0.32482587799799134,40.42990994988122,28.8280572115018,N2,8,1510,1517
0.05656105072460349,-0.27569507712970065,28.03757020136618,14.132327025480663,N2,8,1511,1518
0.49605562604768494,-0.08908418135892049,45.39427750455525,28.10659033268803,N2,8,1512,1519
0.50844357324398,0.0892438740486341,42.43455014539995,30.7718590166387,N2,8,1513,1520
0.3174623930256999,0.24640612117192262,42.17071940884671,30.523384544035252,N2,8,1514,1521
0.06772416536911408,0.34931758279512337,23.07886577395584,18.382593514169457,N2,8,1515,1522
-0.08953162456983677,0.439976872026385,23.013817624919284,18.275543373429173,N2,8,1516,1523
-0.04940896945223727,0.5061604069199852,23.00241871748858,18.263282497473483,N2,8,1517,1524
-0.11211875705781438,0.6307760424534585,22.786340037567243,18.029719664334152,N2,8,1518,1525
0.20673487143399427,0.6424632901996112,35.337429912990046,32.897029759930774,N2,8,1519,1526
-0.19006828328161163,0.4724672808179804,18.077562192526784,19.027432547924946,N2,8,1520,1527
-0.3095967536666393,0.29582782983043643,18.040677714652702,18.98752135518589,N2,8,1521,1528
-0.010315425196203876,0.13832802734678395,35.47111054949346,33.041486004199214,N2,8,1522,1529
0.13699306846467607,-0.014090462845476992,35.36811755345116,32.93015153329816,N2,8,1523,1530
0.07708917987761765,-0.14916937407508257,35.43282030162118,33.03683460376942,N2,8,1524,1531
0.14735630142150313,-0.29637338068700814,38.4698435014152,30.336829015473995,N2,8,1525,1532
0.30395273970338366,-0.5046813403755159,38.73189100917716,30.620112804460405,N2,8,1526,1533
0.29840673287684183,-0.5146114042497558,42.763673098341314,26.607571858735355,N2,8,1527,1534
0.3049323232241292,-0.522217064846803,42.86489639918909,26.717011527185605,N2,8,1528,1535
0.2893845663243084,-0.5127329366954854,42.834095029082164,26.68374268329717,N2,8,1529,1536
0.4009783741193189,-0.5228921379485278,60.774920866395405,34.05030894587617,N2,8,1530,1537
0.2852828287653111,-0.5116900625508229,63.800212058309626,31.45594572031405,N2,8,1531,1538
0.3035450475999184,-0.496150665986427,63.90799962727942,31.57244826547594,N2,8,1532,1539
0.1020954283649047,-0.4533034432918335,60.900723782026034,34.304602193356004,N2,8,1533,1540
0.11408624219793495,-0.4030737159566975,60.84702159766857,34.24648997028089,N2,8,1534,1541
-0.28823206592117856,-0.5433422069832297,38.1699194169596,18.687160167205548,N2,8,1535,1542
0.09313059335261187,-0.7153252899957394,56.35573606347043,37.76235900910433,N2,8,1536,1543
0.581585090921088,-0.7586365431561859,75.62004130320656,50.08955793802488,N2,8,1537,1544
0.1965568776747375,-0.794878695633205,40.24077436383777,28.660348219334082,N2,8,1538,1545
0.17451743403334774,-0.829989719772378,37.41958050399626,31.47535682236594,N2,8,1539,1546
0.2122440860963124,-0.8879498899546796,33.86890606132147,28.833805176548594,N2,8,1540,1547
0.3824510044251994,-0.8808084102995224,33.84073801012073,28.803345709852692,N2,8,1541,1548
0.6139988133684611,-0.7930736603828912,51.15262790740144,42.72918411782484,N2,8,1542,1549
0.8386531426285728,-0.5744825824284057,51.304615349213236,42.893446343430696,N2,8,1543,1550
1.0504184609507945,-0.3246187101199638,99.24553867873965,44.490425412226614,N2,8,1544,1551
0.4731586828228984,-0.1923632559300188,85.96264750632872,36.74587883973254,N2,8,1545,1552
0.5243072202760857,-0.04865401755866117,86.0048915376683,36.79160279365533,N2,8,1546,1553
0.4290099774903595,0.1464476764525422,85.7953646470578,36.565045588370594,N2,8,1547,1554
0.5453151489543373,0.367214374506883,92.41044769250766,36.65450341107953,N2,8,1548,1555
0.5523188527429639,0.524795622143241,92.28064473935228,36.51420267416415,N2,8,1549,1556
0.33155585340898597,0.6026503414665036,75.04964410095636,22.675844582305217,N2,8,1550,1557
0.09044292897748818,0.5504057776724558,75.0107735608326,22.633847791743392,N2,8,1551,1558
-0.16329682440297688,0.5596610693970376,27.917383040619825,14.0392385925079,N2,8,1552,1559
0.13835831047764202,0.6177563670567103,40.38801427328326,28.79805108502751,N2,8,1553,1560
0.12047362939659934,0.6575473086700363,40.39433389537953,28.804882611024368,N2,8,1554,1561
0.20693769831062525,0.6255423355599454,40.38692851839005,28.79691295095199,N2,8,1555,1562
0.14125908630573747,0.5730879705572995,37.21695271799035,31.2348901184032,N2,8,1556,1563
0.45239531571490943,0.6412559457512081,56.54080990440161,45.28193046357501,N2,8,1557,1564
0.4872607006434322,0.7572816569577157,59.47298411288284,45.09455679601251,N2,8,1558,1565
0.742994198881263,0.8584991722617445,59.590099454755546,45.221132415269494,N2,8,1559,1566
0.3901149255231928,0.8843392927879421,46.41977758456869,37.56588611824827,N2,8,1560,1567
0.34742972044328724,0.844445500806259,27.981408861370255,18.23918675589539,N2,8,1561,1568
0.37463000811303004,0.8085608417639385,28.040251841458485,18.30277492643836,N2,8,1562,1569
0.34180334145973745,0.7557185495489769,27.94680206720841,18.20177032277934,N2,8,1563,1570
0.40986850588231505,0.7077491227011059,28.023683138015258,18.284883523752796,N2,8,1564,1571
0.10422034030264626,0.5432653513495254,8.841273943722626,4.390734522641651,N2,8,1565,1572
0.09789734590120247,0.3221084689423783,5.738134339755561,4.393306912000298,N2,8,1566,1573
0.3395324527993182,0.15286927876723766,23.00186224819663,18.267083952254325,N2,8,1567,1574
1.1706520920704406,0.06420661839493036,16.949070708138606,13.639622351743128,N2,8,1568,1575
1.654395101762077,-0.025476758526220777,31.360879215348177,29.98364086082438,N2,8,1569,1576
1.7247707273939739,-0.04081669910926422,31.309144370279682,29.89099132363208,N2,8,1570,1577
1.8285019444933397,-0.03659652353403331,31.42692693607205,30.018285407766598,N2,8,1571,1578
2.1388591986744103,0.1726160604440885,50.54013421603486,42.182186461419406,N2,8,1572,1579
2.200356813818914,0.37188454865792053,50.65173860220784,42.302802355630774,N2,8,1573,1580
2.1237962983060896,0.5688882597225167,50.607053752526554,42.25448408792818,N2,8,1574,1581
1.688373423514875,0.7189841899689817,33.341060476021084,28.37825245550266,N2,8,1575,1582
0.7226173154006119,0.7882199430909651,39.26067422918095,32.89413954579868,N2,8,1576,1583
0.28857221560768664,0.870958098722614,24.95935488008945,16.669600136830013,N2,8,1577,1584
0.050848526853897624,0.9975834169108815,24.99886608498673,16.74901297355609,N2,8,1578,1585
-0.046366082219662985,1.113996603901601,24.996399069976178,16.74637021117178,N2,8,1579,1586
-0.39077187278691383,1.0240332663215987,5.80961632988874,4.502952843360617,N2,8,1580,1587
-0.5520871851317253,0.9227055649426212,5.6793581722322415,4.362145786762994,N2,8,1581,1588
-0.329687134008239,0.8611380704472893,21.023871391271314,16.631579779447748,N2,8,1582,1589
-0.35400072728538134,0.8587421534355535,21.030519314583216,16.638796533329696,N2,8,1583,1590
-0.1784168483024473,0.8507598889476569,15.164452830338632,12.180770701006622,N2,8,1584,1591
-0.27773334197914323,0.8414436920488377,15.110437020577592,12.122345764442798,N2,8,1585,1592
0.006604422060519255,0.6830219605318071,33.3046069908778,31.206608936495286,N2,8,1586,1593
0.3499251634745093,0.6043603887211759,52.60313926176423,43.5707591695118,N2,8,1587,1594
0.29192946893994076,0.6484724000896627,52.536074517925954,43.49823785594526,N2,8,1588,1595
0.2437162905731327,0.7458918627092075,52.53883870208847,43.46451159419394,N2,8,1589,1596
0.02678992082933007,0.7922829840690433,37.37231100833742,31.387484988353208,N2,8,1590,1597
0.06519939613406223,0.7667779736676792,43.21314741365131,35.81818629786994,N2,8,1591,1598
0.06593907147772882,0.7321497142604301,43.21679633643362,35.82214798911809,N2,8,1592,1599
-0.009587983034720082,0.6957322948243174,43.177053073091884,35.779156737814446,N2,8,1593,1600
-0.34358038595753726,0.6747788082222002,24.98667882842892,16.699037435693754,N2,8,1594,1601
-0.61312514324554,0.5262330820646639,5.582286848382864,4.220437546649009,N2,8,1595,1602
-0.6370301987039966,0.24056704919883387,5.638496112076609,4.281175874275505,N2,8,1596,1603
-0.24664823346186893,-0.06414055941657182,24.96163233936386,16.70865956748912,N2,8,1597,1604
-0.37410288666583824,-0.3691095072817774,24.874732204265456,16.61469514716009,N2,8,1598,1605
-0.4647053572349904,-0.6114360727310313,19.02453908015741,12.17384600706464,N2,8,1599,1606
-0.4971180098710306,-0.8345857468582984,18.987439422639,12.133731985564737,N2,8,1600,1607
-0.515315371939181,-1.001172608861971,18.91290338910767,12.053186358474704,N2,8,1601,1608
0.048972442837438734,-1.0258586534553373,48.320479092231835,40.11985891299446,N2,8,1602,1609
-0.1304935588832592,-0.8788231423810373,48.38051764392003,40.184757390394225,N2,8,1603,1610
-0.0320901615772442,-0.701053578768871,48.437222962236774,40.24608924994027,N2,8,1604,1611
-0.36242557156167265,-0.5429475083494459,29.151775098989674,27.896040507913312,N2,8,1605,1612
-0.3709420902233802,-0.3041334296936107,29.119449669711685,27.861125878185703,N2,8,1606,1613
-0.19969553008240837,-0.10986507195152484,35.03633229103798,32.374048901308925,N2,8,1607,1614
-0.2238683414618805,0.14112718250716227,35.014902140505,32.350906941826906,N2,8,1608,1615
0.16494415114237881,0.33149847433524116,101.28828655526922,53.18168769979002,N2,8,1609,1616
0.3212199689667017,0.4070442894126778,108.3719258472156,45.17153471356778,N2,8,1610,1617
0.4558060488997171,0.37012856859426435,108.43008024410119,45.197696287596955,N2,8,1611,1618
0.5877165069835684,0.329310515200703,129.3039242408704,55.581725142124924,N2,8,1612,1619
0.6467609298463657,0.28936131041997726,129.32250599379768,55.60185502896002,N2,8,1613,1620
0.8856093703509487,0.17732377836528102,129.33084946598683,55.61085311532133,N2,8,1614,1621
0.7577281871613621,0.06758672389857878,123.30014535241207,50.97493865317119,N2,8,1615,1622
0.7529676999445343,-0.07811098000695793,123.4286665390573,51.11385946535847,N2,8,1616,1623
0.7354584899451311,-0.11251525583952571,76.3324368024023,44.17156745798911,N2,8,1617,1624
0.4014821857311972,-0.025276474926691606,58.21783615604181,43.37498379040062,N2,8,1618,1625
0.3210052292172634,0.053267161293305776,58.2483535246829,43.44466692401329,N2,8,1619,1626
0.23080031703727855,0.18964878115704664,33.87630504567824,30.475803099237055,N2,8,1620,1627
0.32089896803539375,0.3193249256703936,33.825858705167775,30.421253871460067,N2,8,1621,1628
0.09857811018525808,0.45647412377696384,33.8823317174174,30.44559246469089,N2,8,1622,1629
0.22246098437007333,0.5901417955338424,33.92342554712377,30.490014996556965,N2,8,1623,1630
0.3153649753388805,0.6907972076177025,33.796682503692864,30.353004880642402,N2,8,1624,1631
0.03992832393986134,0.6850556817328162,20.726690025418065,21.183121795512307,N2,8,1625,1632
-0.24146198488823245,0.5478072823016866,2.260835151999345,1.8267258787900573,N2,8,1626,1633
0.17270983849668653,0.39629604972961374,21.420945132405905,14.041329947240229,N2,8,1627,1634
0.08783949471832386,0.17975735200420218,24.883362591566765,16.587477917412798,N2,8,1628,1635
0.08580343380945976,-0.0391727860709743,24.853344384646334,16.555046514496098,N2,8,1629,1636
0.29809537718561785,-0.26146158681513754,24.904555401428297,16.647148361318614,N2,8,1630,1637
0.17294376586083615,-0.4604698267304066,24.893101666324583,16.634771439729775,N2,8,1631,1638
0.3763559817107307,-0.4804111362985317,42.294491798204035,30.657338560377866,N2,8,1632,1639
0.31304143770593384,-0.5071292092375472,28.96541078455448,20.76390877018457,N2,8,1633,1640
0.3404361295209526,-0.5333257698662166,28.887474549870603,20.679610490030427,N2,8,1634,1641
0.14667758704202072,-0.5404900090213225,28.171400843366428,27.81930703388025,N2,8,1635,1642
0.13450774611486338,-0.4754272196193092,28.11656094236605,27.76004043668854,N2,8,1636,1643
0.07974969507220919,-0.337209980251604,28.16434028305048,27.81163039473813,N2,8,1637,1644
0.034614680642718554,-0.12436415246381571,28.116529371769502,27.759946183559805,N2,8,1638,1645
0.13761395808273846,0.12484947528830048,28.082292689205133,27.722936819471215,N2,8,1639,1646
-0.009035772209159632,0.19826951545171312,16.65402583759169,18.274067615246167,N2,8,1640,1647
-0.09783026821425267,0.26622456705934283,23.723337669405737,23.283966044298722,N2,8,1641,1648
0.28202667823198624,0.3382036487335718,41.489496775728185,37.700778069658554,N2,8,1642,1649
0.15490165136446876,0.4046706804727904,23.057432988953224,18.359415737270865,N2,8,1643,1650
0.0912422351227633,0.44566027654363793,23.025454668853854,18.3248533894066,N2,8,1644,1651
0.17603215058134936,0.42205574081632946,23.10324476043752,18.408963600533752,N2,8,1645,1652
0.06250624549376482,0.3207859350909317,23.06404847610429,18.366564254612967,N2,8,1646,1653
0.32764377520753385,0.3912281674241349,40.394367446828255,32.31227816040246,N2,8,1647,1654
0.259772671936787,0.6426941204337808,34.3957977577229,27.711085795320287,N2,8,1648,1655
0.634662920469296,0.8832413444153033,34.63754185114158,27.972409728477942,N2,8,1649,1656
0.21675320823334232,1.1044475453421683,17.033186206295795,13.730525106923778,N2,8,1650,1657
0.34637029733967495,1.3128776915692306,35.36520910416402,32.96377762611428,N2,8,1651,1658
0.4917153673026604,1.5249936729793916,35.463073173312296,33.06952882188398,N2,8,1652,1659
0.29406826221735116,1.716062045028977,35.300041615471855,32.85661712054207,N2,8,1653,1660
0.6170617789526034,1.8992025872954983,35.33490147212615,32.89432419966033,N2,8,1654,1661
0.46642601965784536,1.887135951851885,18.091513066987318,19.042547455176646,N2,8,1655,1662
0.4467156186872785,1.6876272662708445,24.12500078733683,23.649139891251252,N2,8,1656,1663
0.6268384414972701,1.4837513900306227,41.45973594993484,37.59961219410616,N2,8,1657,1664
0.7096027612770825,1.27447733659314,41.39805321184758,37.53294790950804,N2,8,1658,1665
0.34060596600757265,1.0608226625105566,23.03000124389655,18.260756463509097,N2,8,1659,1666
0.06352859410728229,0.7493177881648059,23.018462191794242,18.248320549744676,N2,8,1660,1667
0.18576500330939894,0.46105788706621453,23.087719065970305,18.359909169630555,N2,8,1661,1668
0.22032999183331015,0.19347072191171932,40.37067714334444,30.574124888056758,N2,8,1662,1669
0.09604340488525054,-0.09810868046834642,40.34083743026713,30.541873242720612,N2,8,1663,1670
-0.012672763933295528,-0.39294107372343134,34.41700044135359,26.053819264192498,N2,8,1664,1671
-0.5219069757663561,-0.6858469599508012,17.079750011052965,12.100595275334854,N2,8,1665,1672
-0.5862050970178387,-0.9767745001571875,17.051040754107817,12.069533472870717,N2,8,1666,1673
-0.37040263790407835,-1.2466462676782264,16.98311491010645,11.996160546403189,N2,8,1667,1674
0.018740472490350157,-1.4366155251659265,35.38893879428724,31.30915151860154,N2,8,1668,1675
-0.12494620911340348,-1.5836947871467402,35.39732673276012,31.318181049331542,N2,8,1669,1676
-0.451221872064707,-1.6229069979382835,17.997515253679012,18.97766663026141,N2,8,1670,1677
-0.38432001284276396,-1.6233305879703472,24.05691570070303,23.644581259953156,N2,8,1671,1678
-0.06342672701272534,-1.6492626869715359,41.21602985825484,37.40527567708523,N2,8,1672,1679
0.20421124670787094,-1.6727611370957831,41.27801748717502,37.43556926115707,N2,8,1673,1680
0.5814395274294668,-1.6526511815140026,107.6036686170246,58.32280193943188,N2,8,1674,1681
0.602105749770331,-1.6178856879649288,107.64480604591517,58.36725494380062,N2,8,1675,1682
0.47611247057180606,-1.623980343479566,89.29855740795938,39.11863457454001,N2,8,1676,1683
0.967233962019364,-1.356278553207158,106.57283385337541,53.00384477025273,N2,8,1677,1684
1.2124951523375955,-1.192114505806071,106.68643456199788,53.12658720296076,N2,8,1678,1685
1.2606952681719719,-1.074737218873807,100.62066812179546,48.4160738681976,N2,8,1679,1686
1.0972972399900556,-0.9099086693122906,83.43824284024049,34.63015544365044,N2,8,1680,1687
0.8066671804908907,-0.7263915983929365,83.419629166101,34.64675836409333,N2,8,1681,1688
0.44940496431003396,-0.5105820322839989,17.07518743890978,13.70251512464074,N2,8,1682,1689
0.4645759200082864,-0.3027065030944769,17.07809919924148,13.705672495259932,N2,8,1683,1690
0.7249768139936492,-0.008659030444988502,35.40959694027879,32.93834819087715,N2,8,1684,1691
0.22615120113538012,0.08663307726219216,18.067564260489235,18.97991854162592,N2,8,1685,1692
0.08516929160485631,0.24045727693297891,24.013770131919955,23.524518382293536,N2,8,1686,1693
0.36434537127844635,0.3924774570666685,43.24784257065585,35.85576225586465,N2,8,1687,1694
0.30628119859257197,0.5444468139203131,43.16100866481065,35.76189623053324,N2,8,1688,1695
1.1834730607472181,0.7053640023447159,43.21062192107456,35.815500780529874,N2,8,1689,1696
1.8188714000214787,0.8882407225068931,77.40699198466245,57.19670801231405,N2,8,1690,1697
1.694843303994773,1.0760953779259985,77.43239734342205,57.224158061420894,N2,8,1691,1698
1.6101837409411388,1.2652989005022697,78.17215484509143,50.110056938287016,N2,8,1692,1699
1.716243920606587,1.3345972140348508,78.3117137290119,50.2609244172163,N2,8,1693,1700
1.7282030420458057,1.3420797099991262,72.3582620756697,45.671823052039144,N2,8,1694,1701
1.3636731498064165,1.3486412926432472,53.058434923112145,33.26946598475752,N2,8,1695,1702
1.4528549588028739,1.359592863065508,53.19241623863854,33.414311629893746,N2,8,1696,1703
0.5781570186377536,1.3606577067109455,45.77588211801776,28.02909930274018,N2,8,1697,1704
-0.0011193367679709354,1.2684858323989339,11.707177108261021,6.822611162794601,N2,8,1698,1705
0.06242486038038919,1.164540449955016,14.590341789797094,6.582260830529776,N2,8,1699,1706
-0.11228947196336492,1.0491997432683924,-7.991245771152535,-8.134266341835428,N2,8,1700,1707
0.2610819042617152,0.9974441513426164,10.440021629450712,11.206202315005612,N2,8,1701,1708
0.5080004263275839,0.9522500292039382,29.617619153537817,23.476373250111465,N2,8,1702,1709
0.6565399655230237,0.9639770026227268,29.695759287578767,23.597618544366924,N2,8,1703,1710
0.6521649214064951,0.9793596031610434,29.67054351861043,23.570360254802836,N2,8,1704,1711
0.7156787216911908,0.9943777507481499,42.95106616994963,33.411313681561296,N2,8,1705,1712
0.7415270543573058,1.0050603828809557,42.88295046010899,33.30099625860748,N2,8,1706,1713
1.1135981060663482,1.0341939347159617,57.3391456022855,47.4968118400393,N2,8,1707,1714
0.9463631606023171,1.043118216787601,60.748546078964864,49.98571366329088,N2,8,1708,1715
0.5169992993384227,0.9979371484447626,42.2899952388434,30.615752720002092,N2,8,1709,1716
0.17849350362681093,0.9106046209635537,23.062570899630373,18.328397400892754,N2,8,1710,1717
-0.010078124416992296,0.7541691354592217,23.093538863793583,18.361853192649505,N2,8,1711,1718
-0.13740445662880063,0.6061831425243369,23.009084063518458,18.233857859347154,N2,8,1712,1719
0.0005637779129585851,0.4447736717589379,17.047817130429394,13.672955701445062,N2,8,1713,1720
-0.1850909204722342,0.31075196751611145,17.11036454326495,13.777224570413637,N2,8,1714,1721
-0.4630024517943241,0.18214762616471347,-0.26195200375332206,-0.21387843826687458,N2,8,1715,1722
1.7972699013131432,0.05767701190776009,-0.1921988100566523,-0.138501490753697,N2,8,1716,1723
2.158528760400216,0.009605411833682354,17.04775239004084,13.709559683196858,N2,8,1717,1724
2.4159079028489856,0.06657507353070358,37.221600927619875,31.516549611425035,N2,8,1718,1725
2.4736511023087076,0.10819602941577244,37.142545726741446,31.394387549792555,N2,8,1719,1726
2.5914757192332303,0.14392750385679776,37.24734208631526,31.544330364557027,N2,8,1720,1727
2.5428007100406376,0.2542847452922956,43.18762736120334,36.08251306047623,N2,8,1721,1728
2.9788887165230875,0.3631961753865518,60.47555125974213,49.98243563681899,N2,8,1722,1729
2.947000947710677,0.5179768383402177,60.48724774012044,49.99510193041624,N2,8,1723,1730
0.853621347457036,0.6331808751701367,60.47088322626405,49.977427909445396,N2,8,1724,1731
0.6173807458081058,0.6649264275998448,43.05784458373273,35.94224950210082,N2,8,1725,1732
0.42613792831411956,0.626785493304137,26.136464183948192,15.747025077600483,N2,8,1726,1733
0.47544004999417666,0.6298282315424579,26.206350359547287,15.859285720176558,N2,8,1727,1734
0.40200029085286815,0.6133970011512275,26.109505475551487,15.754667222468015,N2,8,1728,1735
0.2952159190575685,0.550760299205507,23.305990045242652,8.742607576795308,N2,8,1729,1736
-0.04787933726765914,0.4885581344232328,5.94964268565127,-5.231263200719695,N2,8,1730,1737
-0.035470361593041844,0.3657133760806488,6.000673939928674,-5.1761344245524015,N2,8,1731,1738
0.12304734731094413,0.22933920478052272,23.176208904378655,8.602316522771616,N2,8,1732,1739
0.04181367556779492,0.10886053157619102,23.381157657831864,8.823869576981451,N2,8,1733,1740
0.268275338274961,0.05009794794948874,38.466108657792574,30.45120225170467,N2,8,1734,1741
-0.0034475225129142473,-0.001166941633631069,38.513405446658,30.502293519567502,N2,8,1735,1742
-0.16085384618213538,-0.032081490172725324,47.10805410456123,32.8832403867018,N2,8,1736,1743
0.10844567925445858,-0.07062923642284957,59.26114778684132,47.54142742989279,N2,8,1737,1744
0.1141903494663552,-0.09610309828544317,62.41207614478117,45.082840795308584,N2,8,1738,1745
0.3083252190504311,-0.1251992568263205,129.31395708623313,66.98121122089833,N2,8,1739,1746
0.08507117773778816,-0.12639960413920548,112.32382380228228,53.40311619707518,N2,8,1740,1747
0.14726011800374295,-0.14962843883185428,112.1957991091549,53.26469595684375,N2,8,1741,1748
-0.2957491815394775,-0.21601188113490366,90.48122813262307,31.571581377621442,N2,8,1742,1749
0.006104606848012395,-0.29249519951510194,90.45813011159044,31.5466312626304,N2,8,1743,1750
0.18666358190823473,-0.38892870554935755,81.84545207619703,29.146172195570216,N2,8,1744,1751
-0.16081203721090276,-0.48446304205018365,66.54359986449708,16.94894301603472,N2,8,1745,1752
-0.17195427370278082,-0.5899595690582338,63.47937321675272,19.50126932159219,N2,8,1746,1753
-0.027572595615552586,-0.6204681708801019,15.652583392100496,9.72560345052625,N2,8,1747,1754
-0.08220748358073138,-0.5882158527912509,15.511426151075284,9.573042615094892,N2,8,1748,1755
-0.15483743344326228,-0.4724183008693359,18.6697534293653,7.1224701097880825,N2,8,1749,1756
0.14574714285467394,-0.2416161680988509,40.414975188994504,28.848730231505215,N2,8,1750,1757
0.0958289006846087,-0.002675576718520034,46.25362330329153,33.277053092157985,N2,8,1751,1758
0.17165911085101015,0.3793847631750431,63.64716796983703,47.29111767480572,N2,8,1752,1759
0.25843218937804124,0.7383111811335858,66.81405044102394,44.84973562651885,N2,8,1753,1760
0.36368368442005305,1.1045122500362332,66.71080131867893,44.738100677618604,N2,8,1754,1761
-0.10685228811588843,1.3831905145143146,47.66136870218543,32.64313014678919,N2,8,1755,1762
-0.11319359556993902,1.5918097714954804,47.53167093788761,32.50293628152849,N2,8,1756,1763
-0.12613461334100862,1.7112891333666163,44.47497537845629,35.02669273189076,N2,8,1757,1764
-0.3353960317083846,1.6965178417111613,26.110657409095438,15.758488816862155,N2,8,1758,1765
-0.49842040525741993,1.6700008423708468,20.205136274742472,11.257892125658145,N2,8,1759,1766
-0.593314228304223,1.5077045034876946,2.913710758155503,-2.6457802609666032,N2,8,1760,1767
-0.6450336693202559,1.361924376335244,-0.26343707782871206,-0.21548591676400974,N2,8,1761,1768
-0.4530315795281439,1.204668194548539,17.12250228049379,13.790402767321211,N2,8,1762,1769
-0.28350719835231075,1.0560743912985515,20.090884958284732,11.134509181726571,N2,8,1763,1770
-0.1785870313956366,0.8962613960021386,12.923835389938176,6.019011524505004,N2,8,1764,1771
