M1_log1p,M4_identity,M5_log1p,M6_log1p,dataset_id,window_seconds,window_start_index,window_end_index
0.4973871064912991,-0.06964241460036873,35.408189390666635,32.973557059160576,N1,8,0,7
0.1779652789984721,-0.05761787482690581,35.480172792257946,33.051327118776435,N1,8,1,8
0.49976937717909675,0.008791298877737077,57.20033744275877,50.9347024134299,N1,8,2,9
0.6101134975621568,0.11290047448325338,56.303296642076674,50.00176703047192,N1,8,3,10
0.43789343065434594,0.21252170241334067,56.45162291968384,50.125390398423875,N1,8,4,11
0.3410132119764614,0.3052163680819805,56.34139033335465,50.00622210470227,N1,8,5,12
0.3203736403442223,0.4101203204732369,56.450356759953465,50.124006600797436,N1,8,6,13
-0.08962966963580206,0.4340553768063804,38.044939555300175,30.811430090572067,N1,8,7,14
-0.3925290029530262,0.41826701764587354,17.31895465651229,14.391636268012753,N1,8,8,15
-0.15285851599576422,0.39790689565972087,20.45774255473684,11.919955558115817,N1,8,9,16
-0.35240044654758584,0.3074355509933068,-0.5956153921594805,-5.242650345087085,N1,8,10,17
-0.27970563907945173,0.1799011318534518,-0.47614737604784807,-5.113485685841553,N1,8,11,18
-0.23079054823136913,0.06993072667903175,-0.44638398675961355,-5.044565854602027,N1,8,12,19
-0.15824793372223286,-0.12368731126870876,-0.5516035333073575,-5.158329628645262,N1,8,13,20
0.07938290833521475,-0.32799249563023763,-0.5899952101047461,-5.199828285799974,N1,8,14,21
0.13064282434063745,-0.5324755050434158,18.623050060189833,7.071990600991654,N1,8,15,22
0.5285167607648873,-0.7030509223889783,42.202664030481415,27.36391867632304,N1,8,16,23
0.6779550064567074,-0.8740091507617427,60.04090969657279,46.870115381894955,N1,8,17,24
0.5512520959701612,-0.9180303122254829,59.954909283657436,46.77718479257902,N1,8,18,25
0.5218739395224006,-0.9515889879922634,60.048966865396395,46.87883078540905,N1,8,19,26
0.48692942357198843,-0.9249995720612105,59.58082627353093,46.3727436749031,N1,8,20,27
0.593294082136426,-0.8434229033070019,60.07138535937969,46.90304909714932,N1,8,21,28
0.3382021332702685,-0.7444916832248838,60.131645841081614,46.96819774569348,N1,8,22,29
0.18092309894000214,-0.6315982058771512,40.91993288482011,34.697847198670615,N1,8,23,30
-0.22411916327997322,-0.543038207778157,20.73600719209159,16.879971108454427,N1,8,24,31
-0.5214202291009296,-0.4477969233510247,-0.1867840023503078,-0.09588812209432263,N1,8,25,32
-0.5814064599552407,-0.3952768755601015,-0.06933717588842114,0.031049348932327803,N1,8,26,33
-0.5289172030915872,-0.32185901729916233,-0.2530788063285456,-0.16761007932014138,N1,8,27,34
-0.29151340135636017,-0.28728406402649986,0.2270977554050262,0.35146729808127475,N1,8,28,35
-0.23075796308318797,-0.2229571400434217,-0.27254508369533426,-0.18864392041064093,N1,8,29,36
0.2127555194335367,-0.09239408979331154,18.993672268487146,12.140622565157202,N1,8,30,37
0.21275551943353666,0.09471950878372737,18.977582229038433,12.123182142129266,N1,8,31,38
0.4663167325582677,0.28524842425606534,34.30183063384493,24.370666107120968,N1,8,32,39
0.8849656279193177,0.4786167472275318,56.09896833048872,46.21768686724576,N1,8,33,40
1.0255362132414452,0.6178136608061613,52.691661870492226,43.73111030920445,N1,8,34,41
0.9447841044547113,0.720801639491992,52.69975769255838,43.70318632255055,N1,8,35,42
0.8066229399213828,0.81674496984971,52.733178978944494,43.73930678204793,N1,8,36,43
0.9249667407198189,0.8632351420580753,52.6699186679907,43.67092214370605,N1,8,37,44
0.5541138695209213,0.8463472921456006,33.50471263932337,31.45081588251942,N1,8,38,45
0.6168695504494712,0.7628153378224222,33.51665752591492,31.46377768104263,N1,8,39,46
0.8769132924386684,0.6129728468340391,85.27657690434432,42.59289417237618,N1,8,40,47
0.5438999397921906,0.45998679866542225,63.44606599935605,20.709751621304605,N1,8,41,48
0.6880353372195434,0.3638090266487498,66.92784603701813,23.240129619047337,N1,8,42,49
0.8240686051956232,0.26681868405546993,66.86094683963776,23.204531724240866,N1,8,43,50
0.6909830449782928,0.1828652463646846,66.90196260667946,23.248853247128352,N1,8,44,51
0.778174681633756,0.16129653850285294,86.15002546832429,37.238856595669915,N1,8,45,52
3.498630595429565,0.18233628549071804,86.05814244687565,37.139570394613884,N1,8,46,53
3.80321958566255,0.2170980923769921,103.40791469207988,51.10631479857858,N1,8,47,54
3.185884905674926,0.26598294016982593,42.29385361199468,32.300126954377674,N1,8,48,55
3.30791865710449,0.3767203216829438,60.52504358575794,51.42444988753158,N1,8,49,56
3.1930373928675726,0.4930964915696191,57.09129669748995,48.94597116431345,N1,8,50,57
2.970433530954062,0.6616226510637875,57.140175056834494,48.9988036702637,N1,8,51,58
3.251106417141613,0.8026316346472597,57.03746628322011,48.88778669113097,N1,8,52,59
2.922872705299324,0.8705351858326967,37.788611903217316,34.89693690827235,N1,8,53,60
0.0785677848328481,0.8881965954103002,37.95160927637042,35.07307326210014,N1,8,54,61
2.201097022012994,0.9455344719593499,23.658866944804913,18.54619167851405,N1,8,55,62
2.3362640760741433,1.046759511065016,10.50824522462824,8.845698002976548,N1,8,56,63
2.268286747238953,1.086272598683953,-7.722550187065451,-10.278184648464816,N1,8,57,64
2.1760713400485523,1.0470318726842123,-4.4828530519456535,-7.972728827276768,N1,8,58,65
2.3158561856380633,1.0091193986251594,-4.4011219847593,-7.884371043839764,N1,8,59,66
2.417793081228747,1.0352132969805146,14.848271993829428,4.426724411624548,N1,8,60,67
2.4408877030564113,1.1264439813269669,14.964570740174509,4.552439708284112,N1,8,61,68
2.737129591489511,1.2080939695281112,32.12305985733633,18.312487910944355,N1,8,62,69
0.32457097047048133,1.2376905361157506,35.02921269638614,25.435543677953433,N1,8,63,70
1.123532062120975,1.3174043492040786,45.27905073732967,28.018810579304784,N1,8,64,71
1.001842156031275,1.3967754155089125,45.27332912760346,28.012646142738078,N1,8,65,72
1.3850967579858322,1.4836524896581331,63.694718359484625,47.34247012530392,N1,8,66,73
3.220455642537881,1.5825302531296328,98.99052101687533,68.68139128136193,N1,8,67,74
2.908242280956749,1.6821755572249528,79.79222549739336,56.42551735845194,N1,8,68,75
2.9696326465541194,1.7034293563693406,79.650687195709,56.27252144661179,N1,8,69,76
2.881267705034011,1.714560218984568,65.44698123681673,39.80252887230523,N1,8,70,77
2.772053471934103,1.7322584199521676,59.583090165878104,35.346906399493804,N1,8,71,78
1.9256648357953505,1.6617010358349353,56.426903483180354,37.79982237835196,N1,8,72,79
1.9268512926756127,1.5952500674122083,56.442980667870756,37.81721217023298,N1,8,73,80
1.607659916843108,1.5030596469291635,38.18224488318879,18.66099768008513,N1,8,74,81
-0.03548660169499129,1.4084822627583256,20.191492594856754,11.240472866817242,N1,8,75,82
0.1179072932278622,1.3028509844629896,20.172956313087525,11.220448848599403,N1,8,76,83
0.44619024446657285,1.2635051133353965,39.474358481608704,23.587777508593376,N1,8,77,84
0.3523243081188401,1.2244758061616068,36.37551732455205,26.142059025104743,N1,8,78,85
0.29983166880604806,1.2684468591064562,36.165991735390094,25.87887398739997,N1,8,79,86
0.16687569925464274,1.3317713493786618,36.329160717581715,26.055262381534135,N1,8,80,87
0.11721348452357283,1.3832896029818516,36.319692890103,26.044990951362877,N1,8,81,88
-0.04026439914983726,1.5066905583603223,42.23202314664144,30.552984175554457,N1,8,82,89
-0.15742377655723416,1.543916936948257,43.13916901152385,35.73831073636029,N1,8,83,90
-0.2238785554268894,1.4931751396738262,43.183618987726334,35.78637156623648,N1,8,84,91
-0.5787673828598408,1.399366424697054,24.015570770851696,23.563162858702185,N1,8,85,92
-0.5887226080744252,1.328747383025421,23.988440711547526,23.533843243003048,N1,8,86,93
-0.41402641019387687,1.1375723610876562,24.14493276190234,23.73973615159821,N1,8,87,94
-0.3704417148866419,0.9114913762242853,20.584417284237645,21.08749818925736,N1,8,88,95
-0.14597168934779425,0.6637093398283183,20.626557927513034,21.133073531499008,N1,8,89,96
0.3271829960311532,0.5219861593746193,31.96150812424031,30.48109662926197,N1,8,90,97
0.20904270699012706,0.38071956082315594,13.698827165017121,11.322799636324305,N1,8,91,98
0.4084787189255863,0.3035385603173193,32.6131151907158,23.27174534332937,N1,8,92,99
0.4510731103152317,0.17852262091784077,35.92440779421088,20.98649108858791,N1,8,93,100
0.3140927875095034,0.0511509792263638,35.97628083116422,21.042540718748285,N1,8,94,101
0.15233096692092118,0.01987201535506511,35.867783113142366,20.9252532916546,N1,8,95,102
0.23986565382159952,-0.012416116029569935,39.44866294237221,23.59948341973859,N1,8,96,103
0.0842018646569791,0.010841685299376458,45.28346486214326,28.023664499810366,N1,8,97,104
-0.3059068138668799,-0.05879444692662705,20.709948858444022,8.880080154885377,N1,8,98,105
-0.1333984543959641,-0.10128620761296148,40.91037947677387,26.715769936448282,N1,8,99,106
-0.5042784243235854,-0.17084431801600708,21.945230241863896,14.711829399434805,N1,8,100,107
-0.560688612157648,-0.21751871050741123,18.55598651201393,16.912872758838603,N1,8,101,108
-0.447541216162195,-0.25217687702615965,18.56771079576731,16.925552454494152,N1,8,102,109
-0.5182329940299972,-0.35188034010812075,18.67197004900561,17.03822028366534,N1,8,103,110
-0.49216790184145864,-0.4599739329646271,18.589402254452864,16.91226883938924,N1,8,104,111
0.049002842938751456,-0.43372937048152593,82.43356937431912,42.026622349526235,N1,8,105,112
0.0946807443888602,-0.4551372947024124,90.41716938670709,48.02478168794431,N1,8,106,113
0.16422603516672218,-0.385907259669672,87.47688128556882,44.05897221157534,N1,8,107,114
0.3700794137273977,-0.32146544723562354,87.4597621503541,44.040474978702036,N1,8,108,115
0.37195981795606947,-0.16937695098308403,87.513000057022,44.09800808059231,N1,8,109,116
0.4591916204904436,0.01875646128660602,87.54878765210276,44.13671567094468,N1,8,110,117
0.5516569493368966,0.19194019256407024,87.44596221169371,44.02559262584879,N1,8,111,118
0.5745092517906087,0.37001518490362084,87.50851008346513,44.12991794110144,N1,8,112,119
0.00024652792194856943,0.378085778822717,23.65021328030491,18.967960264300473,N1,8,113,120
0.08301182942913243,0.3466212403840849,22.989300330931655,18.253555939587955,N1,8,114,121
-0.2533212362225754,0.22503393500879998,5.763677170073379,4.420984257610257,N1,8,115,122
-0.0948810216099929,0.16271251797060682,24.096733366857507,23.61236605933476,N1,8,116,123
-0.08851912068555912,0.067568854869692,23.95807709854421,23.46246198977866,N1,8,117,124
-0.05974349757083708,-0.012141309174842796,23.988321198540007,23.458399108832396,N1,8,118,125
0.23953385106998049,-0.1082662264850276,27.143532854154387,21.004435690427897,N1,8,119,126
0.4945777247545422,-0.025102449394870163,42.366769850882974,29.525349717606105,N1,8,120,127
0.501780038721872,0.06083460097804139,36.56864918321446,25.173168253697554,N1,8,121,128
0.7754344302751885,0.22483301188613058,55.71279809316309,37.370528470479485,N1,8,122,129
0.886441464135082,0.42593576531962984,55.686270699705005,37.341880965796065,N1,8,123,130
0.7723306121942635,0.5599846681053702,37.25338252375684,18.04262874908204,N1,8,124,131
0.8529410447895049,0.6582845283732652,37.51242198610203,18.322651236550143,N1,8,125,132
0.7588384046699694,0.6632328198517472,37.368429715486855,18.203708602839185,N1,8,126,133
0.4162548023345103,0.7053910127925827,34.33215663684473,20.786207107168877,N1,8,127,134
0.0065958873014100305,0.555287483506465,24.9607904166013,16.7079342691311,N1,8,128,135
-0.10399767906228163,0.3786265896842602,27.694990630031498,13.798955959664056,N1,8,129,136
-0.3532374462448207,0.13820249271649843,5.172491198039438,-0.8931099771477307,N1,8,130,137
2.1029598251639694,-0.1347102449494777,5.354402961767278,-0.6965237819309209,N1,8,131,138
2.0498967090477827,-0.40231821341549434,5.506649792019402,-0.5320174094817958,N1,8,132,139
2.30392648359868,-0.6168936503422016,23.71751883248885,18.57027924472294,N1,8,133,140
2.413409327372591,-0.8559814449015262,23.693418021150023,18.54423077488775,N1,8,134,141
2.942912630480638,-0.9580526483581009,42.881974633512186,30.76350733375176,N1,8,135,142
3.19496715453705,-0.9589940264187042,36.91377888846603,26.195132349022515,N1,8,136,143
5.861762730430321,-0.8104935559280015,47.250003278965664,33.75464252699419,N1,8,137,144
6.473468506798181,-0.5977474561308895,59.16275623576121,44.62216560849657,N1,8,138,145
4.040209687171954,-0.40845255698375826,59.04638475610375,44.49640449820248,N1,8,139,146
4.110882750830562,-0.16324260741481922,62.160099227180126,44.50530990758773,N1,8,140,147
3.8222962204810553,0.021460891784398584,43.75143120469977,25.18920984515273,N1,8,141,148
3.7490778722477263,0.2436422150222013,43.8590084670293,25.30549143281803,N1,8,142,149
3.4146825951894417,0.39034528692124937,30.574842185306238,17.585625968971158,N1,8,143,150
3.198567515314153,0.4166060631968742,30.59054029885624,17.602592232049176,N1,8,144,151
0.6522668215548748,0.30876692531167205,17.458333155152673,12.885244681663039,N1,8,145,152
-0.1953427889961432,0.2045699093220641,8.901300178981046,4.487963076569429,N1,8,146,153
0.3314121482537651,0.11833939306636942,43.0119515509806,25.780212911724846,N1,8,147,154
0.31446108343169854,0.02461359038361799,39.089851022275525,24.897498393915726,N1,8,148,155
0.5924910785249118,-0.06417009033799204,58.21815131860126,44.99133172039143,N1,8,149,156
0.8554499123907355,-0.06663436108758702,75.52578448974089,58.9125475423665,N1,8,150,157
0.8632337877589826,-0.09340532635209797,69.55348857553008,54.33976530628371,N1,8,151,158
1.2483755377190775,0.030731080636219765,88.77576845037049,68.30187269762229,N1,8,152,159
1.2716706317674848,0.16975321630286277,88.8086447900306,68.33740351837707,N1,8,153,160
1.2769723729612643,0.24917100541585224,88.78096424139142,68.30748822483918,N1,8,154,161
0.7276312771012527,0.3118502544598183,54.602108811784774,46.90479726273918,N1,8,155,162
0.7325564038389842,0.31116261660936395,55.290800594513826,47.6492468710386,N1,8,156,163
0.5441021877387442,0.30658964997545635,39.36571311600051,27.587558183168653,N1,8,157,164
0.4297613706860659,0.2154814155006184,21.9726780485438,13.57401577883536,N1,8,158,165
0.5363031567121155,0.10044914706203212,22.023681884168127,13.6291315548184,N1,8,159,166
0.24662819911505807,-0.14522870773060337,-4.371125036439253,-5.454423867098967,N1,8,160,167
0.19896453175869766,-0.435960440999434,-4.480131405919678,-5.572225093068255,N1,8,161,168
0.5152488849399788,-0.7329523157998699,1.5312994564144446,-0.9571639910178646,N1,8,162,169
0.4810995803620308,-0.9702998926599689,1.4944286103559534,-0.9602866726817183,N1,8,163,170
0.41113834879592304,-1.1917638966498663,1.5374202053053523,-0.91382064453569,N1,8,164,171
0.5077085067471678,-1.2759570050417421,15.790382513234022,13.135812526974746,N1,8,165,172
0.6327742881032954,-1.2847299458434893,34.117849682739006,32.36415093743153,N1,8,166,173
0.8107484273257306,-1.1710107312662883,51.49865200594434,44.68412777906224,N1,8,167,174
0.6543505521986361,-0.9939950901969805,58.61664801410609,49.74663677439651,N1,8,168,175
0.632168809108343,-0.7143745071830931,58.73673725234994,49.876420327084475,N1,8,169,176
0.855991844427006,-0.4331209582622906,119.83964326180944,68.67057145494186,N1,8,170,177
0.8841318676777803,-0.19894086427162527,119.9279265770615,68.76596578466331,N1,8,171,178
0.9570342989234177,0.04430473354737341,119.95028980047505,68.79013074879265,N1,8,172,179
0.7845360231946472,0.160777922856135,105.70397285597346,52.313481356108014,N1,8,173,180
0.4149864786299773,0.2770225766902259,87.40996289485531,33.12137566229262,N1,8,174,181
0.00758086428195881,0.25758024564655013,69.96823294701744,20.735558272389994,N1,8,175,182
0.23339850055822708,0.17611515487059215,70.00731275429234,20.777788169123596,N1,8,176,183
0.254769114219652,0.044180440344359084,75.90155520926555,25.26624106882366,N1,8,177,184
0.015420536278618613,-0.05701901783574659,8.890618477976773,1.968780575774531,N1,8,178,185
0.1519260733181902,-0.17492135326512503,8.764731077541,1.8326930273572088,N1,8,179,186
0.18549616834228644,-0.09298470822167726,26.13576508596384,15.822445503077688,N1,8,180,187
0.07981551224106909,-0.006788876691520507,23.00712213051952,18.305113292479632,N1,8,181,188
0.7121211325180816,0.14072138626596686,53.61736048651278,45.12161933580569,N1,8,182,189
0.7188257331139773,0.2826271693853535,53.643225238367336,45.14956313657444,N1,8,183,190
1.4918014210066843,0.44619371407957864,53.75516994208169,45.27057390401171,N1,8,184,191
1.6424997554807952,0.6216093811121413,47.79309155283738,40.70880851403865,N1,8,185,192
1.6768139480409054,0.7933834905342323,44.18753701782282,32.39507511771353,N1,8,186,193
1.6768139480409054,0.9930123688463937,44.32962524471054,32.548672929928784,N1,8,187,194
1.4358391606107723,1.0074650275025938,26.964167350064486,18.52825240438881,N1,8,188,195
1.5380416133280868,1.0222993686157498,26.937068330447573,18.498912948613793,N1,8,189,196
1.0566757351148794,0.9260340947860586,-3.731272935318202,-8.380427137305674,N1,8,190,197
1.0540747800576575,0.8555293020422567,-0.4807974228809826,-10.731414026126004,N1,8,191,198
0.20019018395996113,0.7703489580188103,5.3336096160632,-6.329278507171125,N1,8,192,199
0.2112962033423571,0.6938313687221624,5.387061733421433,-6.271503505205374,N1,8,193,200
0.027664869472271647,0.6107483596425594,8.888623778055944,1.9298171662800314,N1,8,194,201
0.05376595055889055,0.5181700495662085,26.16426029128172,15.81645597296415,N1,8,195,202
0.12544961777726726,0.4204380482267336,26.144073271986713,15.83137090367154,N1,8,196,203
0.39659193058351505,0.5085411634714276,43.4736067134794,29.776306682887025,N1,8,197,204
0.20704305656541777,0.5979006407321839,43.28313406279494,29.570397944055912,N1,8,198,205
0.5808962790788712,0.6764177931704243,58.63930293872613,51.45141596855717,N1,8,199,206
0.6138583831379911,0.7747007625036488,52.76367137364366,46.98310521398173,N1,8,200,207
0.5542808578126603,0.848332183874005,52.70947900027795,46.92455924869114,N1,8,201,208
0.6463738940624637,0.9201351333519536,55.75659577071849,46.86145219209584,N1,8,202,209
0.4325631338426703,0.9899459682519272,38.436819262694826,32.927134623018105,N1,8,203,210
0.49715968811969447,1.0566080169295304,41.56058579892681,32.94685247081884,N1,8,204,211
0.1630565973456406,0.9361844179531698,24.253216957751192,19.025933500267,N1,8,205,212
0.22335666208974203,0.8250450773376885,24.599355722607243,19.400118713803295,N1,8,206,213
-0.15235935550113666,0.7035418504456787,6.009976173774703,-0.11123418250656414,N1,8,207,214
-0.2429366457658304,0.5393817154214409,9.03242785144812,2.108151380158347,N1,8,208,215
-0.1985405783731089,0.37035804454414123,8.625159655102607,1.6678747877936075,N1,8,209,216
0.06172240068359258,0.45292522178363015,23.29339592838437,16.09283713699449,N1,8,210,217
0.2234221506623335,0.536203586372693,23.373405617829576,16.17931567650919,N1,8,211,218
0.3759226984439543,0.6077869160809088,37.58056557987288,30.105957337253017,N1,8,212,219
0.47303057686347927,0.7324611996481307,37.58633877740908,30.112160897936292,N1,8,213,220
0.4604118908776549,0.8257958398838658,37.40467357347029,29.915755184048066,N1,8,214,221
0.4377282374175593,0.9273327405673122,37.42666088979331,29.939483412781556,N1,8,215,222
0.8368616536911446,1.1216371373192278,52.72338122575661,46.91797795020409,N1,8,216,223
0.7375640979444995,1.3261471195612673,53.18080138168443,47.41243853886829,N1,8,217,224
0.3179066011667899,1.2761748567180913,35.44609241908552,33.029682391468555,N1,8,218,225
0.2027863179857512,1.22493366711012,35.315071227254066,32.888043101425865,N1,8,219,226
0.07788668983426916,1.1851796673628225,18.029240092216014,18.953728559269848,N1,8,220,227
-0.03095382109693645,1.0973033194994155,18.076325639682636,19.00463790114395,N1,8,221,228
0.1629058849100673,1.0270975602516064,18.16821960249308,19.10400252419845,N1,8,222,229
0.21526708220970647,0.9531329473258339,24.053068081953597,23.582299822745426,N1,8,223,230
-0.09991835470495047,0.8239763589344111,5.770407968806239,4.423861107006701,N1,8,224,231
0.2013231468568044,0.7539992103992912,24.863552914472393,18.24643955719887,N1,8,225,232
0.3675993383825755,0.687905208745148,24.965144111098425,18.356243847639234,N1,8,226,233
1.1574546589099022,0.7473916573271779,66.37224374353286,48.02280062181558,N1,8,227,234
1.1147999401824684,0.8687069020353313,66.30363895096275,47.98533041787482,N1,8,228,235
1.0014951866673023,0.9849361696950787,59.05887349285467,42.78583157109665,N1,8,229,236
0.801047269123643,1.0899696819504943,59.05359685716485,42.78007191197639,N1,8,230,237
0.6928225000452599,1.1855610864867234,53.13684720991682,38.26729566067593,N1,8,231,238
0.9278992191686193,1.3287970024972058,73.15754927099988,55.908795777014575,N1,8,232,239
0.8280575878431726,1.4017278450782946,54.11571054763567,42.14167372473162,N1,8,233,240
0.6822363204839164,1.4548043156191532,53.95484566372579,41.93108778944452,N1,8,234,241
0.407944927288721,1.3777515583121893,79.74538520198985,35.76372050274233,N1,8,235,242
0.2749274972417517,1.2160966987564574,79.78281462557652,35.80416460222341,N1,8,236,243
0.3905159785919601,1.0412547592175905,87.06352712891407,41.005789210285,N1,8,237,244
0.40607897927184666,0.8773844410323424,87.05948278345136,41.00142299160211,N1,8,238,245
0.704395514781126,0.7681605098371627,86.98876681759066,40.924974171617805,N1,8,239,246
0.44695324315882345,0.6455626074262302,84.32412663383411,37.257033171495436,N1,8,240,247
0.14676647170979606,0.637104086294821,84.20711925586329,37.09382527908326,N1,8,241,248
0.40365863708995064,0.629231180263691,105.18995200424047,54.21690261242111,N1,8,242,249
-0.04442906980106898,0.610625270247807,38.0677169783944,30.799194830127476,N1,8,243,250
0.1596238558555676,0.6120697649237599,38.11575034485236,30.851106418809536,N1,8,244,251
0.12864854737421538,0.6147331530836322,38.01485212209968,30.77875965841406,N1,8,245,252
0.21125925075222085,0.5996935250428574,38.060839774483156,30.82848103994297,N1,8,246,253
0.2020338899779226,0.5674562921762849,38.118036558275435,30.890321316437394,N1,8,247,254
0.02960990352470816,0.49940711781019687,17.292738311651874,14.363249185112636,N1,8,248,255
0.41235038012904823,0.31367695825884034,35.609804751727324,33.6170681823005,N1,8,249,256
0.3719593526346827,0.10255599961494433,7.390944721534652,11.340610292894212,N1,8,250,257
0.2236412144286284,-0.07810522429871014,7.436036142863031,11.389388525985282,N1,8,251,258
0.1442455643693492,-0.3043610623120845,7.338367558207665,11.283835463030869,N1,8,252,259
0.3235432027925569,-0.5319630965330475,7.290151418208325,11.23172282646567,N1,8,253,260
0.2821005515021895,-0.7621003133340167,7.407566344168345,11.35864624952319,N1,8,254,261
0.4236281313254757,-0.9104969929811606,26.552647154017222,23.530925353040175,N1,8,255,262
0.707072809180417,-1.0178384313881903,33.126691968585874,26.083705652943422,N1,8,256,263
0.820235353874903,-0.9912789601876462,37.45398468250869,22.390513600476652,N1,8,257,264
0.45482384765679384,-0.9139180279657033,44.76375428008282,27.660288313128262,N1,8,258,265
0.4369501704490659,-0.8016192695182287,44.671536874006506,27.560573632081628,N1,8,259,266
0.4285055128967805,-0.6417210671682962,44.751459960628154,27.64698502917645,N1,8,260,267
0.3235118370964791,-0.4665401803657616,44.846195459829914,27.749411018700016,N1,8,261,268
0.24457864950464625,-0.2623239273395619,44.67978396293029,27.53282180029362,N1,8,262,269
-0.12559026423115327,-0.11336093114333146,25.561588075721602,15.389643780025153,N1,8,263,270
-0.3249556804373235,-0.0003191972843747948,22.382876516438273,15.310532326629982,N1,8,264,271
-0.44966099305853646,0.056672170580363,18.074700204505007,19.002908202725393,N1,8,265,272
-0.16709252325176394,0.10338643922043467,18.080426654106077,18.972411550053607,N1,8,266,273
-0.017853199375078788,0.08658353302842237,18.02132596491151,18.908574613615656,N1,8,267,274
0.09356897707688816,0.06631858713295635,18.077684373792408,18.93273835563116,N1,8,268,275
-0.013313131211045715,0.06268225856462273,21.15810764908906,16.397961577297792,N1,8,269,276
0.43135467082019474,0.23467324156885105,38.35254873176473,30.233607444010886,N1,8,270,277
0.43856516376018817,0.3564393124709895,38.4100437672098,30.295730460152868,N1,8,271,278
0.8278797376572697,0.6522982908401964,55.81815078773752,44.32551610371729,N1,8,272,279
0.4999886863607621,0.8798794841306297,43.49750095528043,29.664076600147723,N1,8,273,280
0.22205139940002638,1.1738454740084059,46.5044461436612,27.086574156718257,N1,8,274,281
0.2728590499706698,1.4624862299457746,46.646859114155404,27.24049989874311,N1,8,275,282
0.15178681314439757,1.7521197891279225,46.58275872052036,27.207935529680867,N1,8,276,283
0.1815991758518507,2.014428104579089,43.41333422659818,29.6465011854699,N1,8,277,284
-0.17224661706931954,2.0792888422881877,26.322174513348045,15.959210519267913,N1,8,278,285
-0.2010784376327166,2.1239272940570917,26.171005922082486,15.759115786987877,N1,8,279,286
-0.5616963222462772,1.9794305393685718,8.784559374708124,1.752711334206424,N1,8,280,287
-0.4300458153545428,1.8156951981846579,2.836402874055466,-2.729267663743144,N1,8,281,288
0.01563476794272134,1.587227174395478,18.13008227184764,19.08424588961111,N1,8,282,289
-0.12401896196499962,1.3651815805391756,18.00392385404325,18.94785174333265,N1,8,283,290
-0.05216451994519744,1.135517008956933,18.103593016369814,19.055589715683254,N1,8,284,291
0.2851342696076955,1.0087160852385004,36.915323687903765,30.893784969153785,N1,8,285,292
0.42505324619630613,1.0067144154324499,37.25237306399276,31.25811390361173,N1,8,286,293
0.723745798245897,1.0655557356432652,54.5684884275463,45.225224446465404,N1,8,287,294
0.7905590856287148,1.1734934353298883,60.546576125333104,49.804286183340196,N1,8,288,295
0.6803474467203188,1.2806707420042454,60.56859422275397,49.828104374289865,N1,8,289,296
0.3750511083065575,1.362777876392748,30.676107804998537,22.485055370473788,N1,8,290,297
0.38396676335024793,1.4340201897918448,30.74395483147532,22.5583964869013,N1,8,291,298
0.6183846940418256,1.4681709135093044,30.60317849384751,22.406238180443097,N1,8,292,299
0.37847728562587335,1.3804329659769774,11.854656866053347,10.63633538068052,N1,8,293,300
0.20910479195318388,1.1449172467200217,11.372468905398591,10.11512792117719,N1,8,294,301
0.05973110743971333,0.8691618663202139,-5.796760690755491,-3.6932179357139603,N1,8,295,302
-0.05971463183362147,0.5501358236697822,-11.88527207032962,-8.391621064500669,N1,8,296,303
-0.02146629094713859,0.22508543543099435,-11.935634747424956,-8.446133106212642,N1,8,297,304
0.10575786159396472,-0.0631367338023967,-0.20393049553786113,-0.15120110521900187,N1,8,298,305
0.4008965813453891,-0.3568366444353437,18.10191040166137,19.053732821447284,N1,8,299,306
0.6841109784484765,-0.6267484385810835,88.43525279437586,49.29915917047015,N1,8,300,307
0.7675089608836778,-0.7635701632214804,88.44847194166437,49.31350643480641,N1,8,301,308
1.0354995411211974,-0.7253416518747375,107.62938840283255,61.55060542326146,N1,8,302,309
0.9138781243257199,-0.7031937617630248,107.68423561307054,61.64660248175028,N1,8,303,310
1.8159408701398192,-0.6090625390291571,113.74505911661413,66.31506086087688,N1,8,304,311
2.159004470801829,-0.5031495319815882,113.67026104567981,66.2342584112289,N1,8,305,312
1.9562413778463608,-0.47527602882544784,113.57644111049763,66.1328263644167,N1,8,306,313
2.148927019743578,-0.46636468769261974,129.34752290469123,68.18375251328666,N1,8,307,314
1.6391362735557955,-0.47544459960108476,59.095555831719594,38.02626901199346,N1,8,308,315
1.6555493774641086,-0.5955619798508902,59.089292191464665,38.01944468737497,N1,8,309,316
1.484646296881273,-0.892193690267046,39.94110586610623,25.817711586588075,N1,8,310,317
1.5099878920960172,-1.2463755989143976,39.83669519338423,25.704809697701876,N1,8,311,318
0.7348288429090104,-1.664991833813172,33.92647037638653,21.125665098908257,N1,8,312,319
0.26023951950065793,-2.090938471026165,33.95808883360701,21.159808009009566,N1,8,313,320
0.349716075484757,-2.520719237552484,26.639750921674022,15.880713913482623,N1,8,314,321
0.34101541258570833,-2.757555308758409,21.83731375240427,22.547740712877385,N1,8,315,322
0.4018627106934609,-2.915504996960845,21.914755139886665,22.63148353347401,N1,8,316,323
0.6265939186682452,-3.0185236351383384,39.181668939407245,36.50870410030848,N1,8,317,324
0.5505401711045614,-2.988415600515534,39.17969518638097,36.506611764389845,N1,8,318,325
0.7024959748752089,-2.8793376310720813,39.23122783200756,36.56231984242322,N1,8,319,326
0.6074886846581435,-2.7916927905849906,39.13235421226432,36.52892219192222,N1,8,320,327
0.8605766717275642,-2.672172913042049,39.196042937280936,36.59777048299702,N1,8,321,328
0.7766372362917089,-2.462545692355807,52.438877741881925,46.39801207543155,N1,8,322,329
0.43203484866462105,-2.3996095807240145,23.07213565920506,18.375391541435647,N1,8,323,330
0.2896228988953027,-2.34805675525231,22.939084753194038,18.23157597701561,N1,8,324,331
-0.13548292368777837,-2.326762402817108,5.764968603132047,4.454681325767979,N1,8,325,332
-0.20859745648305505,-2.385407878471357,5.697395412130845,4.344864188424026,N1,8,326,333
-0.28112535490136636,-2.4331962450328763,5.670949366967989,4.316287972366126,N1,8,327,334
-0.322125462787092,-2.4472498412503434,2.282073953260351,1.8496000201892002,N1,8,328,335
-0.4490457323939694,-2.438267964477186,2.298974570649989,1.8678541708432022,N1,8,329,336
-0.04263842735783996,-2.3521881875872523,15.38925342353582,11.034800570927473,N1,8,330,337
-0.1541989980973213,-2.163552185368327,15.49092357764448,11.144726957980765,N1,8,331,338
0.24318202294623248,-1.9802396489964273,46.23500515401906,39.23213333030708,N1,8,332,339
0.20372960444653287,-1.7420036992582464,46.095809865939145,39.081649105886754,N1,8,333,340
0.2741472279491646,-1.401668595140416,46.15410484316067,39.14466877343193,N1,8,334,341
0.06813164871462263,-1.0718479661888436,46.21740225574831,39.21310368340414,N1,8,335,342
0.2076671907689125,-0.7679023305840493,49.63630643167994,41.71223445028136,N1,8,336,343
0.2554209447380522,-0.49953607577022474,55.55381244759974,46.225840550498106,N1,8,337,344
-0.11606639549435016,-0.32152225193796813,36.535881787401195,32.534336183945925,N1,8,338,345
-0.31754843032081226,-0.24746987386612052,36.376080194636415,32.36162182238013,N1,8,339,346
-0.6089528900829677,-0.12475900157363462,5.654835444952823,4.298872868827857,N1,8,340,347
-0.5227625859246672,-0.06341906445876067,5.814977678051719,4.471999621054465,N1,8,341,348
-0.5965456248384697,-0.12138792463195092,5.822676804788898,4.517071739457151,N1,8,342,349
-0.561006428431277,-0.18984808666236397,5.687913937507574,4.371366963172022,N1,8,343,350
-0.5241595060442812,-0.25327738349134776,8.824539793378335,1.8973512534323618,N1,8,344,351
-0.15292912789026047,-0.12774312939721622,21.94777819642104,11.149707860108492,N1,8,345,352
-0.1104623437595258,-0.005841893398700115,22.002306084579004,11.208630290728706,N1,8,346,353
0.35406398158517405,0.12311380948906336,41.329479326641376,25.28408181167174,N1,8,347,354
0.6836469155597271,0.1868045584248721,59.65051857999151,44.50546238574839,N1,8,348,355
0.6040938915620799,0.2436149788602826,58.95529559288752,43.753956626404715,N1,8,349,356
0.8217967073553609,0.30361108976508344,59.54786349515916,44.39448278556142,N1,8,350,357
0.8539184242605629,0.36356439023858034,59.488314683834005,44.33014761970344,N1,8,351,358
0.8461340233378003,0.4270862674466862,56.366495634734065,46.746716194917326,N1,8,352,359
0.6233497382909796,0.31918622438724675,43.29291542282817,37.48334139241706,N1,8,353,360
0.7995774013150907,0.21386473862424182,43.29473639663911,37.48531844937929,N1,8,354,361
0.6261023435975339,0.09998229517056245,23.953992727217383,23.39516615407365,N1,8,355,362
0.20611093692640736,-0.0018585670989486047,5.68064794714337,4.225357135117747,N1,8,356,363
0.36173286730847565,-0.11500081894775072,-1.0089432389390822,-0.3740205979793245,N1,8,357,364
0.27702193418058485,-0.21713627567029103,-1.50532422629135,-0.9105868401773023,N1,8,358,365
0.4358191042790054,-0.3315547899904816,-1.574743311388147,-1.0223633230009455,N1,8,359,366
0.7254352669847464,-0.3136605187522674,17.800498620278404,11.498177683126187,N1,8,360,367
0.5141257724708339,-0.24646424253955246,11.752251264288134,6.907973045937297,N1,8,361,368
0.5100419056441794,-0.18531025618209362,28.774569188118903,20.520857732422428,N1,8,362,369
0.45773551860992256,-0.11428857826594996,29.1223720382352,20.860086636637106,N1,8,363,370
0.757008665448506,-0.05480137730375745,47.37528361100544,40.007799323023164,N1,8,364,371
1.1548933393719487,0.0742915221068241,121.80067331042414,68.68811787279901,N1,8,365,372
1.1824735556969443,0.18175571133753365,121.6760993479561,68.55345483083033,N1,8,366,373
1.341016208981607,0.29761119653204116,121.82032021986265,68.74609114544705,N1,8,367,374
0.8752790012458078,0.2813822059287663,108.47629624885553,60.93547681405471,N1,8,368,375
0.986399635795447,0.20464544829048403,108.47935773075028,60.90206881343556,N1,8,369,376
0.8424116371789907,0.12754882721998761,87.99841462839277,44.747131027541855,N1,8,370,377
0.705216147361007,0.10091392990804948,87.75077322449783,44.51615578810083,N1,8,371,378
0.5406375419710088,0.07286907216966476,69.37479034373587,25.235386089575513,N1,8,372,379
0.12367357574067128,0.048194839944865286,2.178369562157741,1.7374905703995864,N1,8,373,380
-0.06868862067009474,0.024724303124681768,2.299203759532247,1.8680903286160628,N1,8,374,381
0.037906680560560346,0.011690182028791796,19.67672112455807,15.839944702865523,N1,8,375,382
0.12172262723022698,0.11587478374570104,13.512250914976676,11.059433788471097,N1,8,376,383
0.5026312606989904,0.27838336907298533,32.85940550536793,23.51287348515575,N1,8,377,384
0.3742804205253627,0.4341158305525177,28.894515251614393,20.662207729380953,N1,8,378,385
0.48421873202482857,0.5268166281194908,28.95737565498007,20.693460161493704,N1,8,379,386
0.41416227653073534,0.6105390851000738,29.098216294630674,20.845704675486104,N1,8,380,387
0.4632210920825095,0.6245427608936911,47.422438030243484,40.0705306048676,N1,8,381,388
0.4882394138586541,0.6386899908225088,47.370677707748655,40.014586156623864,N1,8,382,389
-0.005923333447597656,0.6301313655103424,35.55975297203145,30.144684892807618,N1,8,383,390
0.013965120672168041,0.4940126272757368,36.049864909241705,30.67446563502972,N1,8,384,391
-0.4097791613972035,0.30858052312616024,16.774130437893973,18.334940723277214,N1,8,385,392
-0.38697086773903777,0.12626165523622923,24.119500177270083,23.64320798610902,N1,8,386,393
0.2950973375297856,-0.04591949185432931,58.26966320376255,45.01488796864351,N1,8,387,394
0.3391228172101357,-0.23302259472808728,61.231932585381855,44.86006991662475,N1,8,388,395
0.31733417571082967,-0.3919628666538202,42.97944238517971,25.712791698899082,N1,8,389,396
0.6535317371975289,-0.4404091520493356,62.10295359903171,37.887833744637646,N1,8,390,397
0.7241531676965849,-0.4681199153761071,56.56102730256657,33.81252436627301,N1,8,391,398
1.0110177292412779,-0.4105675352424365,73.5363303075028,47.37450490597166,N1,8,392,399
0.9632003960136188,-0.3706640751756538,73.40946345345014,47.200679094078396,N1,8,393,400
1.1704240534943189,-0.32714824984874635,73.5101415701638,47.30946883340448,N1,8,394,401
0.5204125823968297,-0.22203491005798082,39.361753088154956,25.976421892863755,N1,8,395,402
0.20157517287639237,-0.08493228428353206,36.2941561977384,26.01739270657481,N1,8,396,403
0.3147897489074012,0.03134001952156851,54.59207834663289,45.21376020091839,N1,8,397,404
0.057988513353858906,0.029700357431197588,35.377359184106126,32.903424026824496,N1,8,398,405
0.2436289477553366,0.03653855264243866,35.442833204898534,32.97419416220191,N1,8,399,406
0.09424702341491198,-0.05095103419790803,18.095419398497825,19.00998682701993,N1,8,400,407
0.14923883822520878,-0.13168199002930603,18.18886422064702,19.147728055587095,N1,8,401,408
0.07261981853477906,-0.19171180756543293,24.018418061923967,23.566259856506576,N1,8,402,409
0.11656666148747163,-0.25524229952641164,23.988188541858108,23.533573072546915,N1,8,403,410
0.37073182610787114,-0.28103355296098886,23.47567892260554,22.979587272543085,N1,8,404,411
0.5735474019135616,-0.23750975240434702,21.07688834921919,16.651962408241843,N1,8,405,412
0.6139048605371187,-0.18501197506626443,21.13209716540814,16.74837004077108,N1,8,406,413
0.9130593492698793,-0.024659673668635307,40.20986431290953,28.874002087112103,N1,8,407,414
0.7814889047774862,0.1522799393851475,40.25357527081496,28.92123655810883,N1,8,408,415
0.6502573189416161,0.333708290113532,40.19675941210835,28.85980185477979,N1,8,409,416
0.6001294502374321,0.4916859668580491,34.304243679392584,24.373228144153245,N1,8,410,417
0.3769023997456955,0.5900170885217397,34.250027829612236,24.277932542992176,N1,8,411,418
0.20283753385248815,0.6408114771696019,34.857873957208994,24.93496472175184,N1,8,412,419
-0.10575420728821783,0.6277714122704205,18.970961715764133,12.07941747148925,N1,8,413,420
0.19828804253073784,0.6178992816687723,39.09306250066402,29.80810899220478,N1,8,414,421
-0.29362397921825334,0.4741074319554599,19.91059324917933,17.56930973318208,N1,8,415,422
-0.37720127258096525,0.34053177629257814,19.912614596331423,17.57151028735484,N1,8,416,423
-0.20213433388974877,0.19604194350156234,25.85638012267418,22.113453495118847,N1,8,417,424
-0.24322449535450374,0.07116700014472954,25.844157863695273,22.100218285151414,N1,8,418,425
0.027900441470418258,-0.04749900115062822,25.932743467938053,22.23267398063558,N1,8,419,426
0.5152474036137669,-0.10494017949613088,46.157062475095245,33.67792282030996,N1,8,420,427
0.2583552382336123,-0.1583639863394808,39.52154218551459,29.13712902477073,N1,8,421,428
0.048902882724696894,-0.20762603992729822,36.73310971068122,25.357801268256026,N1,8,422,429
-0.02191690933417334,-0.1764197559797953,36.75976025756336,25.38662206075537,N1,8,423,430
0.9238135418013123,-0.14300617672755145,36.688198579960044,25.30926482492464,N1,8,424,431
0.778712387996773,-0.14600708262877937,30.81091420188386,20.8391747094729,N1,8,425,432
0.8255657126648686,-0.19395171855026483,30.82998486963288,20.85981363746737,N1,8,426,433
0.5708023665837949,-0.28463783013435684,30.812779791444882,20.84118338492135,N1,8,427,434
0.20578116690694515,-0.4687250171226225,10.534664362270632,9.337773620745793,N1,8,428,435
0.47104645554970404,-0.7192480120733205,17.06672003743097,13.766729324592688,N1,8,429,436
0.8782622557330058,-0.8793829508417073,69.93791516780493,34.47943212956807,N1,8,430,437
1.1044437796409312,-1.058129216763156,70.02694030075145,34.575675892309164,N1,8,431,438
0.07398278321898033,-1.2833381930170003,70.04304280761653,34.59305635243004,N1,8,432,439
0.13874372778539623,-1.4914836385901875,75.96811191533789,39.114780283701975,N1,8,433,440
0.11268807294224814,-1.631731777733294,75.89946534244245,39.04056396753481,N1,8,434,441
0.5335438374253272,-1.643193913334521,93.25967881400902,53.018640589890765,N1,8,435,442
0.43072724025645925,-1.6393500783170865,93.21700329150735,52.97254321933815,N1,8,436,443
0.4380268067137507,-1.5809107924466517,112.48509387982813,66.98415667143854,N1,8,437,444
0.029494797914601634,-1.5743830669098893,42.274999915997796,32.31640032938526,N1,8,438,445
-0.22347654187327493,-1.61897788062931,42.14445971834357,32.17528153285866,N1,8,439,446
-0.17961012859536396,-1.6473463746950348,42.174125140848446,32.20737462708644,N1,8,440,447
-0.17737427557644025,-1.6414778846575535,36.31456758711647,27.756444766821687,N1,8,441,448
-0.0798052218091243,-1.6871110958596631,36.28508287728391,27.72455387742957,N1,8,442,449
-0.3085191682588828,-1.8240077951833547,18.881546036558575,13.69967552526623,N1,8,443,450
-0.1350179110259475,-1.928074762261697,19.005080224085305,13.83321672960028,N1,8,444,451
-0.28397804499692825,-2.0363186054368585,-7.716533143366178,-5.60360815957938,N1,8,445,452
-0.35043924739235166,-2.1773959051391785,-7.552265047716901,-5.426000299760972,N1,8,446,453
0.03854144386846059,-2.241885757046668,10.799122038394671,13.785206448951385,N1,8,447,454
0.14399001853309557,-2.2739565634210694,14.013386090923632,16.246292483874868,N1,8,448,455
0.0424173939114354,-2.298875093484965,16.84947921743378,13.447409167089518,N1,8,449,456
0.40073753724447414,-2.1745478828871776,36.185970726820415,25.852660890125208,N1,8,450,457
0.3068606228166999,-1.974251944322035,36.289694337564015,25.96477261534983,N1,8,451,458
0.576655107575121,-1.7102020192683387,53.52159731548454,39.80411766285056,N1,8,452,459
0.6360841036849649,-1.4213650425843225,61.02489446725576,45.283144533994346,N1,8,453,460
0.7126920951039395,-1.1210837617089542,60.88982779006392,45.137131015816294,N1,8,454,461
0.44828007933866587,-0.8581025174395291,42.55133025457235,25.93988488498644,N1,8,455,462
0.41719841322055373,-0.6550605793725595,39.34594585685363,23.488413834498942,N1,8,456,463
0.45579669986208415,-0.4898413187921262,36.390999020345134,26.158833757421235,N1,8,457,464
0.1479401025439273,-0.4851905184303025,17.125433883767073,13.830285251324995,N1,8,458,465
0.24806534433478333,-0.5836844927803879,20.121052109151606,11.203865918688734,N1,8,459,466
-0.01934841716691693,-0.7465890181687276,2.8598717266131644,-2.66717894754197,N1,8,460,467
-0.02414252531158212,-0.7794711536924663,5.983457660258409,-2.647656411202661,N1,8,461,468
-0.1545036924044041,-0.7803968446266598,5.922361801658099,-2.713702355778196,N1,8,462,469
-0.022482162163541375,-0.7558588308304668,27.847526437328725,19.291578844385867,N1,8,463,470
-0.06129207709460616,-0.7026833470600884,27.865229315717443,19.31069105135066,N1,8,464,471
0.3432816995668375,-0.46271918008628954,45.16130302663805,33.19456016257914,N1,8,465,472
0.1642652120185275,-0.21425951249604358,45.208306166549846,33.24536035506071,N1,8,466,473
1.1207428519221168,0.0965315787885701,83.53364988848307,65.44523748229858,N1,8,467,474
0.9704551264966028,0.376511009521451,83.496265174158,65.40485830278749,N1,8,468,475
0.8917879992334079,0.5489659477535165,80.3436038879745,65.35390121132468,N1,8,469,476
0.9753135039287173,0.6503168976795486,80.41248902131565,65.42838227672087,N1,8,470,477
0.8498026072245324,0.6599357771181553,58.48599121625875,43.421631794069526,N1,8,471,478
0.7815636142975961,0.6796483631165697,58.47504514798857,43.40982084699294,N1,8,472,479
0.43248794455359985,0.5196346327925274,41.24986171014143,29.6026158116631,N1,8,473,480
0.3511773342972049,0.3361310670971078,41.072933480757456,29.41135577418595,N1,8,474,481
-0.6796050416778172,0.12077661574908616,-0.2509326472390967,-0.16521455247857375,N1,8,475,482
-0.7438055962766015,-0.09713137625493284,-0.3046947006719165,-0.22329818502907983,N1,8,476,483
-0.7577371355511389,-0.3746303976837113,-0.21547635638171414,-0.12684206364838246,N1,8,477,484
-0.9817295027630593,-0.6196107208267421,-0.2454603097535255,-0.15923642535426552,N1,8,478,485
-1.0025881984338199,-0.8210266525033088,-0.1914358454532703,-0.10084214587368479,N1,8,479,486
-0.5078189323070958,-0.9131666635153974,29.096853937202013,27.836953968264424,N1,8,480,487
-0.5633170392245432,-0.8998424246284524,29.035789806621324,27.770905670720822,N1,8,481,488
0.005781730739101931,-0.7967235694131765,50.08441346777954,44.92841098560052,N1,8,482,489
-0.20167924261473047,-0.7128436016453596,50.09396185062542,44.938699619589215,N1,8,483,490
-0.1330185484704316,-0.6251659197641317,50.04861561045209,44.889679081494705,N1,8,484,491
-0.05874135862449492,-0.5346875779621969,46.62515632439272,42.38557908547273,N1,8,485,492
-0.03742056532687599,-0.4738744574378233,46.63374002902901,42.394827123670666,N1,8,486,493
0.1733687232773775,-0.41733252386376707,46.6013359173935,42.32305960283247,N1,8,487,494
-0.1935025792749343,-0.4753745906268685,10.058405176303495,9.175078474627071,N1,8,488,495
-0.1910983668356323,-0.6329713372945934,10.059195091414495,9.139214627000001,N1,8,489,496
-0.48902184915193203,-0.8533041377086301,-10.815897703496375,-7.830693477076693,N1,8,490,497
-0.40232930509909437,-1.0697554840970558,-10.899860141666068,-7.9214157994033485,N1,8,491,498
-0.3065360294029702,-1.2823120969499842,-10.805828386662597,-7.856534915702468,N1,8,492,499
-0.4682873238049865,-1.3926838593226367,-7.504692310053088,-5.484655678023273,N1,8,493,500
-0.30941167762894395,-1.4933224180908349,-7.476588834628728,-5.4542860693504736,N1,8,494,501
0.2641988514516882,-1.4733817856648557,62.84604564660913,24.81629653277878,N1,8,495,502
0.42938698851506274,-1.438941884631546,70.15735011613788,30.087731463277578,N1,8,496,503
0.9418799497779204,-1.2573267931465755,100.87710858029777,57.05938206907558,N1,8,497,504
0.8291053820440268,-1.0590461424684434,106.74703502228476,61.52153015555382,N1,8,498,505
0.9015932636297137,-0.8459651582605461,106.736870209254,61.51051787809183,N1,8,499,506
0.8009331979803846,-0.6180248915370712,106.76086602309351,61.57319293654746,N1,8,500,507
0.9381328414754577,-0.4723880551867624,106.75275770337521,61.564402528457094,N1,8,501,508
0.9805512532444212,-0.30957641112961015,106.79796906265938,61.61327723995464,N1,8,502,509
0.18274588585817497,-0.280446884528479,36.42338248664828,31.323250443999996,N1,8,503,510
0.04272307568881217,-0.24040272937111762,36.41013682828043,31.308927861388156,N1,8,504,511
-0.4625984832058734,-0.3408743726000377,5.670921226975224,4.353008856095812,N1,8,505,512
-0.22815902027863189,-0.4290766139312756,-0.22062848133464286,-0.20601031848536877,N1,8,506,513
-0.17594855481581817,-0.5297899592877282,-0.18950241731454298,-0.20905764666918003,N1,8,507,514
0.030573560643645692,-0.6311899644004222,-0.29611348877779164,-0.3242970233231972,N1,8,508,515
0.19154622092657547,-0.7343408710106644,-7.418968492086606,-5.434504721878284,N1,8,509,516
0.5708847199720779,-0.7685183794619447,9.82807081446299,8.421213706560366,N1,8,510,517
0.5807626222954028,-0.6712689171403468,9.747066731642008,8.333676103321523,N1,8,511,518
0.8439212521671422,-0.5805588422480461,27.093967096511733,22.297311251114024,N1,8,512,519
1.1344985461219537,-0.4162419488167367,49.05419319364637,44.3404802022485,N1,8,513,520
0.8925492506420696,-0.2615506686264977,48.90466141813795,44.25236838236924,N1,8,514,521
0.9681498138916282,-0.09584589712654124,49.010055695348456,44.402992158632514,N1,8,515,522
0.8896010306982518,0.07149782170263075,49.02591365331273,44.4201180118755,N1,8,516,523
0.7049368988411899,0.2391529506814858,56.20558401299013,49.59173986456449,N1,8,517,524
0.34971794048580307,0.33203793091248945,38.97010851395589,35.74850420056737,N1,8,518,525
0.2585010526994722,0.30220064029153004,39.03910067058496,35.823097660641906,N1,8,519,526
0.014725893285003622,0.2641243354518694,21.62885330206882,21.790994015211027,N1,8,520,527
-0.22655632303582962,0.1623248917103597,-0.2791507697470479,-0.2324834197581822,N1,8,521,528
-0.23489586206916613,0.05781228986116105,-0.0925872928996796,-0.10428559132424198,N1,8,522,529
-0.44100815837045815,-0.03730861373980732,-0.24243516910883045,-0.2662565199925666,N1,8,523,530
-0.3035909578802318,-0.13220824233468287,2.905505255492244,-2.72807634582432,N1,8,524,531
0.0712177183319298,-0.2360022458896982,20.065686636121427,11.03381723732673,N1,8,525,532
-0.11353791774727995,-0.33037851884282543,20.143232056910165,11.11764279148565,N1,8,526,533
0.29400472816225687,-0.30777525063713806,37.49621557580349,25.08787936040926,N1,8,527,534
0.4127645097225354,-0.2809324706860179,40.55736088344656,27.38346785087083,N1,8,528,535
0.4396282276516956,-0.25271742455464374,40.629585749609305,27.49827839175532,N1,8,529,536
0.5980875822226395,-0.2242610901048272,58.88396716246507,46.72105288541752,N1,8,530,537
0.6797965904142131,-0.19791239820709405,58.929554757065034,46.770344645869045,N1,8,531,538
0.5735480610355381,-0.1783859134421275,55.78838006144724,49.23947537804156,N1,8,532,539
0.32109375463621603,-0.14046629177152115,38.682994927480195,35.500121665863844,N1,8,533,540
0.474807993976448,-0.12138984320136736,41.56636514745696,32.75236720024532,N1,8,534,541
0.19649056403087428,-0.22021595577464104,24.27260814860756,18.80944758755868,N1,8,535,542
0.09171225727406807,-0.31907562450320803,21.262642811309888,16.56917214717305,N1,8,536,543
0.0015520741134338323,-0.4189666183409275,21.19377155807979,16.494702736506497,N1,8,537,544
-0.14517996060957472,-0.5198181759334197,2.827084272943466,-2.7760554466572103,N1,8,538,545
-0.08399453454119765,-0.5520066921844042,2.8587711535301423,-2.741851695212972,N1,8,539,546
0.005810279714296485,-0.46489882542002237,20.190277293474537,11.205199516039329,N1,8,540,547
-0.03495210922087466,-0.3892832647014255,20.128421480138968,11.175057499898912,N1,8,541,548
0.35763176141655606,-0.2504181507749108,34.44346962570535,27.725985433218966,N1,8,542,549
0.36807518797644434,-0.11814584326930366,34.49298253350662,27.81617081010586,N1,8,543,550
0.43171468621698494,0.06924839310873021,40.33007057227405,32.24281627650771,N1,8,544,551
1.1973225936619443,0.2568689830589608,43.42023666989826,29.718537852407735,N1,8,545,552
1.5018224110404503,0.4974193670371705,63.60772755590415,47.540311633680176,N1,8,546,553
2.09000261619326,0.6569851302118495,97.73295014083669,68.84835019049456,N1,8,547,554
1.9478233414979087,0.6973715431055985,80.41457643757713,54.91551239971909,N1,8,548,555
1.8702268883029873,0.732420909690372,80.47145451531242,54.94025935377908,N1,8,549,556
1.358702157770992,0.7056515996622201,63.117270326656126,40.968761201743064,N1,8,550,557
1.4747909956725351,0.6725568791232774,63.0202957098827,40.86394564543184,N1,8,551,558
1.3971700226285222,0.5828386670005523,49.98203419878928,31.284876385932193,N1,8,552,559
0.7804490290850055,0.47564431891549197,46.77339845997858,33.681110567848236,N1,8,553,560
0.5162821669410675,0.31919416199797146,26.70771092545783,15.991018593986155,N1,8,554,561
0.2608616212057129,0.16162179244754493,11.730683579573906,6.858643260811732,N1,8,555,562
0.37166119448139057,-0.014101221881817505,11.696755707127977,6.82194128370611,N1,8,556,563
0.7501111717434199,-0.055544390334246296,29.01569041243465,20.792082442153514,N1,8,557,564
0.8215026823492622,-0.042377248425445435,28.98253392535844,20.756221860705637,N1,8,558,565
0.7087431245740135,-0.028107342910965505,29.058952896849405,20.838851664384947,N1,8,559,566
1.187312110584223,-0.030551713205234865,103.35508419648477,49.37950955649103,N1,8,560,567
1.1113889012392093,-0.030005974253621837,103.46359064132503,49.496803052627,N1,8,561,568
1.1167410223367398,-0.04633461760955626,111.87525191638088,51.680021997913855,N1,8,562,569
0.908392452007547,-0.06793086258537295,111.01949522492578,58.69484046139041,N1,8,563,570
0.7639945494986762,-0.06134490282395344,111.14953617752326,58.83545573654328,N1,8,564,571
0.5176279652387308,-0.19270005891022302,90.33468399569438,42.31966351296455,N1,8,565,572
0.6235593924633349,-0.406777833977767,90.28399708575444,42.26486736401671,N1,8,566,573
0.8707093274001636,-0.5978956374040962,93.48578575870442,39.86122411418114,N1,8,567,574
0.43271334338945877,-0.781106640072929,26.33160384572784,16.408976093245656,N1,8,568,575
0.4535234229823786,-0.9254531068237835,26.309151017151635,16.38467412262912,N1,8,569,576
0.6269762511777728,-0.9364498576748626,35.1081905003748,28.017934902755087,N1,8,570,577
0.46411736869276154,-0.9297606713550075,16.80235155652781,8.813013172011097,N1,8,571,578
0.7375263933076752,-0.9355913919082803,34.07372649803301,22.695004538622015,N1,8,572,579
0.7918712360347584,-0.88397766126234,30.268110590698143,20.0164457744404,N1,8,573,580
0.6785495505724768,-0.7910543472620049,30.36097746712585,20.116823087408648,N1,8,574,581
0.3381488714223764,-0.7141922054694709,27.128356083811468,22.487143560633285,N1,8,575,582
0.1348490443690764,-0.6288788406331134,27.16628943418391,22.52813298412798,N1,8,576,583
0.037436653348159155,-0.5178786903478843,33.05504246284954,27.01066365240399,N1,8,577,584
-0.07136246165758564,-0.5181350262695972,15.830119077038034,13.178807524391686,N1,8,578,585
0.19842963529548285,-0.5327661495005853,34.06803660445712,32.31032002116285,N1,8,579,586
-0.1724982304325806,-0.5389680191885251,16.761452549673322,18.390230344181646,N1,8,580,587
-0.26656815808694034,-0.5792048965247734,24.052584489158562,23.63994028091315,N1,8,581,588
-0.24857682384158153,-0.6378827997640699,24.00008569550255,23.583193531827646,N1,8,582,589
-0.09001673315258074,-0.6771553514447279,24.059062122792966,23.64694945613519,N1,8,583,590
0.10497684573616795,-0.6539882495444949,24.047671879897734,23.634624535196963,N1,8,584,591
0.3629646383030476,-0.5705915355557103,35.47034987357756,33.05257296463492,N1,8,585,592
0.23093417026820617,-0.5000783913920936,35.38710643460763,32.96259862993952,N1,8,586,593
0.19808150458134577,-0.24461297352818967,34.42197051895482,27.71463264386557,N1,8,587,594
0.4018338213649031,0.001934707971497307,34.3478847355168,27.63453076668975,N1,8,588,595
0.4736061718579663,0.22133000508277334,34.38631931520695,27.676062559921547,N1,8,589,596
0.41180344506280875,0.4491934161725437,34.37431778723885,27.66309288954426,N1,8,590,597
0.4300398260456362,0.6517479247505737,34.35071022477223,27.637574796027593,N1,8,591,598
0.4042551471538758,0.786768187946433,34.40230482773359,27.693406507752115,N1,8,592,599
0.2335220126263593,0.8018817373382743,22.892722163092913,18.18153046309658,N1,8,593,600
0.35261473290097456,0.8120680242772038,22.920493209800952,18.211547029851545,N1,8,594,601
0.2075157174608293,0.637283077535725,5.694589303787325,4.378661643105488,N1,8,595,602
0.33282673624981385,0.4701790294076438,24.063114087085978,23.651395666539656,N1,8,596,603
0.16869607768194328,0.31179017690375943,24.036066701341042,23.622148810128238,N1,8,597,604
0.15170569806335266,0.14868548077291432,24.05976923911885,23.647752962390996,N1,8,598,605
0.29248009911952977,0.03818645329560111,23.936579799257288,23.51458828772479,N1,8,599,606
0.6151746466045935,-0.011789420972360798,43.09667701667286,35.7290913131701,N1,8,600,607
0.7024326531739149,-0.06235380700423265,37.29853072165179,31.34449077618251,N1,8,601,608
0.9482785840116676,-0.04823464085551521,56.573191559526094,45.338320390697845,N1,8,602,609
0.956474286836162,-0.030790443431121695,56.48746150938905,45.24566210614307,N1,8,603,610
0.8483765307877817,-0.03212264536766796,38.112170987027184,25.96565390339856,N1,8,604,611
0.8941349094446522,-0.027464772632307177,38.114240965718636,25.967853745710272,N1,8,605,612
1.04659091526117,-0.04190719891828332,38.07462847187389,25.888373374593357,N1,8,606,613
0.8024712676592216,-0.09532062291537624,38.23841842373895,26.065413522727113,N1,8,607,614
0.3837017673379961,-0.21335451201634692,22.171840373521263,16.18146264640427,N1,8,608,615
0.24332679186004924,-0.33246024189827583,22.15826412187289,16.16680905569183,N1,8,609,616
-0.20848088022651723,-0.5422685604898785,2.808968279617602,2.092303351227656,N1,8,610,617
-0.2796053511371568,-0.7589888451677562,2.4711905391450273,1.7271894528403209,N1,8,611,618
-0.23394367611913225,-0.9055869224149848,22.999648672548574,19.917390470005103,N1,8,612,619
-0.15961526322723785,-1.0074393337200065,23.03358773956188,19.954071255271174,N1,8,613,620
-0.2853593084046011,-0.9737597504609474,23.080801207916466,20.041776335446684,N1,8,614,621
0.011267452799970101,-0.6989410833647285,42.20736321828508,32.2201211046563,N1,8,615,622
0.098325879031961,-0.43335325563777793,31.831066617042325,24.64892544286431,N1,8,616,623
0.3582782691107269,-0.11079166574191568,49.19299021054712,38.62881572655806,N1,8,617,624
0.38893705827236147,0.29147207534973996,49.20465066287443,38.64142301525089,N1,8,618,625
0.3522673498472173,0.6919118212109607,49.58093581308185,39.04813084226316,N1,8,619,626
0.17416731693401744,1.0304010358355984,29.02841602035096,20.83190703002674,N1,8,620,627
0.23056456207540066,1.3058449684667153,29.01255912678107,20.741327890398225,N1,8,621,628
0.18324278943862282,1.453842660913142,29.0091043544312,20.73758294459185,N1,8,622,629
0.01723742371898851,1.3439775889616157,9.821869576226163,8.493643338269976,N1,8,623,630
0.013603389080614647,1.2389876771366763,22.998132988126144,18.189487534584714,N1,8,624,631
0.26175069702489395,1.0704385700475203,72.85380006192872,27.730338856642447,N1,8,625,632
0.2933118993776347,0.899892909337425,72.89749026317122,27.777567528154123,N1,8,626,633
2.827782227584379,0.7122914298433483,106.92509451223441,48.98012959917287,N1,8,627,634
2.83974967655886,0.5155830656119436,107.02926864067058,49.09272208705124,N1,8,628,635
2.980210370056078,0.34004758203833974,125.32210124025369,68.3355858060454,N1,8,629,636
3.354211647942485,0.2885472727020508,144.4996946062629,82.24944051957027,N1,8,630,637
3.2911025040695563,0.23274048978577522,144.50295039246112,82.25296347342828,N1,8,631,638
3.603211338412578,0.2861528980696477,157.6908494245622,89.92723136693758,N1,8,632,639
2.9996202824419953,0.3347087676359801,90.55226855597357,66.49190296639381,N1,8,633,640
3.0258100467711415,0.3341479058430801,90.56050646715357,66.50082021039225,N1,8,634,641
0.6661822796464705,0.34647539148938655,56.55364119242131,45.32068560311063,N1,8,635,642
0.470419161929847,0.35932551801628576,56.464933749657575,45.18808534586515,N1,8,636,643
0.26209015183491147,0.3488326361607197,38.140611107637596,25.984671879825783,N1,8,637,644
0.06546719774429732,0.17787437016894714,18.61840260012241,11.661589471724255,N1,8,638,645
0.03709560066090489,-0.0016094540268052349,18.97435683085314,12.046360536263364,N1,8,639,646
-0.3256856395142762,-0.26218481224732515,-7.449480668808064,-5.388261346398849,N1,8,640,647
-0.15474894869777955,-0.5245527914454606,-7.396518440505133,-5.331029702922024,N1,8,641,648
-0.18611680931632435,-0.8046125387607979,-1.5086856500720387,-0.8495349128825183,N1,8,642,649
-0.29944264099188445,-1.008804188955651,-1.553924163415104,-0.8984389905590433,N1,8,643,650
-0.10628279389826645,-1.1478007060777253,-1.581304622337484,-0.891302584598634,N1,8,644,651
0.2894013208944486,-1.082575477798406,27.7850058373715,26.00455367602717,N1,8,645,652
0.12622154888677528,-0.9742276933036531,28.13613539179096,26.420830355195903,N1,8,646,653
0.4790425306456001,-0.7206042525560918,47.02847501452425,38.34597046988392,N1,8,647,654
0.4357610577656601,-0.4863445943631346,54.28612601148416,43.55939358173282,N1,8,648,655
0.2808042493534728,-0.23828786396946477,54.229321222423096,43.49798407265689,N1,8,649,656
0.22461748546836446,0.014467555783437724,48.21631805269362,38.8811710519617,N1,8,650,657
0.1507620725795462,0.20959987166729777,48.30122494783973,38.972948704259124,N1,8,651,658
0.38447212631442085,0.33171640124960655,47.9500021265776,38.59326635876505,N1,8,652,659
-0.07444676983267584,0.2741422397102018,19.008859315913014,12.156955083437879,N1,8,653,660
0.17121384862153377,0.1932420359610192,18.986645830891575,12.132975526357313,N1,8,654,661
-0.18052562716605536,-0.020660396909415013,-0.29713360543746603,-0.2153031311036102,N1,8,655,662
0.014175392506381002,-0.17512799447703786,-0.3563272680294176,-0.31595917018375985,N1,8,656,663
0.24289242393525967,-0.3084656722941972,5.712050437725338,4.360672924877235,N1,8,657,664
0.4652052217005078,-0.42604091044748316,5.805293672182415,4.461447415335442,N1,8,658,665
0.7060237298485816,-0.5661027226430932,5.723444046279383,4.372971240039533,N1,8,659,666
0.8395042452564994,-0.6038936120677207,25.344081406344685,17.08538786743202,N1,8,660,667
0.983734263224747,-0.5899138995823128,24.918617934341,16.588779228016392,N1,8,661,668
1.2937173511194615,-0.5417006263234421,54.2703128756757,44.595087409774806,N1,8,662,669
1.1858029668523145,-0.41733184672162027,54.29825046552378,44.6252708272541,N1,8,663,670
0.9306908810098875,-0.34109068189705205,54.40342163037894,44.775653912704,N1,8,664,671
1.5689693898978732,-0.2772515635929955,48.24604787882163,39.9661021759116,N1,8,665,672
1.4921856767162396,-0.2007744523491457,51.41132773098116,37.52307596870287,N1,8,666,673
1.2175443503670493,-0.0980005258198382,51.40881290105108,37.52036144318936,N1,8,667,674
0.913809958954289,-0.065257354912303,35.34617278413225,22.789406162346495,N1,8,668,675
0.722603083432034,-0.0868309156261895,35.246626503662355,22.71851149127724,N1,8,669,676
0.22709059071367932,-0.08863200088064449,5.979756269372956,-5.23284741491716,N1,8,670,677
0.3629921568686001,-0.15431441296632986,5.6554990406166326,-5.5833552581802905,N1,8,671,678
0.5651310885283607,-0.21646989255945703,9.062812431909151,-5.257167786425725,N1,8,672,679
-0.2790776780576181,-0.27063024196388996,15.028292432371018,-0.6549956039912104,N1,8,673,680
-0.27370950851070575,-0.31424568242444906,11.91278972847067,1.8418324172716893,N1,8,674,681
-0.019648543257531514,-0.29923577340013363,29.166885791327786,15.70522027315019,N1,8,675,682
-0.032170291749558544,-0.27375536583011684,26.092405394011166,18.246457755590654,N1,8,676,683
0.3095044300054326,-0.05397353340982969,45.34860044356401,30.564920431834253,N1,8,677,684
0.5253534256559433,0.27653401863104055,63.617920073857476,49.7241248924538,N1,8,678,685
0.5102362786990398,0.6011241759238,63.984975830941494,50.120923277768725,N1,8,679,686
0.45698142875210834,0.8994762788218726,63.664044478090545,47.266386115147725,N1,8,680,687
0.6732581127491031,1.1914336393770857,57.66357159077779,42.66314711257928,N1,8,681,688
0.5644449420428828,1.4490607959268313,50.44087744329954,37.44502217321906,N1,8,682,689
0.4038042164324622,1.6389451473130772,33.1847102007614,23.579396513219308,N1,8,683,690
0.18148371061237611,1.8019913458862082,33.154951844690004,23.547216224727435,N1,8,684,691
-0.11321415358860776,1.8173452807402957,13.957799718189108,11.292598114779594,N1,8,685,692
-0.2736710338711603,1.6900227318544894,-4.366039252590781,-7.888840185825302,N1,8,686,693
-0.295596687982723,1.5519207571278384,-4.452482092149239,-7.982289720763674,N1,8,687,694
-0.2013993023630789,1.421981279557258,-4.376303960158566,-3.0831352367335967,N1,8,688,695
-0.37270201617685217,1.2659568193362605,-4.3190890173491425,-3.0213121371089073,N1,8,689,696
0.14965526800878592,1.2994319432858816,72.80131144518373,33.418369082526624,N1,8,690,697
0.0311513313211762,1.3136090803261988,75.96879447563742,30.977644731949113,N1,8,691,698
0.5495660887607556,1.3790362850604165,95.16996569548428,43.23659057290433,N1,8,692,699
0.7763071577453857,1.3683264920037062,95.15441228403915,43.219767529672026,N1,8,693,700
0.7115044535124682,1.3423607616092075,95.14903436341274,43.21396831867287,N1,8,694,701
0.9303639059456685,1.3168955897375025,113.56462889858585,62.53754556060994,N1,8,695,702
0.730398921561914,1.2763427879705898,110.37928527625354,60.14212441685959,N1,8,696,703
0.8655856164826901,1.2154072928126185,113.45902186602189,60.11427679980852,N1,8,697,704
0.4756069623471575,0.9511351898966331,43.525309829989965,28.853826892545385,N1,8,698,705
0.7116999366087242,0.6888463234726924,40.33770003076097,31.272789562572143,N1,8,699,706
0.3496377732693716,0.38744222806028694,21.189326610674016,19.0342254848606,N1,8,700,707
0.028260054775536503,0.09512985692491427,21.228911736208374,19.040323832791728,N1,8,701,708
-0.004946644776403275,-0.2192120925414576,21.169647521152456,18.97628659743532,N1,8,702,709
-0.17637613483297088,-0.5057653697151252,8.797782345743144,4.302735473205303,N1,8,703,710
-0.05571186261779104,-0.8233964243043645,1.4864443822289104,-0.968777138364203,N1,8,704,711
0.24995865084032687,-0.9579510017980097,17.728932345089106,11.448849308321769,N1,8,705,712
0.3159505653655543,-1.0894514801128645,17.739294162948227,11.460044727875811,N1,8,706,713
0.966270392773545,-1.044861556864507,60.99368735750022,40.070317365226856,N1,8,707,714
1.043377979475693,-0.9107304941649104,60.9120911524692,40.01882739421444,N1,8,708,715
1.280654802046918,-0.6608876508820396,60.80185606066607,39.89964819250645,N1,8,709,716
1.3384796104946446,-0.3865476856648634,60.8984024013148,40.00400354145631,N1,8,710,717
1.1659568889216203,-0.14828303262344403,54.858723914584516,35.358350689832605,N1,8,711,718
1.390674507598412,0.13358528612897536,80.57241327774818,59.91760797484676,N1,8,712,719
0.8559869442536652,0.25590232502486354,61.30247521178035,47.58433950257813,N1,8,713,720
0.6709195937182102,0.36283224910145295,61.27162693809032,47.55096314901448,N1,8,714,721
-0.07142949356693862,0.3148576308304521,18.032527256395497,18.957205644227997,N1,8,715,722
-0.10855158918912622,0.1979478729318046,18.00419757309146,18.926547906564792,N1,8,716,723
-0.12397003363131631,-0.015190818834635023,18.112114141855727,19.079910058978385,N1,8,717,724
-0.3138051336291099,-0.24771612789364178,18.131133566324024,19.10047352238871,N1,8,718,725
0.024522935279918556,-0.4476826744231932,18.17363787209524,19.14641565560123,N1,8,719,726
-0.014919606230499483,-0.651852731307353,17.028948334558663,13.72588266763023,N1,8,720,727
0.21309025456958608,-0.7253738913647442,17.043682169100975,13.74179222215571,N1,8,721,728
0.5135151067407691,-0.6494993613938619,38.0857550333767,30.892206921491834,N1,8,722,729
0.3352113750313137,-0.4708335625309025,37.62800313266598,30.397390703514247,N1,8,723,730
0.34954829048941605,-0.2698126304401866,38.120115940408596,30.92933435119221,N1,8,724,731
0.21359804520206183,-0.0993244515745848,34.67197957093822,28.39861857052938,N1,8,725,732
0.31593905775109477,0.0998674443386009,34.64093187327626,28.365073153470803,N1,8,726,733
0.2653423169468496,0.2549976631162405,34.426323957362,28.133108652282317,N1,8,727,734
0.2525513980657763,0.4180388583612843,35.65689676602642,33.66793484059917,N1,8,728,735
0.20307669067800305,0.42859817538528966,35.519356492116,33.51926824507336,N1,8,729,736
-0.039040861320444264,0.3673000706075075,14.546294656847294,16.44349424555594,N1,8,730,737
0.04729787512556527,0.1733268716035749,18.182457959296244,14.50943004067085,N1,8,731,738
-0.03517804548323511,-0.06579722529863952,17.758512568526385,14.051204203330599,N1,8,732,739
-0.02985418338708712,-0.33750735851123714,21.15688494371625,16.528115752496888,N1,8,733,740
0.05395619771415028,-0.5845896437361169,21.190740284752337,16.564665892026824,N1,8,734,741
-0.041529527801969834,-0.7282881230711353,38.691458726122164,30.694590141132267,N1,8,735,742
-0.27139751014143343,-0.822732147857988,20.150051101182726,11.235072738122653,N1,8,736,743
-0.029536271895743482,-0.6946934459135301,41.15779296075925,28.348380774222733,N1,8,737,744
0.06952992849628004,-0.5540048258036869,41.235412652285504,28.432266616676316,N1,8,738,745
0.13768700924646282,-0.39512782904970717,38.05127934282609,30.855018978992575,N1,8,739,746
0.1741423944346039,-0.24778211163398312,38.00729731386491,30.807444504162504,N1,8,740,747
0.147177201251111,-0.0529439011560453,38.0279426408415,30.829783991009663,N1,8,741,748
0.16903967627493444,0.1181323004263597,38.04064794799024,30.843521888348732,N1,8,742,749
0.14066982047094712,0.19159962768305072,20.326871785559433,16.483281194646224,N1,8,743,750
0.07822109288246537,0.20833530870745243,20.55201247573723,16.726633447531185,N1,8,744,751
-0.0371984373557126,0.0519597502831457,18.2102392377642,19.2075106689108,N1,8,745,752
-0.06207926209454939,-0.10753216677848343,10.818422837172875,13.849059804058925,N1,8,746,753
-0.05823804500102625,-0.2940886654634398,10.703232250652945,13.724547108712159,N1,8,747,754
0.03342112141131537,-0.4616749516573323,10.853574952402141,13.88707354999815,N1,8,748,755
0.15625877011031974,-0.6628211550452752,10.82289866582505,13.85388998027247,N1,8,749,756
0.5208602230151058,-0.7164179717072277,28.108004834453823,27.750747877696085,N1,8,750,757
0.34933521708424564,-0.7633409129856528,28.584426489537236,28.26572905626881,N1,8,751,758
0.8127067322254717,-0.7167278770965839,45.686911300228985,41.94033979843198,N1,8,752,759
0.6726098370754698,-0.6166415653684134,33.07472146313921,27.007043596886433,N1,8,753,760
0.5206963178628783,-0.46268197488720286,40.33323711969797,32.22143849701888,N1,8,754,761
0.7927489547376112,-0.28463023109470487,107.58835876587727,55.782766801738944,N1,8,755,762
0.8636754071466939,-0.12828792787362575,107.32884457467526,55.502223820181825,N1,8,756,763
0.8847007566122329,0.07144225842755425,107.54048045854688,55.73101642382744,N1,8,757,764
0.4456698452706789,0.11254309390557893,90.16988903620677,41.741775139701986,N1,8,758,765
0.6199716323072906,0.16350357047453867,90.01999100262128,41.579760122381686,N1,8,759,766
0.3966361170717434,0.251631627121653,72.77822930243838,27.754600057359312,N1,8,760,767
0.6057945863601688,0.3281214159712582,85.18963202660416,42.47088469714254,N1,8,761,768
0.8738209252494258,0.28560463864448704,85.15387584969949,42.43223447743367,N1,8,762,769
0.48731597587647,0.31045327259119126,18.11787021918508,19.107722326980365,N1,8,763,770
0.3130083450617036,0.3190804397362552,18.142266070273763,19.097372748795806,N1,8,764,771
0.40113204902502275,0.44282955903539756,29.02132404059057,27.65429036802425,N1,8,765,772
0.35298504334416947,0.6198588558046727,28.935815723354153,27.561815333103823,N1,8,766,773
0.6357272365267619,0.8500734549054602,46.440827081707994,41.696361191451615,N1,8,767,774
0.4669646867435233,0.9944786073090697,54.91054919936278,43.907938514068064,N1,8,768,775
0.29777462022796897,1.0618623014205189,36.58867159587999,24.68566134122102,N1,8,769,776
0.09014097691950695,1.1190981928384027,36.64352472929977,24.744942221591828,N1,8,770,777
0.08332083091391951,1.1085944390894737,36.59431158655525,24.691747317673617,N1,8,771,778
0.024155254152660177,1.0868135976405362,36.597229968606825,24.73165590671897,N1,8,772,779
-0.099654416063224,0.9476919596972673,25.619616112895073,16.06816491996915,N1,8,773,780
-0.0030113522807795334,0.8139074433009904,25.75371143600205,16.213150578608293,N1,8,774,781
-0.4768729669912162,0.5860041560625529,8.202993619215704,2.0291676065608044,N1,8,775,782
-0.46889621707197904,0.3632871381483205,-0.3159002566676463,-0.2355363993442552,N1,8,776,783
-0.5323796495742599,0.14009107978397134,-0.5169375145605954,-0.45283028627500244,N1,8,777,784
-0.2796529918362154,-0.082654077148377,18.10378555573743,19.092412109616816,N1,8,778,785
0.007306436681567163,-0.28296479998373314,18.07885583913503,19.06547334741981,N1,8,779,786
0.33674112020415237,-0.303530923658659,35.44336630993621,33.04816181517026,N1,8,780,787
0.2812838175420609,-0.3420809270492753,35.36920725723303,32.96805069899983,N1,8,781,788
0.564564108940047,-0.4371140278851602,52.64546536759099,46.85537432320825,N1,8,782,789
0.7772340331846053,-0.4720295084198343,58.819363831206374,51.64609983081482,N1,8,783,790
0.6640517280385794,-0.49880084987442774,58.798232594168894,51.58649540974511,N1,8,784,791
1.348727644527628,-0.5098077954767226,58.96062944113919,51.76202807567415,N1,8,785,792
1.458280862729012,-0.5576352481877378,40.21535621121757,32.08210509987612,N1,8,786,793
1.8567531011638607,-0.7131278508711394,75.62238496103919,53.54119911821908,N1,8,787,794
1.584577848820686,-1.0708471877143309,58.315743861731335,39.62104523312746,N1,8,788,795
1.576080913029358,-1.4141072073368752,58.401032171097086,39.713245482522325,N1,8,789,796
1.329809386480683,-1.7858847675355385,41.089117658874784,25.787399572572212,N1,8,790,797
1.2129252179873546,-2.09176759396637,35.02978714615074,21.12054323762186,N1,8,791,798
1.342577762094301,-2.425426904131256,35.01728967987174,21.143779445158998,N1,8,792,799
0.7445467698649253,-2.76671926153114,34.94881914119287,21.069780365125553,N1,8,793,800
0.6190848962952558,-2.98056816255294,53.452960756198536,40.48910296735585,N1,8,794,801
0.3424318444423875,-2.9723552183069044,35.35206970850277,32.94959040000913,N1,8,795,802
0.49003429982697355,-2.905180949213973,35.410478988602335,33.01271265802961,N1,8,796,803
0.7471994478091659,-2.8529634711058116,54.58410124573993,45.24188278971815,N1,8,797,804
0.7747773000197782,-2.7077380362289185,54.55996332873565,45.21573741704924,N1,8,798,805
0.9254154654836029,-2.6493774869425972,54.62804141500237,45.28935521510448,N1,8,799,806
0.8789253534554788,-2.6180510102639722,54.65693157333908,45.3205826903536,N1,8,800,807
0.7154424273486981,-2.597833990984922,54.67555652840929,45.30399915614544,N1,8,801,808
0.54660951629441,-2.6233171071235275,44.854311740978574,28.361061560646704,N1,8,802,809
0.2736094935869531,-2.7918635808821115,27.504575896905408,14.39437106960213,N1,8,803,810
0.16478605507435873,-2.885868403748506,27.498512829331503,14.387843808288835,N1,8,804,811
0.09479144695378494,-2.932547009568826,4.8868120738461585,-0.3612485185535661,N1,8,805,812
0.13730165049869925,-3.008547788931148,4.9065087490339465,-0.3399121681163706,N1,8,806,813
0.13470300689159842,-3.0550254340097904,4.884374046202993,-0.36385987825178745,N1,8,807,814
0.30114388933478864,-3.0779434980758973,-2.356453363588116,-5.559150505458547,N1,8,808,815
0.4612607220641394,-3.0432988367810845,-2.509815288338814,-5.724892252648715,N1,8,809,816
0.6352402402320436,-2.998268883994089,6.478946020593412,6.113385223037767,N1,8,810,817
0.7546815934609512,-2.838612948056811,24.742669963070057,25.272809313194557,N1,8,811,818
1.1044123902245815,-2.5943532170153976,42.07055571712226,39.215917457952855,N1,8,812,819
0.968721084385777,-2.3108591175866238,45.386006396890025,41.603259204999176,N1,8,813,820
0.883592135330332,-2.0337183043537,45.47338944418334,41.69770611300555,N1,8,814,821
0.8051993467230503,-1.731234054359529,48.55985058377246,39.16947122024112,N1,8,815,822
0.6933635149038864,-1.3960084767892234,55.81183223867856,44.37680470232635,N1,8,816,823
0.7386589459834312,-1.0918941951707755,56.031063240734966,44.65047743235618,N1,8,817,824
0.3546653104110362,-0.8200657501774646,44.410652244272114,34.993978374437575,N1,8,818,825
0.05476638772485387,-0.6629936758167752,26.15793188492671,15.846447458628518,N1,8,819,826
0.25766847858321285,-0.6012904895589504,75.87752877586036,25.24030793422071,N1,8,820,827
0.1866541419768737,-0.5955112694278704,76.05584520551338,25.433053519016994,N1,8,821,828
0.0596717613911224,-0.5415050074809269,79.02244913623917,22.775219461398592,N1,8,822,829
0.10521900134661166,-0.5325455892556494,75.95669351029028,25.325825601823908,N1,8,823,830
0.016214721725567927,-0.5737885493465633,75.99540810329427,25.36768706529756,N1,8,824,831
0.12228605301133655,-0.3673605243536464,92.99843261779051,38.95971853441142,N1,8,825,832
0.3883014074141329,-0.16416829834901137,87.01609187643317,34.37607256856927,N1,8,826,833
1.069102489811982,0.11589111039525335,116.6545727702055,62.69227481436474,N1,8,827,834
0.5577003147159445,0.3223887681723028,49.63212392221885,39.3823242588187,N1,8,828,835
0.576120723009879,0.5170612669192227,49.516756543867814,39.25763653975355,N1,8,829,836
0.6792782336241956,0.6482006779936018,46.420103341239155,41.77488300744744,N1,8,830,837
0.5968367858844417,0.7722651950572939,46.35883671483043,41.708682306378705,N1,8,831,838
0.5849102067115837,0.8956939132637984,39.11275880109224,36.507726000621005,N1,8,832,839
0.3726920362972379,0.7669785206002651,28.054940537211223,27.459151359991665,N1,8,833,840
0.21172365919861846,0.637028472088387,28.090796289417995,27.49791269363004,N1,8,834,841
-0.22311784910169052,0.4422663272449814,-1.4657906911697864,-0.7665048652411315,N1,8,835,842
-0.38823143581245034,0.23962777780268674,-1.6046015221181733,-0.9165162492122363,N1,8,836,843
-0.3245394514587687,0.030499648497919196,-1.5835957480403522,-0.8938101093826845,N1,8,837,844
-0.2708987952005799,-0.1604898364915215,-1.4694485159398027,-0.770399481655204,N1,8,838,845
0.009464108020402762,-0.34888026182507126,-1.4531095437168915,-0.7527731532090911,N1,8,839,846
0.37658482599336196,-0.5382442670902226,24.9770997904061,18.344160574867146,N1,8,840,847
0.42211869515512745,-0.6924628644427262,18.94487914738238,13.70667256579236,N1,8,841,848
0.6092630763841171,-0.7682630216344446,36.3488663765138,27.732053951091984,N1,8,842,849
0.4187886216876393,-0.7342312116018306,36.16835278077815,27.536921363574947,N1,8,843,850
0.8148332891280745,-0.689456691880352,54.59564307893834,46.85164938857224,N1,8,844,851
0.7169895508335102,-0.6312053129557569,54.63997775536609,46.899545489200136,N1,8,845,852
0.553433302653616,-0.6067692842907295,54.487017820443725,46.73420405586694,N1,8,846,853
0.23172892382984145,-0.5838740173435788,54.37604085577095,46.61424727230633,N1,8,847,854
0.03455503197781695,-0.5454238548006618,38.486070132565146,35.265726480615285,N1,8,848,855
0.01790072808815779,-0.5420636121333331,41.62671281746043,32.795980175224486,N1,8,849,856
-0.003692002225797353,-0.617127565335041,24.216456099326933,18.763841538894212,N1,8,850,857
-0.10773117571932289,-0.6935236452352793,24.33938913306247,18.93342121314845,N1,8,851,858
-0.3013585938124308,-0.7507518999945031,5.990707930995995,-0.2963639613444684,N1,8,852,859
-0.36240949125210875,-0.8388478300086355,5.898622568172868,-0.3958924375187962,N1,8,853,860
-0.2279466227025324,-0.9136086492424607,5.99416338717856,-0.29266187208122574,N1,8,854,861
0.18784826951703337,-0.9629975541258471,25.390427344377713,13.85751571278297,N1,8,855,862
0.13158215225168846,-0.9019808019102165,22.037758093204502,11.246789379795246,N1,8,856,863
0.31857091349407085,-0.8313852344996846,36.273100934239665,27.711605963377224,N1,8,857,864
0.1964498678661073,-0.6936534684324958,36.31065077907715,27.752167045390706,N1,8,858,865
0.17547097667488032,-0.6512299486269946,36.29383553524258,27.734045326173145,N1,8,859,866
0.5686805157344352,-0.5484706935108772,54.50972528856073,46.82031915114294,N1,8,860,867
0.543726835173409,-0.41432864606089304,54.615345539336886,46.93449316762508,N1,8,861,868
0.5783807228246829,-0.26898986511236345,54.63595886252824,46.95683468443258,N1,8,862,869
0.3240801477230235,-0.1371649980900056,35.38480469150727,32.96349093651861,N1,8,863,870
0.14807063834449252,-0.13530327099436867,41.26605117161398,37.43792880492083,N1,8,864,871
-0.17858125239337852,-0.13640373984054932,24.056934010935947,23.623176503074774,N1,8,865,872
-0.30831368094553113,-0.18613204341570366,24.056588805335196,23.6228096403579,N1,8,866,873
0.5675493535117582,-0.23246669864426828,59.342137791680216,44.95064883945088,N1,8,867,874
-0.021762489892928727,-0.35402199024359504,41.08121019243117,25.815698110217,N1,8,868,875
0.12905648513414292,-0.47304578592571644,40.95835715883004,25.682900565333966,N1,8,869,876
0.4007617333060267,-0.4567754520324563,58.29712306506826,39.63770990776584,N1,8,870,877
0.3664273176373669,-0.3746357019638662,58.33831184682731,39.6822419726368,N1,8,871,878
0.8140943264402409,-0.03269050429609166,69.66494200002762,49.021233265864794,N1,8,872,879
0.8549158862558528,0.3493858236759486,69.64900626597773,49.00403644689368,N1,8,873,880
0.9083387895910846,0.7237515716371394,62.37707777758351,43.77519278997852,N1,8,874,881
0.18101850622063864,1.077484384564885,27.097200574588896,22.416775334995236,N1,8,875,882
0.11379618499671551,1.4244437822134675,27.00421542267486,22.31627347803942,N1,8,876,883
0.3738028488433969,1.748141804727327,45.4718556775033,41.69607527449352,N1,8,877,884
-0.017218129072048782,1.924415109908292,28.185206952359295,27.79755315359307,N1,8,878,885
-0.1638313679571226,2.020171699509424,28.101297286178124,27.70685457255877,N1,8,879,886
-0.3877150294370324,1.8459381721897934,10.89588937290955,13.896106731844611,N1,8,880,887
-0.3290753231791044,1.625909220504795,10.852174344818195,13.848827828416688,N1,8,881,888
-0.18007099049405184,1.450881142113472,24.024095805547404,23.539986600442717,N1,8,882,889
-0.2107842195385743,1.269310742010214,23.882653117356313,23.423786345405006,N1,8,883,890
-0.04814630301679301,1.0978844579377203,24.181806637816408,23.747181259872832,N1,8,884,891
0.3485842418225005,1.1034816020692269,75.75714217954283,33.66814477204343,N1,8,885,892
0.4847023844109444,1.0919905750697207,75.66087314523793,33.5274075472571,N1,8,886,893
0.9483297783637852,1.1923348403369562,94.86335437078651,45.787820623637344,N1,8,887,894
0.8261174653020547,1.284115288868895,94.99206529419462,45.92693682792287,N1,8,888,895
0.8396135632370942,1.3519649320156155,94.9168568469886,45.80892538338094,N1,8,889,896
0.7848622802959255,1.3371811508494478,88.98281881115872,41.309794833851356,N1,8,890,897
0.6734735861034764,1.3505840134634806,89.05806317498173,41.391126793015246,N1,8,891,898
0.5337019348551877,1.3548726556335922,89.00060291701084,41.3290013625101,N1,8,892,899
-0.02125369358470408,1.2017561823636278,37.28832713451902,31.260071261798203,N1,8,893,900
0.035504197071730914,1.0653935600990145,37.35440971546086,31.36820492555853,N1,8,894,901
-0.5170411013926355,0.7540473251107436,18.157012497019423,19.07656453409072,N1,8,895,902
-0.5056580574923615,0.42504314149362266,10.77159000136271,13.724974200823908,N1,8,896,903
-0.6650301552211602,0.09093315561078441,16.739074048417024,18.329310453905236,N1,8,897,904
-0.6852439617052184,-0.24696261915987172,16.704598646029808,18.292052752391555,N1,8,898,905
-0.49725899015172814,-0.571048155076955,16.768183138636232,18.360801515106232,N1,8,899,906
-0.13711247918050162,-0.7536649655116427,35.94664527077566,32.250660379987494,N1,8,900,907
-0.37187328376891315,-0.820232628097731,17.64670122724783,13.052098280273185,N1,8,901,908
-0.2814729440407504,-0.8236496002293894,36.79946136574017,26.93905694402929,N1,8,902,909
-0.02366146036886363,-0.6582598503039012,36.812537995545426,26.989961847846644,N1,8,903,910
-0.1379554959084004,-0.41127082260029013,44.127162337078516,32.26504098464511,N1,8,904,911
0.6547969083982537,-0.14290607254679166,38.16106070529531,27.698958799637694,N1,8,905,912
0.6578225821302368,0.15310018423942573,38.24644272911064,27.791297134130673,N1,8,906,913
0.580825121930225,0.41626564879189054,38.19352998996783,27.734089163286626,N1,8,907,914
0.281233566914338,0.5169040194650467,18.946220445058316,13.769823308955893,N1,8,908,915
0.2538949069725902,0.48418906281364293,18.903213382158356,13.723320511708607,N1,8,909,916
0.15808495962471625,0.47037950110221516,18.110033836651382,19.09937587980403,N1,8,910,917
0.07027885748926366,0.3160063648641227,18.070047535682534,19.05615174637296,N1,8,911,918
0.2844045439590772,0.1363050651821034,18.03765055817894,18.98443677598425,N1,8,912,919
-0.5229241154215174,-0.049547280907809466,24.018677272378227,23.56664876491959,N1,8,913,920
-0.5739041586227316,-0.1879857952816053,24.027449778401206,23.576107796412998,N1,8,914,921
-0.23088357930719638,-0.12368012603814726,43.19980147898332,35.803931403243496,N1,8,915,922
-0.07760134080612602,-0.031955917923429666,43.2592511294979,35.868162811008915,N1,8,916,923
0.22627225286199604,0.11431310585928145,60.57687738837831,49.80019387545508,N1,8,917,924
0.14097427483600455,0.2850682668259097,42.18639246418934,30.503739533632597,N1,8,918,925
0.11768845674413342,0.4821730225464673,42.19780088215157,30.516084114748537,N1,8,919,926
0.15787406744022547,0.6591876102835448,42.279250781210976,30.640813941205124,N1,8,920,927
0.2868522360052168,0.8368853592091048,36.258703762137884,26.01582525079948,N1,8,921,928
0.29761712253822026,0.9347371770896205,36.245297647496045,26.001305711661644,N1,8,922,929
-0.16144743237293113,0.8797730975755016,16.99465603553108,13.688861371618259,N1,8,923,930
-0.29240603113012753,0.8725825251146722,16.724924637051117,13.39730309129527,N1,8,924,931
-0.5735765861855313,0.7983277567788356,-0.5154670602441911,-0.45124238015478113,N1,8,925,932
-0.5345501290924233,0.6270773791885755,-0.2232527026480966,-0.13535847696857672,N1,8,926,933
-0.24826215116006978,0.5110796565241538,19.96446536296571,17.686578292476497,N1,8,927,934
-0.23647642403015112,0.4344658754235997,25.74669572469793,19.854379985944433,N1,8,928,935
-0.15608494308519738,0.3422092078671559,25.865361834522446,19.982703680710074,N1,8,929,936
0.20082211277703976,0.31966221769770087,45.05751875230271,33.91226190044381,N1,8,930,937
0.32723473906892053,0.3275885803394498,45.096216979784,33.95404538060939,N1,8,931,938
0.7299576507296734,0.40930477799498455,62.70623256403087,48.20208791042705,N1,8,932,939
0.8786101002085758,0.5469722531771994,62.69375890912397,48.18859068043139,N1,8,933,940
0.7171948657086986,0.637382316479294,62.32017828571861,47.74805754760473,N1,8,934,941
0.5068126812806284,0.6826122142947462,45.289858929045295,29.945437385800233,N1,8,935,942
0.48072812967329526,0.6578223036198052,39.44802668221109,27.71321623620588,N1,8,936,943
0.30882557115253917,0.6661415215639384,39.40879792762553,27.67079843553347,N1,8,937,944
0.06821931574528861,0.605850891444125,19.36998827059324,12.826099563138541,N1,8,938,945
0.19348879792295293,0.480447175308365,13.014281344150731,8.587788371792158,N1,8,939,946
-0.2398256413042077,0.25991386558074847,-4.370370657952662,-5.453360377724948,N1,8,940,947
-0.18772081266756402,0.018664934239713382,-4.393802261733072,-5.478718112182378,N1,8,941,948
0.036403888386857375,-0.18731798264846056,-4.3186499139983425,-5.360782707542512,N1,8,942,949
-0.003195617060619327,-0.3955176372124294,10.889430975284085,13.86777030128178,N1,8,943,950
-0.2142143420127809,-0.5445648999869741,16.793374241227866,18.334362672712814,N1,8,944,951
-0.044742981517266855,-0.6163363247360705,34.07860834649,32.23138510533954,N1,8,945,952
-0.2197040624249169,-0.6155754802957061,34.822465185246074,33.035417961006715,N1,8,946,953
0.449838392235435,-0.560144624128136,82.73126203405354,67.09808170694942,N1,8,947,954
0.5681743543807514,-0.5140600224469187,82.73732240700429,67.14135524504127,N1,8,948,955
0.5068220731380961,-0.4804502224480265,82.75631561013688,67.16190703113352,N1,8,949,956
0.7933701003258165,-0.45989670114084014,149.82386010056325,90.52056969541218,N1,8,950,957
0.8535910281305519,-0.4344494359170268,131.4551213549812,71.26917348992265,N1,8,951,958
0.9396706660332796,-0.4106803546479574,125.6706187597556,66.93170636173318,N1,8,952,959
0.8582667468138041,-0.4676182659020771,108.34645500831084,52.9925831002779,N1,8,953,960
1.0101646425026303,-0.5617769881309203,108.32137423702443,52.96549771572427,N1,8,954,961
0.2555864876564229,-0.6597952701226157,66.93699837033364,23.323573650239723,N1,8,955,962
0.08452106221513844,-0.772089476670101,66.91975049649318,23.304913765015044,N1,8,956,963
-0.057423338576668925,-0.8448175904161284,66.84025187090356,23.218958229881537,N1,8,957,964
-0.34397136576438925,-0.8698060165972157,-0.16102158221474383,-0.06804525160987396,N1,8,958,965
-0.24995751785172615,-0.8402260776111907,-0.16186111146635085,-0.069000429233256,N1,8,959,966
0.3567246107376576,-0.7617352960976813,29.069780084229023,23.07306085255277,N1,8,960,967
0.5097502040182391,-0.6774239135440991,29.016566471187616,23.015537316595328,N1,8,961,968
0.7263800332964223,-0.38964015623199444,50.19574458626812,40.31407621433664,N1,8,962,969
0.7502094774266652,-0.09367283511924107,53.188288283898146,37.644898269830264,N1,8,963,970
0.9496344604744422,0.20509424305802426,52.98418190506163,37.4242768187205,N1,8,964,971
1.0372777217061753,0.4647238970320009,49.858436597378386,35.242080757840085,N1,8,965,972
0.9513024188951889,0.769812849533289,49.674473221353765,35.043208338105615,N1,8,966,973
0.8754551212983159,1.0219786665710444,49.69012447540172,35.02340103100187,N1,8,967,974
0.21113198433809544,1.1995669818018193,20.426192603319578,11.846459235177917,N1,8,968,975
0.1090491833521412,1.3718779520895943,20.509359949346617,11.936361125427993,N1,8,969,976
-0.21238609177057555,1.3397758090813827,-0.6129561130892398,-5.300749910267768,N1,8,970,977
-0.16320604115407633,1.2378037317113524,-3.6607552696141283,-2.6913249351600825,N1,8,971,978
-0.08761172620805269,1.1278264046394284,-3.490826180412114,-2.5076486632569868,N1,8,972,979
-0.09798074353680875,1.0140729191457787,-0.28706184609472984,-0.24107473287449466,N1,8,973,980
-0.09210326215455211,0.8379874080536291,2.9840494132185995,-0.062054590567640844,N1,8,974,981
-0.05942376977054664,0.8414536987050072,22.04859409367782,13.741481733268301,N1,8,975,982
0.31792758303809876,0.8428844248239669,40.305403872007446,32.893378526383,N1,8,976,983
0.6248150685932359,0.9077329363554085,62.739306147167554,48.18986837210832,N1,8,977,984
0.6454448388628933,0.9696399423995317,62.988395883032354,48.45912514250222,N1,8,978,985
0.7116251107027907,1.025792143048882,63.01209510939589,48.44801351016622,N1,8,979,986
0.5986077597404886,1.0827863699582414,63.02753596905495,48.46471143411645,N1,8,980,987
0.7179571332734866,1.1363603518822307,63.00513663884976,48.44048737747744,N1,8,981,988
0.6941949708101873,1.163276187947229,59.80680480156025,48.34014208446024,N1,8,982,989
0.6595527604222156,1.002865125658829,40.76989097869773,34.60322352929779,N1,8,983,990
0.5552845683197134,0.8543260956847458,25.521680289932192,12.838859720734035,N1,8,984,991
0.17373230681449314,0.6356270887958049,3.1491306804837222,-2.3913129052693876,N1,8,985,992
0.18036764894957713,0.4138520884653145,2.9872210879138947,-2.5663156362970767,N1,8,986,993
0.018203109817676477,0.1652068463077354,2.7949219393367457,-2.7741467344048942,N1,8,987,994
-0.043431029771404894,-0.09223699281516673,2.8685739514166926,-2.6945441909756482,N1,8,988,995
0.011973726605553736,-0.3530833207515798,2.8800221962465002,-2.6821731937293407,N1,8,989,996
0.3775820331509294,-0.3505118734476902,22.122801960144898,9.621765648135806,N1,8,990,997
0.1805244554909038,-0.3398078737182386,22.117277630866738,9.615784661625185,N1,8,991,998
0.4981441310177033,-0.24320827976288584,49.64870206097021,38.968859805857846,N1,8,992,999
0.5393196600951242,-0.14459851410563385,55.567923915913525,43.48426372780705,N1,8,993,1000
0.5015454374757482,0.009500642895910794,58.612979923979765,40.91121858519,N1,8,994,1001
0.6726148842426838,0.17487605997928402,58.75401619723016,41.10033914767155,N1,8,995,1002
0.801121764212013,0.3519466248005285,58.71270254371029,41.055685288826226,N1,8,996,1003
0.6344435214278548,0.5921215334581307,58.61160428713538,40.9464011485461,N1,8,997,1004
0.22181091385812834,0.5782850741558576,39.53253692070302,28.819408897720677,N1,8,998,1005
0.13124842452435814,0.5403802367554649,39.49147019835709,28.77501565055354,N1,8,999,1006
-0.4733405470992338,0.41745124945357315,8.842646008102747,1.8433158302555057,N1,8,1000,1007
-0.5232395495535158,0.3333384952631606,2.8168590756695266,-2.7872777744428276,N1,8,1001,1008
-0.4924926293138583,0.20708379954344558,-7.419874384024297,-5.35636678137007,N1,8,1002,1009
-0.4672538937732398,0.14821750031120207,-7.458521793438194,-5.398115490892451,N1,8,1003,1010
-0.5211061641885522,0.04799715205689914,-7.5394763126505495,-5.485606345541328,N1,8,1004,1011
-0.17993462681965866,-0.03650868314994682,9.916548367047653,8.596008493065256,N1,8,1005,1012
-0.1129465148661879,-0.00545163380787983,9.811901116006084,8.48293384783392,N1,8,1006,1013
0.38645500967795954,0.04239865364109807,27.129506716518335,22.41494523949632,N1,8,1007,1014
0.559107565125764,0.1382982707113154,30.296490672159052,24.863975753532486,N1,8,1008,1015
0.8586892476653105,0.18994578322659894,48.48735854523966,43.94469921025848,N1,8,1009,1016
0.9772771207845139,0.2332375873598176,55.72797732991967,49.1397241538084,N1,8,1010,1017
0.8967891224794968,0.23928239768862092,55.811533351628896,49.1565469899997,N1,8,1011,1018
0.9010845727956607,0.2823564630025155,55.88691964005557,49.23806267985947,N1,8,1012,1019
0.489268445542379,0.25206289143138605,38.51526363005905,35.24763290336432,N1,8,1013,1020
0.4139896965817442,0.10999466943469383,38.516644011961034,35.24913655917953,N1,8,1014,1021
0.5978213474150067,-0.04543262665051362,88.23997652557591,44.64708460263773,N1,8,1015,1022
0.564017970686109,-0.2560003977791787,85.16246276694528,42.36821579484604,N1,8,1016,1023
0.30451508513350234,-0.4241969771427154,70.11760777509517,20.8235868920101,N1,8,1017,1024
0.20912527559336525,-0.5860753312260227,70.07866737639597,20.78150770062757,N1,8,1018,1025
0.2535490247134433,-0.7557521809422862,70.00908490349775,20.77978170350525,N1,8,1019,1026
0.44510281790606143,-0.8605701362808515,87.34335826085317,34.72975007644436,N1,8,1020,1027
0.34805189237282974,-0.7738981985832165,87.30947843636295,34.693156870328494,N1,8,1021,1028
0.6317550102219656,-0.4960851712931902,104.57477018136615,48.568597304592004,N1,8,1022,1029
0.03908432417832586,-0.1980282271332685,43.58588248162414,29.897630277562712,N1,8,1023,1030
0.041954101997383475,0.1008292495206442,46.60819830033961,29.807733882052617,N1,8,1024,1031
1.0285745184628112,0.3539367831900764,61.690921859189984,51.39327532369907,N1,8,1025,1032
1.0636706282054575,0.5401512122336865,54.521241604302304,46.274925980842,N1,8,1026,1033
1.5307969174825757,0.669508084224641,88.61717631148167,67.5513287977069,N1,8,1027,1034
1.2819845664847804,0.660438893733506,71.31777521114873,53.639027615230134,N1,8,1028,1035
1.4443048402696448,0.40783613191578283,71.26585118096136,53.582889495185555,N1,8,1029,1036
1.2282315659301517,-0.0486061661802637,54.09153778095424,39.8057829953882,N1,8,1030,1037
1.1600102163045065,-0.5364714337109069,48.080356774412394,35.19096365639052,N1,8,1031,1038
1.064109813690159,-1.02983889499642,44.97532886591307,35.19147736259447,N1,8,1032,1039
-0.02162667029945453,-1.4699291883324541,26.741603437742924,16.064439640378623,N1,8,1033,1040
-0.0506438937703777,-1.8343484705318396,33.86184080701241,21.129322186681293,N1,8,1034,1041
-0.2534928353879309,-1.9959059720944117,17.066626968031414,13.766679550346907,N1,8,1035,1042
-0.18383056571795464,-2.0985334854438973,17.022636561295258,13.719112653911452,N1,8,1036,1043
0.31019145690616057,-2.074624800035485,36.34703273339437,26.08520085729606,N1,8,1037,1044
0.3629751071404641,-2.0647700870346215,36.27532443210839,26.007691564334436,N1,8,1038,1045
0.4617283529678886,-2.012134812221654,36.255093462966215,25.98581379442203,N1,8,1039,1046
0.4103754999793665,-1.9594587207848155,36.22854640431615,25.957108338843227,N1,8,1040,1047
0.5466458998327468,-1.9461756747118235,36.318775431414,26.0546547816989,N1,8,1041,1048
0.8910561589559762,-1.9677940772834557,58.159360395000476,47.948671867478424,N1,8,1042,1049
0.5350783069333147,-2.134394971177179,40.882573438749205,34.06075621629134,N1,8,1043,1050
0.4405792580863803,-2.2543794810901057,40.90666948144644,34.08685620349161,N1,8,1044,1051
0.021655978657292962,-2.4367507898774354,18.25844051591139,19.324381701382208,N1,8,1045,1052
-0.03568061606613071,-2.5685046698313645,18.184651010652487,19.244610515346267,N1,8,1046,1053
0.1528237025815642,-2.687677211071815,18.19772853597351,19.258781199809164,N1,8,1047,1054
0.32338386869012226,-2.7833933978581644,18.212336983343448,19.274568376821207,N1,8,1048,1055
0.1750488079767507,-2.8476924461561843,18.043667392578755,19.092251508739082,N1,8,1049,1056
0.20047630297193564,-2.5961246208723985,15.57395380543403,9.61454759753451,N1,8,1050,1057
0.08317369419258824,-2.314112860841803,15.486375307545131,9.519889247344508,N1,8,1051,1058
0.4257239450077108,-1.8296152469230993,34.63017180879979,21.690747402628404,N1,8,1052,1059
0.4930028218239997,-1.3103246775793522,38.10825257630768,24.25385561741541,N1,8,1053,1060
0.5421016920866819,-0.7653721513321301,38.10780815804628,24.25334133531578,N1,8,1054,1061
0.5877260623464267,-0.20732768357345144,37.961044342935566,24.094684548926125,N1,8,1055,1062
0.5719057511884245,0.3042668266966029,38.149389383777816,24.298265149659528,N1,8,1056,1063
0.6731494711195083,0.7659716478464276,44.166930889908144,28.91996576378824,N1,8,1057,1064
0.20073384100909664,0.9143442513283393,24.865347534386274,16.578586316960354,N1,8,1058,1065
0.5910863703124889,1.0330429811608095,43.23999530180845,35.85793694877748,N1,8,1059,1066
0.3008292596715947,0.8729183500006634,24.040095455215123,23.62638168254807,N1,8,1060,1067
0.3140422614284475,0.6591068046539839,23.912165821420786,23.451411897236085,N1,8,1061,1068
0.30672525947832696,0.3890403963846403,24.03312372299206,23.545439395307312,N1,8,1062,1069
0.2942486141698737,0.10038632331837682,24.20474528251725,23.73091702072543,N1,8,1063,1070
0.24716266320065472,-0.20190501640186653,23.942205601657406,23.44715363901105,N1,8,1064,1071
0.5456127118117422,-0.34361299877626195,35.44190776411142,32.97322948632791,N1,8,1065,1072
0.6149838882517997,-0.3520293113804982,35.3768126795012,32.90288280413324,N1,8,1066,1073
0.6004129982842841,-0.3154030312109928,35.96484067591791,25.624840512595256,N1,8,1067,1074
0.4834435066461893,-0.17244801633456142,36.30185242672451,25.98916114041367,N1,8,1068,1075
0.42518564200096876,-0.027615323903029676,32.717923632779275,20.651734960759313,N1,8,1069,1076
0.35373500936606206,0.1291269069939709,32.92842145615941,20.91601935664403,N1,8,1070,1077
0.322817311562531,0.2528323506246206,32.83866823257995,20.81902449476729,N1,8,1071,1078
0.3864197931017941,0.422501977491315,32.95807862461061,20.948066690766154,N1,8,1072,1079
0.2000588005813313,0.4261089256142636,21.4710107478777,11.43565121482743,N1,8,1073,1080
0.22756784281915543,0.3089659674839318,21.497438700945168,11.464224451237442,N1,8,1074,1081
0.23851976504704453,0.13463060550916772,20.82200920300602,18.626310014552473,N1,8,1075,1082
0.36578558898003877,-0.10698887306240401,20.53114913626814,18.311911561096167,N1,8,1076,1083
0.3557840519372846,-0.34795317898757716,24.238573826874926,23.819543278734727,N1,8,1077,1084
0.4970572836625209,-0.5992886316578581,23.90094500993473,23.454545045376108,N1,8,1078,1085
0.46163860490692343,-0.8084702175732428,23.959080299427114,23.517414156465748,N1,8,1079,1086
1.2247265236570897,-0.7401348754119574,94.02036184054487,54.91562739462188,N1,8,1080,1087
1.2380675376119612,-0.6440309118893257,88.14885326312469,50.451770114390456,N1,8,1081,1088
1.4244957733411283,-0.4820237879410314,107.29656610728034,62.652935120766415,N1,8,1082,1089
1.1493227825168404,-0.2542808329154411,89.05775618285952,43.50517561829429,N1,8,1083,1090
1.167756853109779,0.03797548589774813,89.08962052347215,43.539614715180505,N1,8,1084,1091
1.0823493346534079,0.33193891768297057,88.99509021320682,43.43743411692003,N1,8,1085,1092
0.8186325905289777,0.6278574845611296,89.06657821740919,43.51472837176834,N1,8,1086,1093
0.6904536766648235,0.8831072702701661,88.12902922777357,42.501263883006686,N1,8,1087,1094
-0.2286537935104178,0.8463283697844872,21.794474611595433,14.1180523677981,N1,8,1088,1095
-0.37985252970566563,0.8577534130436515,21.592451966199405,13.899662217113473,N1,8,1089,1096
-0.4856829964863465,0.809256266749081,-4.352532926672211,-3.0172846847863184,N1,8,1090,1097
-0.6364229575464648,0.7399721355825832,-4.5891076085872555,-3.236308759676831,N1,8,1091,1098
-0.3408328002299754,0.6127046609247486,13.91802413836649,16.18615876940885,N1,8,1092,1099
-0.26660221430343967,0.45729083244446755,13.944298639376939,16.214559281527272,N1,8,1093,1100
-0.08279020987825447,0.3129632128167099,13.904454090326908,16.171491799141222,N1,8,1094,1101
0.28648300689535233,0.2772852326053119,33.993951354662386,29.390732096968804,N1,8,1095,1102
0.4259860277503833,0.30663283659684204,30.247015631359318,26.353876592917914,N1,8,1096,1103
0.8530792157032536,0.2847779609398149,47.75149152493668,40.487889286132486,N1,8,1097,1104
0.8002203249456556,0.25482506710673114,54.57615539845392,45.23324742074601,N1,8,1098,1105
0.8189859851425112,0.2425397147495829,54.7955383394692,45.470435614960934,N1,8,1099,1106
0.4057356486384336,0.21610066199420963,36.269350768873664,26.02734524277048,N1,8,1100,1107
0.32223062986446394,0.21617684048576713,36.257154483342674,26.014121415425507,N1,8,1101,1108
0.31407638949055183,0.2044149566273905,36.302813908717326,26.063457610951446,N1,8,1102,1109
-0.08393408525112989,0.11165716626303102,23.150233060946448,18.459726491738365,N1,8,1103,1110
-0.16826026246771875,-0.06666964771725326,23.095854614903146,18.400955848012472,N1,8,1104,1111
-0.5843240724697196,-0.22825419734670405,5.784924084209706,4.4761303821051115,N1,8,1105,1112
-0.7262411629548637,-0.3868727138955048,5.7105785269441185,4.359038537692413,N1,8,1106,1113
-0.006747775325791849,-0.5705225799137228,39.72449236179182,25.52662366157483,N1,8,1107,1114
0.38592298244666523,-0.6589721662237196,58.148761135375025,44.85955528219711,N1,8,1108,1115
0.40702650563296316,-0.7485310618468191,58.234041048562176,44.95176318773929,N1,8,1109,1116
0.6923208290124094,-0.7397951757681263,75.47616728932917,58.802219136432086,N1,8,1110,1117
0.9635315010525289,-0.7479779871886123,69.52424010081177,54.251424205682724,N1,8,1111,1118
1.185019282781326,-0.6638044030619792,86.78496447761245,68.12196623212185,N1,8,1112,1119
1.2417467172545713,-0.5988781706596455,86.80585805103692,68.14458432098627,N1,8,1113,1120
1.4365226984973205,-0.4617482334852614,89.97561305335785,65.7037035415151,N1,8,1114,1121
0.9962093242121739,-0.3377358563669013,56.03933702760423,44.62005368851487,N1,8,1115,1122
0.6976323704146878,-0.30470787194846416,37.52969972919891,25.19485164860953,N1,8,1116,1123
0.745491366337248,-0.24303252375669082,37.464415421392914,25.124276853855008,N1,8,1117,1124
0.5778383757075716,-0.26986574847973444,20.256271017195104,11.310567947929485,N1,8,1118,1125
0.22727986122572474,-0.2908870997726005,20.167548916740998,11.21468550032614,N1,8,1119,1126
-0.043117193516351904,-0.3260302881637642,2.959230736115387,-2.5992133047889183,N1,8,1120,1127
-0.17900333089768594,-0.3391591715412492,2.8663901952932065,-2.699582246270893,N1,8,1121,1128
-0.19648959596425186,-0.3501337271775036,5.750439765207375,4.438892841812958,N1,8,1122,1129
-0.2617786622530929,-0.38092736822432016,5.339811683463267,3.958295914345854,N1,8,1123,1130
-0.24611440588812172,-0.37908998062697385,8.841654321146962,1.878935260388971,N1,8,1124,1131
0.25934595603933985,-0.3896144248304001,36.799953324863054,28.71839583681458,N1,8,1125,1132
0.13450378734464152,-0.3422353530778377,36.66267963244809,28.570041039865373,N1,8,1126,1133
0.5151979621915217,-0.2776109379781033,54.11452021793593,42.64709901285232,N1,8,1127,1134
0.5284136721985817,-0.24866988260793654,54.12837279055202,42.625377401837795,N1,8,1128,1135
0.5271220513598536,-0.22862598600451278,54.14590512963878,42.607623023606266,N1,8,1129,1136
0.5200237652780828,-0.2654142536232271,48.13831498813033,37.99670102110031,N1,8,1130,1137
0.31993552871853126,-0.2864281939714832,48.46932862716221,38.391193763176034,N1,8,1131,1138
0.35110521642454273,-0.33011706673600294,45.01145530441681,40.51805842909607,N1,8,1132,1139
-0.19242050159569146,-0.37078419266876317,9.774608193887616,8.442575730919998,N1,8,1133,1140
-0.17706542527685087,-0.46291852321061633,9.509755302467056,8.11952979409898,N1,8,1134,1141
-0.41369839624000804,-0.5666498911170184,-7.495613903001868,-5.474968273711511,N1,8,1135,1142
-0.2504524190941595,-0.6551850230516081,-7.454337013087752,-5.393616691805619,N1,8,1136,1143
-0.11840921849507424,-0.7458340799126475,-7.48595132394621,-5.3910798131396405,N1,8,1137,1144
-0.11378847827586469,-0.7739358552104036,-1.5397240729707846,-0.8464972610986479,N1,8,1138,1145
0.060101304317967674,-0.737352573567243,-1.535869746582648,-0.8423065954166304,N1,8,1139,1146
0.3218162967304181,-0.6163073957187866,17.647519718359945,11.39744857021833,N1,8,1140,1147
0.6226463090295056,-0.4891181685979564,43.31616639061576,35.90801389461694,N1,8,1141,1148
0.8123814434627405,-0.29513706960230657,60.916184257112036,50.18204149062649,N1,8,1142,1149
0.817554607025869,-0.09655591828686205,60.54788761385407,49.783997831948,N1,8,1143,1150
0.8427830661081828,0.08627148335559731,60.49542066092363,49.72726552592758,N1,8,1144,1151
1.7818221405885737,0.3112959007553293,127.61794535820718,73.14538534022358,N1,8,1145,1152
1.8916085266602352,0.44994692490631394,121.65609033967394,68.5838959497737,N1,8,1146,1153
1.9281895701208356,0.49865270622022884,121.781506402368,68.71946014780588,N1,8,1147,1154
1.7422060169648148,0.4568079548555186,102.55464142901474,56.43275199606842,N1,8,1148,1155
1.4439932557310868,0.3925095460806389,84.20962447122201,37.206973072906294,N1,8,1149,1156
0.9578617308899879,0.24244205580435185,66.83687285965061,23.215337123210247,N1,8,1150,1157
0.9651968372355952,0.08065492781587302,66.94971307204924,23.33731688270018,N1,8,1151,1158
0.8530287757850346,-0.10481961057492484,66.89617528852159,23.242746752877792,N1,8,1152,1159
-0.24921965068313057,-0.3345355697223358,5.682814495467937,4.329207590417809,N1,8,1153,1160
-0.3718650665182395,-0.5511639511632396,-1.4353530296957615,-0.7334613967082078,N1,8,1154,1161
-0.2386215345760263,-0.6984169001048013,17.586272608639774,11.331475672972829,N1,8,1155,1162
-0.33050108549569757,-0.8297557295415228,17.640990158785826,11.390606555421982,N1,8,1156,1163
-0.2296953828175674,-0.9636925276828983,36.674067576419475,23.467896559103337,N1,8,1157,1164
0.2558971334589586,-1.0842515927076999,55.253256541826886,42.96828664977875,N1,8,1158,1165
0.2569918659756354,-1.2021478714767628,55.053791238255144,42.75263682621062,N1,8,1159,1166
0.2238054430679597,-1.2400283317598593,55.15940216615763,42.90346320194112,N1,8,1160,1167
0.3330707067657954,-1.2828466254371644,49.26229477454581,38.41196851886798,N1,8,1161,1168
0.32074159831451254,-1.3105070921500026,56.3945128351188,43.48982101903812,N1,8,1162,1169
0.08941705504216202,-1.3871937788884026,37.33407520525543,31.38293039865175,N1,8,1163,1170
-0.0871447771593381,-1.4636956810586401,37.32732057597059,31.375631494077425,N1,8,1164,1171
-0.21257484720483433,-1.521868398637137,18.26588934449137,19.230919887004347,N1,8,1165,1172
-0.5160892499406629,-1.5834343883721438,-0.1959826113170493,-0.14265641553902242,N1,8,1166,1173
-0.40461985214240315,-1.6218621676051956,2.97274003153143,-0.0743349693871096,N1,8,1167,1174
-0.45846159202986314,-1.7254519751838302,5.973287839485238,2.155766843098263,N1,8,1168,1175
-0.41190776197760215,-1.8021098457619669,6.033504713055663,2.220831584942516,N1,8,1169,1176
-0.297702885168448,-1.8177632279211373,23.33354244903876,16.108977617721848,N1,8,1170,1177
-0.21919629314014344,-1.6961750949276713,23.253707071593453,15.985985219925624,N1,8,1171,1178
0.30188628724556565,-1.571090275124222,40.58826852605944,29.936304585799462,N1,8,1172,1179
0.428638816207652,-1.3619145953931202,40.58851518552183,29.973315931470097,N1,8,1173,1180
0.6422991499475899,-1.064973431015705,58.88356387177282,49.14514805971794,N1,8,1174,1181
0.6150533687908535,-0.7928867315312615,55.77676052687184,49.143753548577024,N1,8,1175,1182
0.757775595954925,-0.4688492727066276,52.736167507878235,46.87041374944647,N1,8,1176,1183
0.740904551016385,-0.17165737763971833,52.718261949074076,46.85103887257992,N1,8,1177,1184
0.5904912224499554,0.05072663681413658,35.37284666481628,32.91383497028255,N1,8,1178,1185
0.5502568140970823,0.12388447249056078,35.42053417563511,33.00209149704051,N1,8,1179,1186
0.1654343485139691,0.1942214468388883,18.07181804890115,18.99979321389128,N1,8,1180,1187
0.16741412016575907,0.1612729137657194,18.04442763716088,18.970165160405486,N1,8,1181,1188
0.02327647749095263,0.05387538541749848,-0.19056741086478723,-0.13672539812569084,N1,8,1182,1189
-0.036510343024517056,-0.05374996364423801,-0.225512414064724,-0.17450794921069246,N1,8,1183,1190
0.04063330038556501,-0.21536705371576126,8.342503081547875,2.1776461580270734,N1,8,1184,1191
0.20417911622686802,-0.20125781898520145,27.436322113428105,14.320602907540433,N1,8,1185,1192
0.37193614312417367,-0.12817371656480248,27.509832126218498,14.400081778490858,N1,8,1186,1193
1.0989010468998828,0.006543036473090069,69.85739732516595,44.088246181610884,N1,8,1187,1194
1.1629649267620863,0.1213051251949544,69.85937046432173,44.127053964928564,N1,8,1188,1195
1.045687968951242,0.24071398904476737,69.87408020170005,44.1429908093819,N1,8,1189,1196
0.8874940462035426,0.3963769305971905,69.70314186928954,43.95822906809599,N1,8,1190,1197
1.1649026633198076,0.5426710086393474,88.092906457553,63.25391598766373,N1,8,1191,1198
1.173471592243203,0.6794531580831435,79.41989380983432,60.78821547900861,N1,8,1192,1199
1.1006352312181775,0.6299387561884799,60.458042757132716,48.78790266398255,N1,8,1193,1200
0.7643770275816877,0.5116606068674212,60.01257076281399,48.30639412581195,N1,8,1194,1201
0.00923193984539239,0.328919578467735,18.095029624643757,19.083059168769523,N1,8,1195,1202
-0.07630838978134591,0.1500720045572681,18.093401793319572,19.081334455548586,N1,8,1196,1203
-0.013500460485943222,-0.031196013958268765,10.839748394765593,13.872168902913018,N1,8,1197,1204
-0.01306947608324549,-0.26806003608726847,10.909631690964488,13.947686525215886,N1,8,1198,1205
-0.35640694053078903,-0.5046777665697402,-7.462606433490691,-5.365748815938787,N1,8,1199,1206
-0.2387902670246973,-0.5946215798844996,11.891988134873827,7.032999400282279,N1,8,1200,1207
-0.16782434688416004,-0.5757843129683309,14.432683964019816,3.9148811262602976,N1,8,1201,1208
0.42653678546948015,-0.5575519597036358,36.01502025080754,20.11301729580191,N1,8,1202,1209
0.35631357212406556,-0.5399350910317136,35.74306813631756,19.8190478078468,N1,8,1203,1210
0.40559259031623185,-0.4560064442673166,35.53483721450175,19.59390332325802,N1,8,1204,1211
0.48313948779127713,-0.3566184918069304,43.06542114410422,25.10241772262907,N1,8,1205,1212
0.5592741899640146,-0.2676065765627147,43.07292458894062,25.110496837417486,N1,8,1206,1213
0.6523806351509052,-0.17622970475048838,42.981784602451626,25.048694605960918,N1,8,1207,1214
0.7422685130007523,-0.22891320713193508,42.10978688209798,32.04594578117576,N1,8,1208,1215
0.6387389580592071,-0.38678171351472734,39.44960372697096,34.998215190455085,N1,8,1209,1216
0.5811143170393365,-0.5414996655817621,85.38993794738326,42.61247380572149,N1,8,1210,1217
0.787868131064613,-0.6646505297938763,85.21721161541882,42.42575693176968,N1,8,1211,1218
0.7982378058682968,-0.8781648473569561,85.46744459267302,42.69626675014479,N1,8,1212,1219
0.6090800827139873,-1.1059504999568261,85.1774829463593,42.38285418953001,N1,8,1213,1220
0.7090553774660151,-1.322319949764454,85.23661183787135,42.44679847631505,N1,8,1214,1221
0.9073971227110462,-1.4992596004372452,102.6677466186784,56.501520404955045,N1,8,1215,1222
0.6544757790387052,-1.5468953090635864,84.25863828377442,37.18498989767977,N1,8,1216,1223
1.0075865788624725,-1.4659023744592474,106.85190244208297,54.22651795225647,N1,8,1217,1224
0.7361423710246555,-1.3658174546343815,32.4591066008079,25.577126835146373,N1,8,1218,1225
0.5104715998740801,-1.2749961779539127,32.465817830659034,25.584395459724874,N1,8,1219,1226
0.5435670291015811,-1.13143828085245,32.51858999066462,25.64145139957145,N1,8,1220,1227
0.5999204806834086,-0.9675234969995365,32.488510023898016,25.608896406376516,N1,8,1221,1228
0.6206013199494578,-0.7832306845125778,32.479640018590544,25.59929187356647,N1,8,1222,1229
0.3746469718301171,-0.6297919668185763,15.139645224272499,11.643071932352541,N1,8,1223,1230
0.6349249516425886,-0.5163595595597101,33.26777413215859,30.655950257244513,N1,8,1224,1231
0.11069988955333088,-0.5249758924304189,10.775612386125431,13.723743022632334,N1,8,1225,1232
0.09284302861259164,-0.5376718562618095,21.16674737422909,19.009846798456238,N1,8,1226,1233
0.1202891509577313,-0.5555104513679225,21.218614856057684,19.065890459017282,N1,8,1227,1234
-0.1336026534742274,-0.5740065138799331,21.132225583664876,18.972495487611013,N1,8,1228,1235
-0.12203250624982331,-0.5971643238851456,21.169068548911127,19.012284986823943,N1,8,1229,1236
0.05632223589010721,-0.4444557911398448,40.256302892958956,32.82846635509668,N1,8,1230,1237
-0.02920615644889324,-0.2872055907754394,43.391438014771666,30.352793527081303,N1,8,1231,1238
-0.13140239334062187,-0.08245533592817722,42.71263450170136,25.414238569839654,N1,8,1232,1239
0.040770981569693276,0.12535699332760686,48.53244617375731,29.826506465195962,N1,8,1233,1240
0.000598449800634171,0.3289445198701557,48.48263225037772,27.264982202211286,N1,8,1234,1241
0.07509133412661129,0.5363945028391868,51.564407909303554,24.73164656469544,N1,8,1235,1242
0.22934065676240323,0.7265076154141532,51.51628896792772,24.67962238097607,N1,8,1236,1243
0.24403695912064904,0.9078948861856055,51.517572300926076,24.681017701333076,N1,8,1237,1244
0.052298046331841874,0.9034153275489984,32.464031357493695,10.901297887639885,N1,8,1238,1245
0.17751663435048215,0.8958716630774255,29.054273145669868,13.080166978741545,N1,8,1239,1246
-0.012852636123042771,0.7626453751434745,11.897185542260559,-0.6782871560926651,N1,8,1240,1247
0.27972060383071096,0.6290546342583134,24.283581592906557,14.043353672641388,N1,8,1241,1248
0.18576672511859726,0.4920222055531198,21.161141839916127,16.532749970949226,N1,8,1242,1249
0.24039161741187343,0.34897216506203677,18.028485530136095,18.97434544635871,N1,8,1243,1250
0.258662156826972,0.20650510634066066,18.112734104017363,19.065420692734733,N1,8,1244,1251
0.49169411793174334,0.13297326248494912,33.39197047866128,31.26430258646269,N1,8,1245,1252
0.31129813401221895,0.054121714683031286,33.37783721302549,31.248989590311794,N1,8,1246,1253
0.46454349316903176,0.04051127038188085,51.0393728358149,45.552708117968905,N1,8,1247,1254
0.5204963927693456,0.019764199277627625,56.67635487173902,49.76307592725516,N1,8,1248,1255
0.07036216190076061,-0.018828689782306895,38.28415270899404,30.464821482857587,N1,8,1249,1256
0.24381174778960713,-0.06387843016760186,38.362198528530826,30.549158278768118,N1,8,1250,1257
0.03034676775685341,-0.10400331571650767,38.44385559838247,30.67419699426773,N1,8,1251,1258
0.023162382377734048,-0.16746966726854495,38.32526416424298,30.546030886695007,N1,8,1252,1259
-0.19686037259978661,-0.2249835255378443,23.091307499495088,18.396134330622772,N1,8,1253,1260
0.09084754034022069,-0.2883041034331981,23.02074808231282,18.319911628543196,N1,8,1254,1261
0.04556432133585986,-0.3643110146938504,5.66664189544008,4.348448561749137,N1,8,1255,1262
-0.02542347640486753,-0.4551710013337349,-0.3241035848923275,-0.24427605502023653,N1,8,1256,1263
0.276306089628477,-0.5365741336032279,18.067417188032778,19.05324869256401,N1,8,1257,1264
0.3144942487808322,-0.6168448584885979,18.037246789199344,19.020645865938604,N1,8,1258,1265
0.4508060361916222,-0.6895604074858959,18.04472729661302,19.028736877568008,N1,8,1259,1266
0.5757870462782222,-0.7422168618004683,37.26877313343539,32.99274633841742,N1,8,1260,1267
0.543249033907955,-0.8092803805333268,30.051452748651172,27.82290074167304,N1,8,1261,1268
0.6126922167564146,-0.6915734006134073,47.33312606279924,41.716036843564325,N1,8,1262,1269
0.3970170732241911,-0.6250185284900986,47.35885508434694,41.70719554713469,N1,8,1263,1270
0.37303768569421436,-0.5359694456658026,53.36180913080898,46.31311346750135,N1,8,1264,1271
0.9129315381413647,-0.4166025270101059,35.07495235290935,27.128671118275633,N1,8,1265,1272
0.8495313497875117,-0.33631690499749567,35.04312536972702,27.094275802982338,N1,8,1266,1273
1.4632429050185038,-0.31046222591513484,69.12138893914107,48.35152121192914,N1,8,1267,1274
1.375762874730782,-0.32134216974582586,49.92580819824434,34.41828260392958,N1,8,1268,1275
1.4744561836878631,-0.3934137941801694,57.037379552867606,39.47383504028039,N1,8,1269,1276
1.3441276400504876,-0.6820852848472185,42.97166599178672,23.192355483776737,N1,8,1270,1277
1.4726898571068574,-0.9674609365889353,42.97949902636174,23.237492918116914,N1,8,1271,1278
1.3361206425062164,-1.2982663935555543,36.76234102113722,18.40000105441777,N1,8,1272,1279
1.0006302500836028,-1.577806659986983,55.33241087236274,37.890530351357484,N1,8,1273,1280
1.0155133897489605,-1.8221744328198817,55.35669096324091,37.916816193851446,N1,8,1274,1281
0.889445752877208,-1.9795014135799747,91.60260292986732,46.89498109769647,N1,8,1275,1282
0.9232459801464188,-2.0672582834734143,91.4789780915753,46.687862545525604,N1,8,1276,1283
1.0353033083553669,-2.139205351371686,109.05475754611507,60.89883684422239,N1,8,1277,1284
0.8788468196531483,-2.124379512154377,105.78658286957398,63.23073413578368,N1,8,1278,1285
0.7371899212717068,-2.1005375252474607,105.80815109535888,63.254068884089065,N1,8,1279,1286
0.8135466301468881,-2.031078653787983,106.08610060594674,63.554552480018174,N1,8,1280,1287
0.4189209182072062,-2.047147613130477,87.437464938821,43.97914379604754,N1,8,1281,1288
0.2578354561036491,-2.029952904968308,93.38030573008018,48.52003420289839,N1,8,1282,1289
-0.2981322898371275,-1.992561303696462,23.03634254773624,18.263239149157926,N1,8,1283,1290
-0.4941167967976696,-1.915493574024243,23.174980782119746,18.486559673303418,N1,8,1284,1291
-0.6691085269573591,-1.8380860694701795,-5.892460118132476,-3.7598853088975375,N1,8,1285,1292
-0.6511492796740868,-1.79070451486308,-5.783480139028143,-3.642132760011009,N1,8,1286,1293
-0.6439812955568129,-1.7424971477884945,-5.880104785002004,-3.7466163291564953,N1,8,1287,1294
-0.6062159705329435,-1.6777629604228999,-5.867676098157062,-3.73322446120892,N1,8,1288,1295
-0.6765755203998793,-1.5806863574438736,-5.824372775267875,-3.6864645154391837,N1,8,1289,1296
-0.18482405418087922,-1.3638519743141977,18.902206296347686,18.63577519888713,N1,8,1290,1297
-0.0696329486183771,-1.1839515572219028,18.8046707808644,18.493593993957802,N1,8,1291,1298
0.35281127305354687,-1.0650943761269964,36.17858295537826,32.48645821244463,N1,8,1292,1299
0.3503072066434356,-0.7906390334117432,47.709137252084474,40.56394978460958,N1,8,1293,1300
0.42489893172701443,-0.5089319497283675,47.69257643729725,40.54605667103715,N1,8,1294,1301
0.3606325313065071,-0.1954204398674868,47.74886003582469,40.60689885258944,N1,8,1295,1302
0.3410091861990452,0.13569300391906935,47.647024610097105,40.496827042487894,N1,8,1296,1303
0.4388716555184544,0.43624453974917543,53.68952844560408,45.1455345032482,N1,8,1297,1304
-0.09584046700979343,0.5720891106521933,23.013990886322063,18.27576131911792,N1,8,1298,1305
-0.10341373329414694,0.6668981902943898,23.085420145801436,18.38969070161056,N1,8,1299,1306
-0.28573062480623435,0.7426588099085158,8.823722186393752,4.3673562145995675,N1,8,1300,1307
-0.30200992144914096,0.6402667915502143,8.881951382784791,4.430276911522924,N1,8,1301,1308
-0.5094543964931972,0.5040882014735999,8.718809786258134,4.2539484536901,N1,8,1302,1309
-0.46810086105139703,0.4179101261153022,8.829273611789176,4.373350352407215,N1,8,1303,1310
-0.422768926106059,0.28119538993415816,8.809829083219483,4.315607538008408,N1,8,1304,1311
0.2009314670884521,0.39880219043530474,21.94296841121013,11.898324450607106,N1,8,1305,1312
0.46324417476699864,0.5777013400059836,40.33453608174841,31.195894079718528,N1,8,1306,1313
0.6806290912757902,0.8104741445197838,59.48404692116219,43.39901638682386,N1,8,1307,1314
0.5579383587945301,1.0258935638949254,56.387184772086584,43.44508515567395,N1,8,1308,1315
0.7058660610925358,1.22286142404473,56.406013345325846,43.46543545796612,N1,8,1309,1316
0.7861114746836932,1.4032643182292368,56.56422452985407,43.636445591271695,N1,8,1310,1317
0.9414854295181527,1.4703022936555463,56.45252852010435,43.51572372906321,N1,8,1311,1318
0.8417246586461147,1.5090079268829868,56.469895551716945,43.571221910769964,N1,8,1312,1319
0.2768668607491236,1.3411215162418628,43.34625398535354,35.998787999555134,N1,8,1313,1320
-0.03663066627979106,1.1089967367629079,24.911633177986914,16.65468239682832,N1,8,1314,1321
-0.3123732073655958,0.8079478024066944,5.6583809935473255,4.339395832142145,N1,8,1315,1322
-0.3146747604633191,0.512148863974538,5.778385290978804,4.469127571094759,N1,8,1316,1323
-0.43812354636007456,0.25048530070450425,5.745206305090505,4.433295963211094,N1,8,1317,1324
-0.4332018046087569,-0.03504142897404705,5.638975216116705,4.318447762834694,N1,8,1318,1325
-0.30397962891291286,-0.328379858557426,5.700085612840667,4.384532811921417,N1,8,1319,1326
0.05304553423164293,-0.4023452614823704,23.119532511378566,18.401729380667348,N1,8,1320,1327
-0.16945146434558467,-0.5330501730123132,16.950427395199767,13.61616618080825,N1,8,1321,1328
0.2365924077358983,-0.6558743537574259,34.3315760447349,27.616850234347112,N1,8,1322,1329
0.46967769122863956,-0.7420179701042358,52.79695383408216,46.99428300891941,N1,8,1323,1330
0.5996164876819137,-0.785179762945198,52.67773916128044,46.86543239123148,N1,8,1324,1331
0.5751375712806635,-0.851482361999679,52.66979691566394,46.85684508558279,N1,8,1325,1332
0.724524645975805,-0.8496392186940831,52.79505534839882,46.9922653185813,N1,8,1326,1333
0.5407735995730576,-0.803136331260955,52.67069706937309,46.85780567433903,N1,8,1327,1334
0.12770695786609565,-0.8845609439841127,31.890517558146712,30.404349437591918,N1,8,1328,1335
0.1472229483266858,-0.9666073989124264,32.05520426756266,30.58235001556659,N1,8,1329,1336
-0.1222691121993762,-1.0150773090450755,14.779022959894064,16.69512673981353,N1,8,1330,1337
-0.481180296968688,-1.1293647963597877,-3.6706889217757634,-2.665321154227968,N1,8,1331,1338
-0.5887578894743228,-1.2417274695021518,-3.637196551431771,-2.629140482114053,N1,8,1332,1339
-0.5526531109548927,-1.3318336464562002,-3.6769363488256204,-2.672107922063333,N1,8,1333,1340
-0.6770630500397488,-1.4136782754056476,-3.684082645419039,-2.6798439669046275,N1,8,1334,1341
-0.39832986296009665,-1.4704232763858407,15.545182024321548,9.583437016549397,N1,8,1335,1342
-0.31463080294987833,-1.401974400057881,19.056048982009088,12.181977447912686,N1,8,1336,1343
0.12987388417100476,-1.253694828383189,38.20338921143957,24.382786262428453,N1,8,1337,1344
-0.012156394530748571,-1.0557575263926822,38.08853940856079,24.25866548972317,N1,8,1338,1345
0.321405571481435,-0.8004788492853656,56.43793651078977,43.5106738859522,N1,8,1339,1346
0.6205902461036032,-0.3802911179390378,123.6391977263138,67.01374749333445,N1,8,1340,1347
0.6443883314590124,0.0359157699620809,123.65766661366342,67.03369520290198,N1,8,1341,1348
0.5583456131734295,0.4170184051454946,123.63774742272471,67.01220149440724,N1,8,1342,1349
0.2561695694649586,0.7472443412911574,110.30408870889187,59.23886032845803,N1,8,1343,1350
0.27834614739848007,0.8964770281570011,113.4401807490276,59.27188720545837,N1,8,1344,1351
-0.08144094001896462,0.9781694129803604,94.25542072012831,47.03062459650846,N1,8,1345,1352
0.019807627987518117,0.9873517238290823,94.30889906248285,47.088407846777045,N1,8,1346,1353
0.31999137510972275,1.0522238600976621,110.19119681376833,49.23924939569588,N1,8,1347,1354
-0.13451343996602816,0.9289525774403771,42.95318590506213,25.69647050106869,N1,8,1348,1355
-0.1656910593855372,0.7971705960873372,35.71370068238684,20.502698482720007,N1,8,1349,1356
0.3967447721448991,0.8050664873324607,52.944333102388555,34.340677563712234,N1,8,1350,1357
0.32785740998760105,0.8134418328367943,47.111038538143475,29.918085669459288,N1,8,1351,1358
0.7517103579349964,0.8848395879776767,61.260136395746486,43.78202248447178,N1,8,1352,1359
0.826500554034439,0.9552422074952709,61.312581247183516,43.83874759994251,N1,8,1353,1360
0.9102132095345326,1.0188159236966428,61.18528662689914,43.701134169637044,N1,8,1354,1361
0.5197201338991135,1.0119935660878419,26.97601523375124,22.32253437523923,N1,8,1355,1362
0.9768349581144662,0.9934054122438134,45.41547731049559,41.67187193488917,N1,8,1356,1363
1.0110672911605008,0.9852542760282148,52.69073523934094,46.90433213242886,N1,8,1357,1364
0.6013942525584071,0.8376163341569764,35.49224370596585,33.101044692547475,N1,8,1358,1365
0.6522574388927467,0.7315704943915371,35.39687900259196,32.99797118100378,N1,8,1359,1366
0.14996571969466288,0.5570453069015144,18.09597711029801,19.084042832341765,N1,8,1360,1367
-0.01686130621513371,0.37742244285154314,17.290567211464804,18.213413574096194,N1,8,1361,1368
0.1105613851027556,0.19795930911028847,24.113948241959406,23.67373674906048,N1,8,1362,1369
-0.05533924741345686,0.04310769670720305,24.154854187270757,23.71793264923781,N1,8,1363,1370
-0.3309948128110989,-0.11127608571020176,5.750712040586222,4.406723279901598,N1,8,1364,1371
-0.13687759005429712,-0.18640357741672275,23.03140376590727,16.61851167342138,N1,8,1365,1372
-0.10488562856531303,-0.26723392266772095,23.02470210368847,16.611290073926284,N1,8,1366,1373
0.2843142300416872,-0.2126430237147119,42.268270542365826,30.596462977721785,N1,8,1367,1374
0.44877893893695386,-0.1556618129821814,42.26408270385491,30.59195481701954,N1,8,1368,1375
0.7531004695242274,-0.11090708085900403,43.0019989034372,31.389635268378697,N1,8,1369,1376
0.5164213572806489,0.09379716594125753,36.29525333824222,26.055398359366336,N1,8,1370,1377
0.5715435372996751,0.2697222319635344,36.27853191667964,26.03734482983691,N1,8,1371,1378
0.8244819778225434,0.44100168904711623,54.59049347370183,45.24894782901083,N1,8,1372,1379
0.49095118979076346,0.5143662411734695,37.1816310378108,32.89862142046968,N1,8,1373,1380
0.5268460856337214,0.5867323848228239,37.246816151678104,32.969088895340974,N1,8,1374,1381
0.07254300099110367,0.4670748593289673,18.03768370358648,19.02114774036363,N1,8,1375,1382
-0.06699305856005822,0.3363839796890744,18.041871542097397,19.025655901065875,N1,8,1376,1383
-0.4125311576240449,0.28262750795642333,24.018208612800663,23.602800109142663,N1,8,1377,1384
-0.4651965842864172,0.07562680880203843,24.029311824869183,23.6148044328138,N1,8,1378,1385
-0.39942822377101095,-0.04419481080548593,24.05554934502834,23.6431282669364,N1,8,1379,1386
-0.36480897461747475,0.023617326190080945,24.864571229437388,16.60386659865162,N1,8,1380,1387
-0.2760238783925786,0.2145182936532848,24.93756181278968,16.68273981245602,N1,8,1381,1388
0.07135369870482577,0.4026257111883247,42.245132383088276,30.603847205295097,N1,8,1382,1389
0.08438262935693785,0.6567264995306346,42.295462120953744,30.65824691814305,N1,8,1383,1390
0.08069042142527394,0.9117005755287515,42.252819981627,30.61211226372143,N1,8,1384,1391
1.1519481451447007,1.1396841793496435,36.2516991016937,26.008157168676917,N1,8,1385,1392
1.258480837643745,1.330377677982753,36.21620511620131,25.969780602597893,N1,8,1386,1393
1.151618927491441,1.4082973277141306,36.18567489727138,25.90006811337753,N1,8,1387,1394
0.8830539287786223,1.290736986688085,17.158677972763144,13.829362443068021,N1,8,1388,1395
1.0581023217443857,1.0303285440068422,35.42671975248413,32.99347928521911,N1,8,1389,1396
0.7117376321173055,0.756725083731741,18.096614751685593,19.04799499193814,N1,8,1390,1397
0.7453903103414063,0.40310843830124554,17.999933846201202,18.943490646786813,N1,8,1391,1398
0.8757032840252208,0.03657447879524511,10.82255528134192,13.81684978114572,N1,8,1392,1399
-0.07439528045020438,-0.4247900784256231,16.76085386917748,18.352924078867545,N1,8,1393,1400
-0.1957630612084671,-0.8306135181659577,16.85633951881391,18.45613516060712,N1,8,1394,1401
0.20741982576328155,-1.222335284596376,34.16052165305973,32.41034973571823,N1,8,1395,1402
0.20600138188076755,-1.599170156159218,34.03358419988399,32.27311923700836,N1,8,1396,1403
0.20366278484334543,-1.916763666978298,33.12831190249835,27.08985213970118,N1,8,1397,1404
0.011818236814193028,-2.057317046753745,33.07447233750008,27.031661206110584,N1,8,1398,1405
0.13866297725674315,-2.1733285755941694,33.146491351199984,27.109526623422425,N1,8,1399,1406
0.11511719419429767,-2.23640372708018,40.35483405699324,32.26969252817253,N1,8,1400,1407
0.12991832878874732,-2.2347216683675946,34.435248465098084,27.753856798110974,N1,8,1401,1408
0.2567594494061609,-2.2466681110800835,34.405734500977815,27.721967602898985,N1,8,1402,1409
-0.08785550981774293,-2.233013351587303,17.016224583047006,13.63880042557048,N1,8,1403,1410
-0.2533424031850018,-2.241923075102779,17.026340255608375,13.649739512083215,N1,8,1404,1411
0.2062123538973708,-2.2404298638112365,70.00146319355463,34.46077687342404,N1,8,1405,1412
0.1325907984183914,-2.417573033318263,69.92219502432545,34.301625581902954,N1,8,1406,1413
-0.02588907943174945,-2.5851528866617564,69.9926300520383,34.37774708994584,N1,8,1407,1414
-0.043439937457804945,-2.7331418514982886,73.09993374343867,36.72317368067979,N1,8,1408,1415
-0.024733330482419547,-2.843925090582374,72.92384138373654,36.53286203694006,N1,8,1409,1416
0.3565597289618978,-2.7374430207981213,90.295478415037,50.52323874544982,N1,8,1410,1417
0.32648273816380424,-2.6007948326424426,90.46217412006445,50.77687323223745,N1,8,1411,1418
0.7009471503084086,-2.3332481455407432,107.7211711217833,64.64553188957689,N1,8,1412,1419
0.1077119619650091,-2.005008380169766,30.26505985393669,24.790941601198938,N1,8,1413,1420
0.24545866656572457,-1.5508662210906436,33.41659807846372,22.40647410269503,N1,8,1414,1421
0.33553638962139587,-1.0235024621162374,33.33357841743418,22.316768655582564,N1,8,1415,1422
0.2992882862528319,-0.5340501238686528,30.166835529435957,19.90705202631034,N1,8,1416,1423
0.4054992228018932,-0.06333600168871101,30.319917806599733,20.072495438083934,N1,8,1417,1424
-0.05503240467488979,0.1998297261968105,13.065540736528419,6.172141757742793,N1,8,1418,1425
0.1328138314550671,0.44243546230573827,12.906314423100412,6.000026322710255,N1,8,1419,1426
-0.08400847027506586,0.5940018067247905,-4.3022982548391155,-7.814170197860221,N1,8,1420,1427
-0.2292164035217752,0.6572962017904551,2.830538942991552,-2.7356323866297316,N1,8,1421,1428
0.027675761858375836,0.6970878957839481,18.024511441332834,18.948637813441565,N1,8,1422,1429
0.07924011889423355,0.7219958549065488,24.05248267186107,23.58156829316522,N1,8,1423,1430
0.12284593821082979,0.7449836269948058,24.109112622104476,23.642778565077606,N1,8,1424,1431
0.2090069426292871,0.8207505666023067,41.390697552255006,37.51098936078415,N1,8,1425,1432
0.2990857790043151,0.8838608166229456,41.236199711392146,37.38071610789575,N1,8,1426,1433
0.9638648790979261,1.0021266645283333,83.69241508004598,66.11277408882688,N1,8,1427,1434
1.0775722516510484,1.1076004320364348,83.58870369129545,66.00067900897011,N1,8,1428,1435
1.179058208109808,1.1989644757668714,83.67041797886395,66.08898195991242,N1,8,1429,1436
0.9010643481886831,1.2145287761146797,65.36713152532138,46.90829690413193,N1,8,1430,1437
0.6949306742005348,1.1625735024935047,59.371426596361744,42.31023374297092,N1,8,1431,1438
0.8255472503215202,1.1037550922586696,59.41915143589631,42.36185815877161,N1,8,1432,1439
0.5965178439928138,0.9773451052732014,42.15465277194471,28.512125703844504,N1,8,1433,1440
0.6091158835310182,0.8509563730273548,42.12982072059185,28.485242575373377,N1,8,1434,1441
-0.1429923738984087,0.6560172683694852,-0.17977196792708128,-0.08832451545367803,N1,8,1435,1442
-0.27994891959986035,0.5194127935013064,-0.1947485958926336,-0.1045033821828838,N1,8,1436,1443
-0.24694480576475542,0.3674947865938236,-0.22603956373041,-0.13830205760677927,N1,8,1437,1444
-0.13186352502742693,0.2104637545710517,-0.18490413693689334,-0.0938311388135844,N1,8,1438,1445
0.3988412280919249,0.06764612431248196,18.14546114424229,19.137615472421203,N1,8,1439,1446
0.4542865367860571,-0.0204074466984423,35.3698030076921,32.96880844892166,N1,8,1440,1447
0.5085018907124379,-0.11857466234350866,35.40745058539687,33.00947863030888,N1,8,1441,1448
0.9425212166922705,-0.16709780337272662,58.08099562787356,48.56495703085238,N1,8,1442,1449
0.6887095788654705,-0.22655712864985844,58.03783127875431,48.51833067733696,N1,8,1443,1450
0.8041291091036555,-0.29390546089362246,58.08718406470871,48.57165650119077,N1,8,1444,1451
0.901565378241429,-0.30082197887988826,54.586575919416646,45.98420775091017,N1,8,1445,1452
1.0404299700145998,-0.29132964978478526,54.573905335253585,45.97049076641633,N1,8,1446,1453
0.7812649869439809,-0.29790812336357675,36.2435400540744,26.739007470581782,N1,8,1447,1454
0.6660951355036815,-0.38436713747493556,19.01624508693112,12.904592435728773,N1,8,1448,1455
0.6134561277923325,-0.44742923516511013,18.991184353801145,12.877508588880119,N1,8,1449,1456
0.22729579773506714,-0.5925435811108599,-3.677323659488138,-2.7092119005628774,N1,8,1450,1457
0.4576000860909488,-0.7035118680961645,-3.6503147220810206,-2.6800633169423236,N1,8,1451,1458
0.2983181142100335,-0.8377141811972457,-3.713513314443844,-2.748397896073584,N1,8,1452,1459
0.2259047686069522,-0.8903643155184398,2.8955830843515287,-2.6654298833873327,N1,8,1453,1460
0.0032206991997441037,-0.9365850980092532,2.9712880496499565,-2.6570670324381354,N1,8,1454,1461
0.5510732984955382,-0.8605369939346446,33.617136913155264,25.307426770279562,N1,8,1455,1462
0.6436616875646166,-0.705480245079972,26.26241240865602,19.989083138035312,N1,8,1456,1463
1.0672030043718053,-0.5708388429154567,43.620434990981266,33.96479193090818,N1,8,1457,1464
1.026136429978024,-0.34053546295537274,49.55774707588262,38.53651648631694,N1,8,1458,1465
0.9539678205964606,-0.13158075727829655,49.531379116345306,38.47129348839644,N1,8,1459,1466
0.8724741002620959,0.05176620048608527,49.60879190456126,38.55501200943672,N1,8,1460,1467
0.7998406900562287,0.113182203235489,46.520806267310036,41.04492969174407,N1,8,1461,1468
0.7774028726828277,0.14892251814343638,46.37520284586026,40.961029374704594,N1,8,1462,1469
0.19224086539838936,0.08113558588334513,15.76341165841768,13.033348003415085,N1,8,1463,1470
0.0008283814736955719,-0.03834783884067505,23.020387758049765,18.246008706209068,N1,8,1464,1471
-0.24977941122007508,-0.1726773794274088,5.689299769210265,4.299438067247138,N1,8,1465,1472
-0.14899916097064647,-0.348581002615024,2.8626382411603117,-2.7376860768081315,N1,8,1466,1473
-0.15833404295810283,-0.4610484446951624,2.9111686291089427,-2.685256202632445,N1,8,1467,1474
-0.06795849427273026,-0.5699103305556541,2.8779432920809995,-2.757864697147852,N1,8,1468,1475
-0.004493031233835154,-0.6962350728685927,2.834508068269315,-2.768102731117324,N1,8,1469,1476
0.5847184924121649,-0.6687407693148693,72.93860591513385,28.676402753031653,N1,8,1470,1477
0.4234005913960459,-0.6043574544385351,72.78430293467773,28.472911696203482,N1,8,1471,1478
0.895794176795377,-0.529307796459932,103.56747749313945,55.47638484430445,N1,8,1472,1479
0.6037290505558275,-0.3783434690287244,109.44219188017996,59.94368031124668,N1,8,1473,1480
0.3647126682714372,-0.24650923487332932,106.39034876169444,62.5093988294866,N1,8,1474,1481
0.37701281777671625,-0.16847435811990863,106.32628349742572,62.47690061609228,N1,8,1475,1482
0.4490992121298234,-0.08957048227761533,106.35886735278473,62.54881165243387,N1,8,1476,1483
0.3552499190386129,0.008287806072306836,106.36567481458769,62.55615104189383,N1,8,1477,1484
-0.16690474009502054,-0.04780269940363269,36.351341926450914,31.208636417479283,N1,8,1478,1485
-0.0059158263822780555,-0.13605064782980492,36.49135578712685,31.39669579214933,N1,8,1479,1486
-0.5631422492022438,-0.23285108966981127,-1.5569684196352682,-0.8283169962514876,N1,8,1480,1487
-0.44204438764627696,-0.38456824869264494,-7.397232520763282,-5.258398555993153,N1,8,1481,1488
-0.25384422496210846,-0.5361016012415298,-7.433974941892302,-5.298132661710042,N1,8,1482,1489
-0.18498154089965624,-0.6945945079220301,-7.434320244070477,-5.298499627045203,N1,8,1483,1490
-0.23246588084387554,-0.8148771108557469,-7.483405718698123,-5.3515829925381695,N1,8,1484,1491
0.10053537275773294,-0.7347847376881411,11.755022416708016,6.921577304371567,N1,8,1485,1492
0.13161587681290143,-0.6302879734413871,14.85579333820624,4.408794012059843,N1,8,1486,1493
0.2438342926620578,-0.4726480025332691,32.08254421822585,18.24259658774463,N1,8,1487,1494
0.6674183254865085,-0.3094811974199274,59.53441198143537,44.07949179538264,N1,8,1488,1495
0.656745122535682,-0.1422259584979848,59.467746145302954,44.00744878898331,N1,8,1489,1496
0.5321365443359838,0.030053825632013087,59.4013092025416,43.93561013820545,N1,8,1490,1497
0.4651218221995066,0.20638370980127618,59.22334609590871,43.743243991155396,N1,8,1491,1498
0.4625069116262921,0.3532605062800833,59.564596256022014,44.112130659038485,N1,8,1492,1499
0.0835701055263911,0.29751839043886363,40.283870161687446,31.793258183879516,N1,8,1493,1500
0.12170990503349799,0.2453243113537873,37.20034337118523,34.32469731306992,N1,8,1494,1501
-0.1491069701190213,0.11848369958172711,19.897905339071258,20.409116893831197,N1,8,1495,1502
-0.4039716416128414,0.0028504298685199103,-0.22371369407846942,-0.1358709219512093,N1,8,1496,1503
-0.3647262086025762,-0.12388804629634009,-0.21557051425224927,-0.1270595195774149,N1,8,1497,1504
-0.43633830184757016,-0.23583499177934897,-0.1458275523946213,-0.08834795903476333,N1,8,1498,1505
-0.3751361160208404,-0.3028783091048197,-0.00774637266931677,0.06087356341959094,N1,8,1499,1506
-0.01825012265207704,-0.30853112936842564,18.974495446816036,12.08317092233392,N1,8,1500,1507
-0.09248739204397793,-0.1904685369642145,18.90463756536792,12.007700878399191,N1,8,1501,1508
0.17741162637153707,-0.07867165370481999,36.21274616497067,25.9294355934735,N1,8,1502,1509
0.29001587400641426,0.04233229371067537,36.21822867927949,25.9353145564055,N1,8,1503,1510
0.30056780104341385,0.15040376659037236,41.99341647719302,30.295115667945538,N1,8,1504,1511
1.5771310744263616,0.21141280690932618,60.421254997850156,49.631894519901834,N1,8,1505,1512
1.8836280443194084,0.2033462758431135,60.48627211513758,49.73887790450863,N1,8,1506,1513
1.8655932681512297,0.0989362610292126,60.44752887892264,49.697042272919134,N1,8,1507,1514
1.5395586538122927,-0.1223076717628544,41.26325214135886,37.456380621475546,N1,8,1508,1515
1.53557919711416,-0.5060432613285251,41.429226479306635,37.63574764320674,N1,8,1509,1516
1.1055252257968249,-0.9049224954925776,24.069802546444407,23.6218120126141,N1,8,1510,1517
1.0594264012155037,-1.305244418620191,24.03995880250386,23.589576088733338,N1,8,1511,1518
1.0533157122795131,-1.7416897686350197,18.211270890289597,19.172001395382722,N1,8,1512,1519
-0.146073047212937,-2.151643587378068,-0.15385818099821336,-0.09703881264431402,N1,8,1513,1520
-0.23296113047189237,-2.5001341162784314,-0.1770604234870916,-0.12214166624289646,N1,8,1514,1521
0.5111892313464779,-2.701598162666457,41.322111911423235,29.643913025934125,N1,8,1515,1522
0.6506735643426822,-2.818974321028474,41.26206907067808,29.579019825283467,N1,8,1516,1523
1.1238282497216403,-2.867514954896496,60.25939440608181,41.61769173558332,N1,8,1517,1524
1.2997629654850016,-2.914940109934072,60.384364280058435,41.78950131755846,N1,8,1518,1525
1.39251384684448,-2.9668212364901265,60.40921946706567,41.81633598026565,N1,8,1519,1526
1.318827244339431,-2.968825163436666,63.53126028573206,39.326475655331706,N1,8,1520,1527
1.4760961700777528,-2.9395149903582727,81.81676419222913,58.46648911489319,N1,8,1521,1528
1.3725131948295939,-2.9141872031044294,74.5442158493006,53.236927492093855,N1,8,1522,1529
0.593643793721597,-2.9927693235697888,33.02130079730159,23.445188432021496,N1,8,1523,1530
0.39243910950888505,-3.0949905516309713,33.08006412126542,23.50865385526049,N1,8,1524,1531
-0.004114833351778202,-3.20644167858622,10.553202782925837,8.811875557973508,N1,8,1525,1532
-0.01684977842123203,-3.2886864233066326,10.480385585889962,8.733182939667131,N1,8,1526,1533
-0.14295616794285593,-3.3395310709494197,10.521062402503958,8.777177668026525,N1,8,1527,1534
-0.14332839483523685,-3.3722840980370954,10.542523851894657,11.308057661040039,N1,8,1528,1535
-0.3819577214746914,-3.3764583031843323,-4.722828143839251,-7.924151424996126,N1,8,1529,1536
-0.11533472568676473,-3.212527869824015,25.04801271517954,12.671468233892483,N1,8,1530,1537
-0.08061568639713812,-3.0179452052686173,25.275489546615063,12.880638057199576,N1,8,1531,1538
0.31539683195268253,-2.761612669266249,42.469622757877914,26.67921367080544,N1,8,1532,1539
0.4416383244584239,-2.4979113595613214,46.018210848743365,29.357938851965628,N1,8,1533,1540
0.2153547688403421,-2.2006305707780953,45.912489209370506,29.20695136172526,N1,8,1534,1541
0.8066006477667571,-1.869267901062372,113.1181838657958,52.7148353861985,N1,8,1535,1542
0.7330931327966965,-1.5832655918824585,109.91585515973475,52.61017534016901,N1,8,1536,1543
0.72002073063274,-1.3222425674646416,106.63596078578303,52.421634823701424,N1,8,1537,1544
0.7365650979150757,-1.2129623582332343,104.47658453341865,55.040946574951704,N1,8,1538,1545
0.7145405566500642,-1.1249077338900833,104.39332958741852,54.95099069137359,N1,8,1539,1546
0.21711045551596442,-1.1313777142492967,86.96465540716235,40.898908190873954,N1,8,1540,1547
0.12416507362996754,-1.136154086860408,87.00759320314319,40.94533939425037,N1,8,1541,1548
0.3916290150822448,-1.1269595874530367,87.04764231941863,41.02531867752077,N1,8,1542,1549
0.002493102801480518,-1.120525909436715,22.924557539295165,14.98499551518853,N1,8,1543,1550
-0.026040709315211075,-1.0990605409903438,15.74607103152539,9.857092434966944,N1,8,1544,1551
0.3725187155089884,-0.8797229890566172,35.218371188233505,22.409093011817276,N1,8,1545,1552
0.02791632788191123,-0.6737003464958065,20.714721387352256,8.848417009864534,N1,8,1546,1553
0.38247518054029683,-0.34946230311957294,39.939200139667264,22.849572572638863,N1,8,1547,1554
0.390762276247699,0.07032275436323943,39.991348492540055,22.905976814242422,N1,8,1548,1555
0.41489147316596586,0.4468145781905193,39.95958085911661,22.8715891114407,N1,8,1549,1556
0.34764361698948676,0.7646441482859103,39.88443048066256,22.790358733635912,N1,8,1550,1557
0.21272986605264066,1.0203856896698298,36.91490019263165,25.445023388142545,N1,8,1551,1558
0.3750885409460949,1.2698226990924937,44.10851076612744,30.589288287153067,N1,8,1552,1559
0.06645058020887973,1.3076688132211203,24.841138130059335,18.185323650944156,N1,8,1553,1560
0.46429547239867475,1.4647267428347348,37.28980377926109,32.94190688289473,N1,8,1554,1561
0.1814409549571394,1.479028737363187,21.189826496316527,16.490299694231,N1,8,1555,1562
0.24814675293576727,1.4109625215863986,21.170274287462234,16.432457475677438,N1,8,1556,1563
0.382792001388367,1.3482993734779285,21.13522573917362,16.357898452287372,N1,8,1557,1564
0.21513901075869057,1.2652274620057327,21.300814595673728,16.536911931603754,N1,8,1558,1565
0.3798359711280881,1.1791401613141659,21.199129385927336,16.427015806079908,N1,8,1559,1566
0.5440812211551105,1.1477219694936096,38.561017769930004,30.406898933906632,N1,8,1560,1567
0.5307528094484724,1.1754439432848187,47.11267523157767,32.81485531665567,N1,8,1561,1568
0.6427366056115034,1.181114181149212,47.96010195468898,25.817100231032782,N1,8,1562,1569
0.42723269265606234,1.187387715047727,44.362430285785194,27.756082275608605,N1,8,1563,1570
0.4849004140529587,1.1777209842307172,44.955468674600525,28.43382481088429,N1,8,1564,1571
0.340381394132379,1.1511281073509139,44.857016576829665,28.36407157197209,N1,8,1565,1572
0.47679847585351354,1.1219950821820248,44.835255033923204,28.340520980540532,N1,8,1566,1573
0.40199417794234193,1.0772953490488035,44.83821397208794,28.34374940552152,N1,8,1567,1574
0.11241831800789726,0.9589760445327968,24.10082286713714,11.872294373562909,N1,8,1568,1575
0.07407431428751465,0.7411133834336283,15.268349683954511,9.234263532998739,N1,8,1569,1576
-0.32110637182557866,0.4205402590719487,-3.663391213257455,-2.733472973735843,N1,8,1570,1577
-0.06466704569979242,0.061899896051578196,15.048764139280138,16.947370560732452,N1,8,1571,1578
-0.11316908744498733,-0.26346818471125744,14.66057402316801,16.491022046483522,N1,8,1572,1579
-0.05917790063924144,-0.5598703815585324,14.62538396104901,16.416272149488577,N1,8,1573,1580
-0.13128109006346733,-0.8269069549093615,14.665105245197992,16.45922294529555,N1,8,1574,1581
0.015106801928922664,-1.0049785239191706,31.832936800990865,30.229309656212536,N1,8,1575,1582
0.19279681829668505,-1.148622380454313,41.3385219441152,37.46424891719107,N1,8,1576,1583
0.5545488915332726,-1.1677214380483818,58.907119086728926,51.667575176197715,N1,8,1577,1584
0.5744203054925379,-1.177016041636513,58.64071026639613,51.37957139265836,N1,8,1578,1585
0.45925704160627845,-1.1002507687900334,40.358292538116075,32.19996003488086,N1,8,1579,1586
0.4468795819448417,-1.0218281153003304,40.34712025267709,32.22457682418826,N1,8,1580,1587
0.4099045280712801,-0.9806394394382139,40.146387572161075,32.0443455094337,N1,8,1581,1588
0.3834686820292603,-0.9675844021737774,40.26149223756329,32.16876913642318,N1,8,1582,1589
0.08266417493069866,-0.9993105808142744,26.26927264256028,15.9666977846382,N1,8,1583,1590
-0.08026673710553212,-0.9578423204833939,20.114226865177443,11.159642734362023,N1,8,1584,1591
-0.46111380489763576,-0.8707020261339622,2.8099141671018515,-2.7580096954652618,N1,8,1585,1592
-0.2990296128814265,-0.7911711919014053,-4.359778442131756,-7.876345284284071,N1,8,1586,1593
0.32127866084502443,-0.6901574963836765,37.57717038502142,25.296822853398226,N1,8,1587,1594
0.39071564283989346,-0.6376777009315049,37.352285976856365,25.05372480819642,N1,8,1588,1595
0.3671799105235607,-0.5644659572163633,37.73725275475044,25.46981384929859,N1,8,1589,1596
0.6534481888535737,-0.3645875896419781,54.878306136391984,39.210965702073736,N1,8,1590,1597
0.5831062157382547,-0.1337806792574554,51.70634316894939,41.64683874122329,N1,8,1591,1598
0.7391769804643786,0.07329589743641662,69.13446506590026,55.73499173849632,N1,8,1592,1599
0.615298703816407,0.27602458202230196,69.15370964544309,55.755805508633784,N1,8,1593,1600
0.4137364632349687,0.4757818916283796,76.29944512456677,60.848271483178905,N1,8,1594,1601
-0.24726199310482855,0.6213284799780752,34.353121989152896,27.66493643157446,N1,8,1595,1602
-0.16887987132481896,0.7942573424751487,34.50230980137076,27.789520873191577,N1,8,1596,1603
-0.27332075151802826,0.979620265268693,34.487701189007566,27.7737500979365,N1,8,1597,1604
-0.5048559686360505,1.0393590997765756,17.049330061039655,13.71123280586653,N1,8,1598,1605
-0.1640342312899037,1.106807950010186,17.049428676906246,13.711379529611804,N1,8,1599,1606
0.2625449682220733,1.163730475089963,66.86585679290783,23.20986426399395,N1,8,1600,1607
0.2572572085067719,1.0918234714354043,66.85732147357976,23.20061519277442,N1,8,1601,1608
0.2743005087666859,0.9954846524447305,63.31951638101873,20.5729737178508,N1,8,1602,1609
0.22752729326242616,0.9011405813626041,69.44267854203281,25.308842451195233,N1,8,1603,1610
0.30134473358707226,0.7839954789488033,87.75378310684573,44.53470672399908,N1,8,1604,1611
0.6802694878532094,0.7352054310565705,105.00772387960933,58.39788169834992,N1,8,1605,1612
0.6348441783539158,0.7340855508021775,105.0819829113816,58.47815419954895,N1,8,1606,1613
0.7048923814931669,0.7244900327676476,122.36358054554603,72.37122961894511,N1,8,1607,1614
0.2707344849084876,0.6471388062498136,47.94062090616717,43.69353102941841,N1,8,1608,1615
0.38653893256702077,0.580887782855541,48.01543977550864,43.7744527802779,N1,8,1609,1616
0.32094884244916955,0.5015868760009567,51.58085579091676,46.43196758007889,N1,8,1610,1617
0.3407568647699293,0.43055959285259604,45.5215837115893,41.765155032030634,N1,8,1611,1618
0.2686228085451461,0.34739385957401225,27.106608203922406,22.427018428881638,N1,8,1612,1619
0.1393734631120367,0.17863886365310577,9.788894602272194,8.494897471377044,N1,8,1613,1620
0.2591435649985101,-0.010200243590965385,9.84791625824164,8.55868566908157,N1,8,1614,1621
-0.07948086259591491,-0.17279896406184037,-7.8085606210461265,-5.7396128081954885,N1,8,1615,1622
-0.22520976084054212,-0.305854010270572,-0.17049137971662276,-0.11497276009868074,N1,8,1616,1623
-0.15123317459058683,-0.44832863041258975,-0.2145342222565887,-0.16261636162198556,N1,8,1617,1624
0.0010236647685530897,-0.499732334135885,5.687257782479719,4.333952962931107,N1,8,1618,1625
0.16828506258764264,-0.559809024956202,5.650595199363124,4.25762768365621,N1,8,1619,1626
0.6465175609113487,-0.4643264145916177,36.468030383584846,32.46105983517646,N1,8,1620,1627
0.576348676941052,-0.3110830524070707,36.370336053973006,32.35544217869392,N1,8,1621,1628
0.7512608476362459,-0.11697972925385614,53.64712124351263,46.24329877209857,N1,8,1622,1629
0.6868562427175107,-0.009001363419393726,54.069893114387924,46.70027779175871,N1,8,1623,1630
0.7458098409044709,0.09040949901697815,53.715742204047274,46.28074846561685,N1,8,1624,1631
1.4264372147686544,0.19770872889683488,53.63899555570333,46.19780749063648,N1,8,1625,1632
1.2434732407250237,0.25095173878688826,47.742239199809774,41.70667368066552,N1,8,1626,1633
1.1949839690027915,0.28632003932298034,47.74554246529715,41.7469655292507,N1,8,1627,1634
0.5945528401240665,0.22891693141375669,17.015149711941376,13.674355066962562,N1,8,1628,1635
0.6618044876812945,0.1326348042683989,17.14900524683253,13.819041314352035,N1,8,1629,1636
0.5233931482832475,0.03880276550655992,2.9526775254198583,-0.09590863189168886,N1,8,1630,1637
0.5400663680261601,0.01656379977605127,2.8398815653772544,-0.21783040611626348,N1,8,1631,1638
0.5871874194615572,-0.006111471211291075,2.8789485622210123,-0.13888498120104487,N1,8,1632,1639
-0.25882616774829614,-0.024559419011843886,8.843227466266399,4.42526015945532,N1,8,1633,1640
-0.23169703958653542,-0.042759156596446246,8.855073035074383,4.401308323810554,N1,8,1634,1641
-0.04309806344522826,0.20648498017129668,26.145678356750068,18.304125226507495,N1,8,1635,1642
0.08413046337496155,0.43260557785027487,26.112885106282192,18.268671056676794,N1,8,1636,1643
0.5433242071584203,0.7284632771732049,56.73707734076379,45.10029984366702,N1,8,1637,1644
0.419030965662202,0.9623526514686844,53.684196301525844,45.15721251088053,N1,8,1638,1645
0.5703467362503005,1.1394983414492543,56.82327223931043,42.685783068462115,N1,8,1639,1646
0.5035318434204328,1.3130354656895307,56.677855860166346,42.528637537670875,N1,8,1640,1647
0.6438916125018892,1.4845334139725992,50.810480220784484,38.06921069686268,N1,8,1641,1648
0.8092596856211003,1.6517010006054917,50.771670203123904,38.063992067892286,N1,8,1642,1649
0.5989859569024105,1.576227414023755,33.51511369784839,24.197977988956154,N1,8,1643,1650
0.5497559625836175,1.5022861625020596,33.631176386825246,24.323397873376962,N1,8,1644,1651
0.050659852510804626,1.3598494247012738,-0.5423152413995922,-5.148295077780858,N1,8,1645,1652
-0.005819983684091312,1.2169354897817684,-0.5572824561468224,-5.164483811673563,N1,8,1646,1653
-0.0729447111711039,1.0449393905924325,-3.679219464520429,-2.6745357496420183,N1,8,1647,1654
-0.1149676373723878,0.8848317632239784,-3.5885492357365365,-2.5765554516528937,N1,8,1648,1655
-0.13442777976028708,0.7203624375715378,2.305273319357184,1.911434022249523,N1,8,1649,1656
0.0126489256512059,0.6729856981974791,15.60872209923582,12.499374203881416,N1,8,1650,1657
0.022351635654388247,0.7297962314899138,15.472217580796496,12.315128041239404,N1,8,1651,1658
0.3018391695992477,0.7782858539828474,34.57170941405457,24.464206265690336,N1,8,1652,1659
0.573111914689278,0.8164297225611925,56.43943062121798,46.32282106349976,N1,8,1653,1660
0.8199614051024895,0.8439791755809019,56.3197949545729,46.19352505882398,N1,8,1654,1661
0.8052715629903133,0.956630085563912,56.425790073956705,46.308097978566366,N1,8,1655,1662
0.9230855197690317,1.0387601675474052,56.315679407985954,46.15235024665071,N1,8,1656,1663
1.0423190019144641,1.1244911033745169,50.51469487526538,41.76471713235151,N1,8,1657,1664
0.7206601982443317,1.0868381628528745,37.2277928171452,31.194634740652873,N1,8,1658,1665
0.7817622052455562,0.9149879877962519,37.258587495584834,31.26461002540873,N1,8,1659,1666
0.6500937750755611,0.7382424512056502,21.220064676976108,16.559710521539273,N1,8,1660,1667
0.4905518775514821,0.5819167379671768,5.993212388437314,-5.1815503677798915,N1,8,1661,1668
0.21374821163186652,0.39941124217768476,5.992471028706859,-5.182359247987733,N1,8,1662,1669
0.23388083029738027,0.16871767786479808,5.996014774185824,-5.178514724926572,N1,8,1663,1670
0.0054659890351729246,-0.09111590875250286,11.950922235904727,-0.6201388769168261,N1,8,1664,1671
0.42694322049322864,-0.3290806630607399,81.92654479924386,30.685480764083877,N1,8,1665,1672
0.4678206949366768,-0.3183970904527307,81.95339711533961,30.677802270724897,N1,8,1666,1673
1.0172590133476973,-0.217600908040275,124.3406194836316,59.33528891093101,N1,8,1667,1674
0.7262863304142968,-0.10181840372163009,121.06089927152607,61.65465544406106,N1,8,1668,1675
0.4747401976480319,0.003921932078409185,117.88986115974149,64.09151268898313,N1,8,1669,1676
0.7797439937413344,0.15338518584536587,136.3997242091791,83.51692501924845,N1,8,1670,1677
0.8285619938746862,0.2965222767213689,136.38436524189274,83.50033569706375,N1,8,1671,1678
0.8690879238483404,0.4955157699854311,130.51302518064404,79.06900621433215,N1,8,1672,1679
0.3261453391594671,0.7336869397915322,60.30509032853297,47.51229768565463,N1,8,1673,1680
0.41692748452798867,0.7360229673422545,53.09672330404828,42.38884874577434,N1,8,1674,1681
-0.18777641888109997,0.6861292529881489,10.844304399950488,13.877090666490403,N1,8,1675,1682
-0.01706801640307276,0.627036750659741,10.93063354566766,13.970403661593991,N1,8,1676,1683
0.06930439411506484,0.5821786038830865,11.026002542897913,14.036764353812032,N1,8,1677,1684
-0.10366622602604991,0.5170705964332463,-7.474718228460915,-5.378795588831963,N1,8,1678,1685
0.07886388082650342,0.4407455036014376,-7.559171897803026,-5.470119384604914,N1,8,1679,1686
0.5404225743259587,0.4881589967464812,11.524673954119862,6.636028103407625,N1,8,1680,1687
0.6426660496549488,0.48696741466249804,11.847507215074074,6.985006073993645,N1,8,1681,1688
0.5644474981239966,0.5451564965095521,38.198753562264756,27.626511988379207,N1,8,1682,1689
0.41089198856347764,0.6489967338256157,38.10394539302433,27.52401731376358,N1,8,1683,1690
0.26995088800765643,0.762992297636881,38.15842878204239,27.582921507625542,N1,8,1684,1691
0.265582442781124,0.9243616665395642,41.19725192915212,27.510832405601832,N1,8,1685,1692
0.4325683435908587,1.1589284463152723,59.53841794258915,46.753949349515096,N1,8,1686,1693
0.3253444011819937,1.4584113765991233,62.734202811987416,44.34387461069127,N1,8,1687,1694
0.13432535563822512,1.6748944734304523,43.634608437712814,32.220723011497284,N1,8,1688,1695
0.1474052822272114,1.8616727737876175,43.45676696630471,32.028451186895836,N1,8,1689,1696
0.18652864216019793,1.968863435209876,24.30643633213367,16.539079115506865,N1,8,1690,1697
0.2940191776285701,2.0008719445067378,24.320151996669665,16.553906930937046,N1,8,1691,1698
0.39956736265673953,2.0118215587405714,27.400103810432483,14.01861565532181,N1,8,1692,1699
0.40139032485963355,1.9230095509058032,27.40131620511238,14.056641020983989,N1,8,1693,1700
0.36893512487918656,1.7722229356692196,9.165376459586696,-5.072708296874225,N1,8,1694,1701
0.556858374272025,1.6981660809353976,25.137312842223764,9.5601825286667,N1,8,1695,1702
0.5543663120332099,1.6612428363153455,25.1258052728881,9.547764060246664,N1,8,1696,1703
0.7939025867587048,1.6143550688095623,46.13108211639883,26.658369841175045,N1,8,1697,1704
0.8099731169077273,1.6122099953443438,46.12935475208542,26.65649739226683,N1,8,1698,1705
0.9151375484823063,1.5966417826196846,49.28816362893485,24.206429490142,N1,8,1699,1706
0.9638055718259295,1.5681507258253227,46.20441125719299,26.73760833535289,N1,8,1700,1707
1.0952938764435913,1.5283750199103103,42.97489700880942,26.60353247338844,N1,8,1701,1708
1.0773058709094556,1.4635945235456518,43.02416393619569,26.656768912620464,N1,8,1702,1709
1.005063570220571,1.2546451597677404,42.1772972355011,33.65514718981467,N1,8,1703,1710
0.7335689935547407,0.9959644452750105,42.22192232835732,33.70336405656781,N1,8,1704,1711
0.31688078146834187,0.7243345534068553,21.166954683167205,16.539069911813385,N1,8,1705,1712
0.4076247579068877,0.4633808232020975,21.112620169345973,16.480350202225964,N1,8,1706,1713
0.47525726660826706,0.20457359598487201,18.017086367459342,18.998788822868846,N1,8,1707,1714
0.5690704017017083,-0.0191821956021343,21.19349431390401,19.07545200894765,N1,8,1708,1715
0.47948831539784464,-0.21689479925680644,21.255802690966448,19.142846704718977,N1,8,1709,1716
0.6281346873615945,-0.34905816211473706,38.449093453775276,32.94046655659895,N1,8,1710,1717
0.35888288741998053,-0.5420964911464807,20.216926843768306,13.8151377588365,N1,8,1711,1718
0.8656402602040743,-0.7385478423140235,39.33074501441297,27.66001769464947,N1,8,1712,1719
1.0820855377966012,-0.8816513394157255,45.36580689239781,32.300654739913625,N1,8,1713,1720
0.8350476264787545,-1.0280463868758254,45.37890471648643,32.31481065963908,N1,8,1714,1721
0.6111942384531517,-1.1615494378529299,45.359649158916,32.2940016536586,N1,8,1715,1722
0.27093253233934433,-1.3130754923142263,42.17109624941804,32.20422694334229,N1,8,1716,1723
0.16627095411496384,-1.3612053642319708,34.80679492084346,26.875478702569126,N1,8,1717,1724
-0.1538652154335125,-1.387951275237036,17.652776625629485,13.120310705066913,N1,8,1718,1725
-0.2209253004150895,-1.3526332336958689,17.494955743854007,12.949746110705746,N1,8,1719,1726
-0.39921289543676153,-1.3552979009020198,16.796606215304564,18.42826179782878,N1,8,1720,1727
-0.5512263669633484,-1.3748987208271437,10.776488987439734,13.803769060645209,N1,8,1721,1728
-0.49435336530764573,-1.4368715601355753,10.803706020089521,13.833202809686554,N1,8,1722,1729
-0.3349509770126389,-1.456434610576487,10.806218248979349,13.835951170647604,N1,8,1723,1730
-0.08311664522287288,-1.4640721720924645,10.876409932625393,13.91183597608142,N1,8,1724,1731
0.1268473228226128,-1.3266918051806513,35.51891225614236,31.4496956996245,N1,8,1725,1732
0.04502285248979376,-1.2338952672378696,35.454006499585375,31.342830154771036,N1,8,1726,1733
0.35233706851980173,-1.072869848926942,52.82130959731512,45.32854535005754,N1,8,1727,1734
0.10094020695265726,-0.9022121211914893,40.32140001974767,30.51659992707755,N1,8,1728,1735
0.11273864834218728,-0.7219901744363106,40.290714278893574,30.48342282498743,N1,8,1729,1736
0.5150153834339477,-0.46759242164345594,107.49458711223451,53.9893254187964,N1,8,1730,1737
0.3632638109326791,-0.23331474394558427,107.44401032834867,53.934648383969034,N1,8,1731,1738
0.20203563544620806,-0.0018662037576078205,107.41349545585945,53.90164284056846,N1,8,1732,1739
0.03156179602966347,0.013827995025433637,90.25823198963008,41.78869475871579,N1,8,1733,1740
0.10749024156675091,0.007225971947519838,89.99524695618857,41.5411335227609,N1,8,1734,1741
-0.04163525188738504,-0.05138203517458706,72.8961570844931,27.845327394757987,N1,8,1735,1742
0.18160891647278277,-0.11469490117326586,81.28085357251621,39.55729483815594,N1,8,1736,1743
0.09122136409136772,-0.11906841182582184,81.32475207088464,39.60473891778474,N1,8,1737,1744
-0.17665242087474553,-0.19685455169718225,17.12032705087222,15.984198763339919,N1,8,1738,1745
0.07972439296344191,-0.2779712152194094,17.212795505334725,16.084138435675413,N1,8,1739,1746
0.5463903299226445,-0.2783839333581106,36.46128191380012,28.3942214273402,N1,8,1740,1747
0.5467647252890373,-0.15811197660370624,36.32564495883162,28.284346567791545,N1,8,1741,1748
0.8003205434477536,-0.029255249326453736,53.82359441897643,42.411284918212004,N1,8,1742,1749
0.6211670674302923,0.08867736940450754,59.600825505029206,46.77320261728619,N1,8,1743,1750
0.5566519145511251,0.20857900464242363,45.31206204308546,30.562186737781303,N1,8,1744,1751
2.540456783610182,0.242346277809542,45.23255815466655,30.476278958411967,N1,8,1745,1752
2.4068502713390387,0.2707711251495155,42.35194125446469,30.719355188315603,N1,8,1746,1753
2.7013014723268896,0.2900509044588624,76.40341769310362,51.94765930302856,N1,8,1747,1754
2.254739085847959,0.22816631934361098,57.14294441954553,39.62462249459986,N1,8,1748,1755
2.188957374617914,0.033071095801812334,57.198450022606266,39.647851691370306,N1,8,1749,1756
2.0082607054991826,-0.17566925676667466,39.841443693274414,25.673271714576913,N1,8,1750,1757
2.153826640400453,-0.3871044846048761,33.86093607571456,21.09162675974858,N1,8,1751,1758
2.0252564446698216,-0.6021430115222337,33.88514027754718,21.117773801277508,N1,8,1752,1759
0.41821513094475904,-0.7945814678495999,52.29827331636989,40.438643934510765,N1,8,1753,1760
0.39234482610301313,-0.9687750061635398,52.23627415289047,40.371603833918925,N1,8,1754,1761
0.14209101621985099,-1.049669868013563,35.35763691957254,32.91884297849447,N1,8,1755,1762
0.23912490997358304,-1.0641794442291328,35.36947582510038,32.93165003604099,N1,8,1756,1763
0.6003837690606559,-1.0659267719209033,52.68930834205821,46.90280089509997,N1,8,1757,1764
0.6522446754711098,-1.0464297428393365,52.66568637202727,46.84056584868995,N1,8,1758,1765
0.6681785370884796,-1.0049506106150936,52.7593582711379,46.9417909933527,N1,8,1759,1766
0.5566179663489947,-0.9534490974705463,52.790782565514746,46.9757939204992,N1,8,1760,1767
0.30502061059668506,-0.8298346918396824,34.402197142637306,27.644740708343306,N1,8,1761,1768
0.2706587032251093,-0.700254814368261,37.50288542877024,29.94867969022107,N1,8,1762,1769
-0.014073286033195131,-0.6521956285668793,20.20885367451956,16.04213560821063,N1,8,1763,1770
0.0013467753678639838,-0.6436566027579715,20.23123737957576,16.06630608105661,N1,8,1764,1771
