M1_log1p,M4_identity,M5_log1p,M6_log1p,dataset_id,window_seconds,window_start_index,window_end_index
-0.22839739411819088,-0.1943245981593072,27.243807230184935,21.836473008374462,N2,5,0,4
0.030612201742232246,-0.11997812220533839,27.40588781998567,22.01168326205066,N2,5,1,5
0.5062909150638703,-0.043021248226414954,56.90680137773886,53.02701034360298,N2,5,2,6
0.22918055565201773,0.02118073550670818,56.78340813423485,52.893688865050215,N2,5,3,7
0.5407922508001038,0.07742470396460358,56.092072230324405,52.146425614328635,N2,5,4,8
0.25084501064041553,0.13241520707006563,29.285379393549427,30.82957629689333,N2,5,5,9
0.18395037621113824,0.1908339153430279,29.098774356722572,30.62785047436891,N2,5,6,10
-0.3924893968463419,0.24733303096197803,-0.26168954472227596,-0.17693238744543577,N2,5,7,11
-0.050883388911237525,0.3137899281403933,4.7734127676064535,-4.117600459442218,N2,5,8,12
-0.08602201871886148,0.3797457401299007,5.24924207366073,-3.603261084392602,N2,5,9,13
1.681608940088882,0.4402712332415602,40.47797596258683,22.609599357436412,N2,5,10,14
1.9262201160123795,0.5109152765060271,40.86752512827688,23.030694021560738,N2,5,11,15
1.9832599564721345,0.5867885424782348,40.99531443620653,23.168889527370414,N2,5,12,16
2.768297399462298,0.7648412342697388,92.49582137868671,61.319199093897126,N2,5,13,17
2.618878112062595,0.9500483391314127,92.67322169852346,61.45223804251678,N2,5,14,18
1.4437670371540594,1.1320914747390163,81.34620457384145,54.168354295421906,N2,5,15,19
1.266617752699446,1.3943359883523172,80.84018702898766,53.62137807756919,N2,5,16,20
1.1204493092021228,1.6549991192427136,80.48611933285261,53.238544231591035,N2,5,17,21
0.81642204110586,1.8014881991756528,50.44590331043355,47.68920260727157,N2,5,18,22
0.7405325698649392,1.9305845971539946,50.32999621919434,47.62263348033828,N2,5,19,23
0.2615301205405274,1.9435960791307636,25.944076316337192,28.170310187012866,N2,5,20,24
0.1577908006778813,1.8506693041816764,26.054786509581596,28.290030394111113,N2,5,21,25
0.2361728779984535,1.7282516344389165,26.25270443140935,28.503991688348105,N2,5,22,26
-0.4987338755918714,1.594228711340223,-6.05035186712455,-4.519730472646847,N2,5,23,27
-0.6613018234311425,1.4486335794223788,-5.692466214954242,-4.132866405563118,N2,5,24,28
-0.3237144101656611,1.2977418717245548,24.91087429626948,15.353306110447283,N2,5,25,29
-0.08881161006604828,1.1342527920919658,24.938555194442756,15.38316779551601,N2,5,26,30
-0.08283065514966345,0.9875183158448912,24.903617008886,15.345416021644064,N2,5,27,31
0.054703575395463486,0.8421160942009749,40.33115076131637,27.09462011446153,N2,5,28,32
0.158357970521104,0.6752720009431933,40.09572243266266,26.840112602041337,N2,5,29,33
0.0031790885452480213,0.7267700155199833,37.06140751065832,29.494721117333164,N2,5,30,34
-0.3164840385048791,0.8674876173137257,41.98284360332009,25.43128804654109,N2,5,31,35
-0.2065529848939068,0.9684071975968024,42.06919864259312,25.524622538497148,N2,5,32,36
-0.0007539690589929649,1.0506709399163419,32.347717298981976,18.028923943109863,N2,5,33,37
0.046957776255462845,1.1608015794941877,37.46979266255594,14.182220248062867,N2,5,34,38
0.3483215162781114,1.0136809817471921,38.84139191121685,22.39241294690828,N2,5,35,39
0.5665464421696811,0.8001342441228665,34.03116458775294,26.576015333156032,N2,5,36,40
0.4977491322993032,0.5962990490780875,34.03258554398199,26.57754221558819,N2,5,37,41
0.4634379978691275,0.3571337668857225,34.047135866744746,26.59330794536611,N2,5,38,42
0.4609359078662177,0.14416521836946217,29.020223778219087,30.542887932769123,N2,5,39,43
0.1724350617055542,-0.04337829775681712,27.522856166680548,22.196779531172933,N2,5,40,44
0.21930482117688044,-0.16361502807196332,27.432142456206385,22.098776412087318,N2,5,41,45
0.16014732761035191,-0.16863280185854707,27.484533365672952,22.096720983949535,N2,5,42,46
0.06371391187816614,0.0644049759012418,27.435884859112093,22.04411242551282,N2,5,43,47
0.1936778566992004,0.2695875935332765,36.8763260867745,29.23605180322943,N2,5,44,48
0.5438227552295928,0.7006479179560998,40.09511938286455,26.780834883530908,N2,5,45,49
0.2335680865245763,1.0453162201973256,39.79478533526126,26.39746762018808,N2,5,46,50
0.16595692847642668,1.2808499138163867,39.95314221316494,26.627335494344333,N2,5,47,51
0.2050341200849509,1.3303183076640508,40.13832167039891,26.82756653770639,N2,5,48,52
0.16641894953512093,1.37773583356677,30.574774397943383,19.502568514272845,N2,5,49,53
-0.6461663110530125,1.2070736818359564,-0.4417818999865631,-0.4303559073231099,N2,5,50,54
-0.22693929109187536,1.133512570391882,29.225510089670205,30.764795732035555,N2,5,51,55
1.0401134114996302,1.060038735046777,135.08872567377915,63.905605158542315,N2,5,52,56
0.9500786878363143,0.9805090218606622,135.06229974587154,63.818240719945514,N2,5,53,57
0.8718139448796791,0.8931214502466887,135.0844815108138,63.84219999796155,N2,5,54,58
1.4889068207858245,0.8062894361454624,162.95481795342124,86.30873537322964,N2,5,55,59
1.0864606035935567,0.6153286695068644,133.5426815443322,55.44815057044038,N2,5,56,60
-0.07188385590996518,0.4224760579946846,27.479137355449257,22.032117640012622,N2,5,57,61
0.05177095066227792,0.19421125961147395,27.392035838882656,21.996734740084683,N2,5,58,62
-0.22941873772524204,-0.041913684435292,36.932478347265715,29.296791405147133,N2,5,59,63
-0.0021021356783322174,0.13560987343480804,39.91202907007509,29.27157513308007,N2,5,60,64
0.06299062600343745,0.3024157457802829,40.00699329660565,29.374172080928382,N2,5,61,65
-0.2885439125675603,0.4568592295636648,39.89480057887649,29.3116023206479,N2,5,62,66
-0.5113078241698673,0.6311259443723088,39.954278845462525,29.375945318981213,N2,5,63,67
-0.17307195252607882,0.7995279460918923,30.54287481176316,22.21539323596794,N2,5,64,68
-0.7937452028370515,0.5699364306235282,-5.626123307143734,-4.061128114070698,N2,5,65,69
-0.5875041275971213,0.3138545124536307,-5.707048915013274,-4.148587791317823,N2,5,66,70
-0.20066066771533145,0.09392422037947626,-0.6098823124034425,-8.085184311538068,N2,5,67,71
0.07754224320430794,-0.11569130079522268,28.629528571312676,22.588730772095552,N2,5,68,72
0.0493234382365344,-0.34857571338247906,28.42395933421567,22.366559586936138,N2,5,69,73
0.5681700277066426,-0.4664831349017632,64.76827960098835,48.832548620293075,N2,5,70,74
0.6530793903498505,-0.49023902694656696,69.62644145170034,44.70072088323,N2,5,71,75
0.7700573826193086,-0.4478424047319109,64.68493766980154,48.74682841598737,N2,5,72,76
0.5705089919425689,-0.3845147469392174,35.40066755570342,18.0244424429985,N2,5,73,77
0.4122289702434159,-0.1875691873374592,35.539116057188764,18.174001037032305,N2,5,74,78
0.10472899637145545,0.06770401244226747,38.07531017192341,22.86943199191637,N2,5,75,79
-0.156268105987656,0.2769039790050485,33.23638623426787,27.022022967275554,N2,5,76,80
-0.3056254957265999,0.4018315889733287,33.3802695457769,27.236323814409662,N2,5,77,81
-0.3437504138165998,0.49949872009510443,33.387380052600385,27.243905603651456,N2,5,78,82
-0.10425250933676225,0.5199025478449556,33.352289062247834,27.206009729649757,N2,5,79,83
-0.1664855918356743,0.3552194107976462,-0.1762413571954312,-0.08467487575098857,N2,5,80,84
0.029061724434920676,0.18394397894793996,-0.08054976021949187,0.01873593299760614,N2,5,81,85
0.08690362878876741,0.09276892559077936,-0.2803748618576719,-0.1972679918916583,N2,5,82,86
0.029551311366947886,0.019439908379550275,-0.30518677010441025,-0.22401443362605278,N2,5,83,87
0.575923836685778,-0.06619251078895161,22.56921081118562,25.726981579727816,N2,5,84,88
0.8839659092684038,-0.12474285549532453,50.52399735142317,48.28477327539531,N2,5,85,89
0.6664991785654777,-0.17574309535592647,50.38934962464955,48.13930029564062,N2,5,86,90
0.5897964153718576,-0.3017793525427649,50.40655662732379,48.15785524189987,N2,5,87,91
0.5305534785106459,-0.421537268121844,50.461380170288976,48.21715083609634,N2,5,88,92
-0.3312007224884603,-0.4414841904459891,27.552973437387756,22.229408270859402,N2,5,89,93
-0.5247750660425978,-0.39148365315626704,33.322588959960555,27.17401629609667,N2,5,90,94
-0.508457834778001,-0.15692101147145793,33.29670753607788,27.146075115156417,N2,5,91,95
-0.7377691286958615,0.08105231997064521,33.21638673159541,27.05923792522026,N2,5,92,96
0.41520886687592906,0.3231049362785569,89.81930695700412,61.34156709478348,N2,5,93,97
0.5872741189028197,0.45755147950452085,89.71762296738525,61.231656502128224,N2,5,94,98
0.35510597528632887,0.5068620540890834,56.11700481943744,33.86305949253428,N2,5,95,99
0.5557187386428538,0.3924664422210711,61.25539811729796,30.034001515543785,N2,5,96,100
0.6858755303423869,0.2756562919322718,61.34802876388903,30.134222721158675,N2,5,97,101
-0.49252570604880147,0.12305788507150624,4.70656418117278,-4.1898244031883225,N2,5,98,102
-0.44078246886163797,0.009168474577514019,4.77777133634063,-4.112864858752164,N2,5,99,103
-0.17520598748119695,-0.0397503807987107,32.481377147442984,18.17350060066692,N2,5,100,104
0.020227963939665018,-0.08587297015438508,56.782196160462355,52.8923832045276,N2,5,101,105
-0.07996673351804376,-0.030593492875715354,56.74462641530645,52.851751884964685,N2,5,102,106
0.22454712214270459,0.038851798121810076,51.188862765047,48.7606429929182,N2,5,103,107
0.21349453667324525,0.08401958695476282,51.30838000202584,48.8898716311658,N2,5,104,108
0.4009757092310842,0.17706493701762155,54.33116772478188,46.2227978180219,N2,5,105,109
-0.029826338704183542,0.34535245657152414,24.92288539944584,15.366313197684576,N2,5,106,110
0.1106688374419896,0.4164502151698031,24.951617598530355,15.397376438643368,N2,5,107,111
-0.15825123992326126,0.5119191924058228,40.15269043000062,26.79824779141554,N2,5,108,112
-0.3164676204371538,0.6041596160745357,44.92483742087061,22.573343379783182,N2,5,109,113
-0.9588253615922717,0.5947984418895402,14.321703115694254,3.0873668427415395,N2,5,110,114
-0.8197152833202338,0.4824696484259377,14.097209409190873,2.8447397344190906,N2,5,111,115
-0.7268695162652093,0.3865008499996847,14.294991308978933,3.058495560178926,N2,5,112,116
-0.3671976307207082,0.2860926474661539,4.676776680726471,-4.221943645400461,N2,5,113,117
-0.258600549963932,0.17102272240038302,-0.2746287145320821,-0.1908740027269232,N2,5,114,118
0.6087029294465751,0.04613483810473582,30.37650912658046,19.34699456436683,N2,5,115,119
0.6958033054682147,-0.06991829735872983,30.54504739094864,19.529149249568672,N2,5,116,120
1.793750966475082,-0.20397751527651167,141.5108512706982,71.86492199536924,N2,5,117,121
1.6396560840713306,-0.33584387606488947,141.55703018593485,71.91483690457326,N2,5,118,122
1.786178796024646,-0.3395744778677141,141.60934688110083,71.9714520481205,N2,5,119,123
1.5505390711842288,-0.22823623803220272,141.49561646484435,71.84857040052566,N2,5,120,124
1.5499984276202263,-0.09459167187014259,141.68416111315491,72.05245348166719,N2,5,121,125
0.3086366551662863,0.05447999811690636,30.44863660955998,19.425088251030683,N2,5,122,126
0.23175359416447208,0.21249415777555355,30.529766702216694,19.51277442051287,N2,5,123,127
0.19571751886248306,0.28643416786998016,40.031364755918005,26.77078946015281,N2,5,124,128
-0.12474048877115393,0.26499181473281086,14.432490172342114,7.323016181261119,N2,5,125,129
-0.35747113374797834,0.24427818692682593,14.198206064206715,7.069709703632725,N2,5,126,130
-0.10199570338845518,0.23304003490028008,14.277719917909234,7.15570574475596,N2,5,127,131
-0.03791565983300984,0.23309908169551363,19.115512382878116,3.001740698885624,N2,5,128,132
-0.059893237387646535,0.23046238046004106,9.634921315772043,-4.233538207183846,N2,5,129,133
0.496550666574494,0.23652536076979375,32.39847524490578,18.083841584898618,N2,5,130,134
1.9964903156132863,0.2975751725698103,32.35918208055246,18.041436314624843,N2,5,131,135
2.0285631276372356,0.41127498326259515,32.51006452245947,18.204556040827356,N2,5,132,136
2.332683063931465,0.7613424859381055,56.77826369801751,52.8882613518791,N2,5,133,137
2.491192784067242,1.157774061906575,56.71482249932033,52.8196142129158,N2,5,134,138
1.9852173691812554,1.6545180172709493,59.82817214005117,50.16691770602483,N2,5,135,139
0.7537565182266122,2.214415379182145,59.90491297107765,50.24981688093076,N2,5,136,140
0.5036864876194371,2.7397323857311022,59.74748126166942,50.07959444879125,N2,5,137,141
0.22562470969826903,3.0695051858756783,30.419249502185995,19.309585424325995,N2,5,138,142
0.0879137829192473,3.332632211325587,40.16127635519679,26.827494291821132,N2,5,139,143
-0.08906783685348074,3.5175843495974446,9.224239750836205,7.064104147453236,N2,5,140,144
-0.5093724669173014,3.554889284198251,9.154142062625942,6.988323721302004,N2,5,141,145
-0.26973355591173204,3.5907716183858667,9.185539627594881,7.022303079807534,N2,5,142,146
-0.40859949546276225,3.5698688723019787,9.30865649894604,7.15539466757491,N2,5,143,147
-0.34189233147254044,3.5357574002576513,-0.3005704482880901,-0.2189662864978345,N2,5,144,148
0.3173184148970421,3.454403977745565,30.48777596374639,13.67937848834581,N2,5,145,149
0.8370246348600375,3.3884732651583134,30.42431578823107,13.610801709189854,N2,5,146,150
0.6417424966990068,3.2714404103411114,30.41224806918326,13.597775735668074,N2,5,147,151
0.8959161918441083,3.1316398696810865,18.817454283753612,5.275163065009747,N2,5,148,152
0.6723531141997526,2.9840157189382466,18.710656275378643,5.159718699650876,N2,5,149,153
0.7050685383414077,2.8261056285038166,37.24810832376697,34.545490473651626,N2,5,150,154
0.4959915908527236,2.6400754799336594,37.421454977346365,34.73283745284698,N2,5,151,155
0.7151447418149928,2.440958671560793,37.343698296108776,34.64874283040736,N2,5,152,156
0.4742657643877209,2.191474104187992,48.85689389525614,42.88315220164668,N2,5,153,157
0.8189466947728021,1.9225375000674063,58.49338802088441,50.28696436548425,N2,5,154,158
0.15103448492485966,1.613873658361939,9.172803334101081,7.00848943322435,N2,5,155,159
0.08664308254675177,1.2739218166994077,9.20081126173136,7.03877433153375,N2,5,156,160
-0.23512046791362592,1.0043244422240065,9.254818857210376,7.097160373042425,N2,5,157,161
-0.1789906772797579,0.805966153436799,14.352954911030793,3.224651786215145,N2,5,158,162
-0.25868584384201654,0.58766491489271,4.719858267944619,-4.175516157136736,N2,5,159,163
0.22955014864941745,0.3651174232769222,32.327484536893465,18.007023866606325,N2,5,160,164
0.39675504339364664,0.29999452622364514,32.50048987088921,18.194012744937936,N2,5,161,165
0.5352372160166127,0.14260014724850406,32.51208959019696,18.206574999429357,N2,5,162,166
0.6358527399681109,-0.012266896471734868,27.503049612408176,22.17538937237623,N2,5,163,167
0.4298838119336281,0.07404067856030849,32.508788241943876,18.20306375137643,N2,5,164,168
0.48685693146665016,0.40424684967907754,32.434480772124154,18.12276471065161,N2,5,165,169
0.13471422645923922,0.6267220526087527,32.38052147032522,18.064425476798895,N2,5,166,170
0.5200078904381001,0.8974879035733153,61.62916358276034,48.74832901552436,N2,5,167,171
0.4848135203886031,1.1512241411549922,61.73055717706502,48.799207576728804,N2,5,168,172
0.4993263121998865,1.2303586440888097,56.77188683575787,52.822469241796895,N2,5,169,173
-0.27192391941216554,1.1128440853957102,38.74938989255679,37.98822460141109,N2,5,170,174
-0.08578723804281765,0.9933072492038832,38.50889556135917,37.728283457043105,N2,5,171,175
-0.31954764400928753,0.8715459559157808,9.370048853443404,7.045436430995869,N2,5,172,176
0.17761260242291285,0.8652908478074692,63.872665231154315,41.091369224083245,N2,5,173,177
0.36088625322883133,0.953167526718147,63.78979392397032,41.00174559378702,N2,5,174,178
1.0152422377909602,1.1361000358694526,82.13983189988758,56.19000030075731,N2,5,175,179
1.0026001417309232,1.3975748946706745,82.26837845072023,56.32903652998393,N2,5,176,180
0.9222847161089675,1.6403519627904415,82.09163273671129,56.25556249231158,N2,5,177,181
0.43657904871120506,1.7575638840865622,27.488806545134867,22.160042732926378,N2,5,178,182
0.0991506930340293,1.7506534227606152,27.6407830304679,22.324314216487075,N2,5,179,183
0.02385716652822083,1.7227272379454235,33.232644964877544,16.541543261525657,N2,5,180,184
0.1633050049681927,1.6843183509782762,38.18218306130056,12.508369227829826,N2,5,181,185
0.931508777611981,1.6307383500129788,144.3453958517086,45.940583651777885,N2,5,182,186
1.1581029008112709,1.558768492519556,170.47117817575744,74.27295359036052,N2,5,183,187
1.3884892734357408,1.4717858218143818,170.45974574998982,74.26063635215124,N2,5,184,188
1.137967105000294,1.2752251799042824,137.03821692071216,57.62087683949794,N2,5,185,189
0.9006652608779205,0.9365326420642532,131.99537933980918,61.55311134127696,N2,5,186,190
0.11614240758631382,0.6898510218478577,25.497492933851753,27.70044627488369,N2,5,187,191
-0.30007456832216517,0.4368495888290852,9.321136649345135,7.058357234336654,N2,5,188,192
-0.3227925414818628,0.31513753129888755,9.340925013615015,7.07976406947837,N2,5,189,193
-0.0039873825209696175,0.18945441126560353,36.99831100218762,29.276286373579023,N2,5,190,194
0.4957006924063336,0.19938119476233282,37.13323443986228,29.422148155055037,N2,5,191,195
0.15221504928177723,0.1860936193607529,37.354104054713574,29.719637850390065,N2,5,192,196
0.4047746473978691,0.1812996335300056,27.374049060452307,21.996235958881698,N2,5,193,197
0.5722981656378863,0.04380474683350144,27.43699159257485,22.00549999980576,N2,5,194,198
0.5285906933002706,0.053128542771969475,30.524382824191708,19.448107753582555,N2,5,195,199
0.12251588251704675,0.02728645100974063,30.33420749044235,19.242561665037464,N2,5,196,200
0.40933186457337456,-0.06734973167087333,30.453778227889053,19.37181064784563,N2,5,197,201
0.3967596813437012,-0.16571422891861404,30.406458045756153,19.32068218335389,N2,5,198,202
0.3324704133445181,-0.26599404530103926,29.36124282063247,18.249558955463545,N2,5,199,203
0.49668657069830147,-0.5142107016222667,28.864011461483095,30.339581173471014,N2,5,200,204
0.7192009272381938,-0.7611611924139027,34.13795435488428,30.669330362710753,N2,5,201,205
0.7905106971692192,-1.082197594861276,34.13163461043223,30.66251339535338,N2,5,202,206
0.8771595153669665,-1.2844446056664764,39.078454607316964,26.56346602389476,N2,5,203,207
0.6548151483764826,-1.411122011133466,49.663691246872624,34.992902839419365,N2,5,204,208
0.4742656156699582,-1.3545975553506082,47.04216867511932,25.46621300195602,N2,5,205,209
0.9075004361735779,-1.2236556591167584,41.81533974014383,25.187390473102276,N2,5,206,210
0.7196104499171156,-0.8649393357950771,42.00704553286014,25.394592664626906,N2,5,207,211
0.6340595711599633,-0.6117729810444587,42.03576402318758,25.488615431403197,N2,5,208,212
0.881834851928329,-0.40396154712106525,26.92625838863605,14.020148855803745,N2,5,209,213
0.913882284069578,-0.21809487571283626,27.022397346305297,14.12406134340381,N2,5,210,214
0.33133280950503663,-0.043406466870135316,27.101432608732647,14.209464726992156,N2,5,211,215
0.5040163911080782,0.09926623992133728,21.451753024891513,10.016835443742275,N2,5,212,216
0.26424478744580143,0.2705045944765857,16.588718418595818,14.143494430796455,N2,5,213,217
0.3387936799562965,0.4416790870035527,21.801064976409542,17.92632990754737,N2,5,214,218
0.15097555427700798,0.48985633630019265,-5.935309498312927,-4.395375436379799,N2,5,215,219
0.17883125860900292,0.46053114571373044,-5.758636978463983,-4.263175095833139,N2,5,216,220
0.47030210737176786,0.3420063511274634,29.034933345070385,30.431355400562097,N2,5,217,221
0.6396581703658484,0.19483531381430338,28.984750571324547,30.318304383320356,N2,5,218,222
0.5329638692878547,0.15744364482824266,38.58373135482725,37.68158459824499,N2,5,219,223
0.6066946899677561,0.12680449752420486,72.30453264297721,54.64461882841933,N2,5,220,224
0.39960329195271527,0.08540932340241056,72.14931590413944,54.535597575723656,N2,5,221,225
0.11152662493849448,0.06335706080948285,42.881853893379954,23.900086276658477,N2,5,222,226
0.09230098981099673,0.07095748484059072,42.88958955434318,23.967239048459668,N2,5,223,227
-0.10499913709647331,-0.016294477772709114,33.552318714058856,16.88687742669172,N2,5,224,228
0.035012644494239,0.08247907352234166,27.480380706375218,19.462418091910514,N2,5,225,229
0.059743712781974524,0.18626474070514404,27.47241468312277,19.453851723838852,N2,5,226,230
-0.06202344304149108,0.27368818580531523,27.48976986254929,19.472689731272293,N2,5,227,231
-0.1733300037809414,0.36090902997505053,27.400583444357835,19.376254165727552,N2,5,228,232
0.0891098074656469,0.4449423102487913,27.28222280436639,19.248319763836843,N2,5,229,233
-0.24559079380853177,0.34060746573702544,-0.22027911570548894,-0.13209682501565112,N2,5,230,234
-0.19870501691821688,0.21398104154991984,-0.26920568936038763,-0.18499023257209046,N2,5,231,235
-0.3673366366621906,0.08486062759675975,-0.3103940493831033,-0.22960115246150964,N2,5,232,236
-0.008212005489625085,0.16338203098292753,29.11697374393225,30.64751923966287,N2,5,233,237
-0.000753087486546633,0.32090943077097905,38.66379970729467,37.90262050911842,N2,5,234,238
0.21446979486158568,0.5580013338039066,66.28030004758838,60.09477113041994,N2,5,235,239
0.503383062685063,0.7857056992509058,66.25716258156062,60.06974569560462,N2,5,236,240
0.6279768723848775,0.990260530874491,66.34526038339536,60.16497141615601,N2,5,237,241
0.23853642509299391,1.0634358819611236,36.92722113262935,29.297907646248678,N2,5,238,242
0.016531803458619265,1.0400192832748645,27.519258486079345,22.192856560950894,N2,5,239,243
-0.07094757702236051,1.2209380619660977,27.47455946909613,22.1445523610033,N2,5,240,244
-0.23285206567372257,1.4008220470756272,27.441138418173797,22.1084635988198,N2,5,241,245
-0.02807229251397416,1.578188267205934,27.426478747374496,22.092691590603682,N2,5,242,246
0.13103931585886527,1.6471957331386988,27.56999455962141,22.189051541113077,N2,5,243,247
0.1815115994613592,1.7096406383331328,27.453971168532007,22.0636941415798,N2,5,244,248
0.09565922462991808,1.4674013113638409,-0.21012641149718547,-0.17988901142580288,N2,5,245,249
0.1715933344833303,1.230270705895299,-0.15577854729745014,-0.12124162523850827,N2,5,246,250
0.6352510916879709,0.9855274577417902,105.75701208766368,33.0074982548138,N2,5,247,251
0.770635449731867,0.7616365762964279,105.74187363019482,33.04992748296663,N2,5,248,252
0.6366908004365854,0.5398344827562482,105.83684223973759,33.15258235848942,N2,5,249,253
1.1598297176904993,0.31724672375410706,156.8727754377065,81.33847039208248,N2,5,250,254
2.0090378078869775,0.07395918074099087,156.82546117542915,81.22864851442228,N2,5,251,255
1.8497970789396334,-0.23163314418490016,50.95584978654661,48.14650853746298,N2,5,252,256
2.6901539524278064,-0.4941140857407902,109.0898472365745,79.99841963624894,N2,5,253,257
2.793550170050531,-0.865306196362809,108.89665249749487,79.78956909977606,N2,5,254,258
2.54109081875242,-1.2735016876160956,85.7487288735687,54.089211477920436,N2,5,255,259
1.342345893743115,-1.7001815343460465,85.70777863927033,54.10368614133586,N2,5,256,260
1.0880120369441613,-2.1246910953515,85.60079052516703,53.98802527707867,N2,5,257,261
0.1341003259222049,-2.5993696064224765,27.539134796884536,22.21431755668691,N2,5,258,262
0.012553458687639818,-3.017817752068919,32.49026668503175,18.182941755791763,N2,5,259,263
-0.520427016384852,-3.5345827843463553,4.630885343774571,-4.271611228591974,N2,5,260,264
-0.22381033270766296,-4.060800299665436,4.736279989541435,-4.157706805277849,N2,5,261,265
-0.18013228900266826,-4.458514172194202,4.825307286020324,-4.061443309118658,N2,5,262,266
-0.03707218855103918,-4.773244184301319,-0.7759418489444215,-8.201677501901212,N2,5,263,267
0.336099021590465,-4.937727790129261,-5.673904647067684,-4.112796294160944,N2,5,264,268
0.9766263336461691,-4.857400072446504,24.879771971784795,15.319793429928358,N2,5,265,269
1.3741972761399155,-4.5683191214468595,54.33083602991064,46.22247963683149,N2,5,266,270
1.2527133503738128,-4.364659321265802,54.2499369962854,46.13508078339146,N2,5,267,271
0.8631986923002813,-4.224841505957224,69.18533992636586,57.35232566225786,N2,5,268,272
0.6390991625096689,-4.152997747379206,69.3607675163701,57.5419137854271,N2,5,269,273
0.7854052043875953,-3.8350321996168644,66.4435435602758,60.323004540704275,N2,5,270,274
0.2843115583467295,-3.623208472757426,36.93167006988479,29.295881895756246,N2,5,271,275
0.08142294426297383,-3.327322032512251,36.945004035993406,29.310262008439896,N2,5,272,276
0.29031800590813645,-2.8918770170676398,32.53710808916803,18.111968736463133,N2,5,273,277
0.3337979392703801,-2.4427433173086768,32.44670349517692,18.014257653683124,N2,5,274,278
-0.3887419032088303,-2.263027082880413,4.722108465394922,-4.294755389302554,N2,5,275,279
-0.4782642978977833,-2.0605564045002014,4.804697562180081,-4.146778736228953,N2,5,276,280
-0.44732580150119927,-1.8303274123668842,4.608056924355333,-4.359325840312522,N2,5,277,281
-0.49322956362141496,-1.6774683810174735,-0.31087768889337897,-0.23007648781422177,N2,5,278,282
-0.7076171494554018,-1.4743859874691112,-12.10888868358561,-8.772444499602353,N2,5,279,283
-0.4555569287019864,-1.3131481496666169,15.964148081013992,13.913081384359248,N2,5,280,284
-0.3037673166927391,-1.1308135118884564,15.926185701193026,13.872099911639088,N2,5,281,285
-0.2252038210110925,-0.957556732020916,16.01716729252912,13.970387014517474,N2,5,282,286
0.34678457098313514,-0.8310373865786829,53.545348262735935,48.951781686830145,N2,5,283,287
0.4268928823857493,-0.5072579264359234,65.13688702365107,57.27093214971573,N2,5,284,288
0.5690686971312318,-0.11578152622443269,65.04083449849095,57.087468010254995,N2,5,285,289
0.27350702985331166,0.19051629053319347,65.01659065774547,57.06120802536698,N2,5,286,290
0.05537748616283693,0.43040283444552185,65.18248690194632,57.24063218887095,N2,5,287,291
-0.7528280330035045,0.6305774893283058,27.44721219361163,22.03539548642839,N2,5,288,292
-0.792949722673427,0.5610292125339982,27.71586399361404,22.325766965307594,N2,5,289,293
-1.1931774364861554,0.391955425614006,-0.2417747734081786,-0.1553244475491738,N2,5,290,294
-0.8082630157080587,0.22067818805190598,4.803894872018281,-4.084529592685612,N2,5,291,295
-0.9042829580576551,0.026121646135786138,4.683904834476925,-4.214285815832772,N2,5,292,296
-0.6386725360129958,-0.13565682195701073,4.790668955380534,-4.098910299870295,N2,5,293,297
-0.5830895710119052,-0.30794555941095325,4.6507413483985145,-4.250117461640912,N2,5,294,298
-0.06532660343130203,-0.4787433201424392,32.34418991618732,18.0251463172659,N2,5,295,299
-0.299414909332134,-0.5765701966205341,27.383995596277238,22.046766138784186,N2,5,296,300
0.041500033177661065,-0.6163231355118028,27.46196873219378,22.131073630815628,N2,5,297,301
0.11928972739400479,-0.6705985163194385,27.377017119228913,21.980463479330865,N2,5,298,302
0.607932500529077,-0.7459417455140454,62.42067622014001,57.14943305825382,N2,5,299,303
0.4172080512920758,-0.6893753370132714,65.56924158377187,54.61830171383845,N2,5,300,304
0.39463287456391927,-0.5956271434968528,65.44718209904931,54.48638628119115,N2,5,301,305
0.3337929710367433,-0.5207732021701872,65.47485550816346,54.516239897380004,N2,5,302,306
0.07453648640187964,-0.3568178274074512,65.32205847191435,54.40981631906725,N2,5,303,307
-0.23681086674931748,-0.15881207386966595,30.512640695992378,19.4940429820439,N2,5,304,308
-0.6506812809042912,-0.08298298766065955,-0.4100391420291999,-8.664088683603769,N2,5,305,309
-0.5007010606457101,0.004696025933458259,-0.15542234910535627,-8.388855718368722,N2,5,306,310
-0.63477870302506,0.0924715849501581,-0.36637235126036105,-8.616817118619291,N2,5,307,311
-0.32176009493015273,0.09174610990127974,4.972246030935639,-12.292438641453554,N2,5,308,312
-0.24756855353894594,0.08689289670406027,4.838407806460964,-12.437035513633964,N2,5,309,313
0.4403898195350422,0.16438606726354407,32.59650245108787,18.195105476256867,N2,5,310,314
0.36196433361323554,0.22049725567017903,32.3790227320078,17.90128833399831,N2,5,311,315
1.0258681610116753,0.3568363660546822,138.39422611402952,51.206520406071284,N2,5,312,316
0.5604066748675279,0.5695973178362209,133.4616729233112,55.32104830460812,N2,5,313,317
0.23789068491852844,0.7584763990383777,142.872107315185,62.480459623238495,N2,5,314,318
0.4828835457395371,1.2236182808702267,164.41302306893084,83.43024634283574,N2,5,315,319
0.4434635606515201,1.6634042890967264,169.3551936106458,79.4478819556327,N2,5,316,320
-0.08513060474692509,2.0127109849508797,63.42467636372858,46.23411962366845,N2,5,317,321
0.28217735942547223,2.2521013190977612,68.17908438326376,41.99015291140131,N2,5,318,322
0.5762680924393777,2.481508471330855,58.87327440983317,34.94376469706803,N2,5,319,323
-0.2819157787455964,2.3099626641455844,9.696676295292491,-8.179077130225414,N2,5,320,324
-0.3503145352244161,2.043380167271047,4.805033609213569,-4.0833607144501,N2,5,321,325
-0.29247443803411954,1.7485025785395407,4.7721557072512955,-4.1188136444463455,N2,5,322,326
-0.30526631740920607,1.4500652685879487,-0.1346358483471704,-0.039527138289849974,N2,5,323,327
-0.5986817580653451,1.1686414409885373,-0.247705446917098,-0.16176849212351954,N2,5,324,328
-0.042615100671642384,0.8968625853718037,27.432838972763058,22.099614468233266,N2,5,325,329
0.4457463406082695,0.5961592267485003,32.32138730526749,18.00049307014051,N2,5,326,330
0.551154257045232,0.3354758116888945,37.46286904020489,14.17481190030885,N2,5,327,331
0.2649374186710219,0.04093161765544835,37.324281069762584,14.024952857336393,N2,5,328,332
0.41062922062513396,-0.22152530792562003,37.41986193234334,14.128323656075372,N2,5,329,333
0.23167538000843138,-0.22795641280178244,45.95580235600028,19.14733686861364,N2,5,330,334
-0.14271571568769445,-0.1830337193308992,41.10977064198232,23.292405063932893,N2,5,331,335
0.2578206355787017,-0.11787868059703613,65.23234913824453,57.81863557682482,N2,5,332,336
1.2076959125131423,0.024020579386331065,121.80219717276123,92.06542500320356,N2,5,333,337
1.2887353418521257,0.12076414880977779,121.7973906991061,92.00144157576506,N2,5,334,338
1.0292969255007591,-0.04140050097335575,85.49975043100275,64.6333639084609,N2,5,335,339
1.0237617573691977,-0.18222843179427742,85.38118689040239,64.50517253640537,N2,5,336,340
0.30959411802816134,-0.32917814895853326,56.25238026932202,33.950820695153745,N2,5,337,341
-0.31321387470368905,-0.572243228204897,-0.15546223203600676,-0.12077051344822394,N2,5,338,342
-0.5610394490547748,-0.823718713871213,-0.33890617772158294,-0.37783364141723724,N2,5,339,343
-0.09652112540029804,-0.9749991312567203,30.491118641392312,19.35335603000458,N2,5,340,344
-0.17914074114858067,-1.1098325182675637,30.55777418276848,19.425385200477468,N2,5,341,345
0.01783202911263402,-1.192647725151761,30.54318371140689,19.40954411405728,N2,5,342,346
-0.10493449349708328,-1.1112246021413228,11.967319517888972,6.274668472952908,N2,5,343,347
0.04968831742169755,-0.9097566358526479,12.085557267885815,6.51999453071403,N2,5,344,348
-0.16502332311858084,-0.5136778358952512,11.938594868324799,6.361203392893731,N2,5,345,349
0.17571803649983336,-0.14577958543873137,11.946250152708307,6.369481532906866,N2,5,346,350
-0.00959204736418826,0.16430685667993145,11.970933304111167,6.396174169411824,N2,5,347,351
0.35130744881411147,0.39317295728982915,65.32125342774052,54.34529384776579,N2,5,348,352
0.3272658016687188,0.5469695145134068,64.94501227329928,53.93864926290407,N2,5,349,353
0.03746935536622402,0.5422900108483418,34.72353904023002,34.8651157534332,N2,5,350,354
-0.28310176173848733,0.5281822808781073,34.754780083130754,34.84016028197366,N2,5,351,355
0.03673001703726584,0.5125659383943884,34.736485686141165,34.820391325655876,N2,5,352,356
-0.23642373244070997,0.4760886821638707,-0.1636947073016927,-0.18852435156186403,N2,5,353,357
-0.15849807388719625,0.42190455002246663,0.21254644713953894,0.21812023329985095,N2,5,354,358
0.1827699441566068,0.28380631462522954,27.532827978862407,22.090082040543713,N2,5,355,359
0.29956587490597997,0.11461515639972789,27.25424462086812,21.847654731920557,N2,5,356,360
-0.06259553092310455,-0.07713867912164005,27.448536411740132,22.057666185466587,N2,5,357,361
-0.2643961039447163,-0.2159135751427442,27.511791049619568,22.184800489060944,N2,5,358,362
-0.47358896231119446,-0.39481302566548493,32.32099302486895,18.00003334216708,N2,5,359,363
-0.2607131397209571,-0.37395211191868893,35.44591690181951,15.443349682680491,N2,5,360,364
-0.09559713099988301,-0.1475049436297297,35.69373270337273,15.711260814079287,N2,5,361,365
0.039732015858797355,0.09057029018171932,35.458018641685705,15.456524067187274,N2,5,362,366
0.2345339278997983,0.386400933913967,44.915694213676396,22.66706511933189,N2,5,363,367
0.48076440941986787,0.7440955851639928,40.14016977642022,26.888268015698486,N2,5,364,368
0.12940901580684,0.8845342645835131,38.40783980280903,37.67789668747609,N2,5,365,369
-0.010501303631195924,0.8586141660459333,38.49110764860306,37.767938745315405,N2,5,366,370
0.09894341528884354,0.8375391549998057,38.574550318602995,37.8581165840169,N2,5,367,371
0.040983992288246895,0.7342266446542396,29.03512697822371,30.559205050688252,N2,5,368,372
0.07312823172560741,0.6275208395807624,29.010600489072385,30.532687282966073,N2,5,369,373
0.5290662529068755,0.5176110988189265,27.5803262292171,22.258995716825304,N2,5,370,374
1.6165496667853745,0.38252105988670165,27.57173739542486,22.13219227009795,N2,5,371,375
1.5447975163380931,0.18964220535441711,27.399818941590276,21.946401300849175,N2,5,372,376
1.69209466300521,-0.013720314376428178,27.570989411748815,22.131388434133623,N2,5,373,377
1.7525564955360635,-0.2762562699698748,27.47964484699478,22.032660330009822,N2,5,374,378
1.647218220014531,-0.5287713042605304,30.516242278946446,19.380596382302247,N2,5,375,379
0.40410278634948044,-0.7715517430434289,35.44387816463277,19.453626247786815,N2,5,376,380
0.9244565952061208,-1.0107720994637646,141.44188909835867,52.740193822963555,N2,5,377,381
0.8657568757417607,-1.2175788350119916,141.48835457768837,52.79046153372292,N2,5,378,382
0.7867795491235257,-1.379554607278871,150.91479829523013,59.967219810230745,N2,5,379,383
0.35098885736646823,-1.5523243865141638,120.35830590785153,40.472869412124055,N2,5,380,384
0.873936382692176,-1.6367764716821285,144.35722713692013,70.85315671272511,N2,5,381,385
0.6005988881424713,-1.667080057433236,38.65235771707739,37.88337482304414,N2,5,382,386
0.4392185963558319,-1.6867390890116098,38.553155813286864,37.77616582211631,N2,5,383,387
0.19029391874948373,-1.7174405935836006,29.09817909741505,30.56853847664861,N2,5,384,388
0.5665782122218758,-1.7089979251022356,56.740192197778015,50.15840723038345,N2,5,385,389
0.15198134310619196,-1.760242297278299,27.67831542078202,19.67629871182944,N2,5,386,390
0.15301079344106938,-1.7053264904754712,32.452741568591954,15.453900815718224,N2,5,387,391
0.29597679567031887,-1.6956797127804037,32.134423646538195,15.109761209613499,N2,5,388,392
0.5415072915281229,-1.6354243542426559,32.508557070583265,15.514148050774384,N2,5,389,393
0.5858103278190242,-1.3060027651584136,35.36897328100677,18.0487166788942,N2,5,390,394
0.4897979096445681,-0.9651054524871882,35.43876717205349,18.124131084066175,N2,5,391,395
0.4233426517762865,-0.7081483657110766,30.463384892413888,22.129349077629012,N2,5,392,396
0.40408344092350035,-0.42432071358440737,30.813004148159962,22.507273247706326,N2,5,393,397
0.30902274440216215,-0.13326154446841088,39.96226933942599,29.38447423806756,N2,5,394,398
-0.3208568984579728,-0.13649605688661381,9.352816892562988,7.20312229980118,N2,5,395,399
-0.23996957029611962,-0.11757520053427868,14.161317793945637,3.017556523534586,N2,5,396,400
0.04002169797603301,-0.1125746412058362,43.59067884424585,33.862430661091274,N2,5,397,401
-0.0090714941860341,-0.08861693070596743,43.47444764304237,33.736811026122815,N2,5,398,402
-0.0090714941860341,-0.06731945589308737,34.10262749672256,26.560403785644667,N2,5,399,403
0.5953382907368081,-0.02178901982131549,64.73124280477859,48.7624588910905,N2,5,400,404
0.44751709977940946,0.010137299466484251,59.86068987227554,52.88101413138175,N2,5,401,405
0.26248845568295565,0.0299280276686801,30.332739018100984,21.92953472991685,N2,5,402,406
0.42696227380035906,0.017386331866015327,30.215223341582167,21.74377113805276,N2,5,403,407
0.6591759298883517,-0.015821742268363435,18.86698583023972,13.678405003531589,N2,5,404,408
0.6148118541770685,0.009016854926960605,15.779295930251829,13.586776624980484,N2,5,405,409
0.6370520744735415,0.005997643616350956,15.870611949624436,13.685532539202905,N2,5,406,410
0.29317138065369763,0.01046238788753726,15.893300676717626,13.710115179378771,N2,5,407,411
0.3150988132921043,0.008327433935517093,16.18384736375956,14.082916501270665,N2,5,408,412
0.013614923917663191,0.0038560085284785827,36.887253904012326,29.306662060774396,N2,5,409,413
-0.49654883723322596,-0.10562060202081795,9.286304230037057,7.1313388992934055,N2,5,410,414
-0.20630826525124918,-0.20484142827548055,9.273291242401319,7.117199414920106,N2,5,411,415
0.13505170145207615,-0.3102128720813425,9.385879687975102,7.238898579063607,N2,5,412,416
1.000005715780685,-0.4200158952407804,63.849426826333364,41.18386966694561,N2,5,413,417
1.4748007537131855,-0.5381189957929934,83.68742008808549,64.67377683882333,N2,5,414,418
2.181264903521489,-0.6410119187689645,114.46147804647626,87.03300533474503,N2,5,415,419
2.1319532845825164,-0.7305815132379877,114.4551675696559,87.02619836384147,N2,5,416,420
2.0449080084734903,-0.7327307323179071,114.24598595271455,86.79997952237537,N2,5,417,421
1.017126904689377,-0.6995085134364558,59.724771962465454,52.79265214823245,N2,5,418,422
0.5461694039200722,-0.6733389858270641,30.465978849955718,22.132094639120986,N2,5,419,423
0.08086325575847013,-0.6229896450935328,27.472336238031858,22.142148620331863,N2,5,420,424
-0.010963746868907265,-0.48992134194632087,27.323665259822157,21.981480800075225,N2,5,421,425
-0.001839198172046963,-0.4268463033173333,27.57817791319612,22.256611869904738,N2,5,422,426
0.01009074440988229,-0.3685801777415335,22.097565742748703,18.24682824949887,N2,5,423,427
0.08098572769965244,-0.2912515677714154,22.015491896143068,18.158153027035222,N2,5,424,428
-0.20150881541143234,-0.22597765297171435,-5.679206536053243,-4.11850135561217,N2,5,425,429
-0.16378522013235397,-0.2479984359786016,-5.564151497054263,-4.0529222172433945,N2,5,426,430
-0.5607016032193372,-0.2798088285308026,-6.05594824318905,-4.584449898616367,N2,5,427,431
-0.5774334950828802,-0.3132652483095583,9.210727017245517,6.99082361304936,N2,5,428,432
-0.6689238391682466,-0.34847760300915526,9.20203033492653,6.981413285127928,N2,5,429,433
0.39457459745080425,-0.2804803729695564,56.19564453921048,51.82490039491531,N2,5,430,434
0.33393832331205997,-0.22495977289608077,56.17298516265801,51.85915989982241,N2,5,431,435
0.6873619331864574,-0.16073828746911972,56.61085331440772,52.33244561935571,N2,5,432,436
0.8368328019463093,-0.10145819419453943,46.51807298695785,44.43540057030987,N2,5,433,437
0.9629990569646395,-0.05972962537468192,46.86200481301857,44.807107268280745,N2,5,434,438
0.19571550144005415,-0.11666746891458786,27.449899261293467,22.117957209945963,N2,5,435,439
0.26388599691961756,-0.07298873071087116,27.53267353557312,22.207417156631344,N2,5,436,440
-0.018742112715699477,-0.02735861931503507,27.517446917164488,22.19092504441578,N2,5,437,441
-0.11054530828477596,0.02008454770365802,27.731071721478656,22.421887406989846,N2,5,438,442
-0.09645567909402075,0.08632584282241425,27.489669992511335,22.160948113672568,N2,5,439,443
-0.5589676082239237,0.1455164329527406,-0.3018425050664518,-0.22038537277258002,N2,5,440,444
-0.7183649661787399,0.10551280099098648,-0.49505192623109906,-0.4291663057738333,N2,5,441,445
0.2584401755082354,0.16029775383577344,105.73406368801443,33.10701162425321,N2,5,442,446
-0.012623253018603009,0.20560578633120627,105.78694130372533,33.164137602443226,N2,5,443,447
0.07550820344140448,0.2474550369292942,115.29475456418659,40.42889512386792,N2,5,444,448
0.9568677874269043,0.28930043534094524,143.0102349657631,62.68820830732621,N2,5,445,449
1.2002589252445717,0.3285171980324776,143.22394045091568,62.80165433283364,N2,5,446,450
0.818548675801685,0.26840286563258076,66.08843184697689,59.78188547500213,N2,5,447,451
0.9860668606915681,0.21899442143634645,66.31371438232236,60.025425349872606,N2,5,448,452
0.7413656588410504,0.1702810561303835,56.75853125763679,52.650723889183425,N2,5,449,453
0.42838890128836055,0.3144786870372897,56.88587728641578,52.78839150348394,N2,5,450,454
0.3746795042158283,0.4521460192672748,56.74089470667095,52.74919010037811,N2,5,451,455
-0.04833422897988839,0.5765616495818804,27.746773352869788,22.340393022020727,N2,5,452,456
-0.20391401022321815,0.6869414774698868,27.299604184144847,21.85698825554755,N2,5,453,457
-0.2411960616255442,0.7853514184795074,27.512278849944416,22.145705706327863,N2,5,454,458
-0.6721888031893855,0.6762030262527474,-0.2124167797061091,-0.12354135843888799,N2,5,455,459
-0.6001528285054064,0.6562613404945381,-0.5268651817503269,-0.4634292096015997,N2,5,456,460
-0.5616955722661885,0.6294524703173892,-0.25372865594836186,-0.28576977138363874,N2,5,457,461
-0.4504037431076142,0.5919641355279197,-0.10525351687174407,-0.125239052518009,N2,5,458,462
-0.18603116786614465,0.5486505123699601,9.210335094825131,6.931673331604179,N2,5,459,463
0.460382018656685,0.5977730521040542,35.92281477292854,28.146840066660296,N2,5,460,464
0.14146167385039235,0.5553888893049077,37.16623564763067,29.49087869910545,N2,5,461,465
0.33446015248923117,0.5299953966913791,36.520132505000944,28.909999848749067,N2,5,462,466
0.7056014247683606,0.5275694822825215,36.96754509017992,29.393631270199695,N2,5,463,467
0.9271612072524704,0.6340592639634479,56.862555341855476,52.945060702097905,N2,5,464,468
1.0941561991562878,0.8392213566646205,57.80790355672434,48.45725956593124,N2,5,465,469
1.4753104314821315,1.1347355192048838,61.944123431882325,47.49853762705825,N2,5,466,470
1.3309885673682345,1.396376322974973,62.072614389826775,47.57872533791706,N2,5,467,471
1.124847779764184,1.6158818513040074,66.6623952097274,43.1567091599627,N2,5,468,472
0.5767302008044453,1.7111990283182337,37.38937514949866,12.4808506460864,N2,5,469,473
-0.31938937865355116,1.5955380333959965,9.705494181448739,-4.27476466681801,N2,5,470,474
-0.5853650386996321,1.3651804745403353,-7.0305942772582055,-12.725145139393863,N2,5,471,475
-0.526507019688512,1.132332657724234,-6.772888949489425,-12.387878053101304,N2,5,472,476
-0.7031370322763564,0.9862605769731261,-11.892693033398974,-8.53876537106371,N2,5,473,477
-0.36774489588048026,0.8338050019626053,-2.446552345356031,-1.3407030158938142,N2,5,474,478
0.17227126567932488,0.7026975219023683,28.4280123815588,18.43873284363617,N2,5,475,479
0.14582521699630888,0.5727887941090728,40.15949106305925,26.909142281741516,N2,5,476,480
-0.05781490504181761,0.4439673459376877,40.06255453470585,26.80443251727629,N2,5,477,481
0.0877534584836667,0.23641142031783033,40.192854781322964,26.945216778951,N2,5,478,482
-0.07658881013900895,-0.011282602646608098,35.53518045879609,15.53992459816618,N2,5,479,483
-0.3290780657961932,0.031054792201575764,32.404952909411804,18.09081903430524,N2,5,480,484
0.3593481589757346,0.0941212236014934,61.70697680358717,48.832462625863265,N2,5,481,485
0.45194973670675154,0.1399162567291768,61.69869352046226,48.82348362463745,N2,5,482,486
0.28149277309304355,0.212205785506481,61.547423685782995,48.66003576828116,N2,5,483,487
0.44803453409805344,0.33425484915952663,56.819883785984715,52.93308510163988,N2,5,484,488
0.38970466564555295,0.14579017895143806,29.105703849621204,30.576665780241093,N2,5,485,489
-0.22210359032485485,-0.0652189910477631,-0.3297406483652594,-0.30921333773039805,N2,5,486,490
-0.17951761763752644,-0.1944021836017697,-0.4011093375440396,-0.3864438654836704,N2,5,487,491
-0.04743298523777071,-0.30997897213610487,-0.08633124374173348,-0.04619838682083355,N2,5,488,492
-0.11677982900849884,-0.4715263692330808,-0.43132252734794746,-0.47785935659230744,N2,5,489,493
0.5238341138063902,-0.5829395461328772,33.28425106233408,27.073614437899597,N2,5,490,494
1.8005049759047154,-0.6584857374003974,38.41064321900776,23.23166229469898,N2,5,491,495
2.0540974168372146,-0.8750405511089128,38.30388475545114,23.116357099565356,N2,5,492,496
2.8633637395339293,-1.2527649466914852,94.63997601344526,57.11035444510598,N2,5,493,497
3.0183636415693456,-1.5457113260192556,94.91915738768512,57.470922391333076,N2,5,494,498
2.6554839071584126,-1.6196897977876403,88.87534389340217,52.230054999953424,N2,5,495,499
1.56464607101629,-1.6612403835560143,83.90810096529458,56.24407189546109,N2,5,496,500
1.8602109571056133,-1.6289807297605676,113.38486699295899,87.1745420101397,N2,5,497,501
1.1651085492930633,-1.495037498768795,56.88329442036702,52.942890740740765,N2,5,498,502
1.138039656245877,-1.448843343011967,61.71175013784377,52.79115737289758,N2,5,499,503
0.917568057799582,-1.6822624872290448,33.81854337203477,30.29989386474772,N2,5,500,504
0.859358425781636,-1.9546027990190082,33.98641974522834,30.481391340959455,N2,5,501,505
0.07821419589931225,-2.2569754785587306,4.51566953540605,-0.44266029671198337,N2,5,502,506
0.17113613366327626,-2.501211201149128,-0.740636414794426,-4.214305705198058,N2,5,503,507
0.04782653357810318,-2.6919151352951047,-5.680904133905278,-4.18346884677594,N2,5,504,508
0.4641661511079633,-2.8926615991021665,25.08000011128097,15.473143569879904,N2,5,505,509
0.6455936934167539,-3.063809547656966,25.079213568766864,15.472265889509435,N2,5,506,510
1.5435503142683786,-3.2099701083153023,131.18768636483074,48.87831712001753,N2,5,507,511
1.405898441896562,-3.362529632169216,145.98658160398992,60.011066241199295,N2,5,508,512
1.4540387856788755,-3.4542066735714814,146.0295837853824,60.057613141603,N2,5,509,513
1.4799807033899413,-3.40439206446777,143.12088568484177,62.84792895815917,N2,5,510,514
1.1594710537635762,-3.3535432636864826,142.91693533686993,62.62749863999598,N2,5,511,515
0.2980669293990957,-3.2280829083720137,37.00849520310803,29.43778249013303,N2,5,512,516
0.48605385965767595,-3.06569988777022,27.460302036328358,22.129432467759397,N2,5,513,517
0.7173824927647899,-2.790134994980213,56.77348841228377,52.84871137317168,N2,5,514,518
0.15684660981399928,-2.459045770311119,29.09116702142419,30.585496330630484,N2,5,515,519
0.31758558926881053,-2.1422269101084046,29.0850079493066,30.578858553831015,N2,5,516,520
0.497638614668989,-1.7823862298703517,28.85219664226679,30.327124572476897,N2,5,517,521
0.3288450887228237,-1.4078408511451195,29.003451317033615,30.490540428588794,N2,5,518,522
0.19096532545909212,-1.1756331593721447,-0.28544831959879957,-0.20251746999019815,N2,5,519,523
0.5689444173536515,-0.9712135154163392,27.490308279464806,22.161706533668983,N2,5,520,524
0.4405185710292301,-0.6746310934246964,27.375603143755143,22.037620776399855,N2,5,521,525
0.3620550274555285,-0.46670794609462474,27.026053242295895,21.65983198055983,N2,5,522,526
0.44411611528058187,-0.3114034384521041,32.587461021215134,18.287933756385975,N2,5,523,527
0.12056543052253232,-0.07780564908900019,41.99718727143627,25.44666897863499,N2,5,524,528
0.22901499686735746,0.13147136120252584,41.931167418420955,25.37530033616749,N2,5,525,529
0.007694080890826171,0.23230842042926697,42.01190584908181,25.462658832641683,N2,5,526,530
0.08156597995404695,0.3409485046175497,42.560586113735916,26.055742204000126,N2,5,527,531
-0.18533243426865056,0.4425874807177827,36.839003590982614,29.254476434556274,N2,5,528,532
0.05640051475650694,0.4490574084103834,27.198498949449277,21.846244241427485,N2,5,529,533
-0.0015837201284170988,0.3552634099896103,-0.5273562420661619,-0.46412705102411567,N2,5,530,534
0.6769253485711886,0.25905782247829234,29.027081020583136,30.550256008912037,N2,5,531,535
0.8588674729237539,0.1706307022399784,29.067227520282906,30.593616869587642,N2,5,532,536
1.1534145931133195,0.0833929445641651,29.175745163901592,30.710954085972844,N2,5,533,537
1.1119706166260925,-0.014008867216745102,29.249014079310292,30.79018199024504,N2,5,534,538
1.4252405172732778,-0.09614109348370121,50.55610097752433,47.754228294167845,N2,5,535,539
0.9780654540196053,-0.17457823029155078,21.067523516201618,16.81098660605421,N2,5,536,540
0.7385570369952006,-0.26115491666048385,20.963821924950025,16.698908774173468,N2,5,537,541
0.5509567933977451,-0.34793655138596125,20.869196834964534,16.596604136909082,N2,5,538,542
0.4554767871765762,-0.44441558394391123,30.317002255880652,23.79653089196436,N2,5,539,543
0.4098358391303464,-0.4396611432145612,40.005104228982965,26.74220895131766,N2,5,540,544
0.4255864085387714,-0.4431617574489991,39.95860021645276,26.691931551527887,N2,5,541,545
0.41352731733944664,-0.47753012217636054,39.931734179148044,26.662892959692908,N2,5,542,546
0.6851703930300402,-0.49604523495411074,40.059753144712886,26.80134768786629,N2,5,543,547
0.7992910813692788,-0.4134482183173354,30.609733732418682,19.599009218210995,N2,5,544,548
0.19341995747089413,-0.43252424555459756,-5.723975799476466,-4.166889087595337,N2,5,545,549
0.27387932987138586,-0.34825790800140555,-5.993299385736464,-4.458024531480987,N2,5,546,550
0.8361185863315257,-0.22371437305900202,23.5826168300242,26.57961835355127,N2,5,547,551
0.6294123948064396,-0.11184290635399777,23.50776640373806,26.498673801607584,N2,5,548,552
0.49062788514545447,-0.08578822205276566,22.378935383946374,25.278480054592727,N2,5,549,553
1.1637302332618162,0.03348618393802383,59.7760498100004,52.882080815819066,N2,5,550,554
0.7769877522306274,0.1447817487706601,59.21296828615814,52.27343219996292,N2,5,551,555
0.2895383723262171,0.333355784959317,30.528416207763804,22.199272146070143,N2,5,552,556
0.07581675334697024,0.4986042905567068,30.48621705713449,22.153620831439913,N2,5,553,557
0.14079948071643572,0.6583140743422881,41.31050986959817,30.84140250040291,N2,5,554,558
-0.47155566891854617,0.9064678316818465,36.91180988993801,29.333088727703945,N2,5,555,559
-0.470097935738346,1.040009351856709,37.92612983713116,30.42956066371844,N2,5,556,560
-0.597388439086717,1.1849809712854367,36.88874016820337,29.3082245955713,N2,5,557,561
-0.40937966834590045,1.3182955134125671,36.98334570684237,29.351822968882335,N2,5,558,562
-0.5374369398442639,1.4464694331200136,27.437830940659477,22.046358476357636,N2,5,559,563
-0.8149168894306286,1.3593421850426188,-0.2523376743964036,-0.22544962106840102,N2,5,560,564
-0.3516798757231413,1.2768507423903899,-0.38214550498232713,-0.4245467512133473,N2,5,561,565
-0.2733853719633714,1.076373028777739,-0.05346242168743629,-0.12804056333770858,N2,5,562,566
-0.2809065497878521,0.8782470749850297,-0.2882363508833805,-0.3231707060993358,N2,5,563,567
0.31082740126743713,0.6877961813356499,28.99078553326035,30.393555663698134,N2,5,564,568
0.859012512531956,0.480524354465539,56.82060897946285,52.81622436588441,N2,5,565,569
0.8377238944245107,0.27217993443430616,56.71420888379434,52.76001888105566,N2,5,566,570
1.0330465234146402,0.08599636050120267,56.757827328234995,52.86596979290334,N2,5,567,571
0.8479024498720491,-0.11601037017497048,56.82866893717146,52.94260866249933,N2,5,568,572
0.14819317517245736,-0.2975433318412911,27.5548508668071,22.231454470742754,N2,5,569,573
0.1776472731774504,-0.18379278063027868,38.47005211491633,22.022022458917853,N2,5,570,574
-0.1809925099795521,-0.06195931903689313,38.74127814011153,22.315142165747602,N2,5,571,575
-0.05004544043392798,0.03401910985545342,144.61130786099383,55.46330417031713,N2,5,572,576
1.1993600997993041,0.13322904164534818,201.14101720653926,89.66659896737765,N2,5,573,577
1.5902669031584764,0.19966932626975264,200.95762987191046,89.46842465948757,N2,5,574,578
0.9038135591069022,-0.015883678203423558,162.25733942672522,67.30357707423028,N2,5,575,579
1.0563065437730415,-0.20611349246555336,162.1794812529166,67.21947912686555,N2,5,576,580
0.880466640396827,-0.4351942922789164,56.105538510435146,33.85087392610804,N2,5,577,581
-0.08593399494872074,-0.650397530261673,-0.267249301414995,-0.18286253279657103,N2,5,578,582
-0.4038970385670325,-0.8210492690510236,-0.6725966865502414,-0.8563968587412092,N2,5,579,583
0.38236244061270097,-0.9404458013899571,46.81730166837806,44.52340508159796,N2,5,580,584
0.5170202135831914,-1.0455682976473128,46.82769986652202,44.534539334550935,N2,5,581,585
0.23692585897054527,-0.8353830742127919,46.78217376699759,44.48532546954557,N2,5,582,586
0.23368658147157362,-0.610303973822775,41.14140999769661,40.302461369728555,N2,5,583,587
0.43993747727038224,-0.4199953101195071,41.816799862724295,41.26787733819365,N2,5,584,588
0.2770738590867211,-0.14978796599793184,22.054927041479097,18.20071262707097,N2,5,585,589
0.45515659993698704,0.2713813882239471,22.016002106729864,18.15868414550896,N2,5,586,590
0.6315242918748993,0.5277963399494269,21.849848432403085,17.979110010725343,N2,5,587,591
0.47150884955689776,0.7786606521613081,37.1004239068774,29.536973669592406,N2,5,588,592
0.5342939800189128,1.1262430130614873,36.9703880377383,29.39644319060426,N2,5,589,593
0.16937034002779114,1.3499190147321491,9.174614149513946,7.010589089140558,N2,5,590,594
-0.17989373797368557,1.3740066763338603,9.247083006318281,7.0888767969590845,N2,5,591,595
-0.29235149620008655,1.281708590249415,9.412445951755945,7.267627401265054,N2,5,592,596
-0.03942593906070328,1.2885676489625908,-0.1751549835658807,-0.08329086438025116,N2,5,593,597
-0.16929754828204863,1.1711788280424216,-0.33557716211143995,-0.25677572194617826,N2,5,594,598
0.40367856109756417,1.0338407373719967,30.558056152261997,22.231712609781244,N2,5,595,599
1.0327360159694705,1.095168990022931,59.70451249342805,52.80519543546397,N2,5,596,600
0.9106250038884809,1.2267945891589804,59.79947375113697,52.90775153820577,N2,5,597,601
0.7670371308557093,1.3299810005891401,59.69432361486834,52.79405288402486,N2,5,598,602
0.7096998051860055,1.4007325439313718,59.782181277289055,52.88906136736332,N2,5,599,603
0.4981525855879568,1.4686423173007612,56.79628466678987,52.90746039736914,N2,5,600,604
-0.05764044180299947,1.5050643789224822,15.870444315724308,13.811861589788169,N2,5,601,605
0.22427149766744492,1.4473550748581048,15.873049008638919,13.814738740996836,N2,5,602,606
0.27061797240119745,1.2950199408641594,25.39180987027503,21.09133433980969,N2,5,603,607
0.1705852971147465,1.1901373635933497,25.43248665348947,21.135343686501436,N2,5,604,608
-0.42450959512934217,1.086132723687753,-2.3328179818490753,-1.2176320465769095,N2,5,605,609
-0.5799514213599878,0.7720444617649193,9.199687758988876,7.037656400051492,N2,5,606,610
-0.7497748226454973,0.5020613871224867,9.313695242263929,7.10214886646645,N2,5,607,611
-0.8170569313060412,0.23543856267118599,-0.2004895368227153,-0.16951648124377244,N2,5,608,612
-0.6286678936862643,-0.04602396736383838,-0.25665539242472735,-0.23028058875133867,N2,5,609,613
0.28967279876262636,-0.3828471715447776,33.24052820583747,16.49115354276146,N2,5,610,614
1.6923457425245316,-0.7172329047575488,33.410129115612655,16.674532938406628,N2,5,611,615
1.780541230554985,-1.0404999037233267,33.36040909686999,16.679517959088116,N2,5,612,616
2.0138574859923097,-1.272804803013429,62.605348194256656,47.35947193136089,N2,5,613,617
2.102816369681693,-1.5693226406918357,62.52530195061554,47.2729158689981,N2,5,614,618
1.8931456163359144,-1.7490336385541638,59.86226835725756,50.287139789162026,N2,5,615,619
0.4580488609820691,-1.6555674973134487,59.769876262555044,50.187182079008196,N2,5,616,620
0.6087409117145739,-1.5572433878328824,59.627076132887304,50.032797247240524,N2,5,617,621
0.48013796399629316,-1.5440033026672282,30.511917480298145,19.493118863831477,N2,5,618,622
0.371577547391837,-1.4594879573751143,40.1430441652883,26.89119458932182,N2,5,619,623
-0.1500887602831824,-1.3292470386920172,9.310550851504377,7.157355851527245,N2,5,620,624
-0.05635973145284652,-1.4877462728896915,9.21253887240673,7.051455980063475,N2,5,621,625
-0.18544859343141978,-1.685197431961339,9.254811137839715,7.097186432088347,N2,5,622,626
-0.3419056806887397,-1.7703958782515195,9.217808408301062,7.0571845681603005,N2,5,623,627
-0.25728089061175863,-1.6993011291738953,4.680603667596006,-4.217883542835625,N2,5,624,628
0.22731357642356897,-1.7204573972776855,32.435323847657855,12.614190040928225,N2,5,625,629
0.2298609639382164,-1.6860502097338865,32.538784402998864,12.726022981078131,N2,5,626,630
0.047054651977742876,-1.360134050117128,32.51603267878018,12.701457686070352,N2,5,627,631
-0.06350321216310703,-1.0097552426251568,32.35788999580181,12.530535226745997,N2,5,628,632
0.3838638202426125,-0.777449139526793,56.63209832111388,47.220654785213995,N2,5,629,633
0.3139057937086477,-0.41456511162248616,56.655279347371106,52.715297016054684,N2,5,630,634
0.5187832455366959,-0.030932906615085187,56.71423030352598,52.778994731973214,N2,5,631,635
0.7770299196580254,0.18826667384425236,56.81519559035223,52.888106343466646,N2,5,632,636
0.648014150310621,0.30651055977266495,56.7994738794594,52.812369128272984,N2,5,633,637
-0.08436484715851975,0.4101191467601815,37.163438689897156,29.506414812974253,N2,5,634,638
-0.6536301897117938,0.4061119700092455,9.348130994213715,7.139249649317935,N2,5,635,639
-0.6335854679534123,0.5001575643567016,9.22763386511797,7.009019403100683,N2,5,636,640
-0.03653349185526622,0.495396201729848,115.36028575355958,40.440975170293676,N2,5,637,641
0.04729789136376326,0.4929353166909891,115.23070054163036,40.35965799492551,N2,5,638,642
0.3407082580451174,0.49583589269741213,105.63236993766404,32.99710343733968,N2,5,639,643
1.0448366813824748,0.49165903917199716,136.50451933670266,52.77384523312139,N2,5,640,644
0.8844979381765654,0.39383414897753327,141.5612208005754,48.85657071159949,N2,5,641,645
0.19978720578852743,0.3774143848599941,35.470430080634834,15.469831229975535,N2,5,642,646
0.1488769709201847,0.3197570251221059,35.58270812205374,15.59114636473023,N2,5,643,647
0.21369806355091897,0.2594921564990919,40.65205313402039,11.687491211300221,N2,5,644,648
0.2585827370859192,0.16784599277873796,40.36456827032307,11.376824503408717,N2,5,645,649
0.6931166682960906,0.2644579257687731,64.76580426742439,46.20424729687075,N2,5,646,650
0.6742807255506534,0.44747458111756516,64.61965903671516,46.046274846614686,N2,5,647,651
0.8047015429350097,0.7353153688460659,64.70913704991035,46.14309541483963,N2,5,648,652
0.4374026679428539,1.0889596266285628,59.68951189277141,50.100529044454746,N2,5,649,653
-0.32097233648673296,1.534606555948099,38.62401379951844,37.911471974558665,N2,5,650,654
-0.9328777956166334,1.8333578190943265,9.210327272875293,7.049173799937125,N2,5,651,655
-0.8618837043253507,2.007836343966607,9.261587079898892,7.104639973782469,N2,5,652,656
0.17773995179833832,2.1530261536427573,63.98853245934224,41.33424502506023,N2,5,653,657
0.3967342168063624,2.37717946528916,63.670310571495065,40.99021465894693,N2,5,654,658
1.0127042336294607,2.5777449967144976,85.06443106952865,53.534378127622766,N2,5,655,659
1.191893220964141,2.7564927072058607,90.12206453409962,49.61803384813247,N2,5,656,660
1.0141991071527456,2.9056107840013965,90.18234393851526,49.62443485494659,N2,5,657,661
-0.05910699808210325,3.120542202078674,35.468022310238304,15.408446757457568,N2,5,658,662
-0.13740150184187314,3.193394691789534,35.69331704610158,15.534526823581109,N2,5,659,663
0.03473097528855078,3.1405482313884674,32.50508039103515,15.334297103196878,N2,5,660,664
0.08988048248971836,3.0577362747865764,27.050081372669958,18.82109097015418,N2,5,661,665
-0.09505236606178187,2.965684487872461,27.275520924165903,19.123529560663883,N2,5,662,666
0.18182373450970318,2.691915917770474,56.7401886322099,50.040888181098126,N2,5,663,667
0.3475030251655653,2.3321827376101836,56.81015573878831,50.23401036918513,N2,5,664,668
-0.28375065939425215,1.9786356271544008,17.487268724098975,22.287051723603508,N2,5,665,669
-0.40721114177486584,1.5420714311689436,17.933504442642153,22.769461179638892,N2,5,666,670
-0.21651232658192612,1.1121753097159541,17.691423891767045,22.507760863018483,N2,5,667,671
-0.3328715817750435,0.6716331293299049,-2.3211548055209277,-1.2050863277574535,N2,5,668,672
-0.2767458147296111,0.3262181048239853,-2.446624217093631,-1.3995044670169592,N2,5,669,673
0.4124065697952858,-0.022772771932727663,39.9910203112333,26.668300142536463,N2,5,670,674
0.4544281674304216,-0.47326990492882715,39.89110026144554,26.56023947352878,N2,5,671,675
0.6662289334168122,-0.9300396012530314,39.94510533050125,26.61859617205264,N2,5,672,676
0.7422226540782446,-1.2906783461781373,30.510999975233425,19.433506779235906,N2,5,673,677
0.692204541741944,-1.8693437409828548,30.58451618150939,19.571772550926834,N2,5,674,678
0.5510083834666716,-2.226364680939254,30.45512917643209,19.43194966632509,N2,5,675,679
0.5797172027461783,-2.410076354987905,30.433540684236505,19.40859495648765,N2,5,676,680
0.6431170912095524,-2.5675680618610004,30.516923659454186,19.498740340634686,N2,5,677,681
0.6344615129706312,-2.7311507977763454,30.33918597527954,19.306577719577035,N2,5,678,682
0.9869206435631555,-2.6474662607560036,59.8017392484202,50.221682052156396,N2,5,679,683
0.4921954489904806,-2.6681364912741556,33.951029407407624,26.489501847728388,N2,5,680,684
0.4278213978035922,-2.6300652123339874,33.91415840688351,26.44965333340224,N2,5,681,685
0.3115570082199383,-2.5818422785138155,33.978947515210166,26.51966850058161,N2,5,682,686
0.04716606778466712,-2.472690575814336,34.108794160964315,26.660063534596702,N2,5,683,687
-0.6080174011941779,-2.361142512198822,14.205420574313758,3.0651968095233313,N2,5,684,688
-0.06735423797772455,-2.211318281477007,40.026478985802534,26.723620179158026,N2,5,685,689
0.20480487250253532,-2.030705631226712,40.24117308999048,26.955729041089945,N2,5,686,690
0.027199633536440615,-1.765901339725859,39.94133192053268,26.631667012038815,N2,5,687,691
0.21566336027414082,-1.3687710734423333,39.90556296189898,26.59301626712986,N2,5,688,692
0.5694726436102713,-0.98829206360506,30.47451612696459,19.41129785938974,N2,5,689,693
0.6242094589258557,-0.4821527459010596,30.510715189746406,22.1806812863113,N2,5,690,694
0.3858619985531675,-0.04460389494799273,30.475781963660847,22.14296149588845,N2,5,691,695
0.51196986469526,0.27287880532060316,30.55940354049526,22.233306185388937,N2,5,692,696
0.586811179719166,0.3845003012400781,30.57448787506437,22.249580269066065,N2,5,693,697
0.3882840699298697,0.471077830274794,30.483864344986795,22.0928408451,N2,5,694,698
-0.3555596860747755,0.365231363728887,-0.36961673422483726,-0.35235792533640053,N2,5,695,699
0.24254314663527907,0.2520312538455102,29.035475758928804,30.500612922017172,N2,5,696,700
0.03766288703529312,0.1283555442789222,29.035475758928804,30.500612922017172,N2,5,697,701
-0.2183862014890508,0.004999385615387553,28.99210660715689,30.45377572441139,N2,5,698,702
-0.41029371250028246,-0.09668635843581086,38.502693432471276,37.780233649710866,N2,5,699,703
0.25565224692846866,-0.013110946634387232,69.4153761862377,57.60084315831555,N2,5,700,704
-0.2539398646182576,0.0677734119885514,39.89570220585083,26.62392037477621,N2,5,701,705
0.33490682946836614,0.2541567579026747,146.0454170500685,60.07431903360193,N2,5,702,706
0.33884808400047745,0.4315730564566621,140.60550354721417,56.10844056906571,N2,5,703,707
0.4784018790640118,0.5737690551765254,131.05614346659348,48.79885124382927,N2,5,704,708
0.4348688634206326,0.6290216875309597,131.0637433753953,51.49558787756614,N2,5,705,709
0.3611153246302422,0.8765487422895077,131.12939544969558,51.56664337155598,N2,5,706,710
0.06835159766727088,1.0239155790164218,29.49647375538989,17.6277006926146,N2,5,707,711
0.2519221596725799,1.1667571801070025,35.47757293708055,22.178550954771346,N2,5,708,712
0.3570368560516329,1.318703062699545,35.28700667966041,21.972496571710508,N2,5,709,713
-0.2801967010858277,1.3595366602672883,4.773562981528085,-0.10500447664817329,N2,5,710,714
-0.4037548289946926,1.203520100038007,4.605676455503999,-0.2864911937074794,N2,5,711,715
-0.06402203834070974,1.0302500782795874,29.332300465310254,30.88033676576233,N2,5,712,716
-0.17856768376945525,0.864611538805427,28.99926317827194,30.5203856695196,N2,5,713,717
-0.12666586831747395,0.6915755975634837,29.23483851134879,30.775078447898704,N2,5,714,718
0.4318644077613101,0.5391805139181087,65.26844525193447,57.85777927854433,N2,5,715,719
0.6863806769151438,0.3727175463559632,65.18751508286441,57.77027222904435,N2,5,716,720
0.003681464178845317,0.2349698599245144,36.206894732789806,27.37613138197994,N2,5,717,721
0.03081182926546262,0.10198046640885253,36.02268670596313,27.17697283787711,N2,5,718,722
0.04276997719921383,-0.024524192572589244,36.075385618681324,27.23390013975368,N2,5,719,723
-0.03995050183997364,0.01420550929628348,27.379172663451754,22.04162179078412,N2,5,720,724
-0.20434439476861713,0.07918647735551473,27.787002623759328,22.482453248529783,N2,5,721,725
0.07947699989408648,0.10918309199990262,27.38666174792088,22.04967692298669,N2,5,722,726
0.2140762795927685,0.13578532848894156,27.418802270628657,22.084454873584765,N2,5,723,727
0.2906397478301585,0.18141640293138722,27.476175052375037,22.146482300236677,N2,5,724,728
-0.1729151587060244,0.04745836509799659,-0.15705024387134472,-0.06373802119196625,N2,5,725,729
0.0700698890391152,-0.126165034575628,-0.4151653863867978,-0.3427510518653435,N2,5,726,730
0.2972709168555127,-0.2917554217193228,-0.16475589902183857,-0.07210270696668886,N2,5,727,731
0.06782752891292035,-0.4628835676282179,-0.3124313458101824,-0.2317145212648029,N2,5,728,732
0.18610069031699367,-0.6182687304242691,25.91693429619918,23.246022791057477,N2,5,729,733
0.8635382433135476,-0.7132946460295926,62.15192690484473,48.08857067542267,N2,5,730,734
1.9126452954901594,-0.6296379169800943,62.29238498087216,48.24042645748996,N2,5,731,735
2.1627445975245507,-0.5862470695221503,62.102693702183025,48.035414685302385,N2,5,732,736
3.312106918404692,-0.5318359593330158,116.92468253984262,82.36779101164575,N2,5,733,737
3.2488946197525252,-0.5751743809411665,90.68326430661982,58.81828808469872,N2,5,734,738
3.3101301136332153,-0.7000561258146775,85.20233442243043,53.624867550817,N2,5,735,739
2.3819012447707393,-1.0128031045723915,85.1740831050316,53.59434066335598,N2,5,736,740
1.9920955130641516,-1.2399951894136536,85.17242376554933,53.59257722233597,N2,5,737,741
1.0209843582953,-1.5515609313146328,30.503952014066453,19.426037615966198,N2,5,738,742
1.0393520835350956,-1.7163608377633224,30.40261775583276,19.375207926166333,N2,5,739,743
0.39606833363172883,-1.9406089493103296,-0.33762484003964344,-0.258997268571693,N2,5,740,744
0.04840822452061957,-2.1278761312501495,-0.23109029691549948,-0.1438433481293032,N2,5,741,745
-0.07291496305324471,-2.3850254060152296,-0.19001715601116304,-0.09953864676281228,N2,5,742,746
-0.07005072113079222,-2.626383424956174,-5.666903010453825,-4.105322846525087,N2,5,743,747
-0.3127543901018953,-2.970635992014242,-5.68648243667194,-4.126466245962365,N2,5,744,748
0.11575893870633536,-3.243058403527649,22.065649631373525,18.21225109886509,N2,5,745,749
0.5494216829106108,-3.5161752920271967,53.58079502229666,45.87878769028684,N2,5,746,750
0.48900737100206015,-3.751438128787389,54.22408222583763,46.5154110798052,N2,5,747,751
0.335775521300684,-3.9085256570366376,69.19248847353738,57.716600995399496,N2,5,748,752
0.4341441090268631,-4.027608115800109,69.13078180540614,57.64994825027461,N2,5,749,753
0.5492259483498628,-3.8873788388277015,69.23623902802356,57.76391756910307,N2,5,750,754
0.23233939179410754,-3.6321116580892827,37.59332124241409,29.8416524023145,N2,5,751,755
0.22552401057322413,-3.3496525553848597,36.535795293812406,28.75735477692724,N2,5,752,756
0.4204443835183952,-3.038555034707245,27.416494290008266,21.964307949416252,N2,5,753,757
0.26497324681757845,-2.6988290274745976,27.52248120154036,22.07887453896983,N2,5,754,758
-0.1929485822556785,-2.55506061440338,-0.3188444366925978,-0.3562512578901078,N2,5,755,759
-0.2456263005813412,-2.481048556384495,-0.17476772606605664,-0.08288580096268561,N2,5,756,760
-0.15265550021686067,-2.35322386145375,0.09446724810113664,0.20809946250228678,N2,5,757,761
-0.37939681635518807,-2.225240324022882,-0.09367575802825741,-0.053967471126816234,N2,5,758,762
-0.2536068914050361,-2.0301222055527077,-0.18424902879705768,-0.21065812058805022,N2,5,759,763
0.2400577600819247,-1.8521288013180892,27.54722078209452,22.105764603809074,N2,5,760,764
0.3124559379740276,-1.6304600897332997,27.430617446412363,21.979726341063362,N2,5,761,765
0.503281107465557,-1.1896585488572804,56.8672685822552,52.86683711066216,N2,5,762,766
0.49073565470997665,-0.8091198301302299,56.66669185684295,52.70874952533923,N2,5,763,767
0.45742497017106415,-0.44761241716352274,66.30465412374906,60.17289807226989,N2,5,764,768
0.302254592013378,-0.024818523692559324,66.29187738398977,60.159052582045845,N2,5,765,769
0.007460514229228466,0.3091054888614586,71.24246142977645,56.12700872571004,N2,5,766,770
0.17574602898454258,0.5236445858262684,148.70019799744915,56.52969365632744,N2,5,767,771
0.5958157458423102,0.8368028456765721,153.7562155506843,52.54863182541303,N2,5,768,772
0.41892402057087563,1.1270024956937577,144.10845230772756,45.132664537582606,N2,5,769,773
0.04693140036163186,1.4867125627354227,116.41272512423893,22.85492174923784,N2,5,770,774
0.050413405961046466,1.9308338456545684,111.30199539253445,26.71379066308582,N2,5,771,775
-0.33443838552084343,2.2448472908939414,4.617000644477957,-4.349637813223671,N2,5,772,776
-0.7908202066211174,2.530109822278073,-0.4357006383681437,-0.4237011474659084,N2,5,773,777
-0.6462705717241761,2.6790582824895437,-0.17438227296443073,-0.19997512196205208,N2,5,774,778
-0.34580239672121704,2.6116555531599572,27.38261525897615,21.88805023781024,N2,5,775,779
-0.27932465190912126,2.5117385645875876,27.709033972679027,22.18216629744784,N2,5,776,780
-0.5109281348368085,2.3011244844598577,32.61709831213011,18.10416709580313,N2,5,777,781
-0.3200484026766276,1.9681656251796098,61.81916739296794,48.7964568893025,N2,5,778,782
-0.5190539068413613,1.6638258025595412,71.13815343445167,55.91585401789198,N2,5,779,783
-0.38752240805537214,1.7407391588698065,71.19814229516778,56.020475572141,N2,5,780,784
-0.22099043874687824,1.7139171069921915,71.22457184877422,56.107825967975074,N2,5,781,785
-0.1890625996235144,1.6898073555088788,66.2623816419131,60.12730583146331,N2,5,782,786
-0.23719529516927196,1.6669668392662271,36.90525271161896,33.240514559802975,N2,5,783,787
-0.11620149267589568,1.6469264412305649,27.553377046907553,26.144308641119277,N2,5,784,788
-0.712563777712569,1.204086431634696,-5.662350038990553,-0.2488465843089216,N2,5,785,789
-0.7426971203812058,0.7570752264122426,-0.8262355789105641,-4.4046429073991025,N2,5,786,790
-0.18727422705940172,0.3549412708987951,-0.8288406944135204,-4.407461796163261,N2,5,787,791
-0.12328021062049857,-0.09303400416999316,-0.6689647262639482,-8.149083475551743,N2,5,788,792
0.15061972361980908,-0.49981152967189324,-0.7146348561829654,-8.198463923630333,N2,5,789,793
0.8214444715436457,-0.8675128370968073,32.54972765255079,18.247268950824218,N2,5,790,794
0.6923053804609139,-1.3178948860230935,27.221727933792863,21.8712861958993,N2,5,791,795
0.21675140763570652,-1.7188138980484802,27.174339870057885,21.820052227107954,N2,5,792,796
0.18004495871131213,-2.0599756873947865,21.969835991681613,9.128137952696125,N2,5,793,797
0.12935422598168317,-2.466990483505056,31.23478604607226,16.130350806584467,N2,5,794,798
0.3225310713874137,-2.6696201247662152,50.743181650369664,38.92358136671028,N2,5,795,799
0.572704184727229,-2.785458500835804,50.961798610461116,39.15998824713097,N2,5,796,800
0.7926284824917047,-2.8965923942189016,51.09563971136085,39.30470010269128,N2,5,797,801
0.8507695940043846,-2.772855109859731,56.30693278473482,52.0040140814519,N2,5,798,802
0.754381068279838,-2.552152514595322,46.98515515032341,44.881657879322304,N2,5,799,803
-0.18106389740026999,-2.413962970341438,-0.2348829655733425,-0.20653565145694303,N2,5,800,804
-0.3663619880876922,-2.0490106192723934,-0.20825114459876204,-0.17778792033932406,N2,5,801,805
-0.3996573879108496,-1.6547747895731568,-0.23056083596602547,-0.2019496324013744,N2,5,802,806
-0.44942140096334243,-1.3577186088401447,-0.32829847310786137,-0.3076328152172209,N2,5,803,807
-0.7135162221039991,-1.0420057474778133,-0.38234507801244033,-0.3073391895472014,N2,5,804,808
0.21612498007417572,-0.7754043508135695,27.39435602242156,22.057930707260674,N2,5,805,809
0.34683188590428243,-0.6127696139042669,27.429739056278777,22.096121125361243,N2,5,806,810
0.36024972698305646,-0.5292812976305733,27.382881811578407,22.045477505485177,N2,5,807,811
0.5365826016988308,-0.5029408894384411,32.553720343935126,18.251588315523986,N2,5,808,812
0.8432450680001011,-0.5360445933965359,32.51312946616527,18.20764518337601,N2,5,809,813
0.6412280427036763,-0.4960708158796706,38.2760066238945,23.1449244425683,N2,5,810,814
0.8691206585606324,-0.3209030505871887,67.66504114675772,53.98062794594152,N2,5,811,815
0.9128983308179954,-0.13859778573061304,67.6714332092175,53.987496506021124,N2,5,812,816
1.476164082308935,0.0328807285728324,117.25886402993929,92.04493244373808,N2,5,813,817
1.3841810936905177,0.20946290838232925,117.14347642582871,91.92026322667589,N2,5,814,818
0.63233365920903,0.30727064430906453,83.7681422392634,64.7952119215879,N2,5,815,819
0.42531482650773567,0.21151269289983787,54.46880212621327,34.05657371348643,N2,5,816,820
0.23282454323276625,0.12255475340855355,54.46296249462612,34.05029224200043,N2,5,817,821
-0.4616155566261909,0.12207551733959435,-1.1209381592780119,-1.1056540870216849,N2,5,818,822
-0.3873002637012746,0.11920852758367104,-0.07119181317684706,0.02907437589528854,N2,5,819,823
0.3629543899021314,0.1039181763772035,30.43892511871236,19.4145913289045,N2,5,820,824
0.33866474153052195,0.09704605634438863,30.456420325292857,19.433468853423257,N2,5,821,825
0.5932178865062383,0.08779075709600406,30.427449403645006,19.40216864490867,N2,5,822,826
0.5995463481353681,-0.014231090221843346,25.911558833614983,16.43507920677439,N2,5,823,827
0.6435629095414924,-0.11101336208090018,25.005790675990283,15.397214990310022,N2,5,824,828
0.7247195197872998,-0.11751934383093712,25.052539265342055,15.447760836884118,N2,5,825,829
0.6982371313091562,-0.12078184479122242,24.96240089542698,15.35031652925245,N2,5,826,830
0.9773702193238023,-0.1330814547524703,24.993976056539395,15.384434679294646,N2,5,827,831
1.5621108263308998,-0.145390454418159,65.34304423111317,54.37385593708605,N2,5,828,832
1.7469074196597034,-0.1561985459432343,65.36451652278774,54.45587999054915,N2,5,829,833
1.0998294250757794,-0.2524590271112828,34.739428862783825,34.94609271034788,N2,5,830,834
1.0306207616517782,-0.3402427720241626,34.70887482398393,34.91308483741523,N2,5,831,835
1.43186016761465,-0.22489392458416974,140.71329902065628,68.2065617632259,N2,5,832,836
0.995285811510405,-0.010468406928846008,110.87415209179889,29.280100181623858,N2,5,833,837
0.42371039458893167,0.2925241134847944,110.78323006424617,29.181786612819998,N2,5,834,838
1.0082281528727548,0.5824775245220607,141.5147648145168,51.49511255851466,N2,5,835,839
1.0504191589301626,0.8373749555529159,141.43581130009989,51.40974430834685,N2,5,836,840
0.3036699917025089,0.876583171205791,35.412128491266046,18.095423078480962,N2,5,837,841
0.08479137954475391,0.798343338572024,30.455883846929645,22.121292323946545,N2,5,838,842
0.6015969018068972,0.611461134514277,30.4599158399069,22.125585678092467,N2,5,839,843
0.6295925050141932,0.535795405086376,30.48146216293826,19.460308796155733,N2,5,840,844
0.6206630049169121,0.558107028169276,30.493561767159555,19.473369205231574,N2,5,841,845
0.6793083599479701,0.5834378625627835,30.50382337351912,19.48446753905664,N2,5,842,846
0.6967430548687616,0.6147143059605341,29.856743438146076,18.78501612042819,N2,5,843,847
0.8795770815066248,0.6635695400701316,65.43275022832968,54.52930008546027,N2,5,844,848
0.21431935119777562,0.6065807754407594,34.77433724219736,34.98360752936715,N2,5,845,849
0.10677533606713041,0.43921374787412193,34.74847394828394,34.95565933032267,N2,5,846,850
0.0263496019385002,0.2771653859690645,34.695328922659975,34.89826540104404,N2,5,847,851
0.0847829081515215,0.13709844254073927,35.39429221930622,35.653825685089394,N2,5,848,852
-0.30285209898828497,0.07998941746602953,4.724623416409304,-4.1701555342435315,N2,5,849,853
0.4945595645003323,0.021997218460166577,37.095272251860294,17.98727458700523,N2,5,850,854
1.8810281083207427,0.06182021899226129,37.20330815108173,18.104036940234074,N2,5,851,855
2.028002213333161,0.18718228336216783,37.356833211866615,18.269952012193972,N2,5,852,856
1.9844184398950688,0.25364477824899934,37.04104850402655,17.928644058630745,N2,5,853,857
1.9231554271788696,0.19840936035270645,32.3334788467735,22.2232444254063,N2,5,854,858
1.846400811830631,0.11393957920329711,30.47926474278065,22.14660454894547,N2,5,855,859
0.5530638395499181,-0.08071182280383908,30.47902788942156,22.146369616990704,N2,5,856,860
0.2514548118672678,-0.38656657793076904,30.360096577725198,22.017764200412056,N2,5,857,861
0.2829776806842574,-0.6804244206838405,30.540200351769453,22.21241734905925,N2,5,858,862
0.3253214398623527,-0.8322130257270004,40.02523191503278,29.452492362782504,N2,5,859,863
0.009010842445434264,-0.9197061713255209,32.18049687923631,33.02894042097614,N2,5,860,864
-0.18074618754806124,-0.9729706541454426,32.28248278728715,33.13913518036934,N2,5,861,865
-0.08159496931480134,-1.027182955400167,37.26768163365632,29.144587354878603,N2,5,862,866
-0.11963131862995624,-0.7064992687734559,37.22687799436826,29.041728732585035,N2,5,863,867
-0.07628008378001142,-0.5128379990615194,27.700717790878844,21.757166093573325,N2,5,864,868
-0.3158872148120054,-0.1880632904384484,29.36816419857787,15.501726014891029,N2,5,865,869
-0.13096907225187807,0.108005647139192,29.321415423731377,15.45129038999803,N2,5,866,870
-0.09818476973387077,0.40754973840653647,24.26131398236321,19.364960101363977,N2,5,867,871
-0.25015083984193326,0.31908084602154363,24.21613292131078,19.374836900951777,N2,5,868,872
-0.13163132379712578,0.24073495787992627,24.183727569486656,19.339879047081922,N2,5,869,873
0.2851273512001399,0.06006464521389745,27.426897110251595,22.093244256938487,N2,5,870,874
0.2881537079235727,-0.0985031458642787,27.477112955294434,22.14749007300343,N2,5,871,875
0.13697523727003044,-0.24036881959714762,27.543329744007497,22.16025241765892,N2,5,872,876
0.19997640147394122,-0.34956723005717905,27.595695153792622,22.216893548263762,N2,5,873,877
0.03989074925592604,-0.4585037520298904,37.02131571294594,29.39273589307704,N2,5,874,878
-0.6258547125971745,-0.6543696160017823,9.266707330518694,7.051354870537762,N2,5,875,879
-0.24902902782733918,-0.8273501820636895,38.485433412305426,37.70287137064806,N2,5,876,880
-0.05553291361817401,-0.9881013803764163,38.57514450154995,37.858671961440265,N2,5,877,881
-0.014303047778571453,-1.0619724122574503,38.493295870568545,37.770160278925324,N2,5,878,882
-0.03467511423145879,-1.0176309174152878,29.067044353821256,30.593613865647058,N2,5,879,883
0.6781619912654037,-0.8627393160065104,56.77681921854382,52.88653792386467,N2,5,880,884
0.257706313301685,-0.7397515226710383,27.50464355950826,22.177196510538487,N2,5,881,885
0.26579635934100454,-0.4779684287644237,27.37582872940111,22.037859262427084,N2,5,882,886
0.2859440161044745,-0.32103637235216526,27.312855250273422,21.969825155162106,N2,5,883,887
0.3825899410957277,-0.27172182520033844,27.531112526547805,22.205731343320075,N2,5,884,888
0.3350885683472143,-0.16828080832284228,27.309853881251183,21.96658702198256,N2,5,885,889
0.4366925305117661,-0.06376063752919806,27.49810693419131,22.170122685749085,N2,5,886,890
0.45644111256690395,-0.1351074038663981,27.588909733112086,22.26833403107012,N2,5,887,891
0.2319757081117814,-0.2146178561203264,27.646111119390117,22.330133079359076,N2,5,888,892
0.08801200822816782,-0.27790614938286423,27.398269280239766,22.062182621353713,N2,5,889,893
-0.24378032857664494,-0.4076637390489125,9.388408793440613,7.2416523973224685,N2,5,890,894
-0.2362753917743589,-0.553815090574048,9.235558313012007,7.076419068092946,N2,5,891,895
-0.5150995035253345,-0.691937703088584,9.038595661695581,6.863512852878921,N2,5,892,896
0.9266744032873249,-0.4921557906511616,76.36360893237142,60.2080310024372,N2,5,893,897
1.0173561704531722,-0.15056731146651714,76.2886664575155,60.12707759792611,N2,5,894,898
1.2029251119335185,0.19662068184714912,94.47196197385055,75.1350673143963,N2,5,895,899
1.1428764419034565,0.5473800131306241,94.5014329469559,75.16689801033499,N2,5,896,900
1.8511904550355893,0.9087470018636111,200.71765287724702,108.68928102678619,N2,5,897,901
0.635093317685073,0.9484157343669765,133.53541317860072,55.49908687825591,N2,5,898,902
0.723846418034259,0.7886614096757143,133.4567242012534,55.41401552854732,N2,5,899,903
0.8972477059766106,0.6431587904227761,136.65394348735862,52.935476961100356,N2,5,900,904
0.929373873691793,0.4767538464188412,136.43543786644733,52.69934528301237,N2,5,901,905
0.3252416288908762,0.2951320437028116,30.430300268926658,19.4051254699727,N2,5,902,906
0.18224759010021216,0.10037651228104352,24.988019921990052,15.436695374933333,N2,5,903,907
0.30147316046468403,-0.048378676514020925,30.100078439246865,11.579232266878535,N2,5,904,908
-0.23292109867396676,-0.3162870478079277,-0.6947912427349365,-8.172722157974931,N2,5,905,909
-0.11215905967864045,-0.6166298658568706,-0.6732005936879432,-8.149423968051996,N2,5,906,910
0.01995803294403231,-0.9167670734547257,-0.6327555022173328,-8.105729311043252,N2,5,907,911
0.15017765594215007,-1.1095664164513281,14.15917748324864,2.956511582783423,N2,5,908,912
0.2788555266593221,-1.2296317244700148,38.52191960672208,37.74234694613915,N2,5,909,913
0.8208574393054278,-1.2958484619002335,66.2025897237967,60.02273370025796,N2,5,910,914
0.45708388309749354,-1.2353595043693146,66.24416452410223,60.00890889695002,N2,5,911,915
0.37823045783320597,-1.114967242026765,66.17950069016806,59.93904014413274,N2,5,912,916
0.7936013165995405,-1.0783494411817016,56.79040264176729,52.80262177147961,N2,5,913,917
0.15602677720477232,-1.1815701611473188,27.40171887977194,21.908622721018038,N2,5,914,918
0.1879822716883382,-1.1780883263217619,27.465826201399615,22.01773577051863,N2,5,915,919
0.43978238856518603,-1.0639228825933742,27.456502370207453,22.066372535433764,N2,5,916,920
0.33041482232990804,-0.9855195727976763,27.461867735805573,22.072183512898484,N2,5,917,921
0.0077177308487875965,-0.8747036653668914,27.555069430175354,22.172958529613243,N2,5,918,922
0.22232546208871326,-0.7105077697134803,27.579084459475418,22.19890135125752,N2,5,919,923
-0.14711329347719584,-0.6881776079833515,-0.15891240337950877,-0.1245211084613402,N2,5,920,924
-0.30762817068485904,-0.832885533212368,-11.75745953197038,-8.451232596884802,N2,5,921,925
-0.06790516137475607,-0.9773368667104151,-11.744600644479215,-8.437382541973784,N2,5,922,926
-0.11491501407519991,-0.8804830886406165,-2.348897268205474,-1.2939194434344246,N2,5,923,927
0.004873249908291655,-0.7652972970296616,-2.5613014557864515,-1.4647342205731548,N2,5,924,928
0.17182115316969657,-0.6191355325630624,25.327329881871993,21.02145426708885,N2,5,925,929
0.9290698904529109,-0.4494126522283935,69.2013386742663,60.115624891375774,N2,5,926,930
0.7436382493097653,-0.2574163697231313,69.20717542259953,60.12196193580021,N2,5,927,931
0.7228024047219833,-0.331408143572807,59.568267958438085,52.71557259916663,N2,5,928,932
0.6904928876013969,-0.3889120177573361,59.94619036578369,53.124031595125416,N2,5,929,933
0.7879999823566891,-0.3625725124214,59.71179404970608,52.87069730112271,N2,5,930,934
0.24113106096774573,-0.23778231716618592,27.33041561691789,21.988784917249724,N2,5,931,935
0.2179570474808429,-0.11183038674807619,27.469361258883147,22.138967083646275,N2,5,932,936
0.0370580829886535,0.03174463452590857,27.618495523494495,22.30017893825279,N2,5,933,937
-0.15679371380417706,0.15945075434288186,32.24642853395635,17.91949048292736,N2,5,934,938
-0.7368624977132867,0.19690785030796149,4.5676689559593795,-4.339879388158442,N2,5,935,939
-0.7521397062118353,0.1401114542388001,4.913271604392503,-3.9662957952168654,N2,5,936,940
-0.7362404926868862,0.07978699710683515,4.6708256333891764,-4.345937839755061,N2,5,937,941
-0.35719068137055954,0.027196225580540558,4.694260127675079,-4.320580340300512,N2,5,938,942
-0.09892576083823315,-0.03094217593869928,9.322505224210909,7.052840551645931,N2,5,939,943
0.9612943431660141,0.01249375413864442,42.96466198404814,23.93086767728091,N2,5,940,944
1.0175689002013428,0.0455335960684593,42.63782177899266,23.57754336248472,N2,5,941,945
1.4107598055066546,0.07755339106777229,42.65283434736339,23.71140374577226,N2,5,942,946
1.9975274025376735,0.10617465477323548,72.10412094583153,54.61428193670363,N2,5,943,947
1.6939448813476132,0.13849486012424278,62.73862782389624,47.503349461740434,N2,5,944,948
1.3030922905729312,0.3628636534494788,53.48287223115767,50.078224799654706,N2,5,945,949
1.0156749878523215,0.5808102500796878,53.58424869331793,50.18787743671928,N2,5,946,950
0.5886251387683729,0.7890516843141384,53.70309296030173,50.31632444747665,N2,5,947,951
-0.07424419647780951,0.977611214613242,24.226951262319925,19.3865622532423,N2,5,948,952
0.08800381458190713,1.1546270663489948,24.214326515777792,19.372944211483265,N2,5,949,953
-0.2807376957550787,1.0205360077026924,-0.1012918596228701,-0.06218200654475368,N2,5,950,954
-0.19176317726086153,0.8849647464178773,-0.08075550403009402,-0.04002989519503899,N2,5,951,955
-0.06118781601318233,0.8445626539215197,-0.13217465232155517,-0.09564709433543613,N2,5,952,956
-0.07163330723973331,0.7978470084257495,-0.247528418120055,-0.22037058612331747,N2,5,953,957
-0.054424447305711963,0.7513553314570572,9.226185230254487,6.955739640047978,N2,5,954,958
0.44319146659235004,0.6911253732736313,39.83354556530685,26.505037917253503,N2,5,955,959
0.8894368005655678,0.6356473880126174,40.010224282836134,26.696001429508033,N2,5,956,960
1.0591402651669681,0.4642451951529594,44.83956418897433,22.53295677215865,N2,5,957,961
0.7062176549996024,0.2923508854759433,44.905093786759245,22.60381562235416,N2,5,958,962
0.8821932071200536,0.11298664458338123,35.36584099306638,15.356862874378567,N2,5,959,963
1.0593910737516012,0.2489080936915073,53.76475477152853,38.8050363170325,N2,5,960,964
0.86820688162328,0.36756350147416156,53.43615597950411,38.44981442273856,N2,5,961,965
1.632392614079481,0.49267120115838453,154.93877702398603,76.22723683829099,N2,5,962,966
1.8543732414774012,0.6099413867743693,154.9390930140318,76.16879196711162,N2,5,963,967
1.934877224707168,0.7360342229495046,155.06827760083542,76.3084546177175,N2,5,964,968
1.2210394309334105,0.5498233827592756,105.93874264775658,33.23643829223438,N2,5,965,969
0.9685076014680589,0.3403385349713773,106.1043228928509,33.415440415015475,N2,5,966,970
-0.03323338399425211,0.1303462218107839,-0.34185319273674397,-0.3224502141114499,N2,5,967,971
0.057936704363589796,-0.048908532720381,4.8236833860341,-4.12639313555992,N2,5,968,972
-0.12430983594514373,-0.23897866181660418,4.750172769905475,-4.205839932663366,N2,5,969,973
0.4176920767009619,-0.4293510069769127,38.32148219956289,23.131028661787422,N2,5,970,974
1.8714301324274403,-0.3885039869470532,38.33916413152474,23.09142931328315,N2,5,971,975
2.325533694393516,-0.3890473859963578,38.36667407386703,23.121244847816705,N2,5,972,976
3.1535973680308187,-0.36800987357757864,87.8937449958321,61.17651539237922,N2,5,973,977
3.1267566168986036,-0.34662722933018697,88.00964351494767,61.30179640111601,N2,5,974,978
3.1775095313486306,-0.250092881782615,85.07771539012029,53.490182847576946,N2,5,975,979
2.052534972840715,-0.08445777316199923,114.30922322337865,84.2143297102979,N2,5,976,980
1.8906347897022329,0.11189262363520384,114.39766423084366,84.30990530106865,N2,5,977,981
1.160659224107326,0.245950457173484,59.81396108471672,50.17628848326567,N2,5,978,982
1.0886145305774448,0.3431441305059565,59.509799502852545,49.84748803131733,N2,5,979,983
0.20064795671407865,0.3479602664087153,28.445689705910628,29.863149032357615,N2,5,980,984
-0.006811983110537767,0.06477785551028603,-0.18865954597713425,-0.15677494125629893,N2,5,981,985
-0.25858486725845753,-0.1086093569824044,-0.20996665887505514,-0.17978780063203886,N2,5,982,986
-0.36809330272054697,-0.24820735690240808,-5.685552979852946,-4.125461095450009,N2,5,983,987
-0.4568134933051283,-0.34969140287936823,-5.497368845900928,-3.922059084995999,N2,5,984,988
0.05526936159177467,-0.4299733156577702,22.62170198582753,18.813320233082777,N2,5,985,989
0.1445301278917782,-0.4957514455478602,22.062728889883147,18.20910053349653,N2,5,986,990
0.24832601330065246,-0.6524391890734179,22.050256311720297,18.19559378721751,N2,5,987,991
0.13091908065638336,-0.8242297906686928,27.463605131444638,22.132753944172872,N2,5,988,992
0.42400940234309703,-0.9920439126237042,27.45729044714535,22.12594243242929,N2,5,989,993
0.46124944086667485,-1.0573652574689134,27.53489058753621,22.209815065974546,N2,5,990,994
0.30333171806267956,-0.9215829084054192,27.467574132862502,22.078300860712623,N2,5,991,995
-0.04279639602783618,-0.7831129972073996,27.43448390865524,22.042521963103354,N2,5,992,996
0.3577859194978146,-0.6163027309617704,56.73828753569251,52.786103449577055,N2,5,993,997
0.22722748970933254,-0.45135174657624477,56.69453770412074,52.738811588190586,N2,5,994,998
-0.0019664825477434533,-0.371182570441546,28.860343416144314,30.311411633672105,N2,5,995,999
-0.22411560665268554,-0.4746454364389905,28.94335212916485,30.459879125592852,N2,5,996,1000
-0.21171915434563288,-0.5450251234092007,29.03948564098828,30.563805227926785,N2,5,997,1001
-0.5862602334509347,-0.5296270313633158,-0.17307705090206582,-0.08110152909284807,N2,5,998,1002
-0.42352774593649656,-0.5183972458041879,-0.30985012619930785,-0.22898597846142366,N2,5,999,1003
-0.06455751651379842,-0.5084310977773043,33.448291300846904,16.774440070874697,N2,5,1000,1004
0.21116365095673473,-0.37762240292760507,33.29155478146422,16.60503404038973,N2,5,1001,1005
0.45144844310359533,-0.31026674250104946,33.249192269839114,16.55920061466095,N2,5,1002,1006
0.32465728761784474,-0.2576423245338432,42.66650260949537,23.726119613056653,N2,5,1003,1007
0.20592718386734532,-0.20372290982917604,43.013166858640034,24.10088405062488,N2,5,1004,1008
0.0006035821302475597,-0.04196364247815154,37.00089265689458,29.38959847660226,N2,5,1005,1009
-0.10561506212529821,0.18115752396472118,36.95508715424512,29.340103713182906,N2,5,1006,1010
-0.2609145008958649,0.44278297917947357,37.04474209188047,29.437067673350974,N2,5,1007,1011
0.18015335587156187,0.6156647727735148,27.533665067407128,22.168831680023867,N2,5,1008,1012
0.5953955627337223,0.8115333453139953,56.64218335942278,52.701277360429955,N2,5,1009,1013
0.3203182808914676,0.893951476043091,29.1101784514889,30.640297730219753,N2,5,1010,1014
0.4953361543416236,0.7889178208354437,29.256396028093878,30.79834283791497,N2,5,1011,1015
0.5944912278587481,0.682621551332575,29.047518612339626,30.572543942707853,N2,5,1012,1016
0.36640907053479166,0.6784488509456622,29.042861446032475,30.56743521729004,N2,5,1013,1017
-0.0007276345763102654,0.6568286351378362,-0.3390257178238244,-0.2605183396641223,N2,5,1014,1018
0.21450343134208652,0.7312690683266254,27.44968855597981,22.117685314734263,N2,5,1015,1019
-0.03989660730530886,0.7886177114358162,27.274970916101303,21.928838894197543,N2,5,1016,1020
0.12245090277828012,1.0343126904009736,27.58129530219012,22.259979902750636,N2,5,1017,1021
-0.19803761855708898,1.249556255960495,27.59794870831538,22.27800521248573,N2,5,1018,1022
-0.5904924175418046,1.4362728761918533,37.084342104718964,29.519594781891648,N2,5,1019,1023
-0.1949639950430992,1.7017106717903956,39.90205503289617,26.63090678869412,N2,5,1020,1024
-0.18961167080017277,1.942182988802837,40.17234685611474,26.923058096513707,N2,5,1021,1025
-0.4237354114691584,1.963389154759072,39.93273791566171,26.664069775128883,N2,5,1022,1026
-0.0007750693859861713,1.9783915550293556,39.75258797143179,26.469307783493424,N2,5,1023,1027
0.19046459543402533,1.9885187726016462,30.501541893779358,19.423387570722117,N2,5,1024,1028
-0.5570506406207528,1.7946651945199121,-5.667672101405333,-4.164829583204119,N2,5,1025,1029
-0.017276259224615842,1.5974047788673225,23.320949616783764,26.2380552864146,N2,5,1026,1030
0.6275948666479507,1.414679384927434,129.64846174720878,59.8805204539276,N2,5,1027,1031
0.38632861983601285,1.2166817570954158,129.7439486614152,59.98380558193894,N2,5,1028,1032
0.5222415160199944,1.0472188391548485,129.61843377060433,59.90693335032265,N2,5,1029,1033
1.1159033032506158,0.8815076498520966,162.8379265266136,86.24118179569487,N2,5,1030,1034
0.5484688943789251,0.737606095587141,133.77101297101908,55.75366053818652,N2,5,1031,1035
-0.27265017682950654,0.5549775480219019,27.27386017378594,21.927783751883545,N2,5,1032,1036
-0.2971427450321471,0.32853808410581775,27.45872780403879,22.127527944208122,N2,5,1033,1037
-0.3549121565118071,0.045847609453507944,37.04922730555118,29.429878833604015,N2,5,1034,1038
-0.33262248873967337,-0.0358633441122862,39.95184526955418,26.632973272676463,N2,5,1035,1039
-0.19478543448219626,-0.00046861246104938913,39.82363253234071,26.49439971890024,N2,5,1036,1040
-0.017277601028774826,0.1518599005874556,40.204327787281365,26.905902201719435,N2,5,1037,1041
0.2961428536837616,0.2569412867926758,40.004361410871205,26.689750762360198,N2,5,1038,1042
0.40928816153771097,0.35582998234795155,30.211641686216172,19.168778100013878,N2,5,1039,1043
0.04256403663276842,0.23214295698370507,-0.3026689088714193,-0.27993769306922334,N2,5,1040,1044
0.19959949188862539,-0.03317542083528195,-0.2612403954030015,-0.23517906073175254,N2,5,1041,1045
0.6707027109436353,-0.348818461318438,29.042964165665033,30.508772859611053,N2,5,1042,1046
0.4374413314083313,-0.6623722323731037,29.05529644751805,30.522122481284896,N2,5,1043,1047
0.3820654350340419,-0.8418233280317431,29.161445510567866,30.636832305366262,N2,5,1044,1048
0.8245702320745523,-0.9709755225230126,56.69114452713111,52.79386363416852,N2,5,1045,1049
0.9179980983702876,-1.0314266202841025,56.866461724715194,52.98333252333687,N2,5,1046,1050
0.46627280902721396,-0.9795340575495594,27.440867377350514,22.108173574099055,N2,5,1047,1051
0.6129198267423817,-0.7979801496194867,27.472949495053037,22.142856289583868,N2,5,1048,1052
0.6842520741821886,-0.6547884810864204,37.13514003336604,29.574495634302004,N2,5,1049,1053
0.7953318956803628,-0.427277627817476,40.125724765413906,29.561163468323503,N2,5,1050,1054
0.7079045100303574,-0.15408688568107679,40.044450275709096,29.41459710176641,N2,5,1051,1055
0.9240327369398642,-0.0156521858747098,39.9074451249282,29.266563032308476,N2,5,1052,1056
1.9642009888797134,0.06278693721677157,94.63305392758193,63.49479233446109,N2,5,1053,1057
1.8625267394786647,0.23713587212968576,85.1891419296604,56.29909250533383,N2,5,1054,1058
1.0011049612915486,0.34627631922191926,42.85887869025173,25.658888482884503,N2,5,1055,1059
0.9005337066618836,0.39951449883132356,42.43122575610905,25.255395950510138,N2,5,1056,1060
0.8093258735083964,0.48648705754709665,42.85993235841306,25.71872217622367,N2,5,1057,1061
-0.4059712957314673,0.5734583522641955,-11.70697397087206,-8.337931063101133,N2,5,1058,1062
-0.10167987077145427,0.5461205287368806,17.324424507464574,22.111167560224565,N2,5,1059,1063
0.46581804306973706,0.5306109640459681,59.774583629969854,52.88090045295248,N2,5,1060,1064
0.24213649314756366,0.6038317588944772,60.15480176624842,53.2918535698278,N2,5,1061,1065
0.18320404492237685,0.6736960955478792,59.807472313540345,52.916395275366085,N2,5,1062,1066
0.137368427907154,0.7169383930663379,54.199069538114415,48.76836464868975,N2,5,1063,1067
-0.18833986949426845,0.7607756728181123,25.091699064977,18.237187803193954,N2,5,1064,1068
-0.115470281650164,0.8557726368347431,24.787254246264638,17.90822197519592,N2,5,1065,1069
0.005169958844305711,0.8688908966043194,25.030686562800838,18.171363673275483,N2,5,1066,1070
-0.2860456142173916,1.0664501576578616,25.026265382344718,18.16666512085576,N2,5,1067,1071
0.02922899225668516,1.2696029137991172,39.860967592131054,29.275103415307967,N2,5,1068,1072
0.05005556166629503,1.4780042137707128,40.02766381700203,29.455228146848093,N2,5,1069,1073
-0.2594088698260748,1.6118784063586802,9.492067974212114,7.353646004824259,N2,5,1070,1074
-0.4244819507128909,1.730385083630609,8.70337512370752,6.501191138524883,N2,5,1071,1075
-0.08283920431556453,1.6441741142115625,9.250919955666177,7.093044024056144,N2,5,1072,1076
-0.1854092895360168,1.545522087360525,-0.13558289919310482,-0.04052642341484898,N2,5,1073,1077
0.07794205522054654,1.4497533618673566,4.680378740244487,-0.20569243388672476,N2,5,1074,1078
0.4736262455186079,1.3209625506162321,35.187019636202606,19.176125905805385,N2,5,1075,1079
1.1943640952544228,1.2051260404494488,65.32644564830844,50.82282357055446,N2,5,1076,1080
0.8781838557414631,1.0526546353602868,64.72313072783727,50.17067757173572,N2,5,1077,1081
0.679652144971044,1.0126668936675867,64.76585161692783,50.216791974274386,N2,5,1078,1082
0.3334888961047227,1.0376090785638237,59.768601610446055,50.185990350058276,N2,5,1079,1083
0.2705671580367152,1.2451524845777608,59.95935966775287,50.39209894748274,N2,5,1080,1084
-0.09516166691627177,1.422009012290086,30.461203696386654,19.37980974122984,N2,5,1081,1085
0.14374231379180175,1.6118549320975784,30.483566171186975,19.40396986249616,N2,5,1082,1086
-0.021092888934606435,1.667043943185385,30.57189946661965,19.49948772397038,N2,5,1083,1087
-0.19958980211778227,1.7380275807604608,39.2460000562307,25.863157282115573,N2,5,1084,1088
-0.5501408536804775,1.639356894881368,9.190110313393234,6.968652524628851,N2,5,1085,1089
-0.4592722822093265,1.5470567021324648,9.302465858931829,7.148855175634526,N2,5,1086,1090
-0.4496640381916791,1.4721631555139936,9.227597494254587,7.067869813472498,N2,5,1087,1091
-0.23144001468283476,1.4099685220571563,9.260133305270575,7.044357154031604,N2,5,1088,1092
0.0006198935859970334,1.257836952040255,0.5017931069072802,0.5896527504373807,N2,5,1089,1093
0.39305347756627496,1.1095908537590387,30.667118488429697,19.60238719104236,N2,5,1090,1094
2.0641459321240974,1.0677785600745833,29.99392760805058,18.874655220693967,N2,5,1091,1095
3.247421872137295,1.1415557551016218,141.62555760588438,71.92993245165489,N2,5,1092,1096
3.3205056744489867,1.130915715209872,141.4358127133979,71.78353841424614,N2,5,1093,1097
3.3824165516711444,1.037391851363011,141.6538340817875,72.01916788403977,N2,5,1094,1098
3.236067712990234,0.960760547328448,141.41242193485087,71.7583298455902,N2,5,1095,1099
1.0922967513321509,0.6809051013227141,141.95086796343676,72.3403612761911,N2,5,1096,1100
0.031848716010915726,0.20525138517897973,30.46808023817721,19.446001454295036,N2,5,1097,1101
-0.18611736041784752,-0.21839835577559724,30.519508579734246,19.50159654212257,N2,5,1098,1102
-0.09696825285607247,-0.5718616811763695,39.97040060994332,26.704801044811756,N2,5,1099,1103
-0.6148723513154095,-1.013860830701482,9.311171836355062,7.158069233768037,N2,5,1100,1104
-0.3123502729985944,-1.3727642258270216,9.32607281395758,7.174198298412375,N2,5,1101,1105
-0.34159696419927743,-1.7633296441365154,9.293006518921175,7.138445279531879,N2,5,1102,1106
-0.17110116459136862,-2.1093803395949964,9.402569685815251,7.256860353949742,N2,5,1103,1107
-0.1465339150165846,-2.564936597191467,4.508635615199455,-4.403700827291322,N2,5,1104,1108
0.4401112843882743,-2.924493238870186,32.44828960127197,12.628280416988854,N2,5,1105,1109
0.5028003208824885,-3.3771582499742605,31.788813237116848,11.915399740637076,N2,5,1106,1110
0.40382297055280103,-3.7502738054367297,32.306817435599804,12.475368000938762,N2,5,1107,1111
0.2982855535388239,-4.053674477041478,32.22622493163654,12.388194138304971,N2,5,1108,1112
0.5576973742915584,-4.053019123823842,56.86073684570438,47.46770790218434,N2,5,1109,1113
0.5443131203606185,-3.9419570977939644,56.82630263737665,52.86024491809003,N2,5,1110,1114
0.7061434441216307,-3.657091341612869,62.29054022407509,49.32049061144644,N2,5,1111,1115
0.7677823877863716,-3.3089821942173954,61.934356380754615,48.93549353480849,N2,5,1112,1116
0.90731416321604,-3.0509324708726084,61.94240536315774,48.885511169074746,N2,5,1113,1117
0.4961995264669099,-2.9427670482818904,42.03008932969824,25.28098333201633,N2,5,1114,1118
0.028394912397254758,-2.8470302237076552,14.305143578190473,2.9926408205734334,N2,5,1115,1119
-0.2711239900012174,-2.7804833418616823,-2.2764412662640097,-1.2741476776274794,N2,5,1116,1120
-0.41451598274293244,-2.6995188697989314,-2.4442615358959303,-1.455579092780681,N2,5,1117,1121
-0.4186444609226328,-2.56379322010456,-2.330207847352722,-1.2735969923902304,N2,5,1118,1122
-0.57571945426713,-2.4178094386894458,-11.768709091798518,-8.46346841868799,N2,5,1119,1123
-0.10246131450409166,-2.3346257460963598,15.895302970333432,13.83867845049026,N2,5,1120,1124
-0.09753323078878111,-2.2197212844761522,27.4620229793989,22.130997728127113,N2,5,1121,1125
-0.15561899375702523,-2.0700472288349774,27.55250222129107,22.228762940716116,N2,5,1122,1126
-0.13976464044254727,-1.7719094865692953,27.3662007184088,22.02738698758767,N2,5,1123,1127
-0.011450764337439523,-1.5467855443215313,27.372751116383007,21.975754257148946,N2,5,1124,1128
0.22681244544860418,-1.3459666112571185,46.685809627162236,44.55789771231066,N2,5,1125,1129
0.2620078463046639,-1.1071733058175994,46.78938572488696,44.66982890059808,N2,5,1126,1130
0.45773616866190425,-0.9361791437682256,51.72498654050723,40.621641157673004,N2,5,1127,1131
0.5143111340823907,-0.9698294970579312,51.61979478459252,40.5079670761239,N2,5,1128,1132
0.5706469996099713,-0.9466278985271999,51.78148285284406,40.741499880774064,N2,5,1129,1133
-0.05147512348173677,-0.8448167778455528,14.223450347140897,3.084668399047223,N2,5,1130,1134
-0.06653206566567178,-0.8307925921686788,14.327612907224102,3.1973197145307495,N2,5,1131,1135
-0.3077160033618611,-0.8293534995822995,9.203938988092705,7.042219972924795,N2,5,1132,1136
0.4735811912086092,-0.6952838085326419,65.87637366465351,39.223463711794466,N2,5,1133,1137
0.6113979453106821,-0.5738824539147729,65.77044958858605,39.108986174153685,N2,5,1134,1138
1.2197881139665696,-0.5574817099677674,83.93061727046589,54.09203380490508,N2,5,1135,1139
1.2294440742826738,-0.5489344305484665,83.49413771204271,53.561364448288074,N2,5,1136,1140
1.4648537429838484,-0.529471619716739,84.0317880249684,54.142521528311775,N2,5,1137,1141
0.6552826264708529,-0.5228954559450486,27.384839973771886,21.988834449901333,N2,5,1138,1142
0.798686533955447,-0.5212758523098373,27.376009981438983,21.97927454827586,N2,5,1139,1143
0.6853636980251168,-0.20524446328147547,30.361505746065813,21.960506419689047,N2,5,1140,1144
0.7303004064751804,0.12113835260790892,30.6546299360969,22.336201006117335,N2,5,1141,1145
1.2013994100041714,0.45688727829616055,62.64947775082546,50.521141309801166,N2,5,1142,1146
1.0756506932305343,0.7055814251643696,57.25731037567166,46.606911940444846,N2,5,1143,1147
0.6773790792883801,0.9579028870865542,57.12002002371446,46.45855856215785,N2,5,1144,1148
0.011127266279243032,0.9055263934308314,26.6245645117815,24.400389099758467,N2,5,1145,1149
0.03475641740138826,0.8445926287472361,26.657674851432965,24.377450836621573,N2,5,1146,1150
-0.5901040444033697,0.7836187772485289,-5.797997516601754,-4.305564555119782,N2,5,1147,1151
-0.62702591024414,0.7245025824687715,9.351334428685368,7.142898972005059,N2,5,1148,1152
-0.5464712600526127,0.6602201241533578,8.936441717573326,6.6943943058118744,N2,5,1149,1153
0.08306960652647603,0.690750507380956,39.94129302931251,26.6144590268028,N2,5,1150,1154
-0.0457643427453263,0.7157888163668844,40.035611281309684,26.775127697115387,N2,5,1151,1155
0.10510060043444583,0.8296808150486384,39.951666393113555,26.68439587226676,N2,5,1152,1156
0.2717657168031792,0.9202276610644631,30.52062875253032,19.502692768851556,N2,5,1153,1157
0.13225145009389508,0.9959159017068557,31.0040926409667,20.02524594112838,N2,5,1154,1158
0.2723386669164256,1.051966839509997,30.572652995138196,19.559028425523866,N2,5,1155,1159
0.39602139134048003,1.0945075575735714,30.31186274466745,19.277164003457436,N2,5,1156,1160
0.8569355461820237,1.0151541421073744,136.52502173592802,52.79617760302572,N2,5,1157,1161
0.7867492849373662,0.93721941467752,136.47694669587364,52.685434761591026,N2,5,1158,1162
1.4844781727039162,0.8289638268480062,165.7604767121724,83.4070827564763,N2,5,1159,1163
0.7719526382769345,0.7117819405680137,134.97170435465813,63.72043199383406,N2,5,1160,1164
0.5976272934712938,0.5778556230823184,135.20528186722657,63.97283995895559,N2,5,1161,1165
-0.09442050897706622,0.4307585597868382,29.010946938607958,30.47418442621638,N2,5,1162,1166
-0.35773684196958583,0.36598181779919514,33.84520426327508,26.375179853996816,N2,5,1163,1167
-1.035087180649441,0.30838687551967325,14.250650873646373,3.1141414441663073,N2,5,1164,1168
-0.7633118787167064,0.14103423346176241,41.95079834923672,25.396704666913138,N2,5,1165,1169
-0.5958858586141901,0.010436987533219621,41.92641334259533,25.370404040536233,N2,5,1166,1170
-0.6479002271927357,-0.15761603017131448,42.138473209759105,25.599609134131605,N2,5,1167,1171
-0.3543033185539457,-0.38421680439445965,37.112189802624926,29.549819667901467,N2,5,1168,1172
-0.38799613302774105,-0.5360950329626988,27.3988916144197,22.062951443958447,N2,5,1169,1173
-0.3984491987942306,-0.5440315602604571,27.577842786321707,22.216524513586773,N2,5,1170,1174
-0.4328986835861315,-0.3792090824068623,27.578079587862884,22.21675939402412,N2,5,1171,1175
-0.0422636619052696,-0.1726665827720666,27.372108428468344,21.994142645700776,N2,5,1172,1176
-0.055834755055718686,-0.003293107785339089,27.44616222096811,22.074134447791586,N2,5,1173,1177
-0.09728214791991832,0.10011504512661418,26.88606043805048,21.468681577085952,N2,5,1174,1178
-0.0942872074726779,0.06946301707417604,28.96537984508177,30.483574258748558,N2,5,1175,1179
-0.20266442129800452,-0.1315697725279165,29.00380661895906,30.40754017219224,N2,5,1176,1180
-0.13739363572778984,-0.3171960434262928,29.147124109863945,30.562441940610007,N2,5,1177,1181
-0.16314129460153026,-0.5312864810519884,29.09589748750441,30.507129123737105,N2,5,1178,1182
-0.05577336446247046,-0.7037175688328702,39.19571970683755,38.411821651715584,N2,5,1179,1183
0.19283728175659007,-0.7750837766734946,40.11380906793929,26.74224836704525,N2,5,1180,1184
0.07278841122443964,-0.6966774573571428,39.928520387376196,26.659459871616853,N2,5,1181,1185
-0.11865719761623268,-0.5076025767412304,39.911957996692216,26.582736852725795,N2,5,1182,1186
-0.04800713957707785,-0.19718508735061704,28.217999943593167,18.15281994997058,N2,5,1183,1187
0.026912064625128095,0.07231002361295821,18.864355463338143,11.054765350764502,N2,5,1184,1188
-0.05855911347558731,0.5535319548709111,12.669492312151124,11.04531273557659,N2,5,1185,1189
0.13329092237580653,0.9536724039030815,12.505710531244404,10.868331948519335,N2,5,1186,1190
0.2738365837298488,1.2206826138529778,12.783353044353134,11.227287274916307,N2,5,1187,1191
0.19530370152277782,1.390452924233155,24.455115953533095,19.633230453834404,N2,5,1188,1192
-0.017698419903558714,1.548930550072535,29.30936670216761,15.49707032628794,N2,5,1189,1193
-0.43788356242313287,1.3944785794409085,4.712235442631936,-4.183623480793903,N2,5,1190,1194
-0.381929858800504,1.235856556800546,10.049575696150715,-7.86061769300286,N2,5,1191,1195
-0.2182051873955629,1.0932395863315876,39.01405108658073,22.481713620157098,N2,5,1192,1196
-0.07584590364532459,0.9539025118522957,38.905785817629656,22.364638981113966,N2,5,1193,1197
0.2109504196606963,0.8029197360594779,43.488976212388664,33.68936189907981,N2,5,1194,1198
0.7867654731650078,0.6669321978777873,71.21580651214171,56.000786585541206,N2,5,1195,1199
0.7441188053446581,0.40409101669960423,66.11999797407334,59.938902417212375,N2,5,1196,1200
0.3760099609118924,0.12940695041463926,36.90831933929003,29.329354388502544,N2,5,1197,1201
0.4206348645315302,-0.1128716808943949,37.11130334716436,29.548776160119452,N2,5,1198,1202
0.4560584706111513,-0.3394588520841822,27.529157837507956,22.203784135758177,N2,5,1199,1203
0.46973669017129394,-0.3252367603290935,33.30293329681008,22.126964446049534,N2,5,1200,1204
0.4829125612998837,-0.1887405529664477,33.40550259037555,22.237806297473433,N2,5,1201,1205
0.8420925334832419,-0.0515941085712754,38.144729284728236,17.914328358501372,N2,5,1202,1206
0.8191596465393787,0.07289332890613594,38.29168170968914,18.073211563123913,N2,5,1203,1207
0.8482502149407537,0.1960897422133499,38.3157476509863,18.0991562809344,N2,5,1204,1208
0.24783480145393924,0.05475211897444865,4.748490518983454,-4.20741459721612,N2,5,1205,1209
0.31750273500301773,-0.1323252825929231,4.695375070771843,-4.264835278557439,N2,5,1206,1210
0.07519979256259149,-0.32992390817662026,-0.12685156933148392,-0.031157532332872506,N2,5,1207,1211
0.5975128430705127,-0.4167957081408943,29.04113862019731,30.565510123048444,N2,5,1208,1212
0.202417914190562,-0.5179800058607043,29.0490267162284,30.574077517466502,N2,5,1209,1213
0.6366108335748095,-0.5888841920905108,65.30778178247128,55.44232243396982,N2,5,1210,1214
1.763235148192689,-0.6418681273950568,65.32246685483551,55.458180519824964,N2,5,1211,1215
2.007422815927748,-0.6866649025217726,65.39300931537,55.53443166038778,N2,5,1212,1216
2.243047836155506,-0.7569456966432895,90.64455906596413,58.83515497910703,N2,5,1213,1217
2.300182224557079,-0.8919375048213652,90.59729182795999,58.78408376201114,N2,5,1214,1218
2.2403013327916255,-0.7734852998732762,85.07333894936019,53.54413691562222,N2,5,1215,1219
1.0302312133986447,-0.7707773933791288,85.08194282837357,53.55341479748604,N2,5,1216,1220
0.7752610279851637,-0.7433710731617268,90.00580243941513,49.49256385640037,N2,5,1217,1221
0.08803878301699797,-0.88179223012515,35.37823585751757,15.370251777020167,N2,5,1218,1222
0.4443332940685309,-0.989257457640484,35.407437622456925,15.401780421860167,N2,5,1219,1223
0.11613068521182868,-1.3808685639964522,4.812711616019078,-4.0751710825992635,N2,5,1220,1224
0.15821291222333683,-1.7548753589054271,4.872899719688576,-4.0100919873642855,N2,5,1221,1225
1.0148852631976524,-2.223072385724494,105.8863687270743,33.27178481891897,N2,5,1222,1226
0.8802668797377464,-2.605092029375014,100.43439632868248,29.29299667805899,N2,5,1223,1227
1.1794086677596056,-3.0119582153553837,129.5974627151736,59.85005406565615,N2,5,1224,1228
1.2824600543773272,-3.430430738119121,160.21697173695867,79.35379342680099,N2,5,1225,1229
1.3423624707384079,-3.761281428181171,160.2579520498184,79.39811520795192,N2,5,1226,1230
0.4292447828470586,-3.9806691036813904,53.634430966422954,45.435353373966066,N2,5,1227,1231
0.5006571422788056,-4.128422061908227,69.0561329692413,57.178178673821094,N2,5,1228,1232
0.047279382759234066,-4.202357678102496,40.05622134472069,26.797525683748244,N2,5,1229,1233
0.27702738117103537,-3.9400666372998843,42.88541629675019,23.96283350182057,N2,5,1230,1234
-0.19355246064111498,-3.6922250876329827,42.862408173125004,23.93792137557757,N2,5,1231,1235
-0.11394728433982663,-3.3610208992749024,48.47210093298054,20.6184285899144,N2,5,1232,1236
-0.14424299904658255,-3.0219654734344004,38.3611740108754,12.70177314584871,N2,5,1233,1237
-0.16239730062915214,-2.5571472354536953,37.82381153172901,12.12087624390988,N2,5,1234,1238
-0.6471352288529942,-2.2937947367163787,4.781790716675459,-4.1084990204282805,N2,5,1235,1239
-0.07558075684415826,-2.0480401090518567,9.693731487484182,-8.182271271986247,N2,5,1236,1240
0.06514697816471653,-1.786863012224154,4.706399827024143,-4.1899517598300005,N2,5,1237,1241
-0.0809925849541969,-1.5922276810573124,4.896130846170126,-4.043559637418366,N2,5,1238,1242
-0.12938107605178856,-1.3305807378650882,10.130068475479494,-7.769236049464962,N2,5,1239,1243
0.4255278561787236,-1.1232907936806413,40.32922085673927,11.280062071350404,N2,5,1240,1244
0.6427736040064019,-0.8317178993889882,64.25271151810739,45.55681803682528,N2,5,1241,1245
0.5660117501377044,-0.7008703215324374,64.6622926579308,45.99952422497736,N2,5,1242,1246
0.54695464328139,-0.5824778254741261,74.2527936753424,53.41229850538948,N2,5,1243,1247
0.6188959942276029,-0.5646068704971811,69.36173042908631,57.50864831134968,N2,5,1244,1248
0.6826636260564669,-0.4285635959929749,66.36478445965622,60.20357275508722,N2,5,1245,1249
0.5973300612709181,-0.2306398217978085,37.28098735679814,29.732200532749992,N2,5,1246,1250
0.2541230045255361,-0.017582131279772283,25.354790276277345,21.051264490875475,N2,5,1247,1251
0.2541230045255361,0.1765436880403314,15.772413327185495,13.70600208654796,N2,5,1248,1252
0.25112649756849803,0.24359273850264743,15.513303730229381,13.367122234140698,N2,5,1249,1253
-0.3921758185200133,0.15063941958138968,-11.779233932553325,-8.533472341118614,N2,5,1250,1254
-0.6549635548591141,-0.15777583571804996,-11.6795583729996,-8.425777906259464,N2,5,1251,1255
-0.4805271932621508,-0.465818572550927,-0.11890714068576927,-0.14005401799804532,N2,5,1252,1256
-0.5550043060649955,-0.7949931401798807,-0.16924907001375686,-0.194468242880248,N2,5,1253,1257
-0.5706953535172715,-0.9992156003424298,-0.007177062254049816,0.039480650407494974,N2,5,1254,1258
0.12151758421140357,-1.1866369901205644,30.45277372817509,19.429327942842793,N2,5,1255,1259
0.16639771042487156,-1.4048187506946845,30.327674664078224,19.294059450873466,N2,5,1256,1260
0.7166517593354115,-1.5555944714664975,59.81940476630116,50.206391281638936,N2,5,1257,1261
0.7114044858898637,-1.6040505227565347,59.74435555283999,50.12523164110026,N2,5,1258,1262
0.8996545383494094,-1.6427341187689848,69.43959997274214,57.592558015197575,N2,5,1259,1263
0.7769239087659117,-1.6689243518804773,66.06893360889225,59.88365274847602,N2,5,1260,1264
0.623953443268715,-1.6170130097370532,66.38802035643894,60.22860863516398,N2,5,1261,1265
0.3441998189149672,-1.5116053914929295,36.909935351433525,29.331062953791115,N2,5,1262,1266
0.41273281817192353,-1.4418285115097347,36.93111788536917,29.353935627969623,N2,5,1263,1267
0.244965005368374,-1.3591212260361942,27.452304738314705,22.120544501187396,N2,5,1264,1268
-0.12982940738570506,-1.2086335765813914,-5.493146798260568,-3.917532629540074,N2,5,1265,1269
-0.026883684562847066,-0.9516254483349883,-0.702134012946044,-8.122001596920018,N2,5,1266,1270
-0.27933602405914826,-0.7726215674455489,-0.8623894132979331,-8.295215285049926,N2,5,1267,1271
-0.15028596983463557,-0.6193231460806402,-0.6780322223014081,-8.095863295026357,N2,5,1268,1272
-0.3047456075578907,-0.5278909592787926,-0.6885098093742272,-8.224750121217221,N2,5,1269,1273
0.26446338581367856,-0.5258096349848274,32.47957872652914,18.053955440223216,N2,5,1270,1274
0.20353211770517418,-0.6037231753892769,27.393002296905614,21.938921967710485,N2,5,1271,1275
0.3722832440599063,-0.585545791019328,27.555386962242483,22.114482312856126,N2,5,1272,1276
0.17206880942601402,-0.5967227293957705,27.522301932782284,22.07867706313118,N2,5,1273,1277
0.8202409378076482,-0.6113251643711237,62.41669878331159,57.20387207322783,N2,5,1274,1278
0.6950720402056959,-0.44231036405595037,62.40780373292946,57.19428064010426,N2,5,1275,1279
0.6431235596977558,0.004408977853466922,62.558752516980164,57.357455924563695,N2,5,1276,1280
0.5120794007687095,0.3405530536036025,62.50691611920338,57.301461952587125,N2,5,1277,1281
0.7634565651997605,0.690146436395267,62.46489990452974,57.25601391912933,N2,5,1278,1282
0.3288006324644243,1.0070000866567426,27.35853794655268,22.019239019407543,N2,5,1279,1283
-0.12397826884794086,1.1210716333407191,-0.3020750575902639,-0.2205569941419526,N2,5,1280,1284
-0.07382930558790121,0.9442873341240954,-0.26016398935607865,-0.175228086617426,N2,5,1281,1285
-0.24397026641470348,0.8561730234625685,-0.310707870774786,-0.22992490111209918,N2,5,1282,1286
-0.4012793069005056,0.7640042263854241,-0.2473415726897656,-0.16138548699236707,N2,5,1283,1287
-0.3690671170356836,0.6680675696397571,-0.12140241003944538,-0.025202614930458368,N2,5,1284,1288
-0.04886860941849136,0.669926731119034,27.53050136265956,22.20515959349432,N2,5,1285,1289
0.22237402657359553,0.6699872826745945,32.26267527009768,17.937120226881234,N2,5,1286,1290
0.9736363778648297,0.5810573317253926,138.53927822662808,51.52461359636218,N2,5,1287,1291
0.762657797708016,0.6010185793678516,138.44270109217467,51.42027681361651,N2,5,1288,1292
0.4130051625578062,0.7195372947223945,138.15221179382206,51.106222717244236,N2,5,1289,1293
0.9583761119584097,0.8302791077546772,161.8237104604632,77.34705081381253,N2,5,1290,1294
0.4895504224848423,0.927634572917512,157.03217250669695,81.55090281289449,N2,5,1291,1295
-0.2201383952300148,0.9995490552309008,50.81882079764182,48.03178698501142,N2,5,1292,1296
0.8901171951015272,0.9500882453752837,104.89439375989605,81.55759112732194,N2,5,1293,1297
1.316796105368428,0.8062866071960457,105.81808617144853,82.55604274565849,N2,5,1294,1298
0.1842801115817224,0.5402596678342547,54.38327652967564,33.96438331926474,N2,5,1295,1299
0.46955928239455036,0.2988889487161515,54.51037016785703,34.10183137412969,N2,5,1296,1300
0.6693912108166729,0.0694761987746432,54.46615750519122,34.054022669506956,N2,5,1297,1301
-0.3722266540684018,-0.1541217359302493,0.41638193624385167,0.5560367799931555,N2,5,1298,1302
-0.5935715046198311,-0.4298872433670596,-0.3850968754966743,-0.31022585775062905,N2,5,1299,1303
0.015925303839412663,-0.6848446842397579,30.500465515929683,19.481054973218125,N2,5,1300,1304
-0.17726743221455762,-0.9127775926852337,30.486753117891205,19.466164067661158,N2,5,1301,1305
-0.2602015072251902,-1.1392192234561889,30.51383774732385,19.49541786405025,N2,5,1302,1306
-0.2086403585808739,-1.31304799281925,24.849926230790153,15.287435966344493,N2,5,1303,1307
-0.03942830409318958,-1.4447955377322017,24.966961656876084,15.413856056684745,N2,5,1304,1308
-0.009458281812953828,-1.2559650301934027,25.010388001348474,15.41905916549149,N2,5,1305,1309
0.35447967026713056,-1.0010451481384677,24.635869947353786,15.014295015332754,N2,5,1306,1310
0.9021345982093522,-0.6326248662292897,54.24894997462106,46.092111034935805,N2,5,1307,1311
0.9947542786798295,-0.31080141394045596,69.40522752605175,57.54813394639204,N2,5,1308,1312
0.9603346221093488,0.03718464406026385,69.45970319544286,57.60710120749136,N2,5,1309,1313
0.6633757964923234,0.07458329513424075,38.574721024774774,37.85816556810314,N2,5,1310,1314
0.30591745571213097,0.003362868474101788,38.90871162264957,38.21911394828494,N2,5,1311,1315
-0.5260313360357827,-0.10484504854825331,9.1389337792687,6.971971326089988,N2,5,1312,1316
-0.2911285359361727,-0.21234909888002562,-11.879433862869337,-8.524343861809758,N2,5,1313,1317
-0.4403047205701796,-0.3390566597439687,-6.915884664548503,-12.542361936045927,N2,5,1314,1318
-0.3244994659046597,-0.4626505103487631,23.725822988207803,6.9853790533336,N2,5,1315,1319
-0.39279318761074367,-0.5481640534514298,23.663315327824968,6.917859499201586,N2,5,1316,1320
-0.15561665041512923,-0.7354879347603713,23.96003229919588,7.179900620771514,N2,5,1317,1321
-0.6076570433851429,-0.8777129452593414,35.515839118743315,15.46043644149322,N2,5,1318,1322
-0.8080697220916477,-0.8370310275325664,30.205693155033806,19.103710232327284,N2,5,1319,1323
-0.48837854118778523,-0.7630706128881058,27.633804902764677,22.258047961693954,N2,5,1320,1324
-0.2663793271590748,-0.6064959671487287,27.63056701997848,22.254523017734755,N2,5,1321,1325
0.05382210502775706,-0.4085501030719598,27.448928169366262,22.058119308459574,N2,5,1322,1326
0.780076553069921,-0.030681732021292873,62.37355980950524,57.098319952082235,N2,5,1323,1327
1.0383232271912448,0.1793301430235516,67.70324805749115,57.488500814633156,N2,5,1324,1328
0.4754217480914349,0.36910780690260764,39.63082246308913,34.803660789287825,N2,5,1325,1329
0.41532013060017337,0.44689079430108336,39.398760339066214,34.55283391921985,N2,5,1326,1330
0.1428219295665599,0.5281595289019634,44.5928416048162,30.84276495911472,N2,5,1327,1331
-0.27853050923455386,0.4000470034158582,9.76500073193165,-4.092856930558628,N2,5,1328,1332
-0.031806480712214126,0.27230344516194976,4.6070731068481106,-4.356081814604113,N2,5,1329,1333
0.26696469580311943,0.15877307048199327,32.498229548567906,18.13286838599306,N2,5,1330,1334
1.0346832283497407,0.14429697518369836,32.68043491945282,18.32973655829992,N2,5,1331,1335
1.1651733470324643,0.162620261114958,27.553702777836588,22.171324818520226,N2,5,1332,1336
1.3362600885009557,0.2199388090176086,27.342172633127483,21.9427034098233,N2,5,1333,1337
1.127527709653134,0.3987202261402956,27.64705024851137,22.33102823259687,N2,5,1334,1338
1.3400274097479383,0.6810262646242506,27.49044637462066,22.161775009566917,N2,5,1335,1339
0.4966825804537052,1.080553192775875,27.593584589360397,22.214558677823515,N2,5,1336,1340
0.01213624062531835,1.554440862009369,27.585614536335925,22.2059879746128,N2,5,1337,1341
-0.4966979264856491,2.1189746312498583,27.58016337108129,22.200110862743166,N2,5,1338,1342
-0.2735249174947739,2.5612403641145107,36.96855024097167,29.335746530735925,N2,5,1339,1343
-0.32163253851497303,2.8792564718238394,38.44663854299142,37.66104007794638,N2,5,1340,1344
-0.31527012196407894,2.978808465731279,38.5286268357042,37.8084355710409,N2,5,1341,1345
0.17510773737708404,2.9614060329297613,38.30156980296888,37.562922579719455,N2,5,1342,1346
0.5265595926004835,2.8880566713589104,38.57006403670675,37.853118495359375,N2,5,1343,1347
0.256938341468765,2.7929478133643615,29.06141959591041,30.52873158813163,N2,5,1344,1348
0.3748961344131999,2.678041004318041,27.451331879552164,19.37231871763215,N2,5,1345,1349
0.2540760361879961,2.6381236854086465,27.110011064606077,19.003352594577883,N2,5,1346,1350
0.19347682407061484,2.575528665323989,27.725807320808237,19.669078192138112,N2,5,1347,1351
0.18321169619944158,2.3840234162086515,27.40308694741543,19.320195651057293,N2,5,1348,1352
0.32997666502644735,2.1906423328696123,27.210311738424934,19.170595389322262,N2,5,1349,1353
0.5100462150895737,2.073512752058588,30.65933109435864,22.34114703853993,N2,5,1350,1354
0.5738095315578675,1.8009139224444397,30.792991526324478,22.485641883109928,N2,5,1351,1355
0.9850811721086643,1.499194188505831,136.40934471623913,55.35960766293429,N2,5,1352,1356
1.0537042784718893,1.2453246291591769,141.6133352013043,51.60147231537849,N2,5,1353,1357
0.969675287424991,1.158957646189421,151.30473010384156,59.01286562379537,N2,5,1354,1358
0.36322690581271216,0.9280068506224268,120.1366959441948,36.227808697150614,N2,5,1355,1359
0.6192517694923936,0.7819992939941415,120.32670801654604,36.43317281514028,N2,5,1356,1360
0.6777696600483296,0.645122442459163,43.49501915447181,33.74159750569961,N2,5,1357,1361
0.6062810837908955,0.3879304926912056,38.45905993045453,37.68141918590118,N2,5,1358,1362
0.4872334016685954,0.0025185173593825993,28.95491728828201,30.472419443295802,N2,5,1359,1363
0.7345532153234785,-0.4376604138837166,59.72145370999497,52.82364298788161,N2,5,1360,1364
0.6809871359403814,-0.8435344812852549,59.77178315715719,52.87807575198676,N2,5,1361,1365
0.062029230845053004,-1.2148847121224406,30.525804933275502,22.196985278921783,N2,5,1362,1366
-0.17527736160481028,-1.424796550700742,30.58261605018197,22.25835697675211,N2,5,1363,1367
-0.10690112416126567,-1.6754002384239783,30.561544664029498,22.235577845659282,N2,5,1364,1368
-0.12000875061281704,-1.4432925229271347,27.626917884222348,22.309319560270524,N2,5,1365,1369
-0.4752841317632715,-1.1553978045885116,27.485101331863554,22.156025697293806,N2,5,1366,1370
-0.5354080708715173,-0.752849979794712,27.53462713198387,22.20955682953063,N2,5,1367,1371
-0.15617213467565988,-0.3805301415931865,27.45297651038709,22.121317998824814,N2,5,1368,1372
-0.3026284440534027,-0.007016787690659498,36.917275858954234,29.33896499777766,N2,5,1369,1373
-0.74425385711412,0.022620911520522213,9.142166300390091,6.975439465181262,N2,5,1370,1374
-0.48760379564882894,-0.04171553759542803,8.987858472879452,6.808661655167816,N2,5,1371,1375
-0.341788865504725,-0.18582535068964603,9.216482690059639,7.055806724711147,N2,5,1372,1376
0.5860586949893672,-0.25046515948752984,76.17780051856244,60.03053938002122,N2,5,1373,1377
1.092985402767931,-0.2640949173874759,66.85326811998675,52.96395779201994,N2,5,1374,1378
1.5893427632580939,-0.25846055300928017,91.43852037316537,72.63173118031409,N2,5,1375,1379
1.5627246708198186,-0.23307584819606292,91.49454048207699,72.69224129534413,N2,5,1376,1380
1.6184302807540802,-0.1204361712488918,85.78181131315505,68.43153756737593,N2,5,1377,1381
0.6266520688552191,-0.0738519816152916,22.472566501412075,17.783243426195988,N2,5,1378,1382
0.18127084016231265,-0.02447977204773224,18.130343997184536,15.004083345069375,N2,5,1379,1383
0.26737863420993335,0.4263968615028489,21.548910011751286,12.437594292132417,N2,5,1380,1384
0.32669039634374714,0.8688933042208447,21.511253293357733,12.396868832224573,N2,5,1381,1385
-0.07938011819587701,1.1977817266260047,27.056431644143593,16.476464511905213,N2,5,1382,1386
0.2549978756782707,1.5271275359801764,23.484512926460592,14.236624415630649,N2,5,1383,1387
0.12259230772676802,1.8284444756744391,27.563054184408976,16.730737940951077,N2,5,1384,1388
-0.2875524633724694,1.7128715995169557,-0.19582934170757654,-0.10582728559093084,N2,5,1385,1389
-0.2959521214920301,1.5939608038115949,-0.07172666494006989,0.02842179685976589,N2,5,1386,1390
-0.1301509816752855,1.4833982378294734,-0.15254164987272817,-0.11766601654235273,N2,5,1387,1391
-0.6929635826233153,1.3497719695529924,9.248690338406595,7.031909515902226,N2,5,1388,1392
-0.5054009989424116,1.1967413353358836,9.018190191301983,6.782751483705942,N2,5,1389,1393
0.35218208883933355,1.1478431854617583,56.148756732772746,51.74730897437257,N2,5,1390,1394
0.24182106282485166,1.1731571063491912,56.171253817094836,51.77156138636055,N2,5,1391,1395
0.38272743978926654,1.2813901829642134,56.16943722202122,51.82834902676113,N2,5,1392,1396
0.5937307818477506,1.3490370446092612,46.72093121478683,44.62766283339734,N2,5,1393,1397
0.7095306849801546,1.3920394231411763,47.0777925783128,44.954696216578306,N2,5,1394,1398
0.42470579957516746,1.6082648147188905,27.50479130475869,22.118558539255172,N2,5,1395,1399
0.5904776122078829,1.8993464950493788,27.495320011279546,22.108283346642565,N2,5,1396,1400
0.4528989471780278,2.0670506491196887,27.53740164951596,22.153743427825976,N2,5,1397,1401
0.47465274205134167,2.3343217845102955,27.338151978065433,21.938426412940316,N2,5,1398,1402
0.6707004259690734,2.5814961836385946,27.3942423106404,21.999053527816432,N2,5,1399,1403
0.02486558681778206,2.493989615577958,-0.382093173537578,-0.36580054521764394,N2,5,1400,1404
0.15095765392030672,2.219910161992402,-0.19172947831393686,-0.16006083962129197,N2,5,1401,1405
0.27345899698563014,1.93576452391342,-0.2247287633275846,-0.19570929866604275,N2,5,1402,1406
-0.02509592918685257,1.5419157787607147,-0.10594175547157647,-0.0673616746935295,N2,5,1403,1407
-0.29107340365405887,1.1642589168216204,9.397461195927463,7.251332317793276,N2,5,1404,1408
0.02655308872272144,0.7596143589881095,37.00168115095003,29.390356359098224,N2,5,1405,1409
-0.06871608227265824,0.5820417459313475,66.11239741048776,59.92524251508585,N2,5,1406,1410
0.08413898423696083,0.4054489124187356,66.14373932643502,59.95912962714501,N2,5,1407,1411
0.41151100421425324,0.234018129112863,66.18106709354615,59.99957918339787,N2,5,1408,1412
0.40794635891846837,-1.2730272366923145e-05,56.231724643043705,52.25756743773964,N2,5,1409,1413
0.559569674556269,0.2237829299395017,59.863731650586125,50.28867987176782,N2,5,1410,1414
0.5499426046490384,0.2385141723988511,30.615905734035188,19.60563003422576,N2,5,1411,1415
0.33945778814359073,0.24090926931621084,30.344346010488515,19.31202134106861,N2,5,1412,1416
0.11773259062698571,0.2537253732121158,30.56210613541625,19.547399969026447,N2,5,1413,1417
0.13722154170795875,0.37158765192158827,35.907514883059775,15.942194859932352,N2,5,1414,1418
-0.41431523768087575,0.03897031304516787,4.772662170318654,-4.11840349145059,N2,5,1415,1419
-0.46647040411018,-0.31579788032081096,4.4002649127403854,-4.520942606663448,N2,5,1416,1420
0.4448034985082586,-0.6509506199674846,110.99259391137166,29.407810774008976,N2,5,1417,1421
0.2833793151917462,-0.9244398463623569,110.79187113643275,29.1907982064673,N2,5,1418,1422
-0.07639330108029299,-1.2349021776107165,115.33552624388976,40.472866024071116,N2,5,1419,1423
0.5572516399886013,-1.5012852034562982,143.0146533330466,62.73271815685875,N2,5,1420,1424
0.33882345847587203,-1.6282790901152708,143.1817878948903,62.85463774820528,N2,5,1421,1425
-0.4718503130451722,-1.6748846473455146,36.998010709621305,29.367550608795135,N2,5,1422,1426
0.022188403655331968,-1.722496347520837,63.12961493053153,57.67044275178341,N2,5,1423,1427
0.21414207620431397,-1.7521134616107432,53.630242379551056,50.414842694756224,N2,5,1424,1428
-0.010367279722106559,-1.6035341492027044,56.70271420822537,47.80146035515209,N2,5,1425,1429
-0.07962917742186164,-1.2913075165660843,56.7192562878292,47.87810257897945,N2,5,1426,1430
-0.2972895686464767,-0.9936854857596884,56.7451488389619,47.906087886741446,N2,5,1427,1431
-0.5936325134427307,-0.7199034330051717,30.43414149910823,19.409263198768894,N2,5,1428,1432
-0.2925584459823199,-0.32573158571504024,30.469648705566943,19.44765206880256,N2,5,1429,1433
-0.766913853421056,-0.0690374708536865,-0.3319815052396734,-0.2528851812152425,N2,5,1430,1434
-0.5036752205974153,0.0027073346852247936,-0.26570665741892296,-0.1812840917351423,N2,5,1431,1435
-0.3615228826851876,0.06633570378167661,-0.2403772458390449,-0.21266603627009317,N2,5,1432,1436
-0.2504272048916846,0.12718237293754128,-0.1293143204311491,-0.0926442829426378,N2,5,1433,1437
-0.5031957974232114,0.16126019854095547,9.350385735623423,7.141688627048279,N2,5,1434,1438
-0.025627619903536923,0.20390992144262157,36.965074794569226,29.331888537979104,N2,5,1435,1439
0.22848093679708653,0.3464608630284289,37.022503980893816,29.39400366001064,N2,5,1436,1440
0.34505154160475515,0.4789790258000707,36.99709588770056,29.425268539675745,N2,5,1437,1441
0.09876490125412829,0.6197491136340204,36.977113817771894,29.403705498907946,N2,5,1438,1442
0.7068513634967417,0.7819258014997686,56.77611732941732,52.885776482404616,N2,5,1439,1443
0.5191545434300338,0.9239901035958085,56.869660457813005,52.98685145612835,N2,5,1440,1444
0.21413388271515715,0.9874004028256635,45.17687157802429,44.55822455764137,N2,5,1441,1445
0.24454126984130653,1.1452885839497298,44.79341048960632,44.143782719562296,N2,5,1442,1446
0.529337521309617,1.2893935818109028,44.995490216321194,44.24471242622094,N2,5,1443,1447
0.1718953107560992,1.3282660553396055,20.841918800759593,9.621973533547134,N2,5,1444,1448
-0.01825776279265483,1.3615292037019544,-6.951174554289901,-12.760997952210891,N2,5,1445,1449
-0.17671958312073457,1.283885978442656,4.275731113120855,-4.894735721143661,N2,5,1446,1450
-0.43105652193561356,1.1080841071483547,5.079570300214982,-4.025839904908207,N2,5,1447,1451
-0.7185396912809893,0.9154470375054217,4.828648938119295,-4.179565735548385,N2,5,1448,1452
-0.730820603487382,0.7253639674703862,-0.4473555290082004,-0.43635538052476475,N2,5,1449,1453
-0.06832398664554376,0.5639573557496107,33.419124548186666,27.219465196502277,N2,5,1450,1454
1.2201630367141774,0.6017223858680183,33.901427234995936,27.7996233973201,N2,5,1451,1455
1.6942487243468805,0.4577970563898958,33.341204964501955,27.19401493503974,N2,5,1452,1456
2.5282452557565307,0.17283878754389406,88.08291122905503,61.43963986873714,N2,5,1453,1457
2.377955159082569,-0.3139473862610146,87.94437897064199,61.289916251775864,N2,5,1454,1458
2.3338889855850424,-0.7661561540339278,85.00390867194218,53.46904255539848,N2,5,1455,1459
1.724437041795784,-1.54928121941915,114.26106635451143,84.16213301049429,N2,5,1456,1460
1.4674287360740892,-2.2850063345022718,114.40012370376789,84.31246803383256,N2,5,1457,1461
0.741255908620792,-2.9764356392667595,64.58560272169125,49.963108240983274,N2,5,1458,1462
0.4485114803458714,-3.489083888051039,65.00594160257897,50.41749116397259,N2,5,1459,1463
-0.04683331562512194,-4.146256180352367,34.10143650816317,30.605717406365148,N2,5,1460,1464
-0.34766224464176504,-4.7430857778265665,4.91416258532845,-0.011856089206412434,N2,5,1461,1465
-0.37542766400308664,-5.263952726565131,4.734066870959941,-0.20651700749003793,N2,5,1462,1466
-0.15622940559310336,-5.723327042634635,-5.596201978276076,-4.028859192537493,N2,5,1463,1467
0.14130836244378314,-6.092758643864417,-5.763274946552701,-4.2094873476962675,N2,5,1464,1468
0.5434972954681939,-6.323277693598376,21.969107557155077,18.068133916101942,N2,5,1465,1469
0.4732552711700805,-6.561010383768976,20.44463403372356,16.361524191568606,N2,5,1466,1470
0.4353141715013521,-6.6790835094954755,22.077743359521264,18.126803650210785,N2,5,1467,1471
0.3330477587020596,-6.7351240343571535,37.0331290304297,29.36572461625183,N2,5,1468,1472
0.28803948147364056,-6.746420510893975,37.08267534078332,29.419251306263323,N2,5,1469,1473
0.3952884865484066,-6.526923048080292,36.92095423888386,29.284277968785318,N2,5,1470,1474
0.2948914704012623,-6.173381354761688,38.51954898368276,31.070989950971853,N2,5,1471,1475
0.5160700931590896,-5.760435034203837,66.23771906121401,60.1005412477316,N2,5,1472,1476
0.606172209372312,-5.2164224640187085,56.72801758916612,52.83367619586934,N2,5,1473,1477
0.8020306395094622,-4.729100956679849,56.73677016694565,52.784435830065924,N2,5,1474,1478
0.22898043885157904,-4.429333258027907,29.122536904996377,30.594784921202518,N2,5,1475,1479
0.4033275016294965,-4.039395445155617,28.942370775394373,30.40004788816441,N2,5,1476,1480
0.37811978197429424,-3.699325088569725,-0.24030185244628227,-0.21253235906624468,N2,5,1477,1481
0.09515407483440867,-3.405769823023218,-0.28045142780174503,-0.2558643855183618,N2,5,1478,1482
-0.11563321621663362,-3.064494213605775,-0.2642117318260716,-0.17958622936275787,N2,5,1479,1483
0.026601871100876907,-2.698604818185868,27.589751689272816,22.269154484626778,N2,5,1480,1484
-0.4025974669074799,-2.0027574769107446,27.57932512035477,22.25787231588911,N2,5,1481,1485
-0.21626875868132628,-1.3957451663033908,133.25415303135668,55.195227599117786,N2,5,1482,1486
-0.18897411562937805,-0.7888931427660737,133.53975436728652,55.44524346491962,N2,5,1483,1487
0.06025667859071291,-0.28285976018909764,143.056270760615,62.71940251752967,N2,5,1484,1488
0.48080228282693727,0.18938609514675592,143.00426186140248,62.66317128667288,N2,5,1485,1489
0.655556482536656,0.273643825470873,143.0391670129364,62.700887337695164,N2,5,1486,1490
0.18180416399031857,0.3462069196756318,37.15134359016811,29.533335768077812,N2,5,1487,1491
0.23415787993802722,0.32669541479971825,36.94372158137412,29.36760202362202,N2,5,1488,1492
0.36415602068079805,0.2751999282202803,56.760394221109166,52.86874098141125,N2,5,1489,1493
-0.18531213501415778,0.12196440583704202,28.991181245852204,30.511590275610796,N2,5,1490,1494
0.06595532858575552,-0.02643252961935332,28.997259658700205,30.518226202159713,N2,5,1491,1495
0.35077979129770254,-0.14352990855937833,29.186010064814763,30.722246444546908,N2,5,1492,1496
0.22232275593953546,-0.30461654804420846,34.01200947747857,26.555650922315543,N2,5,1493,1497
-0.23018822696739108,-0.41450750939716274,4.718610325812188,-4.176565481199941,N2,5,1494,1498
0.2868162747716269,-0.5621639222014153,32.42952772570861,18.117642707383492,N2,5,1495,1499
0.27616913609538185,-0.7652631088750297,32.49870937290689,18.192405251745367,N2,5,1496,1500
0.1890997507637394,-1.0419389361192941,32.3283666346746,18.00824976990116,N2,5,1497,1501
0.5085981256632067,-1.2347259400812163,27.614985826116754,22.296582595063956,N2,5,1498,1502
0.7370300575452461,-1.460828879397758,41.22198723719193,25.9499627209967,N2,5,1499,1503
0.6733350575543795,-1.3574518449293635,41.27972078176681,26.012308007615502,N2,5,1500,1504
0.3080584106930019,-1.123631170466615,41.13478552919842,25.855570205984986,N2,5,1501,1505
0.1527632479942099,-0.7298570614261279,41.11432339050079,25.833412914499057,N2,5,1502,1506
-0.18455860687693076,-0.3679256671896667,41.137164931539154,25.85808085891913,N2,5,1503,1507
-0.2172599378804989,-0.014005857696082558,25.161574756620393,19.64433925267076,N2,5,1504,1508
-0.6213795022774662,0.07857229438043305,-18.730482245578607,-13.121544911015372,N2,5,1505,1509
0.17777384379470504,0.006129039288117611,10.651704984204844,17.706768957441092,N2,5,1506,1510
0.12497158588705588,-0.08284960570526892,10.633132117500645,17.686720099613012,N2,5,1507,1511
0.3793424405006249,-0.18158776503743185,15.29706654282345,13.34491095617268,N2,5,1508,1512
0.5988693171988985,-0.23823278221769328,17.871298282867066,16.068746214151908,N2,5,1509,1513
0.911290686316977,-0.23630464252502748,64.76856487704791,46.148605206747014,N2,5,1510,1514
0.5200207953967947,-0.2427437527261304,35.453763386813804,15.393164022530254,N2,5,1511,1515
0.5154707358826158,-0.3098812229052612,35.52588452730269,15.471085906834924,N2,5,1512,1516
0.37037698744380804,-0.37909514195489463,30.824847301255794,19.7728115741731,N2,5,1513,1517
0.047036727551619605,-0.29839159533285053,39.98111892978777,26.71627833006496,N2,5,1514,1518
0.2291540179648109,0.00842837325826622,36.987476604615225,29.414804229895527,N2,5,1515,1519
0.11913421019396538,0.31054969763295615,37.05130740043387,29.483830228127772,N2,5,1516,1520
0.2091441939381525,0.5811100585272527,36.95428050882183,29.37896951017756,N2,5,1517,1521
0.30365722508596493,0.8423248947439561,37.00689419556729,29.435863291015266,N2,5,1518,1522
0.2862725149256903,0.9023313659236066,27.415759264498774,22.02231017924787,N2,5,1519,1523
-0.3572726169172597,0.6425101183409879,-0.3010895320039708,-0.27820662950834957,N2,5,1520,1524
-0.622522741039063,0.4873563274928244,-0.6122888712765416,-0.6146113895141753,N2,5,1521,1525
-0.13012730699510938,0.3352998751114512,29.047855736417112,30.514110675497797,N2,5,1522,1526
-0.18331389987635022,0.20546789009483746,28.985390874328733,30.44654668390431,N2,5,1523,1527
-0.2329699963609187,0.07991123011943842,29.09428354400734,30.62299499893852,N2,5,1524,1528
0.27169386474780594,-0.007421748789869298,56.90418744002964,53.024095120938725,N2,5,1525,1529
0.7022361459219496,-0.18946151373434078,57.137738220981554,53.276554281357676,N2,5,1526,1530
0.07883940843548772,-0.36428089691590343,27.568383886308585,22.245997929389706,N2,5,1527,1531
0.1826067186077239,-0.5876349400669938,32.326560562217495,17.81682771857013,N2,5,1528,1532
0.3591564483529737,-0.7934583448366993,32.49365239996259,17.99753492932505,N2,5,1529,1533
0.3638281459217637,-0.7094032154430124,40.71595581457368,20.219848042755622,N2,5,1530,1534
0.08538890773877483,-0.6075346731072842,40.98023702750943,20.505522674124222,N2,5,1531,1535
0.10670262195378655,-0.5017904700732061,40.936323107944915,20.458047926182918,N2,5,1532,1536
0.6774891810643112,-0.3698517604083008,92.59231122399797,58.9656630095822,N2,5,1533,1537
0.6723642884210335,-0.20067546921483198,97.2470518995935,54.613886946723504,N2,5,1534,1538
0.08706071199241024,-0.3347437156945773,61.399306332609555,30.189800180174643,N2,5,1535,1539
-0.1419323131670353,-0.47737314557904253,61.1838843747566,29.95697278444277,N2,5,1536,1540
0.07867912975077615,-0.6180035916546387,61.31433490970085,30.097930588499004,N2,5,1537,1541
-0.7389085581430322,-0.7421233258985354,4.547953495476395,-4.361190003117372,N2,5,1538,1542
-0.2220546689215439,-0.9333510370191505,29.069075435766717,30.595783936188674,N2,5,1539,1543
0.5515666912676579,-0.9217678735448203,59.675589789428344,50.08542340226122,N2,5,1540,1544
0.8286274999600437,-0.9163721641544953,59.536392154896745,49.93485665114713,N2,5,1541,1545
0.7690541953576939,-0.8837410753199209,59.7631461497178,50.18007391005958,N2,5,1542,1546
0.8878225552203958,-0.8861160084488973,54.51768496358854,46.424432195123515,N2,5,1543,1547
0.32098034454910473,-0.7421461380650953,25.15988748939708,15.62255150564015,N2,5,1544,1548
0.13054108566657305,-0.6731029792173672,22.166473476412648,18.32133247617894,N2,5,1545,1549
0.28844546578310426,-0.38948954477085634,22.250099072077138,18.411766995437212,N2,5,1546,1550
1.179386974146371,-0.12475742157528771,127.99060851535614,51.41989367996575,N2,5,1547,1551
0.9690300460301955,0.19117074089463698,143.02557610143995,62.744741263355536,N2,5,1548,1552
1.0555974453214616,0.4150748642308827,142.99903779897286,62.71606798523135,N2,5,1549,1553
0.4730720579527315,0.6194930636167726,115.19152493316797,40.31745226293278,N2,5,1550,1554
0.41848176534161896,0.6205991226475647,120.28701671285963,36.44212350336166,N2,5,1551,1555
-0.4759790285834242,0.6169167935560325,14.016057186377292,2.860595124740212,N2,5,1552,1556
-0.09602344139568686,0.5989187766170687,4.7056680278168646,-4.190722335704777,N2,5,1553,1557
-0.4057374002946517,0.5690061275989308,4.659510309140023,-4.240641007621889,N2,5,1554,1558
0.23169609111703265,0.536384007135905,35.38583794505539,15.378602486585441,N2,5,1555,1559
0.3178991044674831,0.5920379289743607,59.78968263068091,50.1744175416723,N2,5,1556,1560
0.3646450879672784,0.6274775626737551,59.98094044861646,50.38115588420769,N2,5,1557,1561
0.2736830097953543,0.6561202541662794,59.73118000106187,50.11116165276762,N2,5,1558,1562
0.4997876170668178,0.6568906312633146,59.81690336431202,50.203791226017344,N2,5,1559,1563
0.5091283956051939,0.7474685957227052,59.813540168428155,52.84890211844758,N2,5,1560,1564
0.4622203828695774,0.8221592404586773,35.24161977117619,21.883686801871228,N2,5,1561,1565
0.5902955108808101,0.890529109345664,35.37273520414165,22.025358679170314,N2,5,1562,1566
0.5247796546571408,0.9504591387006996,45.03839645094122,29.40895955425949,N2,5,1563,1567
0.6477721190875627,1.0262099773726958,45.01281246008875,29.381292161659804,N2,5,1564,1568
0.2402205958042714,0.8951653962941236,14.380047547907452,7.214507024789055,N2,5,1565,1569
0.04095123510144276,0.6536192823122974,9.289288727982784,7.082703295594547,N2,5,1566,1570
-0.03321349173149883,0.4156905519662928,9.31063725752756,7.105792999590631,N2,5,1567,1571
0.05169705925231938,0.20175028942123846,-0.3120656569255516,-0.2313404345230083,N2,5,1568,1572
0.06296858360224178,-0.013580010523531883,-0.3476194634073181,-0.26972094836091853,N2,5,1569,1573
0.5341394223788711,-0.15857739144905736,27.31131185492268,21.968253120475858,N2,5,1570,1574
1.8509376556342658,-0.15595995114577477,27.442026276429534,22.109522800601553,N2,5,1571,1575
2.6390146724951817,-0.14695143259102678,50.352326183821425,48.099303900974334,N2,5,1572,1576
2.8331012151503954,-0.03936588443993969,50.32864023039874,48.01491790637374,N2,5,1573,1577
2.809918592848862,0.07969129435003879,50.39135688208917,48.08266888882063,N2,5,1574,1578
2.8457093016686485,0.44728540264925415,53.371872406068725,45.36995701425476,N2,5,1575,1579
1.6992246140498763,0.6940349778420227,53.61220297358523,45.62974757169722,N2,5,1576,1580
0.8140104980726619,0.937404018674448,30.446259796078085,19.363628215005157,N2,5,1577,1581
0.4759037361723131,1.0571040310761362,30.562377624108922,19.547870931468786,N2,5,1578,1582
0.08152224908590142,1.1637463954542226,39.97602194540377,26.710889421452883,N2,5,1579,1583
-0.32144450041157596,0.9703958286546139,9.42307924630877,7.279165781631309,N2,5,1580,1584
-0.6061120439936303,0.9617523047647978,9.284044202844962,7.128854895054246,N2,5,1581,1585
-0.6623412159923419,0.9518646450365736,9.414309390008565,7.269686686010391,N2,5,1582,1586
-0.4809231724142137,0.9353639248134413,9.321561772256974,7.16947763482749,N2,5,1583,1587
-0.3403025868018631,0.9092119728046726,-0.11790271753270645,-0.021442442759871484,N2,5,1584,1588
-0.17520446131281914,0.9216919734339285,24.149486213969066,19.30279564319353,N2,5,1585,1589
-0.17185507045053328,0.8349580095156114,24.2130227914633,19.371524627106556,N2,5,1586,1590
-0.1297589766465535,0.7425676515279122,24.2449079619837,19.405930205188632,N2,5,1587,1591
-0.140582851119143,0.6782525098181964,24.304392351410932,19.470194455362797,N2,5,1588,1592
0.28779452751396095,0.5782585377074951,53.48444231267786,50.07999593462591,N2,5,1589,1593
0.42503845998005546,0.5410203542747922,59.94113798279723,50.37237371011288,N2,5,1590,1594
0.5525651415463017,0.598932319460016,59.730450097605356,50.1445837510124,N2,5,1591,1595
0.33511043539906493,0.7414231308231536,59.68111467726703,50.032542986339834,N2,5,1592,1596
0.31203275918073814,0.8430348406662574,59.76848459438479,50.12701840145019,N2,5,1593,1597
-0.07810311193286452,0.9689676305330067,40.06668746790092,26.750048405306007,N2,5,1594,1598
-0.5841367238414023,0.9470305723907189,9.226759281454724,7.008152316558698,N2,5,1595,1599
-0.6230107742786004,0.753868341393644,9.329958039676422,7.119664666353492,N2,5,1596,1600
-0.651880154935111,0.46447765052828344,9.40098651482258,7.25523728102562,N2,5,1597,1601
-0.5988256425397367,0.1153405110677852,9.077099326869938,6.905097803386161,N2,5,1598,1602
-0.5710022101945924,-0.24300515969013645,-0.38899198491417336,-0.3146329267387046,N2,5,1599,1603
-0.16502925250429143,-0.5326413070600495,30.47285228195542,19.450961511733475,N2,5,1600,1604
-0.2711910866290509,-0.8607120427034942,30.484771204262508,19.463879856403217,N2,5,1601,1605
-0.27190306597678954,-1.0889761789921635,30.527263870666502,19.509742119499425,N2,5,1602,1606
-0.3985253104421872,-1.230279553886021,30.67500340026454,19.66942341882386,N2,5,1603,1607
-0.4282670514548954,-1.2329151115036439,30.569009682926115,19.55488144107221,N2,5,1604,1608
-0.17888707285621877,-1.0742712999337414,46.77514131941134,44.71315623383416,N2,5,1605,1609
-0.20905071808761022,-0.7002013050910307,46.686356030317256,44.617197392560776,N2,5,1606,1610
0.12118210285780151,-0.38639316935067997,46.671302226412806,44.6009562618623,N2,5,1607,1611
0.05047864879068129,-0.06602012544588547,46.7357893641165,44.670655147491196,N2,5,1608,1612
-0.04019383588376968,0.2545506439658823,46.81524525322893,44.75658308794082,N2,5,1609,1613
-0.669771822648545,0.37661355141393643,9.272628988756333,7.116446100802568,N2,5,1610,1614
-0.5479249625679813,0.4016409659350984,9.290018594800495,7.135262701116153,N2,5,1611,1615
-0.11301215110349858,0.41916817346293556,115.13071143177804,40.25183896083181,N2,5,1612,1616
0.9149457919891801,0.4457155764856566,173.52738251657283,72.35394696288131,N2,5,1613,1617
1.1137463045093454,0.37861789216956937,173.58336494934048,72.35571004761877,N2,5,1614,1618
1.3810413621633644,0.31628777009288456,197.49944934614467,81.7332382471679,N2,5,1615,1619
1.4434854828838752,0.17115447921461852,197.6279555293848,81.87217208690417,N2,5,1616,1620
1.112870514849942,0.007871130413946048,91.6833459103771,48.64324775279092,N2,5,1617,1621
0.02864132646291182,-0.16651855340862198,33.15778019707068,16.40189240416803,N2,5,1618,1622
-0.07246632089627383,-0.31554231182685727,33.287756666730274,16.601123785534583,N2,5,1619,1623
0.12337502163500176,-0.2877530602014303,30.376331530229074,21.995586666214514,N2,5,1620,1624
0.5224998014049106,-0.0577048800690136,59.75991077616345,52.79095298118627,N2,5,1621,1625
0.210379678695449,0.18012730485440898,59.85137144325417,52.88981214152591,N2,5,1622,1626
0.5379567699648306,0.5115870617064331,54.42130485537054,48.93462136087328,N2,5,1623,1627
0.7521755118292504,0.807051928298381,54.26346299516153,48.76400313666672,N2,5,1624,1628
0.0938619072341453,0.9182541378003293,23.763177774401264,26.681687763513764,N2,5,1625,1629
-0.2577925957148864,0.8181506793282324,-5.713276777198189,-4.214057665981818,N2,5,1626,1630
-0.0814907271016864,0.7045057622921774,-5.83491696685378,-4.345535483858839,N2,5,1627,1631
-0.18202016732086576,0.5048979807198009,9.336947497812798,7.1272965802549155,N2,5,1628,1632
-0.37727772327289133,0.3078668905410552,9.255873091093964,7.039708192914259,N2,5,1629,1633
0.3289904439937345,0.08384238637864883,39.913152907235784,26.64299211360485,N2,5,1630,1634
0.3225623865220314,-0.1450280479409912,39.95720412647934,26.69056203424261,N2,5,1631,1635
0.38487704538217715,-0.36090006160350185,39.954122004687086,26.687269750832638,N2,5,1632,1636
0.5069291924273557,-0.5961734918763966,30.447762376017636,19.424130268803857,N2,5,1633,1637
0.4052566054836234,-0.7950926951231168,30.498349645722193,19.47881523152173,N2,5,1634,1638
0.2443431020407843,-0.6982257353528553,27.56275769842323,22.240078297161382,N2,5,1635,1639
0.1783029414593102,-0.5941205172669981,15.86822460659314,13.809585944689752,N2,5,1636,1640
0.03013458986549722,-0.48277788353133244,15.710481355452794,13.639010553769186,N2,5,1637,1641
0.0867219797639791,-0.3626030891512471,45.14010561433679,44.518445989703466,N2,5,1638,1642
0.2610647549284749,-0.1689598765632354,45.11473896814569,44.49099242937664,N2,5,1639,1643
-0.08969301323945729,-0.1317782119284175,17.345879580441398,22.13413668580906,N2,5,1640,1644
0.06144638112621124,0.016250598961573815,29.089552115561673,30.61779013020423,N2,5,1641,1645
0.08074113118248079,0.25798769712411057,29.21005866865744,30.74813735862699,N2,5,1642,1646
-0.004798272761104272,0.4837895038040017,9.134957689183647,6.967695227346849,N2,5,1643,1647
-0.19343788146727547,0.5925223414188452,8.83906736985664,6.647866916866041,N2,5,1644,1648
0.3537777629211405,0.5978839228449487,37.03073174373712,29.46164683364186,N2,5,1645,1649
0.27918113291877944,0.4838526435473227,37.04555140183074,29.477597275641166,N2,5,1646,1650
0.18686999819251468,0.3443374054453045,37.02379813558364,29.454058941273253,N2,5,1647,1651
0.2064156632253571,0.22627974865496867,27.664629856994726,22.3499702622692,N2,5,1648,1652
0.3179848030590392,0.10354878781211596,28.03468940627936,22.74994726670702,N2,5,1649,1653
0.15372848634335695,0.3428269270290116,27.457851742417553,22.126537503817236,N2,5,1650,1654
0.1629953601546049,0.8646270077415863,27.276341319215135,21.930367320225923,N2,5,1651,1655
0.6760352150871768,1.2926520500135097,27.418406861516996,22.08395705938019,N2,5,1652,1656
0.4189314551643292,1.6897108100862908,27.318638057110366,21.976145243865904,N2,5,1653,1657
0.7333636158722356,2.071199453912601,56.72740840672632,52.83313867004326,N2,5,1654,1658
0.4493845455447172,2.158362214333715,29.133727297958103,30.665659999643687,N2,5,1655,1659
0.26128860767425977,1.9436684280072825,29.11142002939305,30.58282038262405,N2,5,1656,1660
0.28982297663233114,1.7290867764204279,29.15046479985467,30.625010420598848,N2,5,1657,1661
0.5532049846225618,1.5951283774445586,29.151174719523986,30.625773261021823,N2,5,1658,1662
0.3235478743107706,1.4642263272641685,9.292008012291626,7.026946944445081,N2,5,1659,1663
0.8922321337985523,1.2266643972954796,37.013067304113065,29.332090454935678,N2,5,1660,1664
1.0837866536598995,0.9831752765889519,37.07545661131153,29.458274506211456,N2,5,1661,1665
0.29103431516018646,0.7297915742566943,37.03956804155896,29.419430292201287,N2,5,1662,1666
-0.19525133533618372,0.33785315243438846,37.01684589764918,29.394896950952536,N2,5,1663,1667
-0.15623237693034753,-0.018842578720125402,27.45176927520661,22.120051228030935,N2,5,1664,1668
-0.3605905428300048,-0.33536229256981753,27.407970709310028,19.384230730919807,N2,5,1665,1669
-0.4284899856043694,-0.60100924985382,27.459629468995264,19.44005379416194,N2,5,1666,1670
-0.24169809359461852,-0.8617956507102121,27.511206728222895,19.49584742553852,N2,5,1667,1671
-0.04446477799926925,-1.0695991996894918,27.511127814927022,19.495730015879964,N2,5,1668,1672
-0.15136550686368083,-1.3173565429684913,27.416771312331548,19.393673391395716,N2,5,1669,1673
-0.6541378924196352,-1.5743956090872189,-0.3805315316218184,-0.30531265444442396,N2,5,1670,1674
-0.3189360271680243,-1.8037577990817397,29.093808080081363,30.622542192362015,N2,5,1671,1675
-0.33586988921852023,-1.9240485201974196,29.02029134145705,30.543030084253406,N2,5,1672,1676
-0.24749437690736614,-1.834658353349789,28.876395097511704,30.387544898802297,N2,5,1673,1677
-0.10547385092424974,-1.6354989903548756,38.6690293835476,37.960130253493844,N2,5,1674,1678
0.2494633638315463,-1.5059819215795074,66.28387064526032,60.15043163462978,N2,5,1675,1679
0.252288460748764,-1.4474321787772624,36.933653723547465,29.297998403968812,N2,5,1676,1680
0.9788516716049116,-1.4276867739561112,142.94691832715472,62.60106681555626,N2,5,1677,1681
1.0311863025164256,-1.5663615131298514,143.05513373595605,62.718028647218304,N2,5,1678,1682
1.0577559462952877,-1.80479740789649,133.4804348116915,55.381027495700984,N2,5,1679,1683
1.3131872132328226,-1.4552739061744149,133.59117773364997,55.5007406333214,N2,5,1680,1684
1.3657598721001931,-1.0656237432862496,133.5298624172283,55.493173605688206,N2,5,1681,1685
0.9813353342637583,-0.7108366501305625,27.496228591180987,22.10936533951899,N2,5,1682,1686
1.0417697481831056,-0.37321869173528627,27.55336951618083,22.171072434389497,N2,5,1683,1687
0.7811759966192995,-0.011290186638655086,27.527368536574066,22.142996467254125,N2,5,1684,1688
0.15032527526998365,-0.07457234047905673,-0.2493159359903075,-0.2810606174229179,N2,5,1685,1689
-0.1654844692104689,-0.1433087087913009,-0.3182028444542084,-0.3554348851030227,N2,5,1686,1690
0.20060641960997144,-0.09907230641038041,29.142720921264846,30.616666411988263,N2,5,1687,1691
-0.08064644893465811,0.13919288834475765,28.998092006047955,30.460361590082176,N2,5,1688,1692
0.21136324988253818,0.48133445723521506,38.48048796253861,37.69758963480854,N2,5,1689,1693
0.8452399854132182,0.7340585328305054,69.3724768019747,57.55456074947724,N2,5,1690,1694
0.7884981939179625,0.9822266154883778,69.2860246610915,57.46103041082679,N2,5,1691,1695
1.5147699914250097,1.1311466658248719,40.009008505847305,26.746440610698482,N2,5,1692,1696
2.6986775934877416,1.2079998919124648,94.69376842268684,60.865802535678085,N2,5,1693,1697
2.409993950613398,1.1937122527975306,85.15160069394915,53.56398860150075,N2,5,1694,1698
2.1939478110702795,1.2974420030865814,85.02162056036177,53.42353790386405,N2,5,1695,1699
2.1752939062877656,1.403433528528018,85.23922010876996,53.65880668877507,N2,5,1696,1700
1.0829312199602783,1.5000795894822716,85.11671220989084,53.46770526922337,N2,5,1697,1701
0.11692278506911861,1.470699445048672,30.414785503494205,19.27097350538679,N2,5,1698,1702
0.4013168416109238,1.435822591711593,30.50205489343789,19.36527612038335,N2,5,1699,1703
-0.1364727642604066,1.2837207557587533,-11.825027857470559,-8.583091606176458,N2,5,1700,1704
-0.04910361831155115,1.1022216812949979,-11.873490170514561,-8.635498671396636,N2,5,1701,1705
-0.25525114005126853,0.9096494367269543,-7.277071763447021,-8.979310952914238,N2,5,1702,1706
-0.16759238376137092,0.8183355240868139,-12.657868550461718,-12.822433818684658,N2,5,1703,1707
0.26845701902191194,0.8239955897713912,16.83538873406942,18.125831784954062,N2,5,1704,1708
0.9706806722640067,0.8466273054710598,59.26349146672292,46.183343585017425,N2,5,1705,1709
1.1691776687347102,0.9834853174067405,59.1965169904026,46.11098531590251,N2,5,1706,1710
1.3449009392526932,1.139533236841237,54.63037765953923,46.54623519922025,N2,5,1707,1711
1.1882763455868826,1.1960055677263655,69.6826712482929,57.8898364312583,N2,5,1708,1712
0.7196086218413938,1.1144076517563406,40.03519595853868,26.716171638366358,N2,5,1709,1713
0.7137051475307544,1.0407596855461918,37.07737055454927,29.453390790970296,N2,5,1710,1714
0.2961247283654984,0.9449614667506125,37.02659031575604,29.398518371593674,N2,5,1711,1715
0.05219202371299616,0.8537196622253418,37.026511486442175,29.398459729272872,N2,5,1712,1716
0.11118432336099886,0.7125902978157057,27.44189903421211,22.050677535947763,N2,5,1713,1717
-0.033390617304166884,0.5820593215319662,27.533458436297952,22.208356410369742,N2,5,1714,1718
-0.656703161059545,0.4547159693346373,-0.29772080248803834,-0.2744911698871874,N2,5,1715,1719
-0.32500266671609096,0.23865429568050445,-0.23849506936385295,-0.21057630769500973,N2,5,1716,1720
-0.40373572985565714,0.014911362270498784,-0.25221315438684544,-0.22547340097517007,N2,5,1717,1721
-0.31268838114306163,-0.1247715061319525,-0.2418660908646416,-0.21425055168510881,N2,5,1718,1722
3.1878815695337153,-0.16942593093172603,-0.2305899624043377,-0.20204912185145077,N2,5,1719,1723
3.725685170959423,-0.10080470687970547,27.48838080887799,22.159582647432398,N2,5,1720,1724
3.975734923258642,0.10747254065053084,59.71995310971688,50.60042779191572,N2,5,1721,1725
4.22059661914534,0.2579698205714237,59.584948329860346,50.39581717737601,N2,5,1722,1726
4.230461912584542,0.39356377364197215,59.71714974162169,50.538642914631055,N2,5,1723,1727
0.8678466272479,0.5532266690957612,69.16922680465214,57.74304697427287,N2,5,1724,1728
0.908840199940937,0.5806565839550899,69.23226503713522,57.81112812482024,N2,5,1725,1729
0.5370604906356448,0.5974713175632701,36.98316880913626,29.35143315870082,N2,5,1726,1730
0.5958339617710408,0.6705498222752567,37.094750036831826,29.530815453593096,N2,5,1727,1731
0.5671332134792237,0.7327935711091698,36.78518480474595,29.19625326750247,N2,5,1728,1732
0.5890744724962133,0.7034737374694771,32.43809202610864,18.063647019314523,N2,5,1729,1733
0.21507875269908255,0.6845811104208736,4.75422688954859,-4.201222689251881,N2,5,1730,1734
0.15846086161204767,0.5462360341395879,4.712762118311366,-4.246052618086106,N2,5,1731,1735
-0.025602058191248035,0.4213537475523538,9.705397715017899,-8.232665557967266,N2,5,1732,1736
-0.15557593298028677,0.29846731487251077,9.859142000204884,-8.066492199692584,N2,5,1733,1737
-0.20151277321581346,0.17975593000568893,4.7659044187050315,-4.125622044743795,N2,5,1734,1738
0.032005637477868734,0.02976737945616037,32.246523708562016,17.919664737745187,N2,5,1735,1739
-0.009165370976893428,-0.07446478021088865,32.419828296394556,18.10697703472397,N2,5,1736,1740
0.5459695432440412,-0.09758602454015204,56.69428180618852,52.7973984991695,N2,5,1737,1741
0.28616965630667435,-0.09897901127010869,56.85624730715936,52.972468063207636,N2,5,1738,1742
-0.042152713730502,-0.0902357518658107,70.48457038172346,56.64894707992062,N2,5,1739,1743
-0.048964727081624915,-0.058595758373041915,67.44129992695817,54.069911893426614,N2,5,1740,1744
-0.039773254742590324,-0.029474492906103933,72.30861157932377,49.94786174963083,N2,5,1741,1745
-0.13743296397506127,-0.10071959763560585,150.12246190420993,54.32239230596606,N2,5,1742,1746
0.1736355578789926,-0.1706048805527587,150.34319307756087,54.56098102175747,N2,5,1743,1747
0.4838169717205119,-0.262539898065495,136.56022030374442,50.71730594695109,N2,5,1744,1748
-0.10074223402625648,-0.3301982560794386,106.64641035943933,27.245644815535343,N2,5,1745,1749
0.11323246811732587,-0.4132063732375627,101.72993365405418,31.314532810922536,N2,5,1746,1750
-0.23681133315801617,-0.5122028698226699,-5.465037634334294,-3.8871153606043665,N2,5,1747,1751
-0.4423778709995304,-0.6314972590306069,-5.8070583734981485,-4.2567651962381206,N2,5,1748,1752
-0.5505162814730283,-0.7340043012683111,-5.637669848519726,-4.073620866771671,N2,5,1749,1753
0.2916495735032186,-0.747849661227923,30.3966303193738,19.368827622613754,N2,5,1750,1754
0.03233621319300255,-0.643757925794597,30.42846674073662,19.40323918570066,N2,5,1751,1755
-0.06258465284188333,-0.39612325057746034,35.47910246881365,15.479382609699678,N2,5,1752,1756
0.3897524540786662,0.058356742242693826,64.8406108786352,46.28530436028814,N2,5,1753,1757
0.5416855471371491,0.5264480145059792,74.16873379251629,53.35578684382781,N2,5,1754,1758
0.08195939718848422,1.087561824665562,71.32629769004416,56.21770739824278,N2,5,1755,1759
0.1026456057345058,1.4909459952491317,76.2771404904197,52.18594362204021,N2,5,1756,1760
0.2791175071082762,1.7890845801805995,71.22800677438208,56.111388041757166,N2,5,1757,1761
-0.11250951604968122,1.851841030953142,41.990859940479275,25.439867487068113,N2,5,1758,1762
-0.3020997808142738,1.9074186313478037,32.47334295609035,18.164652288693468,N2,5,1759,1763
-0.5390546115491134,1.7349237417290566,4.803594322604477,-4.143697298964253,N2,5,1760,1764
-0.5603726996596151,1.5914873991668146,-0.2848179724504007,-0.26069053516257557,N2,5,1761,1765
-0.8376809963468077,1.431229762241361,-0.24033027778204996,-0.21254683930892498,N2,5,1762,1766
-0.696379707112851,1.2867842070229698,-0.2699550204037223,-0.2445492541664862,N2,5,1763,1767
-0.7482985122660011,1.1231293629927535,-0.19503233472642023,-0.1635318952277885,N2,5,1764,1768
-0.24391763879114023,0.9784910780716757,27.46404981764208,22.133324098445883,N2,5,1765,1769
-0.029487382679963047,0.8271315102929663,32.35922401918215,18.04150007085118,N2,5,1766,1770
0.20963361736457956,0.6694355171578706,20.82326154040347,9.782443326848442,N2,5,1767,1771
