M1_log1p,M4_identity,M5_log1p,M6_log1p,dataset_id,window_seconds,window_start_index,window_end_index
0.4154857067495019,0.028039854410297278,45.077562609867854,40.03099883803102,N1,10,0,9
0.2919006009472337,0.07717250613378983,45.10101553784541,40.05633084009527,N1,10,1,10
0.2527685282687676,0.11292034484337207,45.63920190247629,40.60871582684821,N1,10,2,11
0.20146531526700545,0.180036959044373,45.034587671768804,39.984534712884724,N1,10,3,12
0.10410851940422916,0.2635121237128085,45.1529721586976,40.11251345865322,N1,10,4,13
0.25513484967959643,0.29495400046091536,44.98894135820011,39.93518501421328,N1,10,5,14
0.31795288695025165,0.37957401688137765,42.39383226461826,38.087206068327184,N1,10,6,15
-0.03921772356941635,0.40180552652446533,30.177488934366703,20.65651095491753,N1,10,7,16
-0.264344335681606,0.32970222688523776,16.274518783606965,9.45803291463289,N1,10,8,17
-0.07423613351510538,0.2671877114780759,16.335959403200782,9.524480596400878,N1,10,9,18
-0.3316794120596051,0.16183188708440782,-0.4781752411384218,-4.17469878757733,N1,10,10,19
-0.41322382976050626,-0.009233269557196711,-0.4493324685384209,-4.143542614409023,N1,10,11,20
-0.18269989845107576,-0.1688992347220541,-0.48032234513327127,-4.147661488725862,N1,10,12,21
0.08683853957093728,-0.37519949803940167,14.81426913966825,5.587799811244793,N1,10,13,22
0.48446738328678374,-0.5109629774083946,30.99567808104062,19.879135728747666,N1,10,14,23
0.5748500173045912,-0.6446460955300332,47.774265047384795,33.50345918797584,N1,10,15,24
0.49068054345694384,-0.7393356370118475,50.38328248532308,35.3664717342859,N1,10,16,25
0.4655498308994265,-0.8124089954435115,48.00893885172842,37.491580778235466,N1,10,17,26
0.3397844840360543,-0.8241162113592061,47.662978091413905,37.11761642841482,N1,10,18,27
0.28517594721219586,-0.8278924976855597,47.98869371980361,37.46968521198367,N1,10,19,28
0.27249424675023437,-0.8204371626451865,47.98210151713971,37.46254939151054,N1,10,20,29
0.3581753657007253,-0.7815282137261556,47.991498274170226,37.4727412730975,N1,10,21,30
0.24166572599463326,-0.6829995471267301,48.05648000279769,37.54297524415119,N1,10,22,31
0.053199574551337524,-0.5769032301761203,32.72639779735268,27.76915620950706,N1,10,23,32
-0.39725803311915847,-0.4931163995487459,16.565681520227212,13.500176272373334,N1,10,24,33
-0.4999479367392092,-0.37068888867344735,-0.2262519505926434,-0.1385995907366123,N1,10,25,34
-0.3344279138251628,-0.3195192128000196,-0.11927113118802027,-0.02295756718337998,N1,10,26,35
-0.31692957487227497,-0.24498701932648626,-0.2685158394697737,-0.18429455267207687,N1,10,27,36
0.05315512343947297,-0.15435277683086737,15.512378313104682,10.076852503713827,N1,10,28,37
0.05374451553841384,-0.031014284053572184,15.11645576989722,9.648847709081451,N1,10,29,38
0.34415740542503265,0.1407925388580292,27.39262783700834,19.464949933293177,N1,10,30,39
0.61643359773479,0.3112687323076261,44.869626153887566,36.985027944367175,N1,10,31,40
0.6024662680979762,0.43556509531870874,42.13020526294772,34.981087632973356,N1,10,32,41
0.6730155301053035,0.564189961600966,42.08298140533431,34.90065996497928,N1,10,33,42
0.7759956060761359,0.6500982635278296,42.12274179267831,34.9436483793091,N1,10,34,43
0.84617758017685,0.7030883081593038,42.06988213998562,34.886531225748875,N1,10,35,44
0.7296569401412982,0.752552308106813,42.13447022023936,34.95633137126434,N1,10,36,45
0.7318465263645412,0.7576036982391029,42.14781785758542,34.97078499024407,N1,10,37,46
0.875483623829138,0.7050860881599097,80.41895154569409,43.82676721906836,N1,10,38,47
0.8813491340217132,0.603482564212982,80.44441317014166,43.854283527707445,N1,10,39,48
0.7798411518269968,0.4984135772328563,68.23101758548628,34.07665844251445,N1,10,40,49
0.6242979119263479,0.3947515110633166,50.692564212653544,16.49013585057537,N1,10,41,50
0.508353071465614,0.30213953197464827,53.4909823816281,18.557842729648222,N1,10,42,51
0.7128900419200856,0.25548422736799253,68.83009636059835,29.71506744424437,N1,10,43,52
2.883263064547844,0.2450253606196194,68.79444099458428,29.676542261317103,N1,10,44,53
3.034448802318726,0.2406940584942364,82.73821467685677,40.91909911414209,N1,10,45,54
2.9809004527523415,0.24079460657928994,87.45026432383114,44.50621607655496,N1,10,46,55
3.0341884193457282,0.2946065513013993,102.05112201801607,59.82282129289861,N1,10,47,56
2.63274043217012,0.4025124930213203,45.68279342000278,39.159120036064266,N1,10,48,57
2.5655247848558447,0.5560601929820088,45.647851458636296,39.12137748974264,N1,10,49,58
2.558809935403269,0.6531976183734562,45.57867857858969,39.07596838731513,N1,10,50,59
2.3919333220030468,0.738457428789774,45.57222841146199,39.068991591469555,N1,10,51,60
2.3933308564314886,0.8092904398561117,45.63415833033705,39.135918273294536,N1,10,52,61
4.172786674622117,0.868084405259434,32.74528785804127,25.964967180417396,N1,10,53,62
2.051007237268004,0.9323331870387284,27.0103465460332,21.871118163245093,N1,10,54,63
1.806242148606851,0.989946156346968,13.146750114699808,10.71522173526389,N1,10,55,64
1.8248895796690214,1.0273516390328294,8.261428088850517,6.940835410740715,N1,10,56,65
1.7718748076827033,1.0619794545357812,-6.293080997777497,-8.32567925535443,N1,10,57,66
1.9386144860922088,1.0868910627021726,11.78425881566127,3.4605709851640087,N1,10,58,67
1.9682966596849263,1.1103144930003175,11.831744958134005,3.511900421885889,N1,10,59,68
1.982149395909807,1.133660307760793,25.702633189630024,14.675679249145242,N1,10,60,69
2.094145286759042,1.1618086854858771,30.537768492576333,18.395852596162264,N1,10,61,70
2.8869786590985056,1.275699390073751,32.872299714800604,16.22770801700881,N1,10,62,71
0.8468382558214756,1.3509389111866181,30.438319860938645,18.288385306643114,N1,10,63,72
1.0639557251983724,1.3768660219073232,50.810606596735624,37.73825310860261,N1,10,64,73
2.5336099239218455,1.458985578092325,79.07737596537513,54.84198148850696,N1,10,65,74
2.524351238818766,1.5950060103347652,79.20432165513247,54.97916793374698,N1,10,66,75
2.4913178284177713,1.6657624591956626,79.07319230250864,54.837414414247135,N1,10,67,76
2.3529290949540185,1.6771378453640355,66.18160058401986,42.97632281768979,N1,10,68,77
2.3590779018611956,1.6464602363860377,66.2325840331392,43.03142594913002,N1,10,69,78
2.2378068545431775,1.6385850431192104,52.31537461547582,31.817575590934894,N1,10,70,79
2.1286625135855806,1.6369865362237843,47.56933423812634,28.19372010046675,N1,10,71,80
1.451258008976079,1.525390260087391,45.13316191342292,30.25200278922689,N1,10,72,81
1.7037469177408326,1.4683510558918555,59.01190673917777,41.424242867770296,N1,10,73,82
1.51059966701239,1.4503648061786503,44.3869120180148,26.081550912383364,N1,10,74,83
0.2719055099607246,1.4105423473602734,31.46026227429534,18.762523396032293,N1,10,75,84
0.3081947166836912,1.3109780445133588,31.448234045746812,18.74955615101203,N1,10,76,85
0.22323711966273835,1.29847423857573,31.444827664884087,18.71650798176056,N1,10,77,86
0.06629324991968275,1.3323539474344854,29.021118200087813,20.819762398318016,N1,10,78,87
0.004790523657156598,1.3578114826475314,28.958616417506256,20.752187741962008,N1,10,79,88
-0.12148537898007135,1.4013818781077005,33.777257644191785,24.454532226988885,N1,10,80,89
0.03632686235455509,1.4272845515206947,48.36885741410024,39.76112172067214,N1,10,81,90
0.045368889196392106,1.4424572003743805,48.38801130164484,39.78185002130444,N1,10,82,91
-0.16271911497115496,1.4032496769112561,34.51952481509129,28.620675389540246,N1,10,83,92
-0.2571092043581388,1.3316951633633038,34.500621564514816,28.600271666534944,N1,10,84,93
-0.4649362040656214,1.1977280367775378,19.181287089118996,18.838074896164425,N1,10,85,94
-0.5119195684847029,1.0819664034846284,16.38823816783629,16.77611372964011,N1,10,86,95
-0.35185216286591725,0.874021467225021,16.527069371204608,16.95554737724124,N1,10,87,96
0.006760458441137018,0.7535537261044667,30.283135569518663,27.995199625171153,N1,10,88,97
0.10979024032779847,0.6252285177937381,30.272164834031535,27.983368668641287,N1,10,89,98
0.40436338365673097,0.4799356019399781,40.69288493690433,33.956858955524375,N1,10,90,99
0.3240783945268177,0.31093422408692317,28.747715841240915,16.819219671322344,N1,10,91,100
0.1732678699909755,0.17807583500533397,28.73475103926512,16.805206988544388,N1,10,92,101
0.11994247575898812,0.09413250930394668,28.663056962951533,16.727747242526355,N1,10,93,102
0.15095104103211696,0.009035604240635564,28.756415952496035,16.828625871028542,N1,10,94,103
0.046730457014767524,-0.027363073405602734,33.43789505139735,20.38269005581096,N1,10,95,104
0.05838837925694662,-0.022674932416263262,30.383560828883766,18.229265197673566,N1,10,96,105
0.1198488282892626,0.013232079840714306,46.49922207344021,32.44952579260071,N1,10,97,106
-0.2608057526270599,-0.07432877997252305,32.679862631003196,21.341445171662645,N1,10,98,107
-0.29170666079140234,-0.16765639297753054,32.63344331883836,21.291278169333783,N1,10,99,108
-0.5115480780792495,-0.2664965148694492,17.498427523306326,11.728252677476211,N1,10,100,109
-0.655502407717195,-0.33018985951682256,14.861106766787316,13.569130598588298,N1,10,101,110
-0.4940575104486527,-0.3998643255121571,14.846913091126954,13.524408367541309,N1,10,102,111
-0.03593204217096826,-0.39024418207487555,70.69052406033875,37.263785302108275,N1,10,103,112
-0.05775954828924483,-0.37685187535453724,71.15836598435166,37.76950381223814,N1,10,104,113
0.18386816469705708,-0.30416707613452443,80.25395521218066,45.277771962012686,N1,10,105,114
0.2799832294483622,-0.28446558021972024,86.07971326453125,49.46976103071597,N1,10,106,115
0.11257995709022453,-0.2221289876736286,69.91553978303686,35.197068684649004,N1,10,107,116
0.25922795777197366,-0.11481589142735871,69.98127345149742,35.26816169468411,N1,10,108,117
0.23437404147844063,-0.002622737059637359,69.97308732653114,35.259306492196444,N1,10,109,118
0.3235828639135903,0.09788932403166725,69.99955252128521,35.28790075682714,N1,10,110,119
0.3788515753905884,0.1937287130697946,74.6731186453782,38.80757728661638,N1,10,111,120
0.402384236727228,0.26842426332443237,74.6782844455347,38.842533492397116,N1,10,112,121
-0.057991098632004426,0.22284356825773627,18.91804144878406,15.193261488479902,N1,10,113,122
0.1283338166492797,0.20981426991869512,33.02336444865159,29.939828527828332,N1,10,114,123
-0.08961616759160052,0.1406519039578626,19.100496433417174,18.71986050721166,N1,10,115,124
-0.08463037126661418,0.1326434190212659,19.204120690046146,18.8025009987884,N1,10,116,125
0.12843326796956944,0.04626584253880779,21.677513564237053,16.784448580064918,N1,10,117,126
0.35189174732486916,0.06280219548648631,33.85393828030938,23.598807994156278,N1,10,118,127
0.3389500468985688,0.08884423980097153,33.97126822259479,23.72563778889539,N1,10,119,128
0.5631243795148919,0.1522785249104402,49.24171485329307,33.435021915899554,N1,10,120,129
0.6509648503385023,0.26112355745526655,44.546887384304135,29.892398049676377,N1,10,121,130
0.6797888428613845,0.3805050120957233,44.43463020291174,29.7710867754236,N1,10,122,131
0.7953936572180638,0.4872523786494348,44.49949228624009,29.84119409036357,N1,10,123,132
0.5983451697573556,0.5330596605261781,29.821477768949627,14.47557503359194,N1,10,124,133
0.532252406385625,0.5565235688771203,29.976777194877467,14.643444673977092,N1,10,125,134
0.40496325522266685,0.5167452296315325,34.63191365475841,18.198436122395243,N1,10,126,135
0.06412482279275906,0.4783584927364018,34.412434443296476,17.96125400428432,N1,10,127,136
-0.11512775728459843,0.28292247859953507,19.48629193101824,9.100254160096483,N1,10,128,137
1.9319086794921803,0.1046876807132513,19.57549040714639,9.196644421173596,N1,10,129,138
1.6993586658794597,-0.12121596814557663,4.269711561996791,-0.550949928545424,N1,10,130,139
1.9293816727889421,-0.34701115388003034,18.924490792467168,14.82391271350507,N1,10,131,140
1.9112081419000178,-0.5997132298793388,18.973506166864173,14.876856654236509,N1,10,132,141
2.2042296749385315,-0.7365461725079726,34.272419312805596,24.596129551738386,N1,10,133,142
2.353866255116331,-0.7810362473848287,34.268192993141746,24.591575119341904,N1,10,134,143
4.4205311652694075,-0.7343491622400655,44.74671175699323,28.336002340144567,N1,10,135,144
5.058370338312818,-0.6395054731103486,46.84786458634617,31.43163923158886,N1,10,136,145
5.247274572479569,-0.5249756366211635,44.65660570800419,33.75460325200434,N1,10,137,146
5.2706548235397666,-0.36237204825063074,49.85979798530934,35.767785979242944,N1,10,138,147
3.304850789042611,-0.22207424449292928,49.642113386813165,35.53249961517199,N1,10,139,148
3.2705530724599727,-0.08294488712918238,49.65539310687209,35.54686372807637,N1,10,140,149
3.092834564211141,0.06924497730278815,39.75827799505951,23.80840693113696,N1,10,141,150
2.981992805469581,0.23703375909389165,39.78589081530672,23.838264285071045,N1,10,142,151
2.588014518128797,0.27910649669575277,24.407798574305616,14.03339221847359,N1,10,143,152
2.3461223834862635,0.29134567548226614,24.437881618758183,14.065903813626392,N1,10,144,153
0.8229941067383237,0.2180907225743333,41.26616432561614,27.37505955978886,N1,10,145,154
0.3434488848465804,0.13551678896097527,33.8014738145208,19.988052207578267,N1,10,146,155
0.5466759021249772,0.053351728823683685,48.97952663681117,35.92844139292315,N1,10,147,156
0.6662068017081111,-0.005658290067396621,60.347941316920696,47.07265383589938,N1,10,148,157
0.7255846180334828,-0.022647997206409087,60.39992389172376,47.128851300041745,N1,10,149,158
0.9814309378466618,0.06670485158510644,75.71929880197968,58.23536929691445,N1,10,150,159
0.8736049473912317,0.1026328402010435,70.99484065808511,54.63481425799832,N1,10,151,160
0.8088462696039528,0.15739762925744855,70.99022077278633,54.62982060785839,N1,10,152,161
0.883285671175426,0.2205573858928503,70.98118485092182,54.590701624649775,N1,10,153,162
1.0857682391146823,0.22079095479081517,70.91307414694703,54.5170792431536,N1,10,154,163
0.7168279337129604,0.2039519343509532,46.0625358888271,37.374317610078194,N1,10,155,164
0.758447031511605,0.1470359700262037,46.65420293793532,38.01386774383509,N1,10,156,165
0.6806342805832457,0.10904739271361023,31.44434834417725,22.03909116758332,N1,10,157,166
0.4943735672261198,0.0038293742706933644,11.801771181035566,6.741792169342079,N1,10,158,167
0.3421895425910037,-0.1714112515168253,11.767944672925296,6.705221938516752,N1,10,159,168
0.22234494738067384,-0.4535490878914231,1.1946455776214862,-0.7774087430537293,N1,10,160,169
0.2508288300510628,-0.691485101277415,1.129811907182102,-0.8474505281972597,N1,10,161,170
0.39310101978240936,-0.9319569668617597,1.1182389180781684,-0.8599678523462899,N1,10,162,171
0.5408897174296925,-1.0662938732502951,15.013154849986496,10.359129821466649,N1,10,163,172
0.678621338923054,-1.1296780799360788,29.71584220851546,25.785790996949437,N1,10,164,173
0.8939512722528349,-1.0730329122797855,41.150699456132315,35.71634684429819,N1,10,165,174
0.674044912436176,-0.9637518302873858,41.1169471534854,35.679888965790994,N1,10,166,175
0.41888206450798576,-0.8232701749129255,41.138388967470746,35.703052956329614,N1,10,167,176
0.7098358636302322,-0.6838628883167729,100.56326021622044,58.52258751457894,N1,10,168,177
0.798962698786329,-0.5018694398951681,100.65625829356705,58.62310217398799,N1,10,169,178
0.7465293509691605,-0.310151327383965,95.85343119332666,54.93786793950212,N1,10,170,179
0.7836388716957856,-0.16143162083741203,98.3807902464805,52.97814424449844,N1,10,171,180
0.6816998427902974,0.04535109873599481,98.41387636015543,53.01394804241208,N1,10,172,181
0.49384915828066767,0.15379688827084834,84.49297980315905,41.79614344063039,N1,10,173,182
0.35454428240012137,0.20492425028387942,69.82851761072807,26.410798751144647,N1,10,174,183
-0.025901385976877123,0.1488827623755924,60.66071153012772,20.16874358813875,N1,10,175,184
0.1986918508942182,0.06571796957221424,60.78243658731699,20.300302555681355,N1,10,176,185
0.4147685101542066,-0.07030691676079356,60.678653353719895,20.18812033420618,N1,10,177,186
0.21013281010138485,-0.03804232735147437,20.89032865265017,12.659367178010779,N1,10,178,187
0.14018578734641665,-0.007710030773328214,20.84414668924692,12.609462250751495,N1,10,179,188
0.48576930966602844,0.12248442091086957,45.34753290898561,34.079138912022515,N1,10,180,189
0.4412809262161318,0.2512762854942231,42.84438170907415,36.06500886500353,N1,10,181,190
1.215996236301487,0.3402611601953616,42.90468324850917,36.13015734451992,N1,10,182,191
1.282033726982192,0.4401060707480653,42.92059841478367,36.14734378145768,N1,10,183,192
1.353424208880361,0.5595326381031264,40.12661599814137,29.594132114553304,N1,10,184,193
1.5524043772112095,0.688758626040834,35.42110938207588,26.014065823090277,N1,10,185,194
1.3464677095671078,0.813544908919198,35.34916775032034,25.906944640902204,N1,10,186,195
1.249078219354334,0.9500665467313716,35.38201649157217,25.94243818775676,N1,10,187,196
1.182712963084103,0.9376994633170582,21.45390249195998,14.716840799715829,N1,10,188,197
1.2206883404694024,0.941130828481245,24.05404606635375,12.83578701011902,N1,10,189,198
0.8064514774549906,0.8439632175976364,4.277682552149509,-5.030560929861531,N1,10,190,199
0.8760101031648958,0.7690694302175125,4.315667610826949,-4.989509531966178,N1,10,191,200
0.18211496765283072,0.6911763545535109,4.2333790669207705,-5.0784732756320405,N1,10,192,201
0.2814173332736857,0.6060071608040879,18.118044372831356,6.100183790230676,N1,10,193,202
0.10537624535619727,0.5151885550731989,20.914396753651452,12.65598126966861,N1,10,194,203
0.22490060538842158,0.5624895824313988,34.69720166658726,23.724545190123354,N1,10,195,204
0.1996760798478192,0.6100479539007303,34.50907586214434,23.55055723144951,N1,10,196,205
0.45497207307003007,0.6644255681249845,49.415833752976596,39.197789426073726,N1,10,197,206
0.45219759587347996,0.7228965517717085,49.473637999318996,39.260264951168395,N1,10,198,207
0.47617496536889803,0.7633117356829111,46.867888749354094,41.135269087887536,N1,10,199,208
0.5390619357348327,0.8110052948200256,44.571767990645,37.47411128378153,N1,10,200,209
0.45843087767393625,0.8428988404278996,44.55785039625007,37.45909429280946,N1,10,201,210
0.4809721002741355,0.8718762809027758,47.05196637034815,37.46960951329966,N1,10,202,211
0.3123331228178216,0.8969010771409678,33.16836699976284,26.292127211965635,N1,10,203,212
0.27800171529779905,0.9337335771894942,33.27330182264077,26.405555479554913,N1,10,204,213
0.01581104420230872,0.8204261177043854,19.44492932121284,15.287756733758851,N1,10,205,214
0.0922138340084814,0.6760814115231142,22.073073030241538,17.29046770005034,N1,10,206,215
-0.14737452059268605,0.5184639367818846,6.856574122455276,1.3084361432766856,N1,10,207,216
0.09735314977131396,0.5535848622440106,20.99554763443757,12.761896822191739,N1,10,208,217
0.1937439119536748,0.5931959624268501,21.08899169029137,12.8628994350639,N1,10,209,218
0.26461114377932804,0.62199770708594,32.51114221767166,24.065213629425397,N1,10,210,219
0.3447070772344688,0.6909132622579307,32.48798261153424,24.040148231900183,N1,10,211,220
0.24860347750416736,0.7490838355529625,29.948572042275554,23.980677650138297,N1,10,212,221
0.23554835625984366,0.8133447757956993,29.983684466846533,24.018596663770495,N1,10,213,222
0.5830178272896035,0.9133550595083456,44.572293432761036,39.304755089170975,N1,10,214,223
0.5645642421638228,1.0165481520743556,44.59323428878306,39.32737432037656,N1,10,215,224
0.5460277473174102,1.143019375281331,42.126479288547486,37.4991216312399,N1,10,216,225
0.5148054290407629,1.276856460479633,42.44092094801253,37.83903408596971,N1,10,217,226
0.2775425750998693,1.2078012635492938,28.299817548736975,26.353926767245685,N1,10,218,227
0.14120629982705282,1.1397930487593086,28.250318629016693,26.300406011607993,N1,10,219,228
0.07819002667705774,1.0845323508895206,14.418695260371715,15.179113799694642,N1,10,220,229
0.029337560536825437,0.9898821739378618,19.157067910482148,18.794707803617804,N1,10,221,230
0.13475363082351918,0.9118994747487819,19.264880949029795,18.911239827537884,N1,10,222,231
0.375440169715219,0.8778813279399387,34.54274790852632,29.972939235910417,N1,10,223,232
0.17061789507055494,0.7960338324220672,19.91988959682094,14.64973434918802,N1,10,224,233
0.850717877813085,0.8138520906923616,52.99407483749128,38.32732375232754,N1,10,225,234
0.915057246312412,0.8818268998030859,52.98585477423876,38.318445188370696,N1,10,226,235
0.7801733947722937,0.9477950508272756,47.245360441497176,34.21863678734462,N1,10,227,236
0.6567184901085568,1.008364362559658,47.238180672330785,34.240188481859875,N1,10,228,237
0.6083586174505825,1.0604883875277082,47.2054851666695,34.204834011243385,N1,10,229,238
0.7467482982303608,1.1532590285452613,63.25634468383523,48.35507442979078,N1,10,230,239
0.865672574221992,1.2367572461419072,58.59286188107198,44.82043835749937,N1,10,231,240
0.7963416352216484,1.3006961977698608,58.46743975275658,44.65551569513828,N1,10,232,241
1.0160153021586182,1.3128539690226801,96.89954066750525,52.34114850876231,N1,10,233,242
0.840919773399753,1.3043800918121335,96.83999118582123,52.27678179203804,N1,10,234,243
0.16662245051794003,1.1828855323396055,63.798387149802146,28.60502765812016,N1,10,235,244
0.0897417213800594,1.0153063937572668,63.84285573832167,28.65306254084171,N1,10,236,245
0.3706788799416415,0.8870678596413754,69.54939982645828,32.71614809166031,N1,10,237,246
0.46347307745850513,0.7977333689258501,83.47276850517065,43.93664343740602,N1,10,238,247
0.42882775155362085,0.7979916459883853,83.44907951782916,43.88166205222524,N1,10,239,248
0.3769491695587135,0.7410435399830491,84.09336193934905,43.3020011634635,N1,10,240,249
0.318025976043225,0.6799719091582901,84.06114581211223,43.267165393079,N1,10,241,250
0.422829801697074,0.6301924512558188,84.16871493072249,43.41279669553005,N1,10,242,251
-0.05681465341366447,0.5724708081567599,30.413960685890014,24.617058982657547,N1,10,243,252
0.038807124188434725,0.5221838547863868,30.465275857446976,24.67251569101736,N1,10,244,253
0.21989320905041154,0.508029086008331,30.393007369947373,24.62377377658222,N1,10,245,254
0.16229781686079434,0.4953515103481337,27.659372927731056,22.626104392214437,N1,10,246,255
0.19519164383195858,0.43440480472572746,42.345909865138495,38.03533726077139,N1,10,247,256
0.3169540571394009,0.3066382537340203,22.546816409509482,22.56886286058252,N1,10,248,257
0.37952577021829087,0.1078044606834652,22.64427932171202,22.70361599060061,N1,10,249,258
0.21529934352059285,-0.11668134280480161,5.887447373896248,9.066342976017859,N1,10,250,259
0.23756316466123623,-0.34159988526792373,5.791908237741154,8.9630813797281,N1,10,251,260
0.13678848070573224,-0.5771522078198345,5.898728656899766,9.078547555588283,N1,10,252,261
0.4558768762114198,-0.7121550308435033,21.223243395481404,18.825506332283112,N1,10,253,262
0.5589486636033513,-0.7986740547967045,23.71205468301323,18.8302840826148,N1,10,254,263
0.6897528149495429,-0.8125833971654174,41.8146683645251,31.2354910880028,N1,10,255,264
0.6571252124450695,-0.8240218628866998,44.52362918425424,33.20649416299502,N1,10,256,265
0.39920560247430503,-0.78443252153819,29.893665019535366,17.85842035042551,N1,10,257,266
0.2605362717302711,-0.7121029962313941,35.77585956517105,22.11144276504365,N1,10,258,267
0.3174596627955168,-0.6523478501215649,35.72003569131466,22.051099373899888,N1,10,259,268
0.21705494881396986,-0.5435224998418164,35.77186178067787,22.077736625398483,N1,10,260,269
0.09657010259245169,-0.37727329853173047,35.84039272149202,22.151843095130697,N1,10,261,270
0.07330367805174091,-0.18924916195699099,35.69230282082917,21.991792944300233,N1,10,262,271
-0.008878484557666867,-0.038848066316198526,35.032310804915326,27.613077367750975,N1,10,263,272
-0.04220705350067533,0.07295803360020017,32.4866169326704,27.517458880683172,N1,10,264,273
-0.27126524012568043,0.0778574730346648,14.347538045457622,15.072869160936715,N1,10,265,274
-0.02846762473365345,0.07208629584753368,14.427003640138718,15.129402799045966,N1,10,266,275
-0.0427509785325725,0.039093372344716215,16.909292311380703,13.121009730072819,N1,10,267,276
0.21933427515270126,0.15759294714790145,30.652732797587124,24.147034557266032,N1,10,268,277
0.1886127639234189,0.28111029573767043,30.691471367395934,24.18889864829298,N1,10,269,278
0.5399445485738397,0.5424486125868156,44.60299628067496,35.42594838703917,N1,10,270,279
0.4915846759158654,0.7557442659029704,49.381041108562385,39.032623623849034,N1,10,271,280
0.39539861036920454,1.0122897706344247,51.78387263444874,36.93829234475379,N1,10,272,281
0.3067507942976846,1.202508720526994,37.20526517317794,21.66294251775089,N1,10,273,282
0.22663584438327575,1.391072975773524,37.228869293270144,21.717821982747772,N1,10,274,283
0.11681092164897108,1.5813690295852496,37.22289892073004,21.711350987556216,N1,10,275,284
0.006681799835735092,1.7679691512720865,37.248324909231634,21.768212288175437,N1,10,276,285
0.038400518786082215,1.9301063241316456,34.701789985790676,23.67782201604505,N1,10,277,286
-0.25449624587933783,1.9382544508265922,20.948604795029677,12.641231499195602,N1,10,278,287
-0.20330410737591934,1.923148974473905,20.922128394038918,12.612625124732222,N1,10,279,288
-0.2543973654024342,1.76023287747865,21.63341782173684,16.745276173468845,N1,10,280,289
-0.19245532436292478,1.5907503976538309,16.810403492188197,13.08996263229883,N1,10,281,290
0.007263108907096694,1.3604102037323458,14.508186791437037,15.293034429919771,N1,10,282,291
0.12663109735859165,1.2183529138194302,29.437670579728728,24.633979043884757,N1,10,283,292
0.22529494627726193,1.1716448523157084,29.784016384009554,25.008354987320125,N1,10,284,293
0.47211781670131925,1.1710084289829865,43.62591334654917,36.14080062484145,N1,10,285,294
0.5157483162790897,1.2136181252599527,48.32812608461772,39.71729203045343,N1,10,286,295
0.501836600106509,1.248543732831628,48.44019903457611,39.86781599457381,N1,10,287,296
0.49500057903983363,1.266910747097991,39.14665656596917,33.33115140248274,N1,10,288,297
0.45875473860090776,1.2854103909395804,39.13644505812408,33.32009395281439,N1,10,289,298
0.4894630497863801,1.2651651950234069,24.48666376903693,17.95062826258536,N1,10,290,299
0.5286280954312901,1.2305540221696716,24.518256989336805,17.984765953763052,N1,10,291,300
0.434310395795967,1.1791650425261793,24.399117095232576,17.855985551715275,N1,10,292,301
0.2917952869669335,1.0593650538483572,9.456245843621764,8.471198300947254,N1,10,293,302
0.12793401385514755,0.8483552518498186,9.018009977159817,7.997504055963509,N1,10,294,303
-0.09433307124791952,0.5761674926618113,-4.763099505400897,-3.069270047568625,N1,10,295,304
-0.05284040018796645,0.277606611792163,-9.453748730727602,-6.633238428364621,N1,10,296,305
0.23519404630096402,-0.024595518212090894,5.163098001250001,8.70059671054032,N1,10,297,306
0.7367109458999153,-0.32645585695565843,70.69397976053878,39.40191130258245,N1,10,298,307
0.8354618534580339,-0.5275182602409885,70.68187067748804,39.38885391208714,N1,10,299,308
0.7680022734594644,-0.5756450097810543,86.0200850224206,49.17147934596996,N1,10,300,309
0.7201159579268108,-0.6075363283436446,86.11990884123551,49.27941198180306,N1,10,301,310
1.4134028764044557,-0.5548285767495245,90.91608214613225,52.957450407723265,N1,10,302,311
1.585085619441773,-0.5216816259796303,90.81051788374734,52.87271102998566,N1,10,303,312
1.5599244075560192,-0.542722870204021,90.9156218139342,52.98631951476928,N1,10,304,313
1.9715086948535372,-0.5777556167109822,118.18962412294294,70.00450520613977,N1,10,305,314
1.9634136754693798,-0.6563021495946089,118.13356882234476,69.94388739635242,N1,10,306,315
1.8391840903530094,-0.7184985285734257,103.47177610933068,54.56142340482929,N1,10,307,316
1.4084305282057017,-0.7880012111298242,47.2247674798049,30.38632127886431,N1,10,308,317
1.3140991028966824,-0.9937806768979783,47.23048744261141,30.392454592119428,N1,10,309,318
1.1728663178347063,-1.3065487223002719,31.953747724975436,20.617498148240703,N1,10,310,319
1.0621747355817235,-1.6318773933901425,31.829600460176515,20.483275451793087,N1,10,311,320
0.3869445718319696,-2.0720482290226827,21.23137525798211,12.638841956853867,N1,10,312,321
0.5171174482806407,-2.381280238132439,44.72326628832252,35.05529104745856,N1,10,313,322
0.71991074174706,-2.6084853241029267,44.804220045855985,35.14281313159827,N1,10,314,323
0.6213176094927434,-2.7602256865300006,31.339092937103487,29.221384674446746,N1,10,315,324
0.5375536462447144,-2.7983780118613835,31.292078963534003,29.17059548078141,N1,10,316,325
0.5516563808255626,-2.820801197874931,31.34403595504573,29.22675471615803,N1,10,317,326
0.47114022805620265,-2.8261480025546275,31.30674640190191,29.18646663250802,N1,10,318,327
0.542645759286961,-2.7725152446922636,31.31707865529388,29.197644080029203,N1,10,319,328
0.4203912865381284,-2.7100913158567908,36.04130115037842,32.856719538072504,N1,10,320,329
0.6545537116118112,-2.6282171258907185,36.01450374880096,32.82775787339942,N1,10,321,330
0.6718362004754965,-2.470355338262787,41.84368711107199,37.02350278242466,N1,10,322,331
0.24011894047395402,-2.41559136177696,18.48121681768571,14.74693716475922,N1,10,323,332
0.04918551250350163,-2.3743003170697934,18.318191181329347,14.541300004741425,N1,10,324,333
-0.1745190380301267,-2.3525392857905616,4.535460297094323,3.4728218138041482,N1,10,325,334
-0.22699227905712008,-2.3932153951424753,1.7886494154054162,1.460857237147502,N1,10,326,335
-0.3785876065283816,-2.4196595114163473,1.7712760462078223,1.4420715427651885,N1,10,327,336
-0.09971040307465842,-2.3584876334586,17.046820519395624,12.461422241276704,N1,10,328,337
-0.15726682424809724,-2.221320543751741,17.050408261091796,12.465323053386419,N1,10,329,338
0.2450720297991154,-2.0845105035752836,36.88058904078171,31.290799786325078,N1,10,330,339
0.05747474509948347,-1.8895066566043455,36.90015618307298,31.311943216320106,N1,10,331,340
0.03680497574659114,-1.6171897889802778,36.89020725330265,31.271774241874482,N1,10,332,341
-0.011627380108205899,-1.3486077364879498,36.897407219187336,31.27955969991308,N1,10,333,342
0.10601943874445396,-1.0992109568326291,36.93977823104469,31.354753446633367,N1,10,334,343
0.05064943318315329,-0.8727313760062259,41.67756651071322,34.96971360527077,N1,10,335,344
0.06513685075953504,-0.6579055620086998,44.4498667867083,37.009211172282086,N1,10,336,345
-0.05206898258957153,-0.46868207126288863,44.31209276028094,36.860337174615964,N1,10,337,346
-0.20797954038098682,-0.30256715476438956,29.09305465791531,25.902057624645387,N1,10,338,347
-0.23737612516239323,-0.20940015987669228,29.159399463398767,25.973761346779064,N1,10,339,348
-0.6349771424811707,-0.1301084094886967,4.560344573918519,3.49972496919454,N1,10,340,349
-0.6234162064104538,-0.10688324641124396,4.571090476442078,3.511333985741294,N1,10,341,350
-0.5326259484503026,-0.18049798751337462,7.076126191218828,1.5568994306337118,N1,10,342,351
-0.1261991881007532,-0.117447506572924,22.261867263251407,12.518996946634251,N1,10,343,352
-0.1893667768632156,-0.048257212260420346,22.34266650902755,12.606327844639964,N1,10,344,353
0.026845446888125936,0.02943783694454183,32.93262626351425,20.10693018355487,N1,10,345,354
0.43179110846227503,0.10409429352588262,47.584764091987566,35.47895858608736,N1,10,346,355
0.4999377323439205,0.18346772230443023,47.222771781999654,35.08762918999874,N1,10,347,356
0.5096225354694923,0.21258766358227774,47.67476701408359,35.57621290258139,N1,10,348,357
0.4779286017377302,0.23470351734662884,47.50976008106791,35.397852384660474,N1,10,349,358
0.6215177700907134,0.25828136614953506,47.51118125517496,35.34061499500185,N1,10,350,359
0.8212857452770521,0.28977994226676457,52.34586845150788,39.00857649003028,N1,10,351,360
0.8696227490242819,0.3254564854320513,49.91882379163617,41.07670160139751,N1,10,352,361
0.6500706240783615,0.21161817659876475,34.537597888151325,29.903296818726993,N1,10,353,362
0.6850497330110216,0.10728095456568383,34.527437582039056,29.89234006159859,N1,10,354,363
0.5060728409225618,-0.007023980445021038,13.352033729535288,14.561147262277881,N1,10,355,364
0.18432255036617845,-0.11056500369385276,-1.2499072309426993,-0.7566264781591598,N1,10,356,365
0.34330877191127057,-0.22543229773398252,-0.9142710423526296,-0.4232035748640556,N1,10,357,366
0.5444286177942217,-0.23553592066434562,14.113289355270354,9.023570913053664,N1,10,358,367
0.5494516238452689,-0.19824296395574165,14.157017715871188,9.070836831017369,N1,10,359,368
0.6007490548693852,-0.16446073347097254,27.845282634344038,20.09601483140159,N1,10,360,369
0.5175792483335158,-0.1351616655237926,23.201163180476943,16.60469301410303,N1,10,361,370
0.6509947443177537,-0.10765193817671559,37.79187535353212,31.910324760513685,N1,10,362,371
0.9291056375420936,-0.027576598896011717,91.6293781961007,50.79550863725817,N1,10,363,372
0.9654126453826081,0.03632641905533305,91.54645388970748,50.70585167841091,N1,10,364,373
1.1267354452497755,0.10465731464985098,97.34913972468875,54.87288581987705,N1,10,365,374
1.0230342714464,0.16327886461490024,102.09858573538786,58.50042183643927,N1,10,366,375
0.9899160490584222,0.23071722666903086,102.20029854958193,58.610382540166576,N1,10,367,376
0.6943301510247807,0.18850674330683148,84.00361544083553,46.69517750693412,N1,10,368,377
0.6704515482456543,0.14274087243428896,83.9999807486447,46.69123920783386,N1,10,369,378
0.6754712533792173,0.09889152450469112,70.2720522780257,35.68194744623615,N1,10,370,379
0.6618560832466927,0.10241013567264048,70.07417621523874,35.49743178426816,N1,10,371,380
0.3048548164877275,0.09994696339808443,55.48559000852892,20.194084482885227,N1,10,372,381
0.2331461182006649,0.054576242587425126,15.649977975995899,12.594347283930256,N1,10,373,382
0.17443352867302622,0.11057412254143414,15.567506989004324,12.505205002551884,N1,10,374,383
0.31920809043232906,0.2153349647017862,31.031566777986153,22.423808411933532,N1,10,375,384
0.2935312864484246,0.3106936430058326,20.338190643042616,14.476562239195118,N1,10,376,385
0.26870682522915956,0.40047781629749435,20.382395088028535,14.524352286280372,N1,10,377,386
0.332871764860613,0.4852837308087601,23.15189361101602,16.560806364591553,N1,10,378,387
0.46826003902389457,0.5213132004611538,37.81150805983525,31.94093163768157,N1,10,379,388
0.26293631399784373,0.5526036983203596,37.88229989973915,32.01744453652391,N1,10,380,389
0.12946859085004975,0.5201254630398069,42.35508470389486,35.32010274185668,N1,10,381,390
0.24055652174683645,0.4860047818622782,42.56803590877189,35.55030524768281,N1,10,382,391
-0.038940583133882004,0.45284723757968093,28.709494228654876,24.419805228262884,N1,10,383,392
-0.11342350952698724,0.31900314019825515,28.823990052877342,24.543581597305455,N1,10,384,393
0.10267968669379571,0.14103552755564266,40.710601246744226,31.725963873070576,N1,10,385,394
0.3047456822084314,-0.048427009415723886,49.02182747802999,35.91909611438659,N1,10,386,395
0.33475239397269546,-0.21371039535749503,49.029161443994965,35.956396867605875,N1,10,387,396
0.4544318825312786,-0.28815489139916795,64.28608974325998,45.65114779184514,N1,10,388,397
0.33821425134131006,-0.3540046779760317,49.66595612175333,30.31369775098101,N1,10,389,398
0.6587791740529354,-0.353401238989678,63.5005579885752,41.43824024716105,N1,10,390,399
0.7363584004350912,-0.347789114969116,58.98926261378983,38.06460058927951,N1,10,391,400
0.8117436367307335,-0.33792556150133135,58.79221138161502,37.851584156005266,N1,10,392,401
0.8468330817290223,-0.2834568189916702,58.780699366953016,37.83914880873981,N1,10,393,402
0.7755825147007755,-0.2173821610315329,58.761552294404645,37.81844389075923,N1,10,394,403
0.3505063230747879,-0.15190278625677678,46.08709355829124,36.11549465342578,N1,10,395,404
0.22952443944625714,-0.07797652967174003,43.6024310222394,36.08583108000494,N1,10,396,405
0.2792500689769156,-0.011203542539024624,43.63666877752839,36.12281972162327,N1,10,397,406
0.2113514030268419,-0.041834744708535966,28.294530628148095,26.335962713066873,N1,10,398,407
0.2764269368579903,-0.0786387746916752,28.29153214825419,26.332763540730774,N1,10,399,408
0.0610253081655344,-0.16284097935972852,19.177881585151955,18.804988116433197,N1,10,400,409
0.16952609410810454,-0.19111939847227646,19.243679437679383,18.905463991514626,N1,10,401,410
0.1358287327916173,-0.18049040352132692,18.73398217635804,18.35453864207011,N1,10,402,411
0.3930141786881734,-0.16428266013386975,31.459201767142623,28.655927065728246,N1,10,403,412
0.5593881895748382,-0.15804028229792594,31.47278379637519,28.670612947361953,N1,10,404,413
0.7578657492668981,-0.056003297091187676,32.130897550549705,23.051013230578246,N1,10,405,414
0.7901517161657438,0.056228920854623964,32.19550349751516,23.150212738094343,N1,10,406,415
0.6017296338070139,0.15909701528519946,32.094673114022044,23.041249694793077,N1,10,407,416
0.4657312496235505,0.27126862148503716,32.144941009867765,23.095581170139848,N1,10,408,417
0.35165694332449393,0.38623986436856017,32.092610324851556,23.00962758143869,N1,10,409,418
0.2400029050457846,0.4855282242667009,27.405546892586063,19.449502534266323,N1,10,410,419
0.21515748366762183,0.542128309303596,27.445420306267444,19.492602584882114,N1,10,411,420
0.4214331627131315,0.561105985405883,43.966690658821975,34.133430323091304,N1,10,412,421
0.06412864436144616,0.5132904503966579,31.197861470517818,23.784891090530436,N1,10,413,422
-0.002733190328723367,0.47666392194169804,31.21991744225379,23.80872493536135,N1,10,414,423
-0.29042531272068856,0.33565830902135757,20.611885761833765,17.632810821198472,N1,10,415,424
-0.35403947048204143,0.20637827009270282,20.617407084172008,17.638766551773916,N1,10,416,425
-0.14622855865246437,0.08127403135723199,20.68139756951532,17.707925282123323,N1,10,417,426
0.17209726774685236,0.008227307183356913,36.88780192914819,26.89325827519169,N1,10,418,427
0.12031975445795524,-0.0565765505853804,31.662631790989327,23.379959770304957,N1,10,419,428
0.29828544181089856,-0.11764402827163707,45.46687926159975,34.47169956029465,N1,10,420,429
0.13119848272468176,-0.13006248420351482,45.4289003039572,34.43065476194333,N1,10,421,430
0.5776872090877362,-0.13206044477536097,29.29602630569061,20.20964960153724,N1,10,422,431
0.5674437810513325,-0.16043330264603384,29.33214252399739,20.24870280223113,N1,10,423,432
0.6081741177146256,-0.22120852578157155,29.351303302813175,20.26940923186394,N1,10,424,433
0.4721208017263706,-0.30326978755150336,24.64651730453188,16.690109193965327,N1,10,425,434
0.5313017975560115,-0.4236863066305247,24.640207128008477,16.683302543667196,N1,10,426,435
0.4748365657213839,-0.5939757593235342,24.569813046583658,16.607204045470645,N1,10,427,436
0.5886973235062897,-0.7371982453480982,64.4915614157675,35.11290700770114,N1,10,428,437
0.8080693158505369,-0.849874668542455,69.83321879614668,38.78149225597408,N1,10,429,438
0.5977511294831629,-0.9926301672471226,55.94397278323886,27.59785366887645,N1,10,430,439
0.6959722907469882,-1.2124844087343476,60.69882385021701,31.23122938058841,N1,10,431,440
-0.040726257372625696,-1.4121890065861655,60.720316712799104,31.254448545952073,N1,10,432,441
0.27598596126921393,-1.5010192521160968,74.605528994232,42.43368189829962,N1,10,433,442
0.21543101962928404,-1.580004994443982,74.54982186550805,42.37348620916382,N1,10,434,443
0.36861611782534853,-1.63099412917337,89.90766431729025,53.521582674684396,N1,10,435,444
0.4476682283124148,-1.6217246851779117,89.88382985874924,53.495808374612714,N1,10,436,445
0.25245091791215374,-1.5696585633872466,89.89541054087677,53.50833402258686,N1,10,437,446
-0.24854677797953287,-1.6070009063297845,33.732940761673675,25.780207666891148,N1,10,438,447
-0.329482153426909,-1.6791633430498656,33.72892567930903,25.77584448019843,N1,10,439,448
-0.16375666139510942,-1.7352073288602958,33.71394876853301,25.759646565951698,N1,10,440,449
-0.0818243555662093,-1.7670385773906303,28.93627629120856,22.101598091551022,N1,10,441,450
0.017266232454727515,-1.8170793820667044,29.034313770822337,22.2076084188162,N1,10,442,451
-0.28540138811245586,-1.94549388285524,9.126694751390096,6.62378367510828,N1,10,443,452
-0.1772649618066339,-2.052161346635585,9.268415187369829,6.776973559333419,N1,10,444,453
-0.06713737236407838,-2.0984385350672596,8.54663306773,10.949173844597135,N1,10,445,454
-0.15695060148473772,-2.1666597035387287,11.12364970161434,12.924121390482833,N1,10,446,455
-0.11676700479914075,-2.2230811133343895,13.492941278581203,10.793546587583114,N1,10,447,456
0.3005214712767611,-2.15696853541401,28.923425237310585,20.675875576382715,N1,10,448,457
0.3055635631483028,-2.0332578251222158,28.916377691566595,20.668260370373538,N1,10,449,458
0.5424344959621237,-1.8355521207936447,42.82352532138284,31.871259447152987,N1,10,450,459
0.47028122944262235,-1.6233796807760144,42.84137349594785,31.890558882090772,N1,10,451,460
0.5009030430972757,-1.406568546193391,42.77621324015272,31.82010498830623,N1,10,452,461
0.5186691271043969,-1.155865664669396,48.760923786080824,36.18396828024979,N1,10,453,462
0.4571595270055866,-0.9487914429254335,48.64221842527077,36.055652697890764,N1,10,454,463
0.2170371999957581,-0.8214455627307562,33.96644286414157,20.692448434358994,N1,10,455,464
0.30368153848542645,-0.7259556994213966,31.41306347158534,18.743069790342815,N1,10,456,465
0.4700819234869812,-0.661105344558554,31.533636004940853,18.87342577165291,N1,10,457,466
0.20636573243301087,-0.6931850290188848,16.16264612121704,9.055387577019246,N1,10,458,467
0.20547871093999676,-0.6675550482723593,18.59638415410336,9.00061566084878,N1,10,459,468
-0.08402399688634432,-0.6627244064800479,4.6968248290915655,-2.1941510265967734,N1,10,460,469
-0.008183885574408124,-0.6234606952663115,22.21902936213919,15.39071572856301,N1,10,461,470
-0.16202781075324993,-0.6140711112063408,22.222539645793585,15.394500726318256,N1,10,462,471
0.1330384961782954,-0.5051388928481645,36.05442108179413,26.49618865643315,N1,10,463,472
0.10133497752380549,-0.37331484592018394,36.10295171934231,26.54862700679223,N1,10,464,473
1.0020388451350073,-0.19200702649399695,69.2477566994512,50.30254875155479,N1,10,465,474
0.8643777515951513,-0.0038238066574820097,69.25931115352978,50.31504601818924,N1,10,466,475
0.7204568348588964,0.23856530415476412,66.77442557716168,52.32064389495754,N1,10,467,476
0.7117055399901631,0.454800326198573,66.73891866485356,52.282297952813494,N1,10,468,477
0.6909722204544835,0.5280648493821858,64.22105620693947,52.24614629278076,N1,10,469,478
0.5868260346083503,0.5539650549882428,64.26468632285795,52.293319288535166,N1,10,470,479
0.4970145815520084,0.5152558780502309,46.7762893000443,34.745018230254935,N1,10,471,480
0.43131050663725434,0.45773668540557305,46.66911505137432,34.62915878506046,N1,10,472,481
0.18372945213928346,0.2747896101743036,32.91796816034948,23.61472897950862,N1,10,473,482
0.13792110495904808,0.08987870233540658,32.84891045975237,23.54011918611741,N1,10,474,483
-0.7823271551197081,-0.138364277023061,-0.22487541873015288,-0.13701974180003162,N1,10,475,484
-0.8500421634175666,-0.3420970580799814,-0.2544617222756642,-0.16897782969990657,N1,10,476,485
-0.8245287376792987,-0.5679292308232744,-0.20697557980274722,-0.11764839297793514,N1,10,477,486
-0.5996799143803002,-0.696821793967714,23.21217825556705,22.220176641770014,N1,10,478,487
-0.633481135607252,-0.7325666833470553,23.216128172334358,22.224437331575974,N1,10,479,488
-0.18931500020954103,-0.7233608606182239,39.9566097072071,35.844030895946524,N1,10,480,489
-0.3236042975953808,-0.7111929773760061,39.99324827273667,35.88359602584951,N1,10,481,490
-0.2494356012550611,-0.6791588871535851,40.02945616350807,35.92277783196441,N1,10,482,491
-0.28563620867705025,-0.6627356319920874,37.2759957585753,33.90361516856101,N1,10,483,492
-0.2849341386577862,-0.6434915230262938,37.29628606148508,33.92552241725989,N1,10,484,493
-0.07964405061648563,-0.6020909317673191,37.24647423921742,33.84227294020675,N1,10,485,494
0.030901624410199703,-0.5814328898078152,31.455270644412668,29.687628561755083,N1,10,486,495
0.01571072967129794,-0.582122431180083,31.41663292182857,29.616482749874923,N1,10,487,496
-0.17427733368540999,-0.67547083997281,8.026408394648389,7.309912939673632,N1,10,488,497
-0.1948141102950217,-0.8471234249508888,8.04472831410676,7.329738849750174,N1,10,489,498
-0.4992898093687188,-1.0676297091830311,-8.682737320045636,-6.305178889077979,N1,10,490,499
-0.4989226736292551,-1.2066078381339091,-8.802927569967505,-6.435069069528981,N1,10,491,500
-0.4260486419845961,-1.3380167216876564,-8.723877494579574,-6.349649703416253,N1,10,492,501
0.17870811744446086,-1.3530462979294462,50.22318569699055,19.78684689805159,N1,10,493,502
0.4043476674837507,-1.3534868315627935,50.274158714099755,19.841952033440613,N1,10,494,503
0.6305197108717323,-1.2541178466063296,74.83725105215198,41.40554072286941,N1,10,495,504
0.643809035369759,-1.14240808144607,85.3773122714334,49.18707428441503,N1,10,496,505
0.6793391940772551,-1.017518481723651,85.38686840837836,49.22678145062364,N1,10,497,506
0.5326742283371345,-0.879406312245784,85.37867366122627,49.21793024182134,N1,10,498,507
0.5734470436303866,-0.7287138950056744,85.31916670606552,49.15358559275937,N1,10,499,508
0.603621184133317,-0.5598281730313571,85.359160464878,49.226200021109435,N1,10,500,509
0.6995346851749901,-0.46325671809411995,85.36564553435164,49.2331717956702,N1,10,501,510
0.6860554701379555,-0.3511510805870197,85.38353924442708,49.25252317803152,N1,10,502,511
0.04908184314568302,-0.34811191615447523,29.097151516444864,25.034910581523036,N1,10,503,512
0.11777222833480323,-0.33451586488585355,29.074929393455385,24.952080859004674,N1,10,504,513
-0.21492360959773577,-0.43548901463657314,4.533579610288507,3.4120296780278294,N1,10,505,514
-0.10615122878317038,-0.537121369791367,-0.25584514762376787,-0.2587315012802719,N1,10,506,515
0.005409409467876003,-0.6394144652057691,-6.005504255006963,-4.4024324872167195,N1,10,507,516
0.4195824017266716,-0.6802229633712559,7.812924297973586,6.704616637119761,N1,10,508,517
0.4136385098309461,-0.6223614076569874,7.761092756965081,6.6485906555617476,N1,10,509,518
0.5767514692761324,-0.5679370254817685,21.62033767150897,17.799750386959023,N1,10,510,519
0.810483971356706,-0.4567479675850814,39.201800082043334,35.44869438812184,N1,10,511,520
0.7976331682974092,-0.3514342162901576,39.0705490653414,35.30683327578954,N1,10,512,521
0.9296750280802655,-0.23946623425777594,39.20488718498709,35.45201632005719,N1,10,513,522
0.7880568119983365,-0.136661821284242,39.14138856009413,35.442171163008425,N1,10,514,523
0.7101177723934825,-0.024260137230397837,39.11056488923678,35.438205521770215,N1,10,515,524
0.6748979056003975,0.09035935287907346,39.22590190016054,35.562857616232215,N1,10,516,525
0.46720237524926345,0.20687180138476807,44.92754808710233,39.6546725615779,N1,10,517,526
0.131824407926473,0.2581771464492828,31.060963661593632,28.49557463387955,N1,10,518,527
0.16462881509172006,0.21012707949548376,31.180826080932093,28.595766769658077,N1,10,519,528
-0.06542052309163751,0.15926268939720814,17.321305553812273,17.385555801838926,N1,10,520,529
-0.33073033551366393,0.06368043380376757,-0.23241550521706814,-0.23337305773566186,N1,10,521,530
-0.16885535481950456,-0.033187880250790155,2.3420636299775652,-2.1421846195464243,N1,10,522,531
-0.007427904054276268,-0.13638521624092342,15.955069641855152,8.742865584725587,N1,10,523,532
-0.1276132531560279,-0.2311417195572915,16.119756623038484,8.920877439920332,N1,10,524,533
0.13845663870611702,-0.230670759670131,29.96005333735302,20.051584158253718,N1,10,525,534
0.18226166331585886,-0.23219917482952307,32.33076555718617,21.80354555412232,N1,10,526,535
0.3095305550534988,-0.23380737238145527,32.45321414415157,21.935911354548807,N1,10,527,536
0.4012688280584712,-0.23144565104814915,47.125396642129274,37.329602898004126,N1,10,528,537
0.39435199524637027,-0.2245093981301954,47.134548916232596,37.36888939476612,N1,10,529,538
0.47789978366425884,-0.222146442893421,47.0468375134551,37.33282415594622,N1,10,530,539
0.602253626351063,-0.21891135866629446,47.09541371912637,37.35596813341071,N1,10,531,540
0.495105908329316,-0.22248700025063908,47.04844453661026,37.30523227677604,N1,10,532,541
0.2386749152652726,-0.21804172757808526,33.325590547341925,26.272088438439276,N1,10,533,542
0.3464618033329373,-0.22315685935782917,33.22629416070595,26.16476903867224,N1,10,534,543
0.07556843181444037,-0.32276046654448687,19.41125892997261,15.061370055426597,N1,10,535,544
-0.04508674820721694,-0.4225542152460706,16.941175353726795,13.20198425998169,N1,10,536,545
-0.024546214507944343,-0.4639408122340038,16.917897239369267,13.176785325191485,N1,10,537,546
0.004077941657584461,-0.41465663114557716,16.091885618262676,8.920141460443665,N1,10,538,547
0.030454666642992834,-0.3720080518617596,16.05450709758552,8.87973841663461,N1,10,539,548
0.32237286863413034,-0.28011279011686574,29.972516188016744,20.094440320917965,N1,10,540,549
0.2762600619374552,-0.20018536877631127,29.973580632163067,20.12492775383289,N1,10,541,550
0.31198715712536684,-0.0706462703097511,32.23725850055962,25.757128299682154,N1,10,542,551
0.8762340555192963,0.0589074845223946,34.72936174700517,23.78864226730584,N1,10,543,552
1.0830013748058889,0.2306417779862322,50.8172431494022,37.978895849187396,N1,10,544,553
1.6462142191559166,0.3968205866082178,78.14924010557479,55.05970328838193,N1,10,545,554
1.6784805833435712,0.5590951440856374,78.16187934996961,55.07339573754471,N1,10,546,555
1.5938318049183409,0.6555340296380614,78.14465378701134,55.025427255828255,N1,10,547,556
1.4046863710794866,0.6563275499489283,64.31411061456201,43.90528966948095,N1,10,548,557
1.484054545852183,0.6492867462834511,64.28708001595805,43.87603827025923,N1,10,549,558
1.1436177660949398,0.5959591839106194,44.66811015902677,28.604241061852736,N1,10,550,559
1.2061331284061452,0.5339396142702311,44.553694488182735,28.48059407349974,N1,10,551,560
1.150655359385155,0.4305983930976252,39.91935543194923,24.97745770317015,N1,10,552,561
0.8970454411909315,0.3206228341190851,52.797597633315306,36.77178761510513,N1,10,553,562
0.7743516100963234,0.14987867295044702,36.633101870948664,22.498699457565454,N1,10,554,563
0.5219186493584687,0.08551041320118476,23.170846004289707,16.58041305715542,N1,10,555,564
0.5036298437605694,0.06452851672409317,23.168476604787067,16.57785723827019,N1,10,556,565
0.554867534869004,0.04086414420238107,23.157078721187645,16.594912118743924,N1,10,557,566
1.0065057283455245,0.006996533616655398,76.85836125488967,35.33283974565111,N1,10,558,567
0.9154114528594846,-0.02811066843128831,76.9083304333366,35.38687999925587,N1,10,559,568
0.926312159151729,-0.07274023459046167,89.4339296060225,41.29357419275548,N1,10,560,569
0.9994001795289649,-0.11423731108160684,104.19447504527307,56.78277152993887,N1,10,561,570
0.9725215161424103,-0.1545525789070929,104.186562072601,56.77424917161115,N1,10,562,571
0.7273317245848829,-0.1979470678850296,86.05404633718608,44.94922925887768,N1,10,563,572
0.705148402146125,-0.24961277295266643,86.03826970768823,44.93219810251867,N1,10,564,573
0.6513460593943989,-0.3930168534534989,74.73315499820346,31.850225456366026,N1,10,565,574
0.695474257177682,-0.5839869797013314,74.7376171911852,31.855043131683125,N1,10,566,575
0.7112356915861767,-0.7459872795615426,74.70848892957838,31.82353796585121,N1,10,567,576
0.4780434716265688,-0.7974587501661639,34.83641464913453,24.20431446976672,N1,10,568,577
0.48158295349180663,-0.8340410687627153,34.865483777435294,24.23573962544615,N1,10,569,578
0.6691498129191586,-0.8659579983460721,41.94534173792272,33.58623520417768,N1,10,570,579
0.6341147518066521,-0.8507845068266032,21.452938629803974,14.006513509317665,N1,10,571,580
0.6367924030051654,-0.8333803285031076,21.407422739370304,13.957291983210961,N1,10,572,581
0.5077627843413154,-0.8102105707008972,24.168092668697135,15.98420949450101,N1,10,573,582
0.30450597870227514,-0.7616677850256085,24.243451069928778,16.065655627772138,N1,10,574,583
0.04461755234457314,-0.6819737219165731,26.363894292894475,21.54308959642949,N1,10,575,584
0.07478282758893329,-0.5870814591234984,26.435226834182686,21.620179614683547,N1,10,576,585
0.27750792334229,-0.5198915029041569,41.07259224727968,36.97625634427313,N1,10,577,586
0.029570227630875932,-0.5479725275570022,27.267951377361534,25.88407155731893,N1,10,578,587
0.04956633038289056,-0.5703398869624159,27.253124975908577,25.868055196439308,N1,10,579,588
-0.15209017071424,-0.5952134547877392,13.348510097345933,14.667843177775467,N1,10,580,589
-0.1977475910085559,-0.6447527228468075,19.200853894372994,18.888612439856843,N1,10,581,590
-0.15435218516677196,-0.6520149068516006,19.192806600146287,18.879896786002792,N1,10,582,591
0.06447016584911011,-0.5670931859855646,33.03748932470735,29.995433119630796,N1,10,583,592
0.1516509283082371,-0.4840410997306826,33.011880434521665,29.96775213133278,N1,10,584,593
0.40602380432883933,-0.3012789294484012,42.16613469216391,37.5394315374424,N1,10,585,594
0.4081272540488669,-0.13191674016412663,42.082163904144544,37.44865015115738,N1,10,586,595
0.2697075596328773,0.03293703670427099,27.50775114450844,22.160649227446264,N1,10,587,596
0.3153511696820715,0.19531569350111583,27.438802287398357,22.08613321406556,N1,10,588,597
0.3595387962975053,0.34000953417347013,27.439354482863926,22.086720051948397,N1,10,589,598
0.3679133916295939,0.4877058833168018,27.514581905931117,22.168067166742368,N1,10,590,599
0.32330116247226215,0.6161364850408372,32.10441735694731,25.623097925199907,N1,10,591,600
0.3497612380400824,0.6888039193266764,32.11013749844424,25.629290127056446,N1,10,592,601
0.2816646676550647,0.665020761024747,18.345526236331715,14.600302480218852,N1,10,593,602
0.4896413068341531,0.6442891964756633,33.022970026127226,29.99968778043749,N1,10,594,603
0.2461992181133553,0.4780595570498303,19.199028090417414,18.8866621604564,N1,10,595,604
0.11524867104083114,0.31271631174224945,19.20830989028,18.896710970626554,N1,10,596,605
0.2146379381067561,0.19349469274373235,19.0795628701042,18.757540634190992,N1,10,597,606
0.5306103528630217,0.11891961360087819,34.49246928947832,28.62086590564304,N1,10,598,607
0.5412154241748851,0.04485509963699208,34.462673754450954,28.588630709323844,N1,10,599,608
0.7849799875263159,0.020801656285117785,49.84684688387824,39.745221233413034,N1,10,600,609
0.8600264870229068,-0.0011169835907697489,45.22131771336863,36.251607794656046,N1,10,601,610
0.8862507451435988,-0.0310633392402341,45.17631224790821,36.2029732792751,N1,10,602,611
0.7954945717004136,-0.053738723084595465,45.13474941996246,36.15801584254022,N1,10,603,612
0.6862600142499161,-0.09695267091849225,30.41752139811033,20.686293137069516,N1,10,604,613
0.7216580900885787,-0.1321939471115762,30.441444248022528,20.712152404270093,N1,10,605,614
0.7162072082827364,-0.1707123806305308,32.982126197000255,22.64783365285366,N1,10,606,615
0.5018927783673007,-0.2516622565181095,33.04002121254344,22.710407323697474,N1,10,607,616
0.12605556606142726,-0.40358165532889634,17.61667989423404,12.835790863859074,N1,10,608,617
0.0743960835740495,-0.5584250141215886,17.359445567363217,12.557766735982295,N1,10,609,618
-0.05952706296104111,-0.7169451644878098,18.317477938326192,15.866229342720908,N1,10,610,619
-0.09737706835030621,-0.8350578353157033,18.371650404100727,15.924743161842708,N1,10,611,620
-0.22072865710399014,-0.8502623549931159,18.392425574821754,15.947191082708013,N1,10,612,621
0.015364124772833065,-0.6693749956975132,33.71594205007568,25.713966291426914,N1,10,613,622
-0.042404820700630806,-0.4838692260061265,27.987276713134996,21.656275307470423,N1,10,614,623
0.14653837952850496,-0.264039090779341,41.803678641989976,32.76112908676223,N1,10,615,624
0.13024379880891956,0.00027961456397314067,39.242928125716574,30.803759158936373,N1,10,616,625
0.16154852996378394,0.26107263636580064,39.297582920330385,30.862824165239363,N1,10,617,626
0.24659149476738662,0.5411905125725717,39.29303613091288,30.857912285760175,N1,10,618,627
0.31075886221973975,0.8168092155918739,39.60474527420956,31.13605391188903,N1,10,619,628
0.11302051534221391,1.0372813116693858,23.199990120327858,16.60334506237741,N1,10,620,629
0.15684627432981416,1.2117585424477846,23.146567519407107,16.545623957825956,N1,10,621,630
0.1967653372875418,1.2863287160719725,27.92114213730274,20.174444266780846,N1,10,622,631
0.34692497490844404,1.151464631950458,66.32082811690489,29.16930328835115,N1,10,623,632
0.2862326150854585,1.0668765465441354,72.0960670426197,33.30667282716822,N1,10,624,633
2.1371516967427056,0.9195391128340118,85.48326636168022,39.14387526333121,N1,10,625,634
2.2072415893965855,0.7204793047823346,85.5527305131498,39.218951543200454,N1,10,626,635
2.4131132783868283,0.535317824253777,100.19767761594703,54.56601788291482,N1,10,627,636
2.657055980148988,0.44379830116254765,115.57701298905741,65.73737185401224,N1,10,628,637
2.6052766279251385,0.35327495950303245,115.53888053195115,65.75493242425,N1,10,629,638
2.932740176466706,0.35217690579717703,130.86653819340754,75.52616300465743,N1,10,630,639
2.7328312618868495,0.3440495748899496,130.90514730070282,75.56791099085021,N1,10,631,640
2.69599794123788,0.34300472950925853,126.14596582584163,71.95573896781426,N1,10,632,641
2.460696962839967,0.3403685699875048,72.44313926607428,53.216152660505756,N1,10,633,642
2.348927399438355,0.28802539172542313,72.40668530233889,53.147365797369275,N1,10,634,643
0.3605596177872542,0.24455078930767424,45.170090892269585,36.169651707437154,N1,10,635,644
0.43762999709733774,0.1736313448081505,44.84832015661887,35.79246576175065,N1,10,636,645
0.2507848124090003,0.07994933065091647,30.460685004430708,20.723552208424373,N1,10,637,646
-0.011177653498702967,-0.08840876216232374,9.307197973350776,5.416001511882132,N1,10,638,647
-0.023849900327019214,-0.2617850500950391,9.38557223432981,5.50071644976997,N1,10,639,648
-0.3354645769452418,-0.529607619955098,-1.2136622338657617,-0.6656740560418257,N1,10,640,649
-0.17855337590713702,-0.7344417952858,-1.2418149094366526,-0.696120905056523,N1,10,641,650
-0.15674687309717114,-0.8975334978112212,-1.3067635692539625,-0.7663324386234308,N1,10,642,651
0.05913485078563667,-0.8986899061225598,22.155182608229733,20.71674616577038,N1,10,643,652
0.16227190666288038,-0.8932112242478005,22.18528147032557,20.77866176921525,N1,10,644,653
0.4243467154575512,-0.7756001803225328,37.57097612994003,30.612591080470885,N1,10,645,654
0.2850574345183873,-0.6197839337879891,37.84137670244017,30.934244799888983,N1,10,646,655
0.17111701862703513,-0.45112777804916676,37.58954374758578,30.66201527888479,N1,10,647,656
0.10477792304087075,-0.30828572553048766,43.31897674333559,34.749871862646614,N1,10,648,657
0.06585544111472359,-0.14711966479559332,43.316379801239236,34.747061820688394,N1,10,649,658
0.299724275407425,0.011529654197102345,38.26018665206575,30.787908578694623,N1,10,650,659
0.23913154771300354,0.12766723681012238,38.60540939169223,31.16106142496792,N1,10,651,660
0.38426922067872055,0.17962296938319505,38.63964183290882,31.198084257980007,N1,10,652,661
0.04840515700914807,0.07393188438866005,15.105264575692853,9.636705634766258,N1,10,653,662
0.19542050941407182,0.01949582527330307,15.047406574583874,9.544813179585253,N1,10,654,663
-0.017803066741237217,-0.12141691383965103,4.536404086146649,3.4737772428794416,N1,10,655,664
0.1283332541887489,-0.2600427783979665,4.534310871894195,3.4715149295287118,N1,10,656,665
0.40603102551081066,-0.40937155173449613,4.511678060324266,3.447051554594509,N1,10,657,666
0.7916336832379329,-0.4831592800838244,19.962397334986598,13.351282031070877,N1,10,658,667
0.9055093002291642,-0.5119437801895661,19.899323780893248,13.253725843973735,N1,10,659,668
1.111665400522753,-0.5191106526752438,43.6958904321873,35.999541098787816,N1,10,660,669
1.0566049463571403,-0.4792473847567976,43.33677749538147,35.61135822981923,N1,10,661,670
0.8030021353247548,-0.40797034901315393,43.38082721417377,35.658955888662604,N1,10,662,671
1.3817929469099055,-0.32668984718651545,43.370949273553926,35.61890148849161,N1,10,663,672
1.3107414815566358,-0.28055994469565276,45.948434871102656,33.74274304063802,N1,10,664,673
1.1857525666562423,-0.2409994345550089,41.06908803098486,29.97480236924421,N1,10,665,674
1.1505174730409577,-0.1945324356556803,43.59510062454647,28.01364902867972,N1,10,666,675
0.9187727830959261,-0.12852633457604307,43.517869746799626,27.9301580449639,N1,10,667,676
0.621734476888497,-0.10690136372558286,28.204430322609916,18.14495287290847,N1,10,668,677
0.5600112612722228,-0.13076779546401127,27.92628238040197,17.87365064086189,N1,10,669,678
0.22013312525187417,-0.1477857620019659,7.21482685916053,-4.222848268297821,N1,10,670,679
0.20988843098195958,-0.20932856338033118,11.954982847031715,-0.6053116565046366,N1,10,671,680
0.34722116994016117,-0.2590839451175704,11.955929349576035,-0.6043141557078343,N1,10,672,681
-0.08514177986808136,-0.2585868024007194,25.805758360989785,10.566096847035078,N1,10,673,682
-0.06896730173168067,-0.2529171664404572,23.339962754970475,12.592354458189948,N1,10,674,683
0.19234084680663271,-0.09330474064803625,38.66969978080997,22.365805235879815,N1,10,675,684
0.3109692502498206,0.16653173510909197,50.8218281543901,39.69272785699432,N1,10,676,685
0.39011781748582736,0.4195962777759803,50.916961842225284,39.795580070055074,N1,10,677,686
0.4040457956826174,0.6427008617600478,53.362257426134605,37.77653855575409,N1,10,678,687
0.458101195686362,0.8672698784944013,53.56144088716064,37.99189024010302,N1,10,679,688
0.3466722527517788,1.0733406056714603,45.05838135868835,33.55743781200799,N1,10,680,689
0.4611637357239829,1.2690735090208543,40.330892575702094,29.953610540803492,N1,10,681,690
0.2951872735667848,1.4400724562080687,40.33369244794594,29.956661504154546,N1,10,682,691
0.11748835854177173,1.599960102664307,26.502430922299027,18.83570750918334,N1,10,683,692
0.11776865655253914,1.737554213256777,26.455072437108537,18.78448950386155,N1,10,684,693
-0.09396307690469712,1.7043117102061145,11.076095813654684,8.957811947976733,N1,10,685,694
-0.1773563867326004,1.5590586705010216,-1.0331218010782321,-4.4692695475958315,N1,10,686,695
-0.24824944021435158,1.3991359932243697,-1.081810991471866,-4.521898091799085,N1,10,687,696
0.10081132415712091,1.3933051372426675,52.3681949323629,22.47902418591111,N1,10,688,697
-0.05252168941835862,1.3668138617801449,54.975070883589794,20.60520863629936,N1,10,689,698
0.28328419094108315,1.3840528475149367,76.11696304969374,34.58991622390276,N1,10,690,699
0.41549071159211054,1.3834651784168104,76.07819258892123,34.54800432234551,N1,10,691,700
0.5417852508726128,1.3698497458351764,76.05033845208672,34.517891179017894,N1,10,692,701
0.7408993707227239,1.3039519574038803,90.76155915797207,49.953769904641014,N1,10,693,702
0.6258995776138591,1.228114715393902,90.76313782199722,49.95550213455208,N1,10,694,703
0.6806964033579789,1.129925221772194,93.24739217506503,49.955355124658674,N1,10,695,704
0.64241633592531,1.0166282655141674,90.68948596448172,48.028593889334296,N1,10,696,705
0.8149998728101024,0.9051254650892904,90.70050212207789,48.0404899960442,N1,10,697,706
0.4432701951495517,0.6544610753344612,34.82737518208596,23.082601345769945,N1,10,698,707
0.41317769035559876,0.40868179969578283,32.28628639737799,24.998147603019607,N1,10,699,708
0.09817506404288565,0.09125104375367706,16.850083912621265,15.109647998642686,N1,10,700,709
-0.021247263339961363,-0.1953215319711849,21.67625520733527,18.820144259467632,N1,10,701,710
0.012126524709651676,-0.5044910333369556,15.833065837050162,14.609305768922422,N1,10,702,711
0.13637219927370553,-0.6899520514562159,16.578834932267636,9.084398122828134,N1,10,703,712
0.31085765096822227,-0.8760071489525959,16.577493073837466,9.082930138147276,N1,10,704,713
0.8955476938427864,-0.9030896146524103,48.72823451526055,32.00532244837886,N1,10,705,714
0.8974870088523801,-0.8350314719147736,48.73680024006935,32.01460174710519,N1,10,706,715
0.8683415827061538,-0.6711053797880028,48.65761122130207,31.89963450696705,N1,10,707,716
0.889248533823104,-0.5279408872264433,48.61734454513389,31.885470443919257,N1,10,708,717
0.8889102039769057,-0.39005184360987155,48.58010495003619,31.874565745100334,N1,10,709,718
1.1286234466095038,-0.22225313040060923,63.35527844232674,47.36236287085158,N1,10,710,719
0.9622626625430144,-0.08061789566422493,58.5825892250974,43.7096813463264,N1,10,711,720
0.8921628160370233,0.07297578977205821,64.4056391185266,47.89872236805022,N1,10,712,721
0.638437178316974,0.11515729145035922,48.971110444305666,38.01200751710385,N1,10,713,722
0.5578852852086357,0.19488801052096155,48.94872296818394,37.987804290056374,N1,10,714,723
-0.0038507584177352784,0.1526312106358949,14.352352648786473,15.107308661968272,N1,10,715,724
-0.19649795666073827,0.002470605790571634,14.39257847621775,15.150787346458674,N1,10,716,725
-0.11599528943669384,-0.2194878624427945,14.477530399179523,15.271979715576162,N1,10,717,726
0.04590407322938859,-0.4344971669146009,28.259715188921838,26.33986617179071,N1,10,718,727
0.19996935506138697,-0.542290582657265,28.330555828710565,26.41643457218488,N1,10,719,728
0.19043529535090897,-0.5534919282462116,30.41631252302941,24.67840152536628,N1,10,720,729
0.22181672293909288,-0.46623141859425365,30.031532781014175,24.26244847785274,N1,10,721,730
0.30078824262560033,-0.3112278931123501,30.427514170038556,24.69050125179856,N1,10,722,731
0.22417127259746508,-0.17871445528813462,27.663914500420653,22.66043900300938,N1,10,723,732
0.14309456089143852,-0.07599373708399133,27.701965916365587,22.70160754398348,N1,10,724,733
0.1954545910258389,-0.003337076882094081,27.528898251584543,22.51453859021931,N1,10,725,734
0.49898929858529756,0.09810682208934,42.28032574868375,37.99383522635908,N1,10,726,735
0.34281235937985455,0.15873409718952125,42.20713072472718,37.91471664376259,N1,10,727,736
0.17113829127895314,0.2618303132856768,28.430189580860315,26.85249078770685,N1,10,728,737
0.08918281938387622,0.25272919178040165,30.94255341317039,24.876558732664854,N1,10,729,738
-0.138166279153603,0.1557338157638278,14.165720198158306,11.217699077269572,N1,10,730,739
-0.06788117413725558,-0.0720534920724023,14.487019949260866,11.565019042195491,N1,10,731,740
-0.0933791133287741,-0.3278153477207356,14.158465391840583,11.209872776651173,N1,10,732,741
-0.00864746737738642,-0.5065080140793345,30.744481575731697,24.351315846701617,N1,10,733,742
0.029120044271274993,-0.639972851667931,30.687621131008928,24.28983489408056,N1,10,734,743
0.10690948830578009,-0.6010187900342953,47.592305927444976,38.086934341314915,N1,10,735,744
0.024721115623356126,-0.5158046340463002,32.89300228986758,22.66395620856856,N1,10,736,745
0.03687107423864404,-0.40625161176759583,32.96809169373846,22.745159319800223,N1,10,737,746
0.032380325450435524,-0.3363319300293647,32.9345223237724,22.708859284154823,N1,10,738,747
0.012022286763181001,-0.25307011028009846,30.363407694497074,24.62130220246654,N1,10,739,748
0.06999506407776153,-0.18067172714073623,30.384173695411665,24.64372692466568,N1,10,740,749
0.12777173570904096,-0.08322242512390421,30.080471049206245,24.315448200421088,N1,10,741,750
0.04853196040592707,-0.005632889713075606,30.17663888379684,24.419408938484047,N1,10,742,751
0.11037436066278587,0.02317950864912959,31.207330336758606,28.897270763537744,N1,10,743,752
0.19217571406086337,0.056355350817303494,25.4276996786597,24.75514586131758,N1,10,744,753
0.013909655754417827,-0.0857677874075236,8.604443125653415,11.046092387391763,N1,10,745,754
0.0034932797824637875,-0.26246803071228103,8.629052163865708,11.07270483081229,N1,10,746,755
0.02687969545426654,-0.46722477107655286,8.58070315289624,11.020399003490457,N1,10,747,756
0.34736932694216305,-0.5555804151993319,22.464739711882793,22.198369623492546,N1,10,748,757
0.28949814837554866,-0.6515400345875901,22.52565812816283,22.264204252628407,N1,10,749,758
0.5634656051663569,-0.6735210317314305,36.29364956558784,33.296863266550645,N1,10,750,759
0.5359263739464041,-0.6234134457920417,41.40561007882243,37.316280685329914,N1,10,751,760
0.5461558940451937,-0.48045847605842074,41.252679393828295,37.15098990090773,N1,10,752,761
0.6778675694290769,-0.35503977250980406,80.10693874814388,40.30629729365428,N1,10,753,762
0.7440970151754585,-0.2790726395883949,85.83738955386761,44.39523604371061,N1,10,754,763
0.7812307367448739,-0.17480003196375762,86.05050171921138,44.62557445558268,N1,10,755,764
0.6771683060296538,-0.09620597874900287,85.91779097892649,44.482130895255615,N1,10,756,765
0.6604684381331254,0.009519745828260895,85.88333199759981,44.44490036631578,N1,10,757,766
0.464086320411667,0.10091864733167402,72.02982913997548,33.29994501028123,N1,10,758,767
0.7410938693671426,0.24975641737348706,86.68977450847596,48.68040519802889,N1,10,759,768
0.595047248464357,0.32140753653443604,72.8262510334047,37.54450564410909,N1,10,760,769
0.529632480469877,0.38663609785787967,68.14145775298057,33.98684027772943,N1,10,761,770
0.5779466369345186,0.34633729211037156,68.08461271432824,33.89598344513215,N1,10,762,771
0.4679372121748031,0.40716780014032433,23.196873938982026,22.122793308610927,N1,10,763,772
0.2686160149876343,0.5023114481936359,23.20336789786961,22.129804105593212,N1,10,764,773
0.46128962206474855,0.6324247030105856,37.00360929612871,33.217176180415116,N1,10,765,774
0.4811221935899425,0.8064670580544666,43.82235727050029,35.03287570977409,N1,10,766,775
0.4833362597036853,0.9684434021302712,43.94471898308293,35.16512617310036,N1,10,767,776
0.34985113634256776,1.015380789107836,43.918487374893814,35.136779375495095,N1,10,768,777
0.11165347611287757,1.0110145163524522,29.265201400941443,19.76353037415429,N1,10,769,778
-0.10178589994289382,0.9873044593072109,29.23929600945412,19.735520588560394,N1,10,770,779
-0.0016391013769521123,0.9169587498251852,29.198270653950022,19.691147383001955,N1,10,771,780
0.015800257113647832,0.8981730510454241,29.29252419045224,19.8224263694432,N1,10,772,781
-0.24111439074824262,0.7469643806323099,20.348944959028813,12.717077971244361,N1,10,773,782
-0.1763828147429763,0.6012096839293848,20.420984486482848,12.794994323815626,N1,10,774,783
-0.4511492491771321,0.4004575020330801,6.378507306068059,1.4457729909190675,N1,10,775,784
-0.2474430065212232,0.15367464154187851,14.473076459993536,15.2843582519341,N1,10,776,785
-0.12072107072424387,-0.06484716477094943,14.457348795545476,15.26737997911332,N1,10,777,786
0.09549421468482251,-0.15079883389043863,28.27916927396327,26.37809626342314,N1,10,778,787
0.15673128792556099,-0.24358154308581415,28.218187190492245,26.312190088062927,N1,10,779,788
0.44812734094355733,-0.320969049375133,42.13111250963957,37.52140110263463,N1,10,780,789
0.4603963686500208,-0.38881279386137135,46.90874313367785,41.1794258999209,N1,10,781,790
0.35726764951251083,-0.4489569506109497,46.85660141301632,41.093670188725085,N1,10,782,791
1.0093312400379433,-0.4761920591983402,46.98461596360685,41.23206136620975,N1,10,783,792
1.2942986573195696,-0.583063267526968,46.898081634301704,41.138471451310394,N1,10,784,793
1.7905851298662525,-0.7474223092950381,75.36880677602531,58.46260350270859,N1,10,785,794
1.5868788872103436,-0.9413533223432017,60.448735918758395,42.801002762231654,N1,10,786,795
1.4117508690037937,-1.1484954689683278,60.47592825606189,42.83040779614494,N1,10,787,796
1.2425819539647818,-1.5068521244766366,46.64771358879043,31.712791308556188,N1,10,788,797
1.2057094890062559,-1.788562127395047,46.63720704481202,31.70141993081852,N1,10,789,798
0.9796785720359139,-2.0396072516078263,32.75406086284092,20.524394286285677,N1,10,790,799
0.9831814293821992,-2.311943861687385,27.888180211596044,16.771005793658333,N1,10,791,800
1.2583251919249108,-2.5684771176697776,42.62186416392542,32.260557497398985,N1,10,792,801
0.9855484897980602,-2.7174602475591834,56.481958989916166,43.41265336217657,N1,10,793,802
0.8122816368887129,-2.81938988316419,56.604834140666206,43.545488808754456,N1,10,794,803
0.5241079463200379,-2.8603639651560657,43.645301283822484,36.190954733344185,N1,10,795,804
0.5947415149240556,-2.8163648032883066,43.64308916239388,36.18854505569361,N1,10,796,805
0.6851771309696517,-2.7767783510796247,43.61881443993625,36.16230771688424,N1,10,797,806
0.6189713456157506,-2.7053402457905733,43.60831199441236,36.150940780510794,N1,10,798,807
0.585195196871274,-2.716796979302227,43.60479571740289,36.117770528477195,N1,10,799,808
0.621550595284998,-2.7267892800635947,50.49148181281089,38.03438318978915,N1,10,800,809
0.6087986687756824,-2.7375757030399606,50.52656439448619,38.07232592575783,N1,10,801,810
0.4488425639119953,-2.7436300761206427,35.84127579917258,22.664481481500843,N1,10,802,811
0.3259956283291558,-2.828517398165603,19.273095176097193,9.542283598494032,N1,10,803,812
0.31255539546143607,-2.899058275062047,19.23991297073917,9.506445194776825,N1,10,804,813
0.19517997823559768,-2.9384279214028077,3.8590326803067,-0.32228641749170495,N1,10,805,814
0.24006461706775895,-3.001504615268156,-1.9248213594466506,-4.468969557495439,N1,10,806,815
0.2138714021357032,-3.031934059173017,-2.105489645270063,-4.69362744572536,N1,10,807,816
0.4266025047062499,-3.0309635790476883,11.949093370614355,6.668625215936482,N1,10,808,817
0.6401900016654849,-2.9301988686974716,26.58025514221481,22.047374051397128,N1,10,809,818
0.8950848630561324,-2.720458964034139,33.61427098008753,31.348366199345765,N1,10,810,819
0.8820849009682149,-2.443713827529213,33.57823957608489,31.30939410681167,N1,10,811,820
0.8876002596662147,-2.217338195546202,33.619814262620636,31.354335038550197,N1,10,812,821
0.7635062980510099,-1.97737755723537,38.79746348824774,31.302289373544046,N1,10,813,822
0.6849141085919086,-1.7114731655546165,38.799437432269045,31.30440393885874,N1,10,814,823
0.6970361534091694,-1.4614290681018047,38.811861710355515,31.317842402761016,N1,10,815,824
0.4694196415672479,-1.2246613807289422,49.36277785690254,39.11112831985338,N1,10,816,825
0.31499453419405654,-1.0259547399260243,49.51445288082723,39.30444582041891,N1,10,817,826
0.5930274537370679,-0.802876248486028,89.13313718430109,46.64990436829212,N1,10,818,827
0.42766293978095293,-0.6492324846260601,74.62877977003954,31.437589471469618,N1,10,819,828
0.05180775659944743,-0.5750596279186254,63.18132899791417,18.201776641306786,N1,10,820,829
0.07270463161967769,-0.5547267345705904,63.254013178967945,18.28034249100383,N1,10,821,830
-0.008987822291902602,-0.5435293615489073,63.21705235955778,18.240388700692346,N1,10,822,831
0.15070551843979843,-0.3703302440970987,74.36272733756996,31.150040254097256,N1,10,823,832
0.22536995557544515,-0.23918923797677252,74.32618556710622,31.110542612847713,N1,10,824,833
0.5793493692568973,-0.05972649547320117,98.01326050440366,53.73788372602576,N1,10,825,834
0.7554554571809945,0.1110873661937859,93.31031452665847,50.16058107579702,N1,10,826,835
0.844746408008973,0.2948114695627382,93.31583949719243,50.16654073636964,N1,10,827,836
0.3890955606322336,0.42453330612341633,39.61538865021721,31.429436699888175,N1,10,828,837
0.40085074674573207,0.539494437017541,39.49640638642158,31.300845520893198,N1,10,829,838
0.4112029339644664,0.606229775046873,31.289300091440236,29.226393932070277,N1,10,830,839
0.36468394640029944,0.6692890437876329,36.04132495910672,32.85670086063146,N1,10,831,840
0.38177710555388555,0.7294643791711877,36.002496116005204,32.8147231155137,N1,10,832,841
0.3030262475664756,0.5879749858057011,22.441881857235423,21.956905006303714,N1,10,833,842
0.13422918259972788,0.43412422711514437,22.413759807817407,21.92651002157181,N1,10,834,843
-0.2701671450076276,0.22649830004487087,-1.2746953174042575,-0.7023272026282938,N1,10,835,844
-0.2737837273009859,0.0382304223923569,-1.2658693003097141,-0.6927422924909479,N1,10,836,845
-0.05247454524584896,-0.15325878597789427,-1.2794864836461783,-0.7074822334769124,N1,10,837,846
0.16904820785979952,-0.3429261810201865,14.134897250773793,10.48181598600604,N1,10,838,847
0.22490947381684806,-0.5024934038123832,14.110158905148273,10.455093068162387,N1,10,839,848
0.40125940129191234,-0.6017011687474068,33.79138217634245,25.79418547589048,N1,10,840,849
0.33990351587879675,-0.6129927999559754,28.932611652088962,22.01912100917034,N1,10,841,850
0.6167168865432927,-0.6270639040598468,43.61763723943368,37.40949937752557,N1,10,842,851
0.48191877494053303,-0.6322790121157198,43.609919439824445,37.43051308092472,N1,10,843,852
0.4795480634718672,-0.6388872272823761,43.6074261737398,37.427833951572396,N1,10,844,853
0.3925401549850392,-0.6447577186510927,43.48822279940286,37.2989636718743,N1,10,845,854
0.413411269602517,-0.6508733956674988,46.09931216957775,39.31071675582243,N1,10,846,855
0.23165876987105208,-0.6570400840589926,48.57401679409013,37.29409573090925,N1,10,847,856
0.0970379387165849,-0.6648078073432615,33.182867223479114,26.129930247112135,N1,10,848,857
-0.08397638082076356,-0.6138414245900179,33.24821964063303,26.20051992705521,N1,10,849,858
-0.11178044961394562,-0.6130550067478936,19.331110483019437,14.986765047576409,N1,10,850,859
-0.14303971541126542,-0.7159723068411636,19.394135269740218,15.084262040049726,N1,10,851,860
-0.35467586599261836,-0.8182087931720631,4.726242420331983,-0.2876150569503807,N1,10,852,861
-0.030772870068142312,-0.9101915115871648,20.088582470612163,10.865339850740565,N1,10,853,862
0.07593034928097495,-0.8870426097630884,20.139904387786373,10.920785014965077,N1,10,854,863
0.3011323616024356,-0.8550490577838772,34.0916648568651,22.171982683765965,N1,10,855,864
0.22655380742721717,-0.7833914982487287,31.442531740688718,20.11908269893247,N1,10,856,865
0.04207981804861447,-0.7011744937849471,28.981917814858754,22.15097204781414,N1,10,857,866
0.34611756475424044,-0.5581295092885625,43.56572583440648,37.43194713737539,N1,10,858,867
0.3781266933029201,-0.49261630750165464,43.61490039475975,37.48511960363103,N1,10,859,868
0.3491155873170726,-0.4327991652663513,43.64244316555778,37.514943859671256,N1,10,860,869
0.5184188411119635,-0.3488452460522609,43.67752816927968,37.55284654997049,N1,10,861,870
0.3767441581185949,-0.2643983071646147,48.35741461533471,41.10525755656672,N1,10,862,871
0.00798874407410608,-0.19377400635563902,33.024870190111685,29.984511315999406,N1,10,863,872
-0.1253628591305585,-0.21071249145311838,33.05759631039327,30.019898907382593,N1,10,864,873
0.24126257006276433,-0.22203966510061407,47.43714730081119,35.94220634867306,N1,10,865,874
0.17154767854701164,-0.28642432673744195,47.38217336508969,35.882771989236424,N1,10,866,875
0.3409951000703302,-0.35006897734063214,47.34651769362972,35.84420379495968,N1,10,867,876
0.21478056137434579,-0.35944297208361464,46.672361386763804,31.768856464969577,N1,10,868,877
0.3765792270831298,-0.3170908907746394,46.655901215272024,31.75104559397987,N1,10,869,878
0.5653150410110414,-0.07535881851159729,60.380601125334216,42.756776421712495,N1,10,870,879
0.4326573349003695,0.19546665105712435,60.43623144968806,42.81694772429946,N1,10,871,880
0.4828516618667152,0.4765313826520881,49.946417595168896,35.08971009542874,N1,10,872,881
0.528942376953978,0.7490708344237333,49.86936055173355,34.977085414209434,N1,10,873,882
0.509235571300809,1.0020363337658948,49.740274658961425,34.837543059381645,N1,10,874,883
0.18599789633564115,1.234417825356644,36.25029200228819,33.2405449429938,N1,10,875,884
0.21841605003104975,1.463306708037895,36.355558794706305,33.354340499670435,N1,10,876,885
0.14226894461011738,1.677483097573473,36.37025331715049,33.37020879975971,N1,10,877,886
-0.06546636918340595,1.7668120808662025,22.459614171607246,22.163493880975512,N1,10,878,887
-0.12374477775280752,1.7959025890320532,22.447321448080764,22.15021640892337,N1,10,879,888
-0.31248059168071907,1.663388699779739,13.433740639584721,14.704712763091084,N1,10,880,889
-0.3236177076815636,1.4850107690911458,13.256278032836416,14.512885333018493,N1,10,881,890
-0.25595250278549314,1.3013426428063597,19.184057747147744,18.815133835297093,N1,10,882,891
0.3200504848171306,1.2552155993601175,75.17824528625133,42.24164049263236,N1,10,883,892
0.5151410095624328,1.1973441423228977,75.28088497275675,42.32324775504458,N1,10,884,893
0.601890488226428,1.2328375260611764,75.88345227177706,36.64360507907477,N1,10,885,894
0.6092021063158768,1.2545722240346848,75.90510084507551,36.667000820439355,N1,10,886,895
0.6790111672025659,1.2613371750370064,75.89976909672914,36.6318730575811,N1,10,887,896
0.6255812561056473,1.2563830827074625,75.90328419018405,36.63566324469648,N1,10,888,897
0.47842141974450103,1.2647506034580942,75.82098909696724,36.54672450469734,N1,10,889,898
0.3150658374938985,1.2245358536224558,71.1652634363185,33.046345644950996,N1,10,890,899
0.4716749055802268,1.2011719516428485,85.9027844999815,48.510668425746914,N1,10,891,900
0.5820614096332519,1.1713514240519332,85.81896743487232,48.420066687593135,N1,10,892,901
-0.09060978634568073,0.9532901044943898,29.803348525758338,24.9703408887126,N1,10,893,902
-0.1830862472067679,0.7210142771738063,23.993674329975327,20.8250541432928,N1,10,894,903
-0.6116767796653904,0.3802158272560689,13.400344838833552,14.66506492179542,N1,10,895,904
-0.5835078855001712,0.03152075628444919,13.27331087165221,14.527755984271426,N1,10,896,905
-0.5910766229665569,-0.2736598662159622,13.302050130285352,14.588225410077575,N1,10,897,906
-0.42251397008724323,-0.44814103946641665,28.736324604012044,25.79903808185991,N1,10,898,907
-0.3646025903176849,-0.5354813616061207,28.773694941794382,25.839445615553267,N1,10,899,908
-0.07007849348349851,-0.5714663806384521,44.05805419385579,36.90811115280849,N1,10,900,909
-0.09253599977300837,-0.5347227216396334,29.42271721457946,21.554253357551353,N1,10,901,910
-0.32185400159087296,-0.4603172289856374,29.411876427269455,21.542522990562066,N1,10,902,911
0.325793628167321,-0.3373468908699593,29.403583405454263,21.562980334232996,N1,10,903,912
0.3472766261979075,-0.18603360951890835,35.25319305385055,25.780814330916836,N1,10,904,913
0.4056075987545512,-0.013393871671077306,30.465614883525994,22.11204837758269,N1,10,905,914
0.35066805280840185,0.1629522714335181,30.52962204323485,22.181254527111378,N1,10,906,915
0.2363205273817698,0.3087084127063576,30.48171913661208,22.12946081283517,N1,10,907,916
0.1660794575606758,0.40776919265263417,29.788765046556364,26.387083552661714,N1,10,908,917
0.26118571323353307,0.3742684727298496,29.761394261327222,26.357496130431173,N1,10,909,918
0.13084798880898915,0.3076465033435568,14.402427781220467,15.178826856126033,N1,10,910,919
-0.07361649587480201,0.1496231646469141,19.168494826920504,18.824329867891358,N1,10,911,920
-0.001482303973557464,-0.007405587663960489,19.173423006908706,18.829667780331146,N1,10,912,921
-0.30293679140980884,0.001986885535838212,34.4966075024764,28.59602646046733,N1,10,913,922
-0.23767108554068841,0.014907389703233775,34.53986876354465,28.64274706861397,N1,10,914,923
-0.04732176787281332,0.06714637836027038,48.38839705534046,39.782344582569934,N1,10,915,924
0.05387202389800905,0.22230059054132453,48.380902661861185,39.77421653240308,N1,10,916,925
0.15222055305076765,0.3726556405161091,48.397064261321795,39.791707012863114,N1,10,917,926
0.13067927506139654,0.45869299068862046,33.737801336868145,24.41197730524691,N1,10,918,927
0.09964220693796051,0.5663263601228998,33.71941980808479,24.392068671432572,N1,10,919,928
0.009087758889756969,0.6313401018620531,33.73954067836239,24.44316292887306,N1,10,920,929
-0.013755444970939834,0.745443188322487,28.87739051299868,20.693796545826263,N1,10,921,930
-0.012472583546605165,0.8633620460202558,28.697848650464586,20.49970330451979,N1,10,922,931
-0.3214761733754813,0.8047526846138566,13.416182223958458,10.77820555585131,N1,10,923,932
-0.3116870067310288,0.7495272282309287,13.594899596144387,10.971399502021086,N1,10,924,933
-0.227406970166885,0.6900688810480069,15.907134640991718,14.100814546480251,N1,10,925,934
-0.171281284031528,0.5782110775667725,20.586043945275016,15.89248966709638,N1,10,926,935
-0.11937651292550414,0.45435530837945065,20.653468569981488,15.9653643242018,N1,10,927,936
0.0434461951592084,0.35971978779337804,35.96215505523578,27.06032129626401,N1,10,928,937
0.018550557480023145,0.33800576522676307,35.94740108711558,27.044372649674187,N1,10,929,938
0.3333998390065574,0.44301612674454705,49.86659658369244,38.26032906353212,N1,10,930,939
0.5105698526897242,0.5385120090952149,49.97546452283277,38.37798900290181,N1,10,931,940
0.4959937107400322,0.5613670613226261,50.07110251507838,38.45200306706865,N1,10,932,941
0.6369044438060427,0.5974964470607353,52.551395432423305,38.41815835924426,N1,10,933,942
0.6409413229810468,0.6028070171117562,52.323067453162366,38.171349437635946,N1,10,934,943
0.326293664924583,0.5784048004112783,36.20893462170934,23.95274043864738,N1,10,935,944
0.2872027869795602,0.49682780060979825,30.86078909195203,21.437696958019295,N1,10,936,945
0.2982095502865434,0.44859613917973035,25.666536694818205,17.928440402539856,N1,10,937,946
-0.01911836425844058,0.3952174450509851,10.324285055488144,6.767831240997111,N1,10,938,947
0.09860541130053661,0.2913730922154258,10.383449129619112,6.831778208668402,N1,10,939,948
-0.0588492991342207,0.08406885280787009,-3.5488034673449875,-4.3982934273069985,N1,10,940,949
-0.06854013000931332,-0.15649546525096766,11.107933085351396,10.961502055924575,N1,10,941,950
-0.10418604319613678,-0.34275075606125827,15.90162421756977,14.640393537722412,N1,10,942,951
-0.11495086531373318,-0.46075403081337496,27.239934155665104,25.781498614278824,N1,10,943,952
-0.27314296669900956,-0.5218904265226108,27.160339894380012,25.695458337859964,N1,10,944,953
0.41101980715286,-0.5324327773739291,60.324507979960615,49.47026701967261,N1,10,945,954
0.38084566664992964,-0.5007112860618499,61.01815236461698,50.22003578651929,N1,10,946,955
0.3492720314726512,-0.4773448259896874,66.17707654240803,53.6910731361415,N1,10,947,956
0.7677072941697987,-0.4917796005694008,119.80658113946774,72.3808506312027,N1,10,948,957
0.7645093426291794,-0.5189869613763598,119.78707197872282,72.3598153376086,N1,10,949,958
0.6184273789210011,-0.5214406536608557,119.89303915657293,72.47438479314296,N1,10,950,959
0.5742190257858055,-0.5184345337650932,105.2055533820865,57.08134885347572,N1,10,951,960
0.7063602209133194,-0.5356600970377677,100.38273989101727,53.400366372269126,N1,10,952,961
0.6512833824918118,-0.5671999336831653,86.61121999903553,42.34401785559275,N1,10,953,962
0.6242257663619739,-0.6259224831613658,86.69598061361467,42.435632429725956,N1,10,954,963
-0.05653735317703194,-0.7050831990200812,53.46426841188804,18.58777435448719,N1,10,955,964
0.037990718053686125,-0.7763763958896384,53.48790594809252,18.61333023388179,N1,10,956,965
0.15908566983732159,-0.8068076455068912,53.45253060144023,18.575089369315172,N1,10,957,966
0.26911098725047394,-0.7629115296263287,23.28977514350554,18.516377718855438,N1,10,958,967
0.2991463664959554,-0.712814115866751,23.25470947505164,18.478439914813862,N1,10,959,968
0.5357277147238335,-0.5188279383049974,40.00284055222728,32.1062622543519,N1,10,960,969
0.5648375669821007,-0.2680435890568965,42.484686619505375,30.06586999123465,N1,10,961,970
0.5758016207394234,-0.012425498210210151,42.42622674804443,30.00265571212294,N1,10,962,971
0.5688156340627699,0.19453213470361205,39.80141899352384,28.12258004056748,N1,10,963,972
0.7314158033977265,0.45714546507307363,39.69168412798099,28.003965892354245,N1,10,964,973
0.9053884377373095,0.686629360082847,39.732428685038755,28.018643610211438,N1,10,965,974
0.7131936673324617,0.8925868690928993,39.759546491932994,28.04798130828567,N1,10,966,975
0.5863517274590493,1.056869107893877,39.79168632370202,28.08272915854286,N1,10,967,976
0.080439152717247,1.162380945838254,16.25665159437267,9.407213644095464,N1,10,968,977
0.026472570844248366,1.2641385271474648,16.342829226863977,9.50038018983032,N1,10,969,978
-0.07539178686415653,1.201547750486928,-0.5230298652997589,-4.254724189951958,N1,10,970,979
-0.10973654270800921,1.0807287381156279,-2.9788611104704614,-2.1861983615963254,N1,10,971,980
-0.10197437470546902,0.9634599970695575,-0.30842186549343753,-1.9850992350762682,N1,10,972,981
0.02802724455593193,0.988013201421252,17.484554682078304,10.818164390554012,N1,10,973,982
0.20649379864678963,0.9510441293254417,32.26429101245594,26.32811745890758,N1,10,974,983
0.3858396852949852,0.9654725237213683,50.231031661114685,38.615903031428026,N1,10,975,984
0.42788943633708526,0.9784393143164237,50.30641421814289,38.6973463699549,N1,10,976,985
0.508533312724768,0.9872698799148949,50.34501735490339,38.709702097620905,N1,10,977,986
0.5734032943446948,0.995956199188415,50.389363800415595,38.75764488555542,N1,10,978,987
0.5951939968340412,0.9995740342523305,50.353852416300654,38.71925148851369,N1,10,979,988
0.523470982909123,0.991819823715798,50.32968292008445,38.693133363097516,N1,10,980,989
0.6340540477231513,0.9790469666316923,50.33011694191227,38.693603000291844,N1,10,981,990
0.7244040630262021,0.964115079430335,50.294395713826816,36.648848907948924,N1,10,982,991
0.572364546563017,0.8008112357940064,35.1114609305594,25.709667320597873,N1,10,983,992
0.31784148906626797,0.6352134452295018,20.45186799086805,10.32959103981084,N1,10,984,993
0.023243745704320418,0.39324900787675643,2.389509988638747,-2.0615099875896705,N1,10,985,994
0.022302599437256276,0.14645465101665636,2.2935062551230656,-2.1652905812268726,N1,10,986,995
0.03547288955625163,-0.10352633678803898,2.2481940857811424,-2.1848978746027568,N1,10,987,996
0.3466504016374756,-0.1548187710089472,17.605895712956407,7.618776734312997,N1,10,988,997
0.20410790549708507,-0.20188761384868315,17.619829735525855,7.6338408276100385,N1,10,989,998
0.5675633911922148,-0.16107249473775695,42.167913521354784,29.151823085067008,N1,10,990,999
0.47617806630134396,-0.1171596760175639,46.94988728033204,32.81449947940528,N1,10,991,1000
0.2748501843910958,-0.040646917001566155,46.92490769810611,32.78747813137561,N1,10,992,1001
0.4223498076468729,0.024648184823539764,46.873418402035895,32.73181165476308,N1,10,993,1002
0.5189058916472049,0.09693028008482756,46.873891419760184,32.73231015887177,N1,10,994,1003
0.5284652188443942,0.23800541293227723,46.901539964020046,32.79154043175804,N1,10,995,1004
0.5588439565411022,0.3815988825678723,46.93706608838547,32.82993920527006,N1,10,996,1005
0.2995276638321286,0.5128832321569525,46.90898813721433,32.799591903036344,N1,10,997,1006
-0.11317467300791577,0.45329800358325373,31.543788759721064,22.929063230762768,N1,10,998,1007
-0.08683313773419173,0.4213574191675555,31.50955243617427,22.892049530550867,N1,10,999,1008
-0.5176592238741534,0.319586746443499,1.2700465421105036,-2.6727031384067232,N1,10,1000,1009
-0.3829090354478183,0.2589009963570085,-3.5477381654454803,-6.37409172019652,N1,10,1001,1010
-0.29921538968423533,0.12772748741361822,-6.0480735695440675,-4.385149785713293,N1,10,1002,1011
-0.1535743900054797,0.06889761842889257,7.831565699874045,6.788075908073006,N1,10,1003,1012
-0.1724106667214585,0.0956802756811456,7.816424946222105,6.771738052476212,N1,10,1004,1013
0.10113685443221243,0.07310492830332649,21.723310080720694,17.974427175796517,N1,10,1005,1014
0.15666264800619273,0.10130856082761994,24.154951760885886,19.764716715412213,N1,10,1006,1015
0.4951195207785702,0.14100985634446275,38.70626311368032,35.02779637831482,N1,10,1007,1016
0.6428349104328447,0.17221581676849454,38.77831159956404,35.16442352043559,N1,10,1008,1017
0.7531139021785919,0.18365611829737674,38.84800125532202,35.1809680913575,N1,10,1009,1018
0.8156463720033799,0.18794561818087416,44.59736164971982,39.29039378327034,N1,10,1010,1019
0.6116434814470153,0.15197393132503975,44.61059403867184,39.30467462347842,N1,10,1011,1020
0.5756660218947787,0.14527828958338135,44.66132120591137,39.3595323762529,N1,10,1012,1021
0.7233416338199448,0.06596577350287305,84.3820526075433,46.8152880634545,N1,10,1013,1022
0.6982342364480303,-0.09913045034941917,84.43540108163725,46.872942273021906,N1,10,1014,1023
0.4295675811430044,-0.23226664828258806,73.09674396054179,33.75470970032584,N1,10,1015,1024
0.36284907880692574,-0.407283064781376,70.60405296295357,31.89844907811166,N1,10,1016,1025
0.2690017238170981,-0.5729022530377315,56.06538234192849,16.649034085954916,N1,10,1017,1026
0.38990692970061785,-0.6871005607316611,69.88966639446662,27.762414521379107,N1,10,1018,1027
0.17265369736168168,-0.6585705456924302,69.8089501064591,27.73396252774146,N1,10,1019,1028
0.36020237183582254,-0.4774750178531832,83.61160163895984,38.82396007603893,N1,10,1020,1029
0.36319433672870216,-0.2941071213488506,88.43854768879537,42.53528596281321,N1,10,1021,1030
0.40060576078054166,-0.10646278628065886,90.9086445123401,42.51982013132037,N1,10,1022,1031
0.774170117981248,0.08722887958988394,51.85750022743305,39.15166227717491,N1,10,1023,1032
0.7625712048224045,0.22963822322891617,46.09107603283919,35.023817226908434,N1,10,1024,1033
1.2500271896963568,0.30206179605615374,70.8650371710377,54.03122761051236,N1,10,1025,1034
1.24819436241375,0.3101108192359618,70.88095266226883,54.04843045306116,N1,10,1026,1035
1.1252583498066429,0.2723001045940251,70.81436312842997,53.976448761085706,N1,10,1027,1036
0.9867053702550947,0.17209615822728708,57.0101452550407,42.884786411194,N1,10,1028,1037
1.0127609958740436,-0.1041657094510029,57.055250359234925,42.93353139166284,N1,10,1029,1038
0.7464896035550964,-0.5334657652432426,43.229091459977646,31.818124177722346,N1,10,1030,1039
0.7256013223990238,-0.9302918893694645,38.382076992328074,28.08510976742764,N1,10,1031,1040
0.6884928082081956,-1.3185039528130709,35.893990038177435,28.081087870611373,N1,10,1032,1041
0.2243733066157631,-1.5778124081714366,35.16560125811084,23.92995099183063,N1,10,1033,1042
0.25019340727502026,-1.8008369389061052,40.88206862786319,28.003779791516717,N1,10,1034,1043
0.14877398134551073,-1.9230062028140757,28.998248265960136,20.80354640875703,N1,10,1035,1044
0.2514978027796417,-2.008071026387215,28.97618463180843,20.77971757047744,N1,10,1036,1045
0.22669980603263867,-2.0401424647609523,29.046644184838804,20.855870831052016,N1,10,1037,1046
0.09220475079446828,-2.062147808926884,28.93869835866717,20.73918445248637,N1,10,1038,1047
0.23490986922161597,-2.058055282170198,28.972811917929356,20.776062667674342,N1,10,1039,1048
0.5500498844208493,-2.0688680986426995,46.44121526144736,38.286843474518534,N1,10,1040,1049
0.6697372884019785,-2.1093850344472167,46.47837725891586,38.3270042525608,N1,10,1041,1050
0.6431719287604267,-2.136861747352718,46.517931567410415,38.36980700496497,N1,10,1042,1051
0.3688930325816898,-2.2756820570404948,29.951699104264115,25.24970812958527,N1,10,1043,1052
0.37001776250110086,-2.3840479738971885,29.90579619129421,25.200115859625292,N1,10,1044,1053
0.10080560257296156,-2.5305843935900163,14.527200826902117,15.3947351050625,N1,10,1045,1054
0.060531760034194804,-2.6370464575857184,14.488308399655216,15.352685902475788,N1,10,1046,1055
0.0055662332287056415,-2.7265013893178223,14.403671061619388,15.261212839127984,N1,10,1047,1056
0.38213052681490467,-2.578200818712766,29.917541182341665,25.212794881471563,N1,10,1048,1057
0.29895952388985164,-2.4037347833512,29.81245715982077,25.099191825077288,N1,10,1049,1058
0.27090615760181436,-2.026318683064433,27.69458069844986,17.363467433084953,N1,10,1050,1059
0.3352326444942378,-1.6164258221622334,27.732242414310896,17.404187650484527,N1,10,1051,1060
0.4512357097013421,-1.1928421100908082,27.666707132574082,17.33330396508463,N1,10,1052,1061
0.5536616695242685,-0.7470459085468292,30.28928388852146,19.210977383097635,N1,10,1053,1062
0.546600853837839,-0.33882926036334454,30.460099098155478,19.395609609926396,N1,10,1054,1063
0.4218268480590609,0.036417697816771975,35.179032944767094,22.990160490311247,N1,10,1055,1064
0.28401050467008415,0.3799893006364371,35.239949623175924,23.05600923358288,N1,10,1056,1065
0.6317895737584422,0.700853558502395,49.96951948720452,38.511740177108,N1,10,1057,1066
0.35118852296154157,0.7489156936340166,34.467494018274735,28.5729347010958,N1,10,1058,1067
0.5199274982829252,0.762149910234396,34.47287482541142,28.54940577039779,N1,10,1059,1068
0.356036761277835,0.5820824045553834,19.189068663927902,18.81705755922776,N1,10,1060,1069
0.39465830340096775,0.38152289217135404,19.16647805348912,18.79262650574565,N1,10,1061,1070
0.3106496307290172,0.11194444758086633,19.12761705304438,18.75065945288261,N1,10,1062,1071
0.38813616763131337,-0.07261055434547643,33.16372368170778,30.092996440232675,N1,10,1063,1072
0.3184730143207844,-0.14504760982524373,33.02188825975463,29.939703357161854,N1,10,1064,1073
0.5736003954902629,-0.16424618474354133,43.40784731601234,35.875639976153614,N1,10,1065,1074
0.5773562554712157,-0.12051812049630399,43.61669793214533,36.101394559858456,N1,10,1066,1075
0.38720691563370907,-0.08637673381667525,26.055217490188078,16.384444179983255,N1,10,1067,1076
0.3983613610334089,-0.012950749849970578,26.29972946468333,16.648767698504525,N1,10,1068,1077
0.40167834350823456,0.05650332894786345,26.30767998241645,16.68671658377061,N1,10,1069,1078
0.37440525762779087,0.13871371246620612,26.267580974339218,16.672761289249685,N1,10,1070,1079
0.31278431676047946,0.187967527491233,30.976736053996138,20.256783795514274,N1,10,1071,1080
0.30279715801558493,0.26364917728339493,31.06607473918484,20.353360006942967,N1,10,1072,1081
0.3279260380785047,0.2183486986848024,31.71192846712802,24.398104398733267,N1,10,1073,1082
0.37799761605380694,0.07551423015817135,31.740167097558878,24.428617565428794,N1,10,1074,1083
0.19150375855610946,-0.11241685203794276,16.67420401095369,14.940206392894833,N1,10,1075,1084
0.4092523826464742,-0.35442324210860787,16.37900353125151,14.621074822474474,N1,10,1076,1085
0.43084071383299827,-0.568180585988307,19.30060531573472,18.97925994033576,N1,10,1077,1086
1.071198469060613,-0.5566957134585365,75.14113328184757,43.872447719631964,N1,10,1078,1087
1.0449844976000235,-0.5295230825199241,75.22488407843193,43.96298029121281,N1,10,1079,1088
1.1332579422070523,-0.4599714350624822,90.53686472532063,53.71725475094318,N1,10,1080,1089
1.0873372236269119,-0.3259631081389614,85.78132481511348,50.05372392150675,N1,10,1081,1090
1.1301488242863058,-0.14127815511077557,85.81391255558046,50.08892977658324,N1,10,1082,1091
0.8665674142412001,0.04542979770109952,71.21266881911433,34.78910567478888,N1,10,1083,1092
0.7715299838856253,0.23345384399021896,71.20734679616434,34.783328271012216,N1,10,1084,1093
0.6985764136150294,0.4166677734178876,70.41296963645364,33.92463642375333,N1,10,1085,1094
0.490629607322262,0.5997978876953397,73.45595696317613,36.40325357756956,N1,10,1086,1095
0.3717915899099523,0.8034558219735913,73.33158141184977,36.26877873973099,N1,10,1087,1096
-0.2350696739076966,0.7795414786663486,11.838548911546969,7.370925087416618,N1,10,1088,1097
-0.41225517249982885,0.7812393298385658,11.590956117743918,7.103260822252923,N1,10,1089,1098
-0.28211403457057715,0.7345046039818485,11.111078980449383,12.915508695497191,N1,10,1090,1099
-0.2661725832150239,0.6146871299890264,11.121902784328267,12.956612605375266,N1,10,1091,1100
-0.22890766650480146,0.4534440255253884,11.059213649648154,12.888829938180788,N1,10,1092,1101
0.06188335140858499,0.3729448253557607,26.412058549618088,22.687274807792345,N1,10,1093,1102
0.17651235709938645,0.3428181693239097,26.400306894336246,22.674572154489216,N1,10,1094,1103
0.5018920211406964,0.32479237450931037,41.02955124958025,34.65807906223163,N1,10,1095,1104
0.5880296208571621,0.3063388365241437,38.06389354103376,32.263081129774946,N1,10,1096,1105
0.5468156393787126,0.2890683712033109,38.15342521635976,32.35987954053089,N1,10,1097,1106
0.43102088152924695,0.25998012017795136,43.60858593688609,36.15121263754263,N1,10,1098,1107
0.5007502867137191,0.1956508939115736,43.79891245787221,36.35695674545714,N1,10,1099,1108
0.29501968527162037,0.1268122620875019,28.967045465928823,20.790669011414867,N1,10,1100,1109
0.20801785465043282,0.09643789241061143,33.77680608687369,24.48340857596122,N1,10,1101,1110
0.10813631502781504,0.039111880896739136,33.753427313997236,24.458143393586216,N1,10,1102,1111
-0.1947536423513611,-0.07963916945230239,18.46232943321811,14.726397690340672,N1,10,1103,1112
-0.33375213170703544,-0.2484656038697338,18.434743857501598,14.667210685594545,N1,10,1104,1113
-0.14104595344452378,-0.3951720614795192,31.731825885843865,20.390867040884768,N1,10,1105,1114
0.0995830075300546,-0.47105766648640923,46.466670526422966,35.852258926703506,N1,10,1106,1115
0.1711827031060807,-0.597205727365548,46.54971462514659,35.94201880367982,N1,10,1107,1116
0.524287829570801,-0.6379044081223668,60.33249868229323,47.010568126344154,N1,10,1108,1117
0.7210585516008848,-0.6748859697288921,60.39047458084897,47.073250808166996,N1,10,1109,1118
0.8048906296604343,-0.6554636068547566,74.13914776911334,58.10495029052254,N1,10,1110,1119
0.8657909996531998,-0.6480674389904436,69.38682942529049,54.474283953739,N1,10,1111,1120
0.9500742370649959,-0.5645284724841403,71.93855060826536,52.509408840396645,N1,10,1112,1121
1.123380763900991,-0.482757388695677,71.93535624055949,52.50600568601258,N1,10,1113,1122
1.2386818342256958,-0.4053257929287767,71.9219674882268,52.5209094154372,N1,10,1114,1123
0.7729740164365125,-0.33521368243992244,44.74165307282747,35.62014135750396,N1,10,1115,1124
0.6778201441795261,-0.3266192739271787,30.01850658774929,20.171378258930055,N1,10,1116,1125
0.577261236075094,-0.3087708000695173,29.937280875392027,20.083588658236476,N1,10,1117,1126
0.21654021163742526,-0.324451696771267,16.12559852654231,8.983804337545735,N1,10,1118,1127
-0.04823686590697207,-0.32101238647255315,16.06054950087564,8.913478792176102,N1,10,1119,1128
-0.1551328659314663,-0.3135919317765598,7.110930838341301,1.5629501281495322,N1,10,1120,1129
-0.07943953970514031,-0.30839674674741674,6.762519146500563,1.156974960700245,N1,10,1121,1130
-0.10742784928265792,-0.33919919064214665,7.014800502458092,1.4610947905362992,N1,10,1122,1131
0.18348332189824532,-0.37671653721072146,29.350146110634523,22.898815076143727,N1,10,1123,1132
0.22731727772348903,-0.35664125883067754,29.32489051034863,22.87152977193473,N1,10,1124,1133
0.393026512758513,-0.3364335314466473,43.25736471262644,34.10184638543433,N1,10,1125,1134
0.1770004488302334,-0.3074950040738287,43.223279945227844,34.035651900672384,N1,10,1126,1135
0.19163688620033098,-0.271203495458083,43.243234471193865,34.0278288108002,N1,10,1127,1136
0.29537990110408147,-0.2650991041441301,43.254198239953254,34.039681588860915,N1,10,1128,1137
0.31971154798783347,-0.26621196469160396,43.24486989199577,34.029595768257785,N1,10,1129,1138
0.33064800062837774,-0.3231858622889462,38.423612933825645,30.32442726036279,N1,10,1130,1139
0.23896985042416646,-0.36860199676627586,32.897983318974,26.486238929403044,N1,10,1131,1140
0.28255646221250574,-0.42370409289759153,29.859371295404706,27.864005398902737,N1,10,1132,1141
-0.14540896906496528,-0.4780619044759419,7.820910930334503,6.747155097013456,N1,10,1133,1142
-0.13096451632080744,-0.557854740052845,7.929666628799168,6.86472571533559,N1,10,1134,1143
-0.3152488583489458,-0.6457820090057182,-6.03714276231185,-4.402714249993369,N1,10,1135,1144
-0.21838181927547567,-0.6853118822261038,-1.2802792508649872,-0.737818141488242,N1,10,1136,1145
-0.05390504964567526,-0.6731932347417882,-1.3005500089813722,-0.7303479269605304,N1,10,1137,1146
0.172082025790246,-0.6039003759653937,14.030976718009333,9.045025299657208,N1,10,1138,1147
0.4811384746729459,-0.5307539764674545,28.775453529736843,24.49969503455577,N1,10,1139,1148
0.6515774438430639,-0.39572009519063445,42.58315445756089,35.59519184812707,N1,10,1140,1149
0.6625711178322831,-0.25867928497042103,48.43953446630767,39.82029277783586,N1,10,1141,1150
0.6849142767872195,-0.11850273479987408,48.71819891556443,40.15091430079847,N1,10,1142,1151
1.4411675711139196,0.056574624492159845,102.05370464665539,58.49356864115471,N1,10,1143,1152
1.49526693732804,0.1987936761402338,102.00806263134436,58.44419197177522,N1,10,1144,1153
1.5833739812470526,0.32239619416451293,102.11341617206999,58.55808404179588,N1,10,1145,1154
1.6568776219827897,0.3806946720873441,97.30646911959775,54.868424705390865,N1,10,1146,1155
1.5882520358034413,0.37313571925085115,97.37184890398058,54.93911876921411,N1,10,1147,1156
1.1604137911707197,0.2912794660278763,81.93463697059342,45.049502690520605,N1,10,1148,1157
0.9366115403971549,0.19713919216064255,67.34637181145445,29.763735168302446,N1,10,1149,1158
0.7174321426450547,0.033751232422031305,53.50219174069207,18.59947851059951,N1,10,1150,1159
0.58774816494672,-0.13380909665621915,58.16164615194648,22.129736447930554,N1,10,1151,1160
0.5235484312269023,-0.3111546714748357,52.463443678848854,18.07561043366659,N1,10,1152,1161
-0.0329809588846274,-0.48537404652359156,14.088077972416068,9.10695630799528,N1,10,1153,1162
-0.12081006774195657,-0.6430674514709253,14.094388974887261,9.113793189909483,N1,10,1154,1163
-0.13805592654728116,-0.7967404678716505,29.285897843221754,18.73786789825208,N1,10,1155,1164
-0.02863331563396514,-0.9415681720226985,44.09352906084314,34.27793041348887,N1,10,1156,1165
-0.012989571407206312,-1.0785867418852788,44.02170522508095,34.20026617094591,N1,10,1157,1166
0.13018711238743208,-1.1522250776293377,44.160215185897684,34.34997937358421,N1,10,1158,1167
0.0820472605708801,-1.2246103392586491,44.01171151394374,34.1894577568648,N1,10,1159,1168
0.09771868925048466,-1.275704656734898,44.062113716126625,34.27326984659485,N1,10,1160,1169
0.23792840569560667,-1.327500613856445,39.409086540246065,30.74993455458243,N1,10,1161,1170
0.10696616374516452,-1.3730928353872458,45.104527859420344,34.80106750253799,N1,10,1162,1171
-0.11721857665032757,-1.4555016666975191,29.82959123190303,25.057423269477294,N1,10,1163,1172
-0.17710384718993738,-1.5445110990871953,29.823950844760837,25.051320036720064,N1,10,1164,1173
-0.1529291468670749,-1.6051224538231168,17.060643189170513,15.366480948153548,N1,10,1165,1174
-0.4412998680036253,-1.665185383610242,4.736240224024368,1.699963528239823,N1,10,1166,1175
-0.4530724417917099,-1.7045799186868122,4.795482293784152,1.7640135638503125,N1,10,1167,1176
-0.3194879733386415,-1.7378925736639204,18.601425942431526,12.837681379219429,N1,10,1168,1177
-0.20388519422914442,-1.6581633894488506,18.60221637788418,12.809147915428548,N1,10,1169,1178
0.09188191489000701,-1.5815593817666211,32.45953241217285,23.958254355947066,N1,10,1170,1179
0.1541588322820644,-1.4352783199012933,32.43314321611615,23.92973169573197,N1,10,1171,1180
0.406451294495605,-1.2255332990528474,47.06894548140262,39.266933289232476,N1,10,1172,1181
0.5091734259294753,-1.0219371201384164,47.06934013507489,39.29674787741169,N1,10,1173,1182
0.577792008712845,-0.7735172910778289,47.0819603193806,39.31041966022822,N1,10,1174,1183
0.46334708073532055,-0.5444160867144305,44.59189982781827,39.30431263742393,N1,10,1175,1184
0.5196742782452134,-0.3169496840655469,42.121073002696356,37.44413588096686,N1,10,1176,1185
0.5658464666306031,-0.11736793484682835,42.111839947947736,37.43415584510694,N1,10,1177,1186
0.4623917018359407,0.028028358041399314,28.25015289206276,26.27090683288261,N1,10,1178,1187
0.4634471629267864,0.05068008705341924,28.265719668570092,26.31707564811586,N1,10,1179,1188
0.18356344669191457,0.07443922938052908,14.445876731863246,15.208509302092352,N1,10,1180,1189
0.13705409854374012,0.024594585260689427,14.418118055405648,15.178488772867059,N1,10,1181,1190
0.09645932906322514,-0.09383218923787381,6.649111687200639,1.7364181388755242,N1,10,1182,1191
0.1346476786841322,-0.07111295667758241,21.919549097063282,11.445792124594664,N1,10,1183,1192
0.21100271598061227,-0.04440923915208685,21.94000469736857,11.46787030420237,N1,10,1184,1193
0.8522436633374013,0.025192396443418374,55.823148248821234,35.223921692331714,N1,10,1185,1194
0.9203706652856454,0.08449114874605357,55.83937193166712,35.24148202859942,N1,10,1186,1195
0.8597920868101141,0.14414370029678453,55.82855648942204,35.22979509798897,N1,10,1187,1196
0.7612112048435733,0.23616361638717082,55.750935788173955,35.17525798545612,N1,10,1188,1197
0.935044933066979,0.3297130611595918,70.45690111171935,50.60548943467366,N1,10,1189,1198
1.0166154208650255,0.4066300288946422,70.33748066375992,50.476370840582966,N1,10,1190,1199
1.0443641380782878,0.4758380191885919,70.46639323402124,50.61572061514926,N1,10,1191,1200
0.7899976977375104,0.5372128893144591,63.27605884238146,48.37086867843027,N1,10,1192,1201
0.6962859222322209,0.44933431440576754,48.350114257793756,39.033886701314984,N1,10,1193,1202
0.5617750389612297,0.30708772564371,48.306227665347976,38.9864841702456,N1,10,1194,1203
-0.030129119098546653,0.11395245995169745,8.61443734510176,11.056933275030678,N1,10,1195,1204
-0.17961631743269207,-0.07532851263860749,8.591144769488164,11.031764033685977,N1,10,1196,1205
-0.18663099451864582,-0.2666003433320142,8.587551803566749,10.998497734417105,N1,10,1197,1206
0.11558797028243362,-0.3861687794907098,24.088557676227357,20.936187106332,N1,10,1198,1207
-0.02181747008488628,-0.41892623809755064,11.538215239194688,3.1444927260265105,N1,10,1199,1208
0.19244985231853207,-0.4523912049149644,28.552159995160036,15.830710131864908,N1,10,1200,1209
0.10082859495693128,-0.48656476337038723,28.57813456114163,15.858802816406387,N1,10,1201,1210
0.27474748914886504,-0.46704591526408024,28.724040826698182,16.016491528202458,N1,10,1202,1211
0.3489969192581611,-0.43447799626803485,28.59075056067013,15.872420118118317,N1,10,1203,1212
0.3288497463635963,-0.40947137753459373,28.574763005985005,15.855093939181097,N1,10,1204,1213
0.3460738819908329,-0.3826272959657899,34.30118076971557,19.939718296855425,N1,10,1205,1214
0.7198583615496318,-0.3548513163264431,49.048681829134146,35.4147945110999,N1,10,1206,1215
0.7742992487871106,-0.3246093956535404,49.06798336756401,35.435663931141605,N1,10,1207,1216
0.848373519569759,-0.4098936734727744,87.35051984516758,44.29428965621628,N1,10,1208,1217
0.8653825773159497,-0.5576577368308235,85.20575668226084,46.6675034608139,N1,10,1209,1218
0.5721083054679184,-0.7235362253867365,68.28598030019057,34.08309109167676,N1,10,1210,1219
0.5512101277300985,-0.887290323408125,68.13828240870353,33.92346522346488,N1,10,1211,1220
0.5716199760834229,-1.1025221819323037,68.33618270468068,34.137410061626724,N1,10,1212,1221
0.6854799899266482,-1.2967401828700418,81.98304114937491,45.059000442716204,N1,10,1213,1222
0.7960196328093844,-1.3782823023271404,81.99725278500118,45.07438895930973,N1,10,1214,1223
1.0584640037563644,-1.3563475314205475,100.1640776392691,58.77792260817805,N1,10,1215,1224
0.8434726059888817,-1.3194170714747315,79.62997562013553,39.11923449939277,N1,10,1216,1225
0.762768690767848,-1.2682293083821718,79.61872796521129,39.13644767622973,N1,10,1217,1226
0.5420704751177141,-1.1954871176032866,25.988901934815658,20.506273166756728,N1,10,1218,1227
0.40085200742513505,-1.1295886971726532,25.955321135486884,20.46997680315035,N1,10,1219,1228
0.42951078734835163,-1.026574851656801,25.945939045414708,20.45983016036407,N1,10,1220,1229
0.497933501219552,-0.9158133563594418,25.95277097170547,20.46717463697423,N1,10,1221,1230
0.7367152921506431,-0.7335139901633454,40.42218262043097,35.6417103840533,N1,10,1222,1231
0.4211062172301922,-0.5769205650150866,26.65037025322672,24.555700702319882,N1,10,1223,1232
0.3941664056479908,-0.51203830923331,29.156462892499256,24.579120020013942,N1,10,1224,1233
0.0529307484440551,-0.5399157699091119,11.11209789639106,11.007945681638375,N1,10,1225,1234
-0.15372554448139225,-0.5620383649997279,16.92739712110124,15.22256808872844,N1,10,1226,1235
-0.10515127747398764,-0.5873232139176394,16.917921710088557,15.212288424829604,N1,10,1227,1236
0.039714952779172565,-0.4769888598867169,32.13610936725017,26.209442124784253,N1,10,1228,1237
-0.005367808486289505,-0.3715590313801641,34.67511336440439,24.262292333538063,N1,10,1229,1238
0.13511232151857938,-0.17289371129582493,48.60857820691963,35.49366774107184,N1,10,1230,1239
0.15400542502185316,0.027198603101859932,53.364611012814564,39.10244832859462,N1,10,1231,1240
-0.1132947958255727,0.1642049543105827,41.32834938707456,21.86634557598736,N1,10,1232,1241
0.024443904102679426,0.30918054630657255,43.743134314933556,19.81426851528886,N1,10,1233,1242
-0.04452744196154299,0.4493052123410422,41.20703039606015,19.758388554744307,N1,10,1234,1243
-0.006153030943653448,0.583401056125183,41.15708766598327,19.70439021868224,N1,10,1235,1244
0.18843551262402797,0.7049486132564283,41.20155398631323,19.752484044807353,N1,10,1236,1245
0.23427150399395485,0.8228697581898927,40.98327704181138,19.516597927072144,N1,10,1237,1246
0.07977242390805941,0.7927872217308305,25.92128432636091,8.688264932120365,N1,10,1238,1247
0.4011468332455365,0.7602067831288621,38.07832587532248,26.054896445042687,N1,10,1239,1248
0.1404404989418026,0.6237869874956203,24.087155257646373,14.76115469687502,N1,10,1240,1249
0.18414041277642354,0.48807268369411644,19.339965800036587,11.13253970021906,N1,10,1241,1250
0.16192352365952728,0.35135368151744617,16.91111187897186,13.198739347163064,N1,10,1242,1251
0.3271291961004522,0.26066406384179286,26.61913772146945,24.93051503609604,N1,10,1243,1252
0.25400149442388054,0.16703989267153077,26.690792582391442,25.007977812275932,N1,10,1244,1253
0.410676731232661,0.128962865546913,40.60071746972244,36.213950260380805,N1,10,1245,1254
0.45433110105806235,0.08586631911373388,45.291143137757174,39.77768736381258,N1,10,1246,1255
0.3154232552857593,0.02844650084107627,45.46222952598182,39.96262004833552,N1,10,1247,1256
0.34577200607192254,-0.037432056753240774,45.25916564666259,39.743111044763644,N1,10,1248,1257
-0.015358656082662491,-0.09837367628574042,30.668185004417317,24.437214357520133,N1,10,1249,1258
0.03184004946683672,-0.17623981673988567,30.642409738433344,24.40936407975969,N1,10,1250,1259
-0.02267239590887584,-0.19850048863811195,30.669395296956644,24.467946143507287,N1,10,1251,1260
0.1197498012344795,-0.22880747514755626,30.617203765027806,24.4115705609227,N1,10,1252,1261
0.05377289395595426,-0.2688645561961266,18.42045460314548,14.681267040609963,N1,10,1253,1262
0.18495381272439318,-0.32156785369967905,18.32959049942292,14.583074847546959,N1,10,1254,1263
0.1648333324533155,-0.43322182234701073,19.084665007756122,18.763052508011604,N1,10,1255,1264
0.18097029088111186,-0.5467193029662212,14.347879180630844,15.149166995710402,N1,10,1256,1265
0.2889964433500268,-0.6349590504486116,14.4766446745125,15.28834667328847,N1,10,1257,1266
0.29742028825772876,-0.7189105620461789,29.767669422356995,26.36423452747913,N1,10,1258,1267
0.3876494170120054,-0.7627221404915673,23.955473017171606,22.186909141431535,N1,10,1259,1268
0.5913736687374239,-0.6480904618234462,37.823493283872814,33.34757532641815,N1,10,1260,1269
0.5288748506151364,-0.5888925585579301,37.834492671026965,33.3301160138195,N1,10,1261,1270
0.4107059290075881,-0.5197001274857627,42.602439338219845,36.977636318713486,N1,10,1262,1271
0.8587271058977194,-0.47505503220001516,42.611313373731534,36.987230553232806,N1,10,1263,1272
0.8809341518350152,-0.45163602589722984,42.64166234432632,37.02000848211246,N1,10,1264,1273
1.2385458956620483,-0.45406952429813713,55.31982207539913,38.72696468878057,N1,10,1265,1274
1.1464351890176885,-0.4825084110519612,55.27851854959299,38.68234391787191,N1,10,1266,1275
1.2065695350089982,-0.5258048498469862,55.149594822175274,38.54298767160144,N1,10,1267,1276
1.2060461437552363,-0.5999852002608463,42.38580757055388,25.50726264270561,N1,10,1268,1277
1.2724275091742583,-0.7154370034024169,48.17692969319542,29.6617897549746,N1,10,1269,1278
0.9894486696074296,-1.0050545218394802,34.14581130489023,18.32480768739624,N1,10,1270,1279
1.3416176473852488,-1.2372855373975227,48.99015800414418,33.93389839661104,N1,10,1271,1280
1.3949147150788122,-1.480600015620493,44.23756781027187,30.302970663192536,N1,10,1272,1281
1.2197572674507229,-1.7043886335540321,100.54194253696551,54.540012672317246,N1,10,1273,1282
1.2054068933048143,-1.867261513832696,100.42720072707161,54.35721331190653,N1,10,1274,1283
0.8642178576784886,-1.988799350212227,87.09628970775448,48.58084017743604,N1,10,1275,1284
0.8085132996931292,-2.042415074187687,87.07442730761758,48.557223868188885,N1,10,1276,1285
0.6826144992413333,-2.08113598825625,87.19354692718844,48.68597683002154,N1,10,1277,1286
0.56498386168455,-2.0842492169920916,84.63735899621824,50.61456528438939,N1,10,1278,1287
0.4986024962655279,-2.101034878630756,84.55653073411159,50.52721909895554,N1,10,1279,1288
0.5322865659567583,-2.065949224750696,89.53193957742624,54.39899718197703,N1,10,1280,1289
0.18074723551413854,-2.0361923485216153,74.7050878772643,38.8381797105576,N1,10,1281,1290
-0.002297255932489861,-1.941916826796185,74.68183258217468,38.813008095468106,N1,10,1282,1291
-0.38262556618916505,-1.8756670749243909,9.100239269354642,8.056947052160831,N1,10,1283,1292
-0.45100290816327515,-1.8211720592994198,9.264460723134835,8.293227623759595,N1,10,1284,1293
-0.6608131838884106,-1.7637694253896967,-4.754342937705223,-3.0303857086815698,N1,10,1285,1294
-0.6230663704643234,-1.72695597560691,-4.686048177966586,-2.9566015932046867,N1,10,1286,1295
-0.632409857071741,-1.6851539443878862,-4.749488362389821,-3.025207620667061,N1,10,1287,1296
-0.2664099815054556,-1.532167881171668,19.784824129746994,18.463975357072194,N1,10,1288,1297
-0.21009585794632812,-1.345635503794756,19.798852550899028,18.449739868885807,N1,10,1289,1298
0.07368339762742834,-1.1700300037231357,28.920454362413146,25.9861473031051,N1,10,1290,1299
0.13612603099528542,-0.9141292586966159,28.83847503283323,25.89751556052215,N1,10,1291,1300
0.28420967465647207,-0.6959227598627195,28.878537247276835,25.94082522194658,N1,10,1292,1301
0.1629796627226824,-0.44963692170754255,38.15871318546051,32.46304162050801,N1,10,1293,1302
0.17066040223418213,-0.18583796058119048,38.05835562133361,32.354566248794434,N1,10,1294,1303
0.23387250378847285,0.05783940564224963,42.90621822209505,36.0885130452567,N1,10,1295,1304
0.1418904213130645,0.2677137756884065,42.8901577173303,36.07116398133367,N1,10,1296,1305
0.2484335717382578,0.4524321343958547,42.92668688775448,36.110664042525606,N1,10,1297,1306
-0.007041858872855755,0.5151786236550351,20.85766707445,14.571412115675049,N1,10,1298,1307
-0.04977554726932567,0.5452454203210777,20.900299514369543,14.646861894574249,N1,10,1299,1308
-0.4056028609809232,0.5594233022177576,6.910718711980735,3.3548174149429544,N1,10,1300,1309
-0.4917467914331837,0.5172024059140938,7.054822273224272,3.5105620747461215,N1,10,1301,1310
-0.5074738840322766,0.4462639111488301,6.952157738071401,3.370206942371442,N1,10,1302,1311
0.10611165241402887,0.5332175098844829,22.2615049224034,13.12165352367083,N1,10,1303,1312
0.23967841216742727,0.6213204445579379,37.040166894651335,28.630417611118173,N1,10,1304,1313
0.44183952034412644,0.7518158182123414,47.56230166820096,34.713449549386134,N1,10,1305,1314
0.5159812017706031,0.8782221862492208,47.55622218306162,34.706871184919876,N1,10,1306,1315
0.5976482882400205,0.9900160073213499,47.556774073989075,34.7074576996587,N1,10,1307,1316
0.45187081861101885,1.0879077088743343,45.10312058674899,34.770088916280656,N1,10,1308,1317
0.5030494893406512,1.1812308075983595,45.11128398307992,34.77891952877835,N1,10,1309,1318
0.5734693600791729,1.2501996914763396,45.15302635043845,34.824025708035336,N1,10,1310,1319
0.7020858298544453,1.2717866219857314,49.875089221254896,38.42200364138917,N1,10,1311,1320
0.5485890200284416,1.2835615220209378,49.921610170465286,38.501677498174104,N1,10,1312,1321
0.031195780780888072,1.0791323077894532,34.534631734070715,28.666306654614164,N1,10,1313,1322
-0.1063539464136511,0.8257802054240642,19.911301550445934,13.325457978020859,N1,10,1314,1323
-0.29735382186867126,0.5420249322691262,4.565701581131725,3.534881360768486,N1,10,1315,1324
-0.34104131211161076,0.23915971457915647,4.504552941973088,3.4687790020092506,N1,10,1316,1325
-0.3048270626637077,-0.05976221848336536,4.546541797091777,3.514197411942587,N1,10,1317,1326
-0.01298339228246732,-0.19428797229294617,18.397272735658042,14.636252739551855,N1,10,1318,1327
-0.18666368523654456,-0.33089535134855624,18.273408321331225,14.502357602785196,N1,10,1319,1328
0.0644832193002685,-0.44834430249139245,32.21095456487965,25.73818015703582,N1,10,1320,1329
0.18544444516450084,-0.5873792812874257,42.095191613053615,37.462702662105585,N1,10,1321,1330
0.40264377675571267,-0.6895609943424205,42.12418633708076,37.494057973543384,N1,10,1322,1331
0.41265480104833613,-0.7855191992559725,42.17483431882501,37.548840763521,N1,10,1323,1332
0.49031821303968853,-0.8502707515557404,42.1178889879091,37.487289199998486,N1,10,1324,1333
0.47829065408279803,-0.9026595240557327,42.08693440851785,37.45380518084494,N1,10,1325,1334
0.4357436176974147,-0.8739035843009987,39.39850660928205,35.50497407935764,N1,10,1326,1335
0.1742983765551344,-0.8414773836325565,39.357503245108816,35.46061136570133,N1,10,1327,1336
-0.0757684978445468,-0.9385299405415566,25.538546923692046,24.37289804435277,N1,10,1328,1337
-0.06393862093398184,-1.0644309799654053,25.598298559473186,24.43751279407661,N1,10,1329,1338
-0.25763646101246424,-1.1582434869382012,11.749168260147417,13.297265400374453,N1,10,1330,1339
-0.40520984069848964,-1.257371740337544,-3.00427782750121,-2.184271981265192,N1,10,1331,1340
-0.5310254171376414,-1.3530695615241002,-2.971568457450485,-2.1489318865103995,N1,10,1332,1341
-0.30048329330981005,-1.3978122555646622,12.387242495443934,7.635078725618223,N1,10,1333,1342
-0.39558074144313193,-1.315771729392037,12.407301516170264,7.656743782822741,N1,10,1334,1343
-0.15442139576650787,-1.2019241813303438,27.783656958762002,17.48059583617287,N1,10,1335,1344
-0.18765917976202218,-1.0754872064684122,30.49696440402331,19.45635088605777,N1,10,1336,1345
0.07540747758981751,-0.9315281402637566,45.104484354054875,34.7801718903851,N1,10,1337,1346
0.33665102562991933,-0.6504145340533711,98.8373080732832,53.552162003191185,N1,10,1338,1347
0.4952450620436707,-0.3251472872800491,98.85840660085015,53.574941104438764,N1,10,1339,1348
0.38665738498056046,-0.02607286180598294,98.8483867218747,53.564141694706635,N1,10,1340,1349
0.346574851026071,0.2654501346332239,103.57206254161792,57.163853326035316,N1,10,1341,1350
0.3687466165074511,0.532352513458082,106.10671223172758,57.21812872071314,N1,10,1342,1351
0.09908974258639773,0.7569499701626171,90.75184791540741,47.43834590014012,N1,10,1343,1352
0.07989156498789499,0.8359736926411585,90.69924446840233,47.38149520514926,N1,10,1344,1353
0.2275014703407919,0.9132068105209242,102.69473043591788,54.66534239699904,N1,10,1345,1354
0.23876538928169566,0.9373535490130763,102.72902527048427,54.7024060122676,N1,10,1346,1355
0.10556775735009297,0.9529722690181132,82.2790179381278,35.16856078185301,N1,10,1347,1356
0.20758100581359712,0.9222132224112158,42.292495022734514,27.42568575100886,N1,10,1348,1357
0.09335011384894187,0.8874709849329946,42.33476008120196,27.471365699281158,N1,10,1349,1358
0.5234384123167046,0.9066094597238277,56.204623410145,38.633985512764774,N1,10,1350,1359
0.555354530241982,0.9233482631259079,51.55864194604074,35.1182557173277,N1,10,1351,1360
0.585385214696737,0.9338448090728718,48.895329170699554,34.9248927764922,N1,10,1352,1361
0.7084303294752544,0.9402661330069094,48.871206046816226,34.89887021998366,N1,10,1353,1362
1.004387253383254,0.9421964997448612,63.614287868894465,50.3691772827573,N1,10,1354,1363
0.6584284901907154,0.8993966017625553,36.27864867858589,33.300626971239396,N1,10,1355,1364
0.7963071598331453,0.8491442277844954,36.323741263457485,33.34934510419189,N1,10,1356,1365
0.747708912471569,0.8349909035763545,42.08130273736606,37.467583857908174,N1,10,1357,1366
0.32601517035651567,0.7081925153790707,28.32593861647256,26.4286777276684,N1,10,1358,1367
0.2795795572797942,0.574532751137707,27.702264884697797,25.754518041037226,N1,10,1359,1368
0.07246603643094432,0.38434058597896126,19.178378647669888,18.83826418816316,N1,10,1360,1369
0.0029584883169377464,0.21055852437645511,19.145024398886015,18.802218259419895,N1,10,1361,1370
0.011420835506748972,0.038122892219385564,19.266628199844128,18.933648570968945,N1,10,1362,1371
0.13315031102798686,-0.0593211130410964,33.122959504310714,28.73740880978512,N1,10,1363,1372
-0.06906930951067806,-0.15936724014473214,18.41112109801179,13.300879615421582,N1,10,1364,1373
0.16630646357651813,-0.12332693621798682,33.743330979785966,24.421288534142512,N1,10,1365,1374
0.20392291945935312,-0.08643000233225565,33.74340981478381,24.421405827246055,N1,10,1366,1375
0.3602539817849788,-0.0994493090627259,33.78636080537399,24.46784931093716,N1,10,1367,1376
0.3656305464997331,0.013742073210755735,33.73779963002526,24.415348609782814,N1,10,1368,1377
0.4736823631287848,0.12439835566604814,34.33539616305789,25.06136326401247,N1,10,1369,1378
0.5825573096825792,0.23255679616884778,43.647864385238066,36.19381743492922,N1,10,1370,1379
0.5701826607913631,0.3176857225319168,43.544380984742745,36.081959826770614,N1,10,1371,1380
0.6172034092451781,0.39903953628168837,43.6080043868853,36.15077210777308,N1,10,1372,1381
0.33384293641283874,0.3994558131785652,29.748354929929338,26.343397387696314,N1,10,1373,1382
0.23423697546355698,0.3964643195531806,29.75714536551095,26.352898488957727,N1,10,1374,1383
-0.1972223283476069,0.2967671162741823,19.18631126172186,18.872919016073865,N1,10,1375,1384
-0.3655498720789637,0.1987729706381316,19.149982926836675,18.83362830241822,N1,10,1376,1385
-0.44834059150740585,0.1777681717088626,19.1782365163308,18.864157662858634,N1,10,1377,1386
-0.12242695583591967,0.1764129243679065,34.5033186981942,28.63259202635745,N1,10,1378,1387
-0.10787127176243985,0.2735225718837171,34.47160490163078,28.598275812865904,N1,10,1379,1388
0.014700785951004037,0.3683387539946551,33.73171551439445,24.434691608800495,N1,10,1380,1389
0.008588088065778265,0.5133440198642972,33.83941979644369,24.551097785835008,N1,10,1381,1390
-0.12268755590320098,0.6564388721179227,33.76194842947007,24.46731718366209,N1,10,1382,1391
0.6663017869752708,0.8348545722907232,33.75752358020763,24.462526558724495,N1,10,1383,1392
0.6948292448840789,0.9939679292730744,33.6894497861198,24.388928063643835,N1,10,1384,1393
0.8029794765849829,1.0783040275150284,28.912209543907373,20.701972066246526,N1,10,1385,1394
0.9561734546161119,1.1485010666767437,29.006811616509367,20.80423843456083,N1,10,1386,1395
1.0581531646498774,1.1331412557335796,43.56854122759542,36.07855662749207,N1,10,1387,1396
0.8759380713388282,0.9548249600279831,28.31735033219302,26.38999432342971,N1,10,1388,1397
0.8257194390529662,0.6642161355826659,28.289317423172907,26.359698453299643,N1,10,1389,1398
0.5207921123531151,0.3635978862034591,8.623886748072982,11.037719244342588,N1,10,1390,1399
0.5392794591295569,-0.03035869007428289,13.329836978786625,14.61826828730409,N1,10,1391,1400
0.4736664587770861,-0.39988334568269296,13.372265415869332,14.664146381152387,N1,10,1392,1401
0.04735682107984758,-0.8113115436417871,27.2392675850002,25.823726119879574,N1,10,1393,1402
0.11418989000572992,-1.195137200636833,27.260714883455513,25.8469093420892,N1,10,1394,1403
0.299788250531401,-1.5269075400203633,41.122650831776994,37.03038384855099,N1,10,1395,1404
0.17894951776728477,-1.723618266725481,41.04998582398257,36.95183333386376,N1,10,1396,1405
0.09016796346285219,-1.8987095600981434,26.465134702145587,21.652536323862297,N1,10,1397,1406
0.04349576201470882,-2.0309051624460777,26.4304621923191,21.615077273330098,N1,10,1398,1407
0.0469018738874297,-2.140622775409355,26.478088673904132,21.66656120836342,N1,10,1399,1408
-0.021488608918161844,-2.226477417582956,32.23880879157805,25.788240638555,N1,10,1400,1409
0.03658863758581674,-2.257890162171131,27.443564156095817,22.052427197241922,N1,10,1401,1410
0.06812641642450216,-2.32418484618629,27.39671547289108,22.00179282327008,N1,10,1402,1411
0.29882227303867237,-2.341383203392252,69.79540406417291,38.67072555871564,N1,10,1403,1412
0.12022105099738382,-2.3783405684527166,69.76087448353573,38.57463840977944,N1,10,1404,1413
-0.09347352795722372,-2.43342093584491,55.95658922177754,27.482852284058026,N1,10,1405,1414
-0.0007107774028895619,-2.5715650062417126,58.45083131706997,29.368287252985464,N1,10,1406,1415
-0.08381517230390045,-2.677099987399919,58.29996869993338,29.205229539177527,N1,10,1407,1416
0.17166541889591827,-2.6273088525573085,72.19132427801306,40.39107761237683,N1,10,1408,1417
0.19384016508586227,-2.5507486935910095,72.2651046800689,40.470840344543106,N1,10,1409,1418
0.4234765771463003,-2.393448873754818,86.04906476953548,51.5406442526124,N1,10,1410,1419
0.455276250464874,-2.1589792262582224,80.39447228088466,47.5924384992184,N1,10,1411,1420
0.5192619067979649,-1.8254950852430085,82.87308074182002,45.58002608226889,N1,10,1412,1421
0.00998570062199633,-1.4598790144889109,26.622281400881185,17.767645709784848,N1,10,1413,1422
0.13264721286466283,-1.0647466786820245,26.646543721158377,17.85262840851137,N1,10,1414,1423
0.2612954694830137,-0.6596464794214825,26.56179890358253,17.761028217688,N1,10,1415,1424
0.1623914451222504,-0.2809315904012294,24.163809872484855,15.95025207402723,N1,10,1416,1425
0.3198778946358516,0.07833974871948043,24.25108311156,16.04457177315926,N1,10,1417,1426
0.07102201775672938,0.2717069882635116,10.370843433634581,4.870717097964371,N1,10,1418,1427
0.010716937116410464,0.447493601288096,10.28916413922634,4.782434004124662,N1,10,1419,1428
-0.019355203962061297,0.5987737478167446,11.11575299745964,9.02251082136063,N1,10,1420,1429
-0.012791773834624109,0.721724373572141,21.652219655220687,16.800147063357873,N1,10,1421,1430
0.034557030180747,0.771933199786335,19.200555356070982,18.841671978417434,N1,10,1422,1431
0.16007191188932665,0.8157559435533528,33.00749421143919,29.91640478184927,N1,10,1423,1432
0.16222943932343697,0.8533971619920493,33.019301218049804,29.92918333929556,N1,10,1424,1433
0.7665704196726779,0.9307098816931159,66.949080930317,52.87679469375362,N1,10,1425,1434
0.97710574281748,0.997923552935211,66.7893737974482,52.73354689894622,N1,10,1426,1435
0.8477124384402032,1.0527168120570025,66.90044698383717,52.85359851388639,N1,10,1427,1436
0.7687030508089379,1.095195323328656,66.85129682158804,52.80048450295435,N1,10,1428,1437
0.7265258883432238,1.1259462141345806,66.88492977791684,52.836839967038394,N1,10,1429,1438
0.6728542209512625,1.0972669569661122,52.31626735172176,37.57224825468147,N1,10,1430,1439
0.5738940919681909,1.020035343846675,47.489230291506104,33.8608507103927,N1,10,1431,1440
0.5512453955795877,0.9381753588180886,47.43586769683971,33.80315454753217,N1,10,1432,1441
0.48497096645052123,0.7989232431068587,33.69270531417133,22.797343592763355,N1,10,1433,1442
0.5138779839341396,0.7063651344378996,33.644615151620386,22.745371306883317,N1,10,1434,1443
-0.12093530944994199,0.5450113097093947,-0.2343167311839352,-0.14726240326053813,N1,10,1435,1444
-0.19884557053384241,0.3774859813563495,-0.1675894409978355,-0.0751236152726051,N1,10,1436,1445
0.1023523043289174,0.22089153297106917,14.46496431021951,15.275746777045423,N1,10,1437,1446
0.3154319718291617,0.10931797871561458,28.318404537618335,26.420657490513257,N1,10,1438,1447
0.4247510651777134,-0.00488318802293577,28.318049482734203,26.42024662026306,N1,10,1439,1448
0.644824568676188,-0.07850695768702849,46.36534305042151,38.76563364519679,N1,10,1440,1449
0.5587243543486465,-0.16419854403158923,46.399248119619,38.80230757155732,N1,10,1441,1450
0.6698885643922494,-0.20952433269888218,46.41050582691387,38.81450244753724,N1,10,1442,1451
0.7147108922619282,-0.22046008809010403,43.578761578691044,36.71076340983054,N1,10,1443,1452
0.8574575411577257,-0.27110797327252384,43.64733370391914,36.78487170360677,N1,10,1444,1453
0.9249201384959065,-0.3114307949948511,43.64062800446336,36.777594399596275,N1,10,1445,1454
0.9537989002540485,-0.36654673492117523,43.67932391671275,36.819396350147144,N1,10,1446,1455
0.5964429849380395,-0.41694347560500944,28.994628050381287,21.412161113430194,N1,10,1447,1456
0.46323197743539596,-0.5362158652169626,15.127641716677317,10.223217365609162,N1,10,1448,1457
0.5180029106514553,-0.6321483086337139,15.153035873636691,10.250674013756361,N1,10,1449,1458
0.15452608240645987,-0.7460174349584975,-3.0251013269400575,-2.23618149400354,N1,10,1450,1459
0.3444670440551135,-0.751505837584969,-0.5350369768311793,-4.236245038748893,N1,10,1451,1460
0.21673081323459656,-0.7852516829650285,-0.4453831081278622,-4.198107123296358,N1,10,1452,1461
0.6445264746991939,-0.7592028070386562,26.865076799454254,20.236169615091786,N1,10,1453,1462
0.636384274294062,-0.6978672111573246,21.030129575434692,16.03427024744233,N1,10,1454,1463
0.8251933988802989,-0.6352880512465134,34.89614399990678,27.192788681691308,N1,10,1455,1464
0.7512650130148699,-0.5011505256013123,39.56084330783851,30.728756606079696,N1,10,1456,1465
0.7904122648947578,-0.379469526324263,39.58519168367202,30.725701933369418,N1,10,1457,1466
0.6706687244280829,-0.2305696096809413,39.60379112429946,30.77519763399614,N1,10,1458,1467
0.6182595272273375,-0.09815058051964627,39.60185981468167,30.743749368200223,N1,10,1459,1468
0.5999986200128319,0.004057676507517272,39.62558982011542,30.769434693326183,N1,10,1460,1469
0.6175953521323436,0.01799711408277176,37.159339658707175,32.79519192453372,N1,10,1461,1470
0.6344704201132231,0.020722596177537866,37.06940934215454,32.75673083836009,N1,10,1462,1471
0.18451123110780826,-0.0850003596407248,12.553874284750782,10.38639771926537,N1,10,1463,1472
0.1171363341866595,-0.21563113162935393,20.84102397384195,12.547341234204941,N1,10,1464,1473
-0.1900173729691687,-0.29163720774802754,7.01777859417416,1.4056634265369212,N1,10,1465,1474
-0.20460721497252052,-0.4140695037611664,2.259948097258166,-2.2603073127756943,N1,10,1466,1475
-0.14850915423689912,-0.5498740329918832,2.2443629762208728,-2.2477676074107875,N1,10,1467,1476
0.36979413373288705,-0.5723478993332464,58.28944102857349,22.866547288202128,N1,10,1468,1477
0.31644327320419735,-0.5560346120564474,58.17013699260133,22.737577528101248,N1,10,1469,1478
0.7291834634032626,-0.5218616555051568,82.82322905997789,44.369015214039976,N1,10,1470,1479
0.5137017792337588,-0.4525836035703804,87.4968984621606,47.914663565530645,N1,10,1471,1480
0.4082437636248528,-0.38216024845547736,87.53699277675769,47.958053332826964,N1,10,1472,1481
0.31141641022826433,-0.28827479070202744,87.52736557674652,47.94763346561304,N1,10,1473,1482
0.2738714835078554,-0.20686108749123946,85.0569313865577,49.968890870617905,N1,10,1474,1483
0.2623580153604735,-0.17440503237790778,85.00796792460388,49.94535818821023,N1,10,1475,1484
0.29063713707505484,-0.15466179441162922,85.06815993606942,50.03974817990384,N1,10,1476,1485
0.315305037085443,-0.1078870720254173,85.09561516768736,50.06941634671457,N1,10,1477,1486
-0.1891051298882644,-0.17314991178911043,23.2267695921626,20.76523941461346,N1,10,1478,1487
-0.17865420400009951,-0.27675223897366835,23.3516700978078,20.929615363773337,N1,10,1479,1488
-0.5114669577811355,-0.3875952922807556,-1.264169171267713,-0.6615606719846255,N1,10,1480,1489
-0.31955206293612265,-0.541275621816672,-5.973844122653827,-4.246110485020472,N1,10,1481,1490
-0.20387135578439483,-0.6615553882771735,-6.042072197756352,-4.319894587001909,N1,10,1482,1491
0.04117605934528683,-0.6274533360324938,9.350959060029709,5.501099538833659,N1,10,1483,1492
0.036650468821517276,-0.5872357873426466,11.865700724406633,3.527734067604615,N1,10,1484,1493
0.22617253598419892,-0.49263571890987806,25.669110690597883,14.618572783395212,N1,10,1485,1494
0.47835332257695884,-0.3824927102021462,41.773225636150165,31.061923716936143,N1,10,1486,1495
0.3514745551342685,-0.28169248750821224,41.73278238434868,31.01821776124052,N1,10,1487,1496
0.3647560770494465,-0.17727136003929617,47.50245292647378,35.14958103558092,N1,10,1488,1497
0.4061809049405042,-0.06851405502153511,47.32261877068377,34.955203552698364,N1,10,1489,1498
0.3692095534863256,0.04993429774011702,47.5567847605751,35.20831606959691,N1,10,1490,1499
0.2560173764861247,0.16623698265622125,47.52551138463605,35.17450578757344,N1,10,1491,1500
0.3199910975234161,0.2609253504249807,47.61269999631331,35.26875831209109,N1,10,1492,1501
0.026458661682795537,0.18997903090601653,32.18341702848848,25.408604454962916,N1,10,1493,1502
0.04988330783636456,0.1240180124457794,29.709620010322396,27.426191769727303,N1,10,1494,1503
-0.13537384587743873,-0.0026845225186690413,15.894290598366206,16.322492875382885,N1,10,1495,1504
-0.5182492248178164,-0.1183543955268334,-0.24173870059021282,-0.18469076795299771,N1,10,1496,1505
-0.4193240859047137,-0.19703593550700305,-0.25777524369405,-0.20205662775260863,N1,10,1497,1506
-0.07109978010412306,-0.22093366626023397,15.215333755994653,9.72636469689969,N1,10,1498,1507
-0.19006999490866291,-0.1512448147561713,15.270544560203415,9.786071297368471,N1,10,1499,1508
0.09191486931961208,-0.08462037756294194,28.931219923472234,20.722602259639096,N1,10,1500,1509
0.19161527646681406,-0.014169846476534076,28.93090384256211,20.722249552983705,N1,10,1501,1510
0.19296962464429726,0.04808157663504744,33.54407849512863,24.202526453627797,N1,10,1502,1511
1.2456165897588676,0.07165876334341022,48.31297032538932,39.7007149762394,N1,10,1503,1512
1.3118305239279835,0.042042281252841464,48.326249946782625,39.71510829321487,N1,10,1504,1513
1.3649314954983311,-0.01877648964656089,48.272704270845864,39.65722480624463,N1,10,1505,1514
1.5096177844237673,-0.1301118102470383,48.342597510997436,39.76214756130794,N1,10,1506,1515
1.3385022555993373,-0.3137767765351356,48.42012284178418,39.84597056119819,N1,10,1507,1516
0.9909351480787336,-0.5617334704622635,33.007465603174936,29.95351513186324,N1,10,1508,1517
1.1131463110743993,-0.9059905518013153,33.039160832270866,29.98774972125102,N1,10,1509,1518
0.8936928933706781,-1.2823329153091123,19.14289827538378,18.796579095155174,N1,10,1510,1519
0.8967454527833866,-1.6835219415275844,19.21530083716716,18.874832280999545,N1,10,1511,1520
0.8850073787157384,-2.0783880250422015,14.589868426238535,15.381302425864124,N1,10,1512,1521
0.5121780210344241,-2.349185265307187,32.993389801704325,23.666839611070465,N1,10,1513,1522
0.5232542004423862,-2.5479682877443084,32.963235075429836,23.634261097927812,N1,10,1514,1523
0.7450902408556658,-2.6869377492757023,48.26961526351151,33.38249013132954,N1,10,1515,1524
0.7990985974169007,-2.7958394209992377,48.30435531413459,33.42001168872957,N1,10,1516,1525
0.9986940308586554,-2.8746129319305966,48.22315522247809,33.332220390898144,N1,10,1517,1526
1.064334508204763,-2.9334550496643828,50.7120644668139,31.36031000932926,N1,10,1518,1527
1.2300812678731858,-2.9909383989180496,65.43674514894738,46.776362701927425,N1,10,1519,1528
1.140365364755803,-3.016385972617729,59.65622439344734,42.63324330323303,N1,10,1520,1529
1.1039514937820514,-3.022085854260564,59.53351698434417,42.50062140680311,N1,10,1521,1530
1.0235743924270082,-3.0238534360263403,59.56893471123185,42.53889751513052,N1,10,1522,1531
0.33284698909706095,-3.090812562011513,23.654487960713595,16.716860156961047,N1,10,1523,1532
0.26507992320576934,-3.1716091028217646,23.679008526304095,16.743342180236503,N1,10,1524,1533
-0.014733503272941562,-3.2522258247729354,8.432489619615808,7.059809136852709,N1,10,1525,1534
-0.09013858005142765,-3.2993302401468014,10.838592124282878,6.975155084114522,N1,10,1526,1535
-0.18949598678215124,-3.3186480522734145,13.33110706022344,6.983972777718009,N1,10,1527,1536
-0.006964211265153608,-3.211348137727609,28.86962633700532,21.309237366081653,N1,10,1528,1537
-0.14141799139786143,-3.0848300261888397,14.300497267852915,6.031940560648218,N1,10,1529,1538
0.17788130212547912,-2.9017938089557958,33.9092602380937,21.292726458099786,N1,10,1530,1539
0.21124261368652242,-2.694926190804739,34.05201600186702,21.447060492916354,N1,10,1531,1540
0.12341245067093495,-2.456121118139464,33.944948596788166,21.30198018540832,N1,10,1532,1541
0.6338388816218867,-2.182486802753857,90.48447448591178,42.182176999432706,N1,10,1533,1542
0.5098157489229151,-1.934993575007462,90.3869677833587,42.076749004516024,N1,10,1534,1543
0.5008855320783254,-1.704817249485592,90.22302576684669,41.899538502257926,N1,10,1535,1544
0.6969505829350965,-1.4838907458845199,104.01687488222451,56.29554849721099,N1,10,1536,1545
0.735780631101943,-1.2835895707534406,101.59342345285913,56.33205425374399,N1,10,1537,1546
0.44383744708766243,-1.236873684496021,83.44257439167995,43.87467842368496,N1,10,1538,1547
0.37506722170820694,-1.1894932960781717,83.43769892708951,43.89882156255699,N1,10,1539,1548
0.18439819717458478,-1.148398652688894,69.60736424602074,32.77886419078059,N1,10,1540,1549
0.282522704296332,-1.080578442654172,72.00955183835322,30.683822330011026,N1,10,1541,1550
0.3166993663984726,-1.0537375511772609,66.25383324108262,26.59686186310937,N1,10,1542,1551
0.15361998627211051,-0.9131813198809879,27.90317562479686,17.65494460275295,N1,10,1543,1552
0.13280913900326824,-0.7562385495751982,32.65596786431852,21.286141832967406,N1,10,1544,1553
0.4657441910279886,-0.5053653592773856,48.23601493596652,32.67440445289394,N1,10,1545,1554
0.16719518975376105,-0.21024559441884208,31.854385558977082,18.166702615117536,N1,10,1546,1555
0.13534795492092827,0.0678845535863104,31.890699944447988,18.235300298610674,N1,10,1547,1556
0.2888247263534026,0.3684188373392715,31.943184304820896,18.292024624990155,N1,10,1548,1557
0.3533745382344705,0.6446533785700183,31.935397429943986,18.28356952512477,N1,10,1549,1558
0.3034669870895527,0.8636882780591634,31.90252799844966,18.248037550815205,N1,10,1550,1559
0.20478596819802988,1.0293744582452802,29.436440097408195,20.21520711135745,N1,10,1551,1560
0.5250780843743769,1.2947912774848647,49.89095406250708,39.753993391309635,N1,10,1552,1561
0.31288198258650934,1.3816360218584578,37.01317918243294,27.93936979882492,N1,10,1553,1562
0.3433795297968459,1.457484700046922,32.21882787906507,24.23393498776786,N1,10,1554,1563
0.13560141159938438,1.4260938948643116,16.847520424053073,13.041961002329481,N1,10,1555,1564
0.14832611396219592,1.3243426034532662,16.990757187327837,13.19677271887922,N1,10,1556,1565
0.32533013660416826,1.2305138450689355,16.927036251392565,13.127910880836135,N1,10,1557,1566
0.4606170704220517,1.1701505350253227,30.843797829863615,24.34126971103178,N1,10,1558,1567
0.45920432291469526,1.1534210611372715,37.59466012856501,26.11107265416795,N1,10,1559,1568
0.7391965361067037,1.2238244631302393,52.97222701335632,35.9362429464134,N1,10,1560,1569
0.6015076725442554,1.285411143319743,52.63021290701363,35.59597669855648,N1,10,1561,1570
0.35986348312027305,1.227880093163708,38.35135979533661,20.62746933015951,N1,10,1562,1571
0.2627537629395761,1.1637733908544932,35.781272488463586,22.540978504522354,N1,10,1563,1572
0.33124749229639294,1.093168651929767,35.92274178449661,22.723223522769693,N1,10,1564,1573
0.3406918778473482,1.0137106255256356,35.889426837724024,22.716591643423452,N1,10,1565,1574
0.37844051622141706,0.9251494010469742,33.083804447034346,20.609575664599106,N1,10,1566,1575
0.21459499744223648,0.8029996388328413,32.85003636698675,20.356870835703013,N1,10,1567,1576
0.04704646172215234,0.6420790947929106,19.192699826806347,9.423945420299424,N1,10,1568,1577
0.12517178842564364,0.3945759055331507,26.979084033175603,22.901988893817908,N1,10,1569,1578
-0.24486107132491952,0.0722142004753323,11.711737450119836,13.166606782520102,N1,10,1570,1579
-0.12637471169666697,-0.23403308643051446,11.991635428674636,13.469130403626332,N1,10,1571,1580
-0.1616977109967479,-0.510533699382296,11.690451040974585,13.143542030298704,N1,10,1572,1581
0.08047220408458315,-0.711174679490432,25.470163017052982,24.20878211081581,N1,10,1573,1582
0.15123919017595427,-0.891344569062096,30.28641797518794,27.90855801391954,N1,10,1574,1583
0.336638768314981,-0.9930137908449069,44.10516045869954,39.01593145224397,N1,10,1575,1584
0.41664805170986485,-1.0667145741425372,46.82460974621354,41.02976703557579,N1,10,1576,1585
0.43331797028065466,-1.0785154162457786,47.05103831650486,41.2745460953236,N1,10,1577,1586
0.36952769169141675,-1.0816804990224909,46.92014662286747,41.13304662085939,N1,10,1578,1587
0.25328254732019106,-1.0680645548223482,32.06973417497939,25.546710362587326,N1,10,1579,1588
0.2356125045826502,-1.0738266733523119,32.17118561249081,25.68573970225043,N1,10,1580,1589
0.19394586454053525,-1.0627268388950255,34.785273962261996,23.849122618935507,N1,10,1581,1590
0.19205067254230243,-0.996092861521322,34.645715271171504,23.668893845172715,N1,10,1582,1591
-0.044337717146265734,-0.8855925926167402,20.886742351588328,12.626075970901729,N1,10,1583,1592
0.023186906767375604,-0.780753623300211,10.265969437215972,4.757291674395674,N1,10,1584,1593
0.24670178573005613,-0.6964642629140144,29.98707935513885,20.177944237084013,N1,10,1585,1594
0.22256396156930122,-0.6502098264584845,29.88940719123566,20.072369353289833,N1,10,1586,1595
0.17962084245401683,-0.639436705563412,29.97290234828688,20.16259341412151,N1,10,1587,1596
0.40086739010963585,-0.5480342528256301,43.79613431946272,31.27485080455881,N1,10,1588,1597
0.3325072146741149,-0.38523983075041884,44.03323843969265,31.531117204367185,N1,10,1589,1598
0.4766173112903971,-0.16338862183316677,57.74409353384108,42.521871926831224,N1,10,1590,1599
0.381769905962301,0.1346755376525209,55.19429195389457,44.4573621500982,N1,10,1591,1600
0.41838946703977625,0.3661457463892077,55.21414404472743,44.50819467344918,N1,10,1592,1601
0.41778323516430194,0.4971601419756155,55.22164561277968,44.51630113871579,N1,10,1593,1602
0.3266837548145872,0.6181330010427587,60.97907778603767,48.60506227927035,N1,10,1594,1603
-0.2960586874364253,0.6963855037584835,27.5013269914758,22.14413520975213,N1,10,1595,1604
-0.31558989907111934,0.7935951877408343,27.55376958680936,22.2008572026949,N1,10,1596,1605
-0.09246409877665655,0.9517792950308206,27.482979177417292,22.124369748617756,N1,10,1597,1606
0.16389473478519676,1.0592658299523863,67.33413405905375,29.720990776367398,N1,10,1598,1607
0.12109070017711474,1.1151588582068086,67.31507459759887,29.700383311339102,N1,10,1599,1608
0.046488289681622066,1.1038967503958588,50.56218509682221,16.378580256932764,N1,10,1600,1609
0.10756610672111719,0.9972529414478573,55.452820730051464,20.158730692764948,N1,10,1601,1610
0.23677037109627008,0.8647038708990976,70.14254817186084,35.55421047192649,N1,10,1602,1611
0.44596649733000504,0.7874870646212798,84.02500850384095,46.730491423172495,N1,10,1603,1612
0.3273893406718685,0.7454577544024573,84.01750807481804,46.751763863780795,N1,10,1604,1613
0.6901064076322996,0.7476751090299842,97.78368266264806,57.80235336542464,N1,10,1605,1614
0.7843670976208272,0.7454895951309766,92.04716673515577,53.7068293552089,N1,10,1606,1615
0.5615492312626543,0.6944227244830927,92.08788347648078,53.75084191187197,N1,10,1607,1616
0.09321138906329907,0.5741818711246538,38.33418429522935,34.956262909800714,N1,10,1608,1617
0.17436583173164308,0.4682418385816106,38.3842305204591,35.01036256416992,N1,10,1609,1618
0.23222821091903825,0.34623123660252303,41.17222163018378,37.03744624075116,N1,10,1610,1619
0.3754434332096935,0.20948569045368118,36.301981352032456,33.27933543931795,N1,10,1611,1620
0.29362840580101873,0.1101011763706424,21.69281459593476,17.97094701984679,N1,10,1612,1621
0.08230612727300013,0.02127159293525551,7.530655062123697,6.492357760188315,N1,10,1613,1622
0.09632394626526093,-0.08646205372722307,7.845187302277191,6.832327787490795,N1,10,1614,1623
-0.12335121360434868,-0.24383220606109718,-5.97460833776131,-4.276234872581699,N1,10,1615,1624
-0.12255726704864855,-0.3433150411839051,4.531493796279392,3.468600456610875,N1,10,1616,1625
-0.0002372642518594148,-0.4443156076677838,4.492354859542684,3.3969024868725683,N1,10,1617,1626
0.49268318568878156,-0.4264993958715365,29.08196130431825,25.860720044829215,N1,10,1618,1627
0.5639168829465916,-0.3838284257540522,28.98098322593942,25.751565156648574,N1,10,1619,1628
0.6797388370738986,-0.2613976946916523,42.92522502760694,37.023971294420335,N1,10,1620,1629
0.5202923509573794,-0.1288405887227441,42.95545387181628,37.05666201649365,N1,10,1621,1630
0.4856569669900296,-0.00597425964086824,42.9394480589217,37.00997802471902,N1,10,1622,1631
1.0813832482873067,0.052573948305843034,43.183436603638256,37.27370136648388,N1,10,1623,1632
1.052389134203804,0.1021295580620631,42.86167825990051,36.92591760922223,N1,10,1624,1633
1.0767364506228432,0.1434033281206723,42.86041620958567,36.92456799957072,N1,10,1625,1634
0.9675065259731923,0.15642001656817683,38.14427484788757,33.333041728054376,N1,10,1626,1635
0.9587324230215131,0.17012663762562852,38.17971126391494,33.40069606120524,N1,10,1627,1636
0.5812393069714176,0.1411056493868898,16.11294274107495,10.978396520765818,N1,10,1628,1637
0.4912665038254659,0.13327689302375348,16.13109028093968,10.998043948645499,N1,10,1629,1638
0.3543982244502786,0.08272034679318381,2.324909913888405,-0.0957689779206703,N1,10,1630,1639
0.3248373199146613,0.040127503831882905,7.0021040851410365,3.4536872606411633,N1,10,1631,1640
0.27038362981099906,-0.004405366428676416,6.973142924722197,3.422365495777194,N1,10,1632,1641
-0.09889177194826289,0.15042432914024176,20.865762450423063,14.609622188267531,N1,10,1633,1642
0.040032304093142554,0.30174308781888615,20.84079157306551,14.582639628863399,N1,10,1634,1643
0.43740461354601623,0.5238412279058082,45.372939164288255,36.08336351273829,N1,10,1635,1644
0.440821807401926,0.727854225430832,45.448180012742526,36.16468247590019,N1,10,1636,1645
0.41810030268067067,0.9387677227684378,47.870503874921994,34.091437351933564,N1,10,1637,1646
0.3385091805600268,1.1021065069395604,45.305052581685594,34.00386795772938,N1,10,1638,1647
0.40789751549524456,1.2145031951891212,45.37858300946682,34.083320143024324,N1,10,1639,1648
0.44804144273863356,1.32184461102475,45.28732023744451,33.98466713505186,N1,10,1640,1649
0.5873579277723024,1.431053795568721,40.603271435688654,30.427796451868197,N1,10,1641,1650
0.6651947058292649,1.5377793430976907,40.6616742544662,30.520311268516526,N1,10,1642,1651
0.5124109463108425,1.4465327835297899,24.022544285768525,17.321427269307605,N1,10,1643,1652
0.3688614497546837,1.3553181549760267,24.11204596279931,17.418158581219906,N1,10,1644,1653
-0.07491483198294872,1.1919486135038198,-0.4625335693053785,-4.128431122713664,N1,10,1645,1654
-0.088689701867645,1.0400897963437956,-0.5131438481243095,-4.183146412297356,N1,10,1646,1655
-0.15592209731322554,0.879194472086948,1.7641838735042257,1.4638409060542472,N1,10,1647,1656
0.055335108523252075,0.8098047970311086,12.43201322870009,9.961256468020292,N1,10,1648,1657
0.09012594629430168,0.8272640495825726,12.332661323698266,9.824530327369576,N1,10,1649,1658
0.2592582930117828,0.8390472257995754,27.701705623210728,19.640482626754967,N1,10,1650,1659
0.4917117125403365,0.8386946303597398,42.3619978244642,35.02130172894249,N1,10,1651,1660
0.5850258037697813,0.8286725654391006,42.262940816997435,34.914260329577516,N1,10,1652,1661
0.5287745364006582,0.8693731421939305,45.11195068297966,37.03668332236411,N1,10,1653,1662
0.6544347008948534,0.897549538556305,44.98522564318191,36.87032083436206,N1,10,1654,1663
0.7362888731552288,0.9428358423126155,45.11931534533287,37.015243211649064,N1,10,1655,1664
0.7238373770166276,0.9714099167342255,45.08508687100548,36.97820862186491,N1,10,1656,1665
0.8230779342989762,0.9829644897623439,40.29531266468039,33.30707112989694,N1,10,1657,1666
0.769214172551267,0.8912526282061123,32.19077968540296,22.88875168088125,N1,10,1658,1667
0.8662719060580116,0.7203910355415502,34.77879367057685,21.023959001727054,N1,10,1659,1668
0.5145530373958763,0.5255728759949705,19.399550108719268,11.197007918635062,N1,10,1660,1669
0.25738966888714004,0.3512035064368149,4.757218005353934,-4.16438530837695,N1,10,1661,1670
0.0028383680410001945,0.14947347108958126,9.490127468247374,-0.5806103142305801,N1,10,1662,1671
0.4336261991575611,-0.085732756587106,65.5199191255626,24.517149440063076,N1,10,1663,1672
0.3596255171507437,-0.11431588966588321,65.5952610368884,24.598570241124253,N1,10,1664,1673
0.8030299434455628,-0.0907091193694896,99.35605235137336,47.36352855276054,N1,10,1665,1674
0.7737150782872391,-0.0596726250534914,99.25726484890765,47.2567682436078,N1,10,1666,1675
0.6206542999799922,-0.008461809032723977,99.28381260190217,47.285481132586575,N1,10,1667,1676
0.618273212328495,0.057687063706742946,111.54327773448168,64.7627795168024,N1,10,1668,1677
0.5277977619457033,0.12288793744016857,109.07014028811827,66.78112354349796,N1,10,1669,1678
0.5271101378141794,0.22635709333577836,109.10657078979712,66.82048205562532,N1,10,1670,1679
0.5074378062472306,0.3662426529542813,108.96717956904031,66.66979936852803,N1,10,1671,1680
0.6887947135449963,0.5473952112099226,98.51190189140326,59.00576033927719,N1,10,1672,1681
0.3112542319460999,0.7214588134696214,42.49026003193867,33.91681647468577,N1,10,1673,1682
0.38580410921543945,0.6966744478364859,42.43905399317009,33.89084935630308,N1,10,1674,1683
-0.1377093954061138,0.6313618005059652,8.632119049315225,11.04666148689139,N1,10,1675,1684
-0.045688832823782374,0.552798263830644,8.714783734492084,11.136018690487981,N1,10,1676,1685
0.21109670848848056,0.4723467946585913,8.710913842082665,11.131817884627527,N1,10,1677,1686
0.3356530022818788,0.49417614205667065,9.206530585749714,5.3157645229526675,N1,10,1678,1687
0.3587210508714406,0.5185987633071847,9.337693147585378,5.457535670071957,N1,10,1679,1688
0.4450823729655212,0.5871077924292194,24.660484596699824,17.85176495851483,N1,10,1680,1689
0.37905155146930836,0.6537066486968882,24.72934408353176,17.926192177172926,N1,10,1681,1690
0.2682228319991736,0.7182499120721871,30.48841837556538,22.04610756578404,N1,10,1682,1691
0.22497769392366535,0.8219477313470975,32.914477072676526,21.953654878180533,N1,10,1683,1692
0.3140202551713628,0.978311620355069,47.601011252029274,37.362855240824864,N1,10,1684,1693
0.41592871414202365,1.1733330128314208,50.077474057354266,35.37750609013092,N1,10,1685,1694
0.5260462676132989,1.4204352436544354,50.0939919186887,35.39537940321607,N1,10,1686,1695
0.413554171992007,1.6553405794561287,50.15044423887157,35.45639212727256,N1,10,1687,1696
0.1619672272329126,1.7716713431999351,34.885894499110876,25.774205768194225,N1,10,1688,1697
0.10013405384820544,1.86483027257228,34.70745990880823,25.581312862727646,N1,10,1689,1698
0.13631872362536795,1.8915819618570027,21.849498574099563,11.159790499338124,N1,10,1690,1699
0.2173763629605901,1.8411579850112474,24.352373722346965,11.17975384395686,N1,10,1691,1700
0.39320764466858693,1.78569613078094,24.406569394064718,11.23835139722505,N1,10,1692,1701
0.6489494593347445,1.7923765443480875,37.22952278781158,21.016986188582813,N1,10,1693,1702
0.6234846423671797,1.8222867556544942,22.56390178292786,5.63043117180132,N1,10,1694,1703
0.788400720453376,1.7800955332244797,36.8679476824007,21.307988311659575,N1,10,1695,1704
0.7024854362485143,1.7215237607310485,36.881691550608956,21.322825272809858,N1,10,1696,1705
0.7143198668522814,1.6528054796379337,39.37257723891234,19.323695505324576,N1,10,1697,1706
0.7581402673579533,1.57101179434936,39.367878514147016,19.318613875214943,N1,10,1698,1707
0.8583961220126071,1.4631604453341054,39.27616973205877,19.219454277917976,N1,10,1699,1708
0.9353984512707598,1.3471145026250042,36.90581749467528,21.348874003063976,N1,10,1700,1709
1.1318880556234945,1.2576850314376373,49.05030761212256,36.69579112364736,N1,10,1701,1710
0.915191737307623,1.2012799633391267,49.00913847794436,36.651289054554944,N1,10,1702,1711
0.5964186462104294,1.0010303112016459,33.69166115515545,26.89109821817692,N1,10,1703,1712
0.5850921929474566,0.76323415024045,33.67114346777525,26.868894186393298,N1,10,1704,1713
0.45940361073193114,0.5249803013781815,16.881380639760756,13.196030690679617,N1,10,1705,1714
0.565418095193138,0.2658980415921775,19.41919016360189,13.253777568559599,N1,10,1706,1715
0.5098767355450378,0.012331179832912653,16.850280981684044,15.168588049579558,N1,10,1707,1716
0.6668617436992917,-0.18665260772704356,30.701563251941117,26.31116058006082,N1,10,1708,1717
0.5427592644046058,-0.3986921774077956,30.84393148008967,26.465075352005805,N1,10,1709,1718
0.745859248743318,-0.5604339293486135,46.054403340518185,37.453888080178146,N1,10,1710,1719
0.6580362202712535,-0.7080068881451268,36.242468880672824,25.807504258256085,N1,10,1711,1720
0.6662750992866677,-0.8559745154802186,36.19672937827854,25.75805146885032,N1,10,1712,1721
0.694854376319779,-0.9837268916296467,36.23553622035979,25.799976084155787,N1,10,1713,1722
0.45606431473910336,-1.1552670108208816,36.265971027659546,25.83287896145266,N1,10,1714,1723
0.2626876855503951,-1.2402919883405616,30.282047824391338,21.469939953339782,N1,10,1715,1724
0.08851324999111512,-1.281667871434965,27.868989101321496,21.547047536956235,N1,10,1716,1725
-0.017571628245741523,-1.3072829249590456,27.835253922399716,21.51059487679522,N1,10,1717,1726
-0.07601881749536687,-1.3654257203784397,28.732413549741615,25.844124273162016,N1,10,1718,1727
-0.07005118323540956,-1.3742486718896572,28.690118595609967,25.798409299703053,N1,10,1719,1728
-0.4217198011227083,-1.4146334897374602,13.375098182819784,14.696599560879985,N1,10,1720,1729
-0.43877483552761304,-1.4435535085582558,8.58786530562502,11.02821322874297,N1,10,1721,1730
-0.2784671026221986,-1.5040876389941928,8.663975200570713,11.110499214606534,N1,10,1722,1731
-0.12478984695403597,-1.3724058822027387,22.409458302172425,20.794495190112503,N1,10,1723,1732
-0.09221449388852535,-1.2183236913738795,22.495317301455362,20.85793010609923,N1,10,1724,1733
0.13128126327812878,-1.0766145127150224,42.24686566357705,36.27304819478595,N1,10,1725,1734
0.12782552041356893,-0.9768343971420024,46.86731226503616,39.761155650770526,N1,10,1726,1735
0.19687997577041189,-0.8697342244820107,46.92672542364162,39.8253506711284,N1,10,1727,1736
0.3096628219738591,-0.704469106330609,85.93348290036374,43.14545045765408,N1,10,1728,1737
0.2928173067892089,-0.5302863270530083,85.92188237835217,43.13291668740203,N1,10,1729,1738
0.27864409798088446,-0.3560833538918189,85.95180674918666,43.165251239312056,N1,10,1730,1739
0.1684203714798059,-0.19619579772120233,85.97106929469301,43.15669006056705,N1,10,1731,1740
0.06027101554317369,-0.04128517614189207,85.7903869203059,42.96136814344281,N1,10,1732,1741
-0.003504796489869477,-0.05636669671017103,72.14866152625764,33.38955355089274,N1,10,1733,1742
0.23709437159996014,-0.08147410429031936,83.52878992338083,46.33272739747845,N1,10,1734,1743
-0.012012587772335336,-0.10669307480111456,69.72947940249723,35.24630552531016,N1,10,1735,1744
0.08758871971193685,-0.1401830507351633,67.37262452526338,31.519529526663973,N1,10,1736,1745
0.26640590248621265,-0.17507115967948722,67.45954735950508,31.613489175952417,N1,10,1737,1746
0.3037440551718419,-0.20471656326354265,29.12516259043914,22.689168046147095,N1,10,1738,1747
0.3152211029648925,-0.1360335838476999,29.076376999079365,22.636448607625063,N1,10,1739,1748
0.5388989419444101,-0.0631964125969688,42.918466090799484,33.769081805557654,N1,10,1740,1749
0.46817942063063356,0.003512802793088099,47.62273633857694,37.37715983774906,N1,10,1741,1750
0.5964237099874594,0.07960832186560367,47.78224199289834,37.54956996949477,N1,10,1742,1751
2.0536610406257183,0.12828957558618867,47.598600258636,37.351066776233345,N1,10,1743,1752
1.8677818036049416,0.1681897703230618,36.22949467082217,24.449177806791702,N1,10,1744,1753
2.35446998907463,0.15222429334826018,63.52247985728027,41.48782548414747,N1,10,1745,1754
2.2488572605500052,0.13530013356909193,61.14325648537779,41.60150703115505,N1,10,1746,1755
2.00260748828847,0.11280026496927746,61.0649006128966,41.487419212180974,N1,10,1747,1756
1.7083952424056406,0.01897532867617997,45.622595514378915,31.592322035347024,N1,10,1748,1757
1.7538289527197661,-0.1796812036078478,45.6509692320833,31.622983991314687,N1,10,1749,1758
1.576372430965114,-0.37870188789102033,31.831478679754944,20.51476107594717,N1,10,1750,1759
1.8912994914372916,-0.5783174942170973,41.75655850770854,32.28341983001301,N1,10,1751,1760
1.7363361328464522,-0.773693438321709,41.76886435866618,32.2967114837018,N1,10,1752,1761
0.43577737516236537,-0.8813886233102238,55.62254286920506,43.44187670021347,N1,10,1753,1762
0.5146769714576408,-0.9326603219338268,55.55728414188634,43.37134290933536,N1,10,1754,1763
0.3218733256754831,-0.9719818761345351,42.09361313206027,37.45153248583811,N1,10,1755,1764
0.4263997141041614,-1.000701521070178,42.040789076364305,37.36507671861909,N1,10,1756,1765
0.5372058826962188,-1.0100985687413726,42.0996958309086,37.4581354329006,N1,10,1757,1766
0.4150582396449636,-1.0009257604541175,42.19094977754721,37.556778840685,N1,10,1758,1767
0.4122546675942772,-0.9325016600049423,42.18956736124674,37.52591098888879,N1,10,1759,1768
0.33265793969068225,-0.8521828805985308,44.66306047964463,39.36143619485665,N1,10,1760,1769
0.08994664158000205,-0.7674799518840473,29.951007155724803,23.92467003917336,N1,10,1761,1770
0.20187853086952146,-0.6725655992093721,29.95325472323457,23.92710470704551,N1,10,1762,1771
