M1_log1p,M4_identity,M5_log1p,M6_log1p,dataset_id,window_seconds,window_start_index,window_end_index
0.011223808261112323,-0.030954695544620776,28.26459331186718,26.333024652633895,N2,10,0,9
0.10728128897668525,0.03542789656884475,28.25233108835412,26.319766868209786,N2,10,1,10
0.05690075910876419,0.10215589136778154,28.322555916508293,26.42503897807877,N2,10,2,11
0.08914858337039008,0.16748533182355074,30.77841045092065,24.388044202803997,N2,10,3,12
0.2273851160406212,0.22858522204725212,30.670657151992565,24.271582264968014,N2,10,4,13
0.9662269753646487,0.2863432201558129,34.88167767806813,26.719587827164865,N2,10,5,14
1.0550852461117588,0.3508745959245275,34.98314974249973,26.82927224796482,N2,10,6,15
0.7953852798128963,0.4170607867201063,20.366812445742124,11.495978569962489,N2,10,7,16
1.3587070052755303,0.5393155812050661,48.634617073146586,28.600799317227455,N2,10,8,17
1.2664280466718665,0.6648970396306566,48.961231886092094,28.92448847906209,N2,10,9,18
1.5626879886214708,0.7861813539902882,60.912090268214136,38.38897682642916,N2,10,10,19
1.5964189343559128,0.9526256324291721,60.85385607863227,38.32603604956496,N2,10,11,20
1.5518546328371285,1.1208938308604741,60.74071688452957,38.20371687948072,N2,10,12,21
1.7923597202840789,1.2831647167226958,71.47086234456013,54.50420085058435,N2,10,13,22
1.679705340963767,1.4403164681427036,71.5016089588589,54.53743576142754,N2,10,14,23
0.8526485788472934,1.5378437769348898,53.64514044508932,41.16933224121739,N2,10,15,24
0.7122042766886636,1.6225026462669967,53.44748676928462,40.95570423584015,N2,10,16,25
0.6783110936002881,1.6916253768408152,53.369411882130976,40.87126795996957,N2,10,17,26
0.15884408275699435,1.6978584552579377,22.1977757216545,21.58473606731236,N2,10,18,27
0.03961537321689832,1.689609088288187,22.318765002120053,21.74488353738758,N2,10,19,28
-0.031092144812566856,1.6206689754276593,25.427475306303336,21.761808148730076,N2,10,20,29
0.03448959530591651,1.492461048136821,25.496670852012176,21.83659909481356,N2,10,21,30
0.07667111142439502,1.357884975141904,25.57816072014767,21.924703854996086,N2,10,22,31
-0.22201515009820394,1.218172402770599,17.14039944709591,11.287444820907343,N2,10,23,32
-0.25147192645501926,1.061952790182786,17.20162810885421,11.353623098239108,N2,10,24,33
-0.16026766081020655,1.0122559436222691,30.986140903463898,22.424013613890224,N2,10,25,34
-0.20264782428546368,1.0008702047028457,33.460699398881424,20.40722792102855,N2,10,26,35
-0.14469182002178513,0.9779627567208469,33.48640782573956,20.435019280070605,N2,10,27,36
0.02697480316823526,0.9463935170586584,36.33943403014918,22.561772028785697,N2,10,28,37
0.10265787338828343,0.9180367902186906,38.7827575476093,20.511166425052103,N2,10,29,38
0.17575030241167972,0.8702254986335877,37.95139971093759,25.943567032120722,N2,10,30,39
0.125031201832401,0.8338109307182962,38.007004095536516,26.00365168984856,N2,10,31,40
0.1455980737026982,0.782353123337445,38.05089209328755,26.05108237704267,N2,10,32,41
0.23134201440506724,0.7039023534010322,33.197426582863365,22.311115944237986,N2,10,33,42
0.2539468420608403,0.6524833989318249,33.24500822038751,22.362554090415994,N2,10,34,43
0.2603782889918328,0.4851513419951875,33.1821240389487,22.294596239040608,N2,10,35,44
0.39292563167328076,0.3182596080254516,30.73165352197966,24.337395872621677,N2,10,36,45
0.32894822995482753,0.21383312360977022,30.75855945482747,24.33713159976886,N2,10,37,46
0.2635759548736468,0.21076937139348217,30.74151036292842,24.318710185439464,N2,10,38,47
0.32730688228270904,0.20687640595136933,32.948274932496794,29.889469867999274,N2,10,39,48
0.3581289084675735,0.32863481009964135,33.80898777477255,24.48880720735192,N2,10,40,49
0.22643645385072836,0.4408505960626812,33.61346389573382,24.2481220161377,N2,10,41,50
0.16305212804338928,0.5561085559789198,33.71883778941894,24.362028239146934,N2,10,42,51
0.13437401598155851,0.6973616417826463,33.7871032647555,24.435839481609605,N2,10,43,52
0.18004840311716067,0.8236617135500233,33.72555024235894,24.369310158751137,N2,10,44,53
-0.05117177791170988,0.953860799896028,19.826668741438993,13.175239488103898,N2,10,45,54
0.00331439771635047,1.0894143952946038,34.51014771246573,28.581131676111816,N2,10,46,55
0.6030351699880285,1.1704443244315819,87.52093394347204,45.266470326443326,N2,10,47,56
0.5775564039606327,1.1554136647623565,87.60031070813523,45.322903628825955,N2,10,48,57
0.5191164472074,1.1354286419067292,82.8296279543786,41.6723842561172,N2,10,49,58
0.42137025486640595,1.0066815589907094,81.25651802671734,42.93918973295327,N2,10,50,59
0.4297606562508406,0.8744206199493731,81.38409581700121,43.10647315123797,N2,10,51,60
0.4841147777948326,0.7412573965207307,81.28393151461421,42.968861399277465,N2,10,52,61
0.5009248192492961,0.5873601407360681,81.2271677923771,42.9074877300151,N2,10,53,62
0.3211976035772185,0.42560388290569834,86.00847992903975,46.569495701554345,N2,10,54,63
0.7434023425537462,0.47094965479013523,101.43342351174817,57.79015525315485,N2,10,55,64
0.574725614798497,0.45887220764357367,86.77483742046893,42.41116132568438,N2,10,56,65
-0.18021388423876275,0.4396676437791747,33.686968967162876,25.67185998033026,N2,10,57,66
-0.2297684367537947,0.41266860199189137,33.67315734217259,25.68634002953295,N2,10,58,67
-0.20124534512566045,0.37880713082830014,33.737676579514435,25.756092320557535,N2,10,59,68
-0.39792366925769185,0.3527731520291681,17.142952881465682,12.605223509504686,N2,10,60,69
-0.26225675079684196,0.30813512911695684,17.149972190796188,12.61279214480528,N2,10,61,70
-0.24460229014144588,0.27539172497157055,19.642459133236525,10.613209004554914,N2,10,62,71
-0.2168827904827797,0.25771732178854306,34.2919037083876,25.98233804553838,N2,10,63,72
-0.06187425714477222,0.2254761163547066,29.483417072989415,22.29097641145204,N2,10,64,73
-0.11278758756520446,0.05172664786088248,29.57107814692231,22.38571025311119,N2,10,65,74
0.032787631376364604,-0.08819225724646813,31.95969626834353,20.276066545956088,N2,10,66,75
0.28469835745198857,-0.17695909217621733,32.03752767869905,20.330822052224654,N2,10,67,76
0.3240256175734384,-0.25010302386722005,32.01509806350805,20.306586607547025,N2,10,68,77
0.23077620423997516,-0.2680724503599691,31.98153769570222,20.27028031198422,N2,10,69,78
0.33644951203904905,-0.19938956122974788,51.421794886455885,35.85099030610472,N2,10,70,79
0.24840564218109726,-0.10666752397075925,51.4314138429841,35.861371925252776,N2,10,71,80
0.23221594344635435,-0.023005407879291083,49.03260360778923,37.99157611519852,N2,10,72,81
0.11337928906298451,0.05749198657794352,34.3940238041519,22.634174023324977,N2,10,73,82
0.15398823045332682,0.1661666802537482,34.4457025597183,22.69000538334103,N2,10,74,83
-0.030878297732109417,0.2114617116199568,18.94953440736399,11.392378558082692,N2,10,75,84
-0.06360319077636767,0.23042397897649422,16.577918237024186,13.520379450136579,N2,10,76,85
-0.10936093346891625,0.24730025728205404,16.549947341959616,13.519527911259,N2,10,77,86
-0.15709955122482597,0.25946931423732733,16.541096641247986,13.509945585012701,N2,10,78,87
0.23583566367450787,0.226855018528002,27.96074993671673,26.46649565468879,N2,10,79,88
0.3587401587163647,0.11523827765116082,25.17387799711387,24.10004919982216,N2,10,80,89
0.3477804515001992,0.004100441796006748,25.15439993221503,24.079018114319116,N2,10,81,90
0.3383500220803125,-0.10450521347599277,25.063090882733057,23.980293625004105,N2,10,82,91
0.2800523949387969,-0.20104867987114688,25.07809670009228,23.996568201235142,N2,10,83,92
0.12236155709865884,-0.25383835061747034,25.061092124286688,23.97819492529361,N2,10,84,93
0.17959542161290293,-0.2581132543257958,41.923293155691866,37.72939478574599,N2,10,85,94
0.07902067189373838,-0.1663320534136922,41.843028580363715,37.64268770539852,N2,10,86,95
-0.073986356662002,-0.11036351628605985,41.8114716794596,37.60854658356006,N2,10,87,96
0.4728811726932875,-0.04921616592164355,70.14034356364655,54.779358965439904,N2,10,88,97
0.12803669820717972,0.00803364452926587,58.6352982023865,41.73053238649381,N2,10,89,98
-0.08483454537813451,0.05768920046640815,44.719796889699,30.51853789431548,N2,10,90,99
0.02363045193242641,0.11777271537480657,47.276052826687916,28.590038315350103,N2,10,91,100
-0.0259467991767373,0.1783543059514585,47.28220774774222,28.59673032318947,N2,10,92,101
-0.03865841958643621,0.22308141067503157,47.26293556908845,28.575871345797577,N2,10,93,102
0.07324582502059088,0.23335997704101744,47.24769715186294,28.55939582168803,N2,10,94,103
0.08994999390256594,0.23355583664518634,44.29919098344021,26.0182800466006,N2,10,95,104
0.2879733512912594,0.15329673603334298,59.01879713888015,41.46319236003569,N2,10,96,105
0.3029543984121716,0.12253139952827823,59.04632758959774,41.49298730306168,N2,10,97,106
-0.13398929195304846,0.08095484159665815,27.94771347310989,22.28540929486494,N2,10,98,107
-0.11364396609419636,0.04659403076613842,28.043075669183235,22.38850338620682,N2,10,99,108
0.11288486087494362,0.06865727810945543,43.40627243611243,32.19814920934441,N2,10,100,109
-0.004799187382259262,0.12973974320856954,40.8525407799541,34.12934820110608,N2,10,101,110
0.015351051961972928,0.19292836114704387,40.8481220069184,34.12456416180403,N2,10,102,111
0.033147941109721656,0.27538549526381645,45.67077659752381,37.77944539216687,N2,10,103,112
-0.0514865418819543,0.34408960151464923,48.11660871144822,35.73160750547449,N2,10,104,113
-0.2789248261805938,0.38593168945358086,34.32643542023807,24.65508233038172,N2,10,105,114
-0.4247708110122087,0.41391105249873095,19.510047404318357,9.105526466051833,N2,10,106,115
-0.30810033941160986,0.4014755325847439,19.623304453754645,9.227935999411148,N2,10,107,116
-0.26272443532198475,0.3990059199359884,22.414733555363547,11.288152073007542,N2,10,108,117
-0.2875340852005429,0.38759116923745934,22.325104353169262,11.19123468852813,N2,10,109,118
-0.17506121607284833,0.320466639997138,22.349106121137357,11.217180703554186,N2,10,110,119
-0.06195598892600955,0.20627567553360393,22.321128400069757,11.18694449199388,N2,10,111,120
0.5334407251049363,0.09126166736158652,77.90292128983856,37.461708777774085,N2,10,112,121
0.6362292266753112,-0.024875614299367754,73.11690343333066,33.846446629586396,N2,10,113,122
0.763789123030357,-0.08427587773366554,70.66735908328437,35.89028902269679,N2,10,114,123
1.0796210003154019,-0.09105069996373345,85.9360627957124,45.59778248244625,N2,10,115,124
1.1229008665442204,-0.08225498461443621,86.11460425205178,45.790801365617924,N2,10,116,125
1.0511938108206842,-0.07474875857980265,85.97974394012908,45.645005123199965,N2,10,117,126
0.9357048391179014,-0.06167485914466795,86.04339844407578,45.713805662543066,N2,10,118,127
0.9909481574435646,-0.026570154998866967,90.82035581850941,49.371120754136655,N2,10,119,128
0.7128992912065375,0.01837778835030406,77.96405331859323,39.58579329089339,N2,10,120,129
0.596263646936124,0.07484325752834167,77.94118358868081,39.561081592649955,N2,10,121,130
0.10332047588891555,0.1437600165085932,22.363178263734607,13.290396997893321,N2,10,122,131
0.09691896716573112,0.2227966197355336,24.822639542547403,11.257257559699246,N2,10,123,132
0.06791214073741828,0.2584482741650106,24.833143035845023,11.268625626484482,N2,10,124,133
0.18590508890167,0.2507585877513023,23.415482708623948,12.70342888307987,N2,10,125,134
0.819509590932654,0.27092667974831813,23.278694072379587,12.555573009128784,N2,10,126,135
0.9632837121243902,0.3221575090814376,23.39389222018435,12.680130892791658,N2,10,127,136
1.1473837020492277,0.49722078381680956,37.94688804044781,27.94500102538236,N2,10,128,137
1.2156497733397977,0.694118221183308,33.17487190754618,24.293038002865977,N2,10,129,138
1.2408840178778746,0.9455216890203715,46.11332369247848,34.12537964546173,N2,10,130,139
1.375123416919949,1.2559952758759778,46.132047525815054,34.1456265977778,N2,10,131,140
1.2661248076283365,1.5755036844968486,46.12877289206445,34.142075244809305,N2,10,132,141
1.279153886814867,1.915423835906892,43.59875660010175,36.09892338810255,N2,10,133,142
1.2895532834932446,2.245203136616081,48.438049427258555,39.82355425236847,N2,10,134,143
0.9480747661638873,2.586051183434197,34.52620594544369,28.615510926739034,N2,10,135,144
0.12219202565465537,2.884652331690198,34.52952751685179,28.61907030111638,N2,10,136,145
0.11697646585385257,3.1652520020584847,34.46651044463215,28.55094876429939,N2,10,137,146
-0.09148739288224661,3.3196870290888283,19.863953000566017,13.232490045950453,N2,10,138,147
-0.12698927427664658,3.434194805791619,19.93035295345435,13.304264002661649,N2,10,139,148
0.11412528902178068,3.485994163671505,19.856007857291296,10.371741317899524,N2,10,140,149
0.16382608397136805,3.471681274678282,19.789228925428507,10.29956271524593,N2,10,141,150
0.18600447039363743,3.431106014363489,19.79889384838907,10.310039407737804,N2,10,142,151
0.24365834819067303,3.3507543709915324,14.063055391349826,6.215278866292328,N2,10,143,152
0.1652303913636061,3.259886559597949,9.205042913545276,2.4703762065765202,N2,10,144,153
0.5111934766192249,3.140254803124691,33.86794214375668,24.11243448099872,N2,10,145,154
0.6665081128563806,3.0142743725459864,33.92288538278872,24.17181958101842,N2,10,146,155
0.6784436192569998,2.856199540950952,33.877973182646016,24.123259283037715,N2,10,147,156
0.6850909781159146,2.6615569869345395,33.83717408950488,24.079157633328215,N2,10,148,157
0.7456499044862774,2.4532766095028267,38.602022148131525,27.723341532567567,N2,10,149,158
0.4280515116331337,2.2199896434328776,23.210455828934027,20.776989953437987,N2,10,150,159
0.2913173366997377,1.9569986483165338,23.311133119538862,20.885805892190366,N2,10,151,160
0.24001213695068344,1.7226415568923996,23.299258576659575,20.87295160172489,N2,10,152,161
0.14763754355398148,1.4987201288123955,31.604924403143468,23.053901993930914,N2,10,153,162
0.2801304254653928,1.2551012074800583,31.606623144414517,23.05572410417376,N2,10,154,163
0.19029231678713857,0.9894955408194306,20.75014393549727,12.507756649915336,N2,10,155,164
0.24169906297019922,0.7869581714615265,20.850650566310286,12.616393538235844,N2,10,156,165
0.15005837405149336,0.5734622947362553,20.883454223703666,12.651867686235892,N2,10,157,166
0.22843103134417647,0.3968496284825321,20.928002261719485,12.700020579295687,N2,10,158,167
0.08559898404580579,0.33085279672650925,18.614323254944246,7.013773797119848,N2,10,159,168
0.3582035400580338,0.38468213647799987,32.380982654508806,18.064894288628967,N2,10,160,169
0.26573463492644295,0.46335828941619894,32.440505670607216,18.129219110868416,N2,10,161,170
0.5276225532273564,0.5200440254109097,47.070626586478646,33.477452007476856,N2,10,162,171
0.560333130178357,0.5694786223416287,44.6168033947366,35.48729847455252,N2,10,163,172
0.46460506206675733,0.6521996613245591,44.64033753885087,35.512766496586664,N2,10,164,173
0.10746650602724231,0.7585454675373938,35.59193533234047,28.05549465603135,N2,10,165,174
0.02446349420821079,0.810014650906318,35.444708515842194,27.896354466921004,N2,10,166,175
0.10023012321440632,0.884516929744548,35.499606218101874,27.896882723260113,N2,10,167,176
0.33121306140575796,1.0082574944812308,62.80161120410967,44.94528840040603,N2,10,168,177
0.4301062827143589,1.0917630854034783,60.280840379864095,46.91210741779196,N2,10,169,178
0.3716591591893973,1.1244720606325813,60.44461089622219,47.089112451084205,N2,10,170,179
0.45840645184405276,1.1954410719372788,60.3886370060397,47.02865999351352,N2,10,171,180
0.30136853604984,1.2559489593531112,45.73084079507735,31.650499461653727,N2,10,172,181
0.30709582556705894,1.3114273659470157,45.68073588814459,31.62570597850481,N2,10,173,182
0.2300184731314303,1.351910474739381,45.71528847721911,31.663029905137044,N2,10,174,183
0.5195497021595905,1.429413636907438,57.68623843238256,36.36577178114148,N2,10,175,184
0.582952573349558,1.5409466228244753,60.2252807560104,34.41870287890688,N2,10,176,185
0.9268967468604743,1.6355451564017103,113.21851429420994,51.098073072044734,N2,10,177,186
0.7973409747612379,1.6581661883030592,98.97999236044616,48.21649816164345,N2,10,178,187
0.7438199832348851,1.6112196222874986,99.05026439022886,48.29247528431915,N2,10,179,188
0.5809121357642575,1.4989762089248528,85.13543094279484,37.0812100505118,N2,10,180,189
0.5319851329230566,1.3104254965212647,85.08878120055488,37.030740284553396,N2,10,181,190
0.5238255925991474,1.1602946859304182,84.92144439278017,36.82051496333079,N2,10,182,191
0.4290141662445528,0.9978090406743206,89.89615741255129,40.665655412348585,N2,10,183,192
0.532848365976939,0.8934616765566347,89.90033538180242,40.6702002108148,N2,10,184,193
0.5669898612396622,0.732339795584943,87.01826396144989,43.44858160653848,N2,10,185,194
0.698182976642127,0.567956918413293,84.56430688983573,45.487629748166,N2,10,186,195
0.13417872843404552,0.4379723206043053,31.425798494282663,28.710042062636877,N2,10,187,196
0.05235003953785196,0.3090746111795454,18.34759285489872,14.527296596609176,N2,10,188,197
0.12475281207801174,0.1794711390661945,18.38895830309493,14.542632034642065,N2,10,189,198
0.26230165538965056,0.12129147701878651,33.76134691318966,24.362197063580787,N2,10,190,199
0.30910828746169017,0.11333382288603673,33.733720965152315,24.332354910046252,N2,10,191,200
0.2807734569275759,0.05937194384493978,33.90394114130131,24.545724249117846,N2,10,192,201
0.4007671643707852,0.007792702305695798,28.89025355310423,20.658459071117797,N2,10,193,202
0.4523842894912022,-0.11109464923376891,28.39911720660366,20.127529477634653,N2,10,194,203
0.512638631999286,-0.23054107942514862,29.694197142837403,24.893844463526783,N2,10,195,204
0.4208584048776203,-0.366937370702081,32.23608092266331,24.955946013874108,N2,10,196,205
0.5999212808712968,-0.5747736632660747,32.29270641916064,25.017162021599507,N2,10,197,206
0.6369595983553339,-0.7250794172925452,34.742456326536555,22.94207410362433,N2,10,198,207
0.49364278086050034,-0.8385580282172527,39.51246703375254,26.621230897441457,N2,10,199,208
0.4854760931841298,-0.9344041284864375,37.95309006830121,27.90289708771352,N2,10,200,209
0.8133506817058859,-0.9924084257653305,37.97664704751405,27.928360417906514,N2,10,201,210
0.7550605735431674,-0.9735684653281765,38.06934007164618,28.028553029990142,N2,10,202,211
0.7556095432634649,-0.9481087933554676,40.557109315252276,26.02604072764898,N2,10,203,212
0.7683250001524058,-0.9075417791272656,38.29497481775434,24.506525847611556,N2,10,204,213
0.6940739498697681,-0.7863462155317222,37.032283010712305,19.795137172679915,N2,10,205,214
0.6194166228393072,-0.6335310629934469,34.45838617443824,19.698427600047218,N2,10,206,215
0.6118134205125969,-0.38283654793686994,31.729399278875825,17.70571405418459,N2,10,207,216
0.44915217930288237,-0.1706341932839365,29.3122412208917,19.816054931099824,N2,10,208,217
0.6103142659423128,0.018858769941243737,24.363661682522796,15.973239381675558,N2,10,209,218
0.532428919173293,0.1358807302936782,10.543543923996186,4.864342953512005,N2,10,210,219
0.2550820340570198,0.20856233942179755,10.671397815134332,4.9731448155795075,N2,10,211,220
0.48715924923992304,0.22063629552440034,25.24334318498095,20.224095422152185,N2,10,212,221
0.4519514789058249,0.23266995414544453,22.786734494960182,22.230899407058406,N2,10,213,222
0.4358787746220756,0.29956136591589766,30.192398165618396,27.80395725289618,N2,10,214,223
0.378835122122382,0.30833041691219876,33.184611572332145,25.124621696019766,N2,10,215,224
0.2892172752808591,0.2729702345580705,33.19533946283773,25.13621123994526,N2,10,216,225
0.29091436615513117,0.20268170596847312,35.95839361922517,27.165720838610287,N2,10,217,226
0.3659795800884226,0.13289639932744707,35.937170062833864,27.142771715890014,N2,10,218,227
0.21398236609569068,0.07057458352776677,36.06802503444305,27.284231012468354,N2,10,219,228
0.3208536672309975,0.10464178552327326,49.89245667467621,37.05351846016492,N2,10,220,229
0.2296735023673449,0.1358370320537773,49.8108652936311,36.994724649781254,N2,10,221,230
0.0247515909485017,0.16852262330739903,35.185811877964625,21.686388003965384,N2,10,222,231
-0.040514506984972345,0.21593325740782063,35.14508649935051,21.67174660709361,N2,10,223,232
-0.007944664815413205,0.2143239162380411,30.417270759212624,18.06759859526428,N2,10,224,233
-0.10528907465714639,0.21154326962968356,13.630050795334864,9.665160633447432,N2,10,225,234
-0.06948065206812118,0.20012289112753195,13.60160449688119,9.63443074563338,N2,10,226,235
-0.21468003985184084,0.1792744067010375,13.589687906583094,9.621544289405392,N2,10,227,236
-0.09077100463528325,0.26214553047898903,28.258778594145042,25.01188670269521,N2,10,228,237
0.04417835998955013,0.38292587050988514,32.973011255830535,28.575470136477634,N2,10,229,238
-0.015560499473473044,0.44930439977046605,33.03001046594145,29.981337152702146,N2,10,230,239
0.15233902288342308,0.4998433704004128,32.993978446100115,29.942377731516263,N2,10,231,240
0.13032011786134348,0.5375605792356254,33.01743316700613,29.967685131847247,N2,10,232,241
0.11516220980168441,0.6134089564720255,33.022097438280795,29.972713442955772,N2,10,233,242
0.007889357986036316,0.6804643570229217,33.09152909668701,30.04773853503466,N2,10,234,243
0.07176110891961258,0.8894696978850021,46.87742975834226,41.11966174571162,N2,10,235,244
0.1352654985056702,1.0932638731632665,46.84915049986721,41.08910464721221,N2,10,236,245
0.2999522899354517,1.2842243990402125,46.88586956538493,41.12883150337984,N2,10,237,246
0.1847878704759296,1.3553158075499112,32.24860784612538,25.743479593680878,N2,10,238,247
0.09902170145998923,1.3748299608039987,27.486614827305676,22.128275351265348,N2,10,239,248
0.012355823803778776,1.3441696866649693,13.632216528799471,10.982331674788748,N2,10,240,249
-0.030629365595196134,1.3155463764854631,13.642679935438172,10.993610986790646,N2,10,241,250
0.3035893995869984,1.2818578624738621,66.59174541751909,27.55009492270874,N2,10,242,251
0.45083738279536617,1.2044161547175634,66.65593409490812,27.619489512039856,N2,10,243,252
0.4091011999489723,1.1247375605446905,66.6454067041348,27.608138250034607,N2,10,244,253
0.6277444711602087,0.892324017558974,78.33132451310466,40.57929069032834,N2,10,245,254
1.090315571185154,0.6521149433181449,78.33484131406586,40.55370344459188,N2,10,246,255
1.2425240853138022,0.376947156778445,78.35643093710515,40.57700339613839,N2,10,247,256
1.7303947010798368,0.13376124527781882,107.41586043338467,56.52417355960779,N2,10,248,257
1.7151204852435584,-0.1627358568032804,107.36674736861623,56.471075729132735,N2,10,249,258
1.8504602682214597,-0.47812748193099425,121.3107521556376,67.71384093500146,N2,10,250,259
1.6756918508150462,-0.8131111768025278,121.26661990734974,67.66616732787907,N2,10,251,260
1.4689045579418973,-1.1781621197682,68.27832015585682,51.06726690727082,N2,10,252,261
1.4121271391750057,-1.5467418460816333,68.31449101672952,51.10636859646793,N2,10,253,262
1.4030518143690855,-1.941561974215864,70.6934595912633,48.98625542778391,N2,10,254,263
1.010331901183784,-2.4040422359812252,45.18980710867163,24.908800124664232,N2,10,255,264
0.559267780517726,-2.8804909170057416,45.22202931440588,24.972989668029005,N2,10,256,265
0.45393987397074653,-3.2916026337728512,45.21304890559368,24.963290983980006,N2,10,257,266
0.048514068685582855,-3.6863068953618976,13.381596473970058,7.0063200273928485,N2,10,258,267
0.1743262401390524,-3.97777277109909,13.408181018982031,7.0350727308154095,N2,10,259,268
0.22809965863065856,-4.19599142839643,14.755328657779682,5.524091100668192,N2,10,260,269
0.5751934717161262,-4.314559710556148,29.53355800972604,21.03238641577682,N2,10,261,270
0.5362905306855723,-4.411586746730002,29.53762214115286,21.0368187371364,N2,10,262,271
0.41306325187462106,-4.499042845129272,34.204699038710714,24.575324080178326,N2,10,263,272
0.4875990920500669,-4.5453627687542335,31.84343143465121,26.714558745633077,N2,10,264,273
0.8810157690168822,-4.346216136031684,45.661657766030295,37.82139898531632,N2,10,265,274
0.8292544172433225,-4.095763797102142,45.631253049897715,37.759180766293866,N2,10,266,275
0.6670681473183933,-3.845990676889026,45.5974705161394,37.722671395915675,N2,10,267,276
0.5767583491042089,-3.5583592615124315,50.86122400776694,37.7321471993605,N2,10,268,277
0.4864485508900245,-3.2978705323439415,50.90373550577351,37.77808571955511,N2,10,269,278
0.19833165058938249,-3.0490296412486386,35.582826012835355,28.014124575700862,N2,10,270,279
-0.0969763697755269,-2.8418824386288137,20.868183816032435,12.574551579763646,N2,10,271,280
-0.18295142861911273,-2.5788247224395677,20.77653048017437,12.475468084063687,N2,10,272,281
-0.10145577885663926,-2.2846726990425568,16.113115200137326,8.940946124324455,N2,10,273,282
-0.18690960509251084,-1.958564652388894,10.168907405795654,4.620906577040387,N2,10,274,283
-0.42214941595540834,-1.7880876162735149,10.343128273204456,4.809162997528347,N2,10,275,284
-0.3910158072952612,-1.5956849581943289,10.365441631686554,4.862660587705068,N2,10,276,285
-0.3362648112561459,-1.3939420721939002,10.312612108442227,4.805530587102476,N2,10,277,286
-0.07322249631913991,-1.2542528837980782,26.61723528692128,24.36085259950796,N2,10,278,287
-0.14036213353482624,-0.9908219569525173,26.51399917003273,24.24924382505669,N2,10,279,288
0.05675588421462265,-0.7144648379455247,40.50249128975247,35.50027469730712,N2,10,280,289
-0.015130143419713703,-0.4701486106776315,40.47138817946925,35.46665396850303,N2,10,281,290
-0.08491316742412777,-0.26357694878769705,40.59982709723772,35.60550960169421,N2,10,282,291
-0.20302173101018467,-0.10022994862518857,40.49628022817378,35.493588586629265,N2,10,283,292
-0.18302842014383885,0.026885643049037355,46.42637550863255,39.79834955751166,N2,10,284,293
-0.3120543696774618,0.13808694969478666,32.399529862541385,28.466071781352912,N2,10,285,294
-0.2673779929273735,0.20559723929254972,34.91024276488188,26.488339216340684,N2,10,286,295
-0.4244527359474091,0.228262240290654,34.93319586821163,26.51317318651909,N2,10,287,296
-0.6957502845082502,0.24746033368564752,16.118940574496083,8.968242593279047,N2,10,288,297
-0.688019646842666,0.12654182656152244,16.183302671006278,9.037824751833341,N2,10,289,298
-0.6292520199587287,-0.043393947264216595,16.05120757138957,8.934910934858362,N2,10,290,299
-0.5538389625200963,-0.1779460042843141,16.09394523414776,8.981118273049287,N2,10,291,300
-0.43139146243999704,-0.2951007446880084,16.072936783335354,8.958393907491427,N2,10,292,301
-0.2596914043094955,-0.40312766913822456,16.083843037304725,8.940776589730286,N2,10,293,302
0.012421464758585899,-0.5269436524624993,33.53570878426926,26.449657798306454,N2,10,294,303
0.17594072393038687,-0.5840593285778553,48.956715749979594,36.32172401555217,N2,10,295,304
0.047608982615892616,-0.5860986700586934,46.41558884766327,38.26657620998767,N2,10,296,305
0.18764650210720218,-0.568548168840995,46.46841212017862,38.32365676409781,N2,10,297,306
0.09691310689794222,-0.5137081718634449,46.349537795571635,38.195139899199056,N2,10,298,307
0.18556081688987974,-0.4523769096918556,46.46665845806619,38.32173802014886,N2,10,299,308
-0.11673661480610775,-0.3861791623369655,32.57960122087134,22.977106515117338,N2,10,300,309
-0.053034093040895416,-0.2954655587816973,32.64587987497198,23.048765281411214,N2,10,301,310
-0.15049286599415837,-0.21415080861001456,32.554241578451546,22.949711389380354,N2,10,302,311
-0.12361180426413654,-0.13253585875308574,35.147152251425,21.058688838806848,N2,10,303,312
-0.2421897101441317,-0.035959588582802834,17.67552425122667,3.528503734204969,N2,10,304,313
-0.10514573068462454,0.04070153980144227,16.093231654529337,4.76550839632655,N2,10,305,314
-0.06936836351623725,0.11259664080181864,16.11180019145122,4.756216307814793,N2,10,306,315
0.1955447289933076,0.22465397550242017,69.01392688138458,21.294851643726,N2,10,307,316
0.11932328996868762,0.3306717138687503,69.21695947712342,21.514304831577284,N2,10,308,317
-0.004838934310208742,0.422684647871219,73.85525756082298,25.021712054802265,N2,10,309,318
0.46163668263728963,0.6940021740668854,98.50476276000936,50.81267590954631,N2,10,310,319
0.40271394713237785,0.9419507723834528,100.8671081713268,48.6745851448155,N2,10,311,320
0.4703687781323751,1.1847736755027811,100.90945123887904,48.72032001486987,N2,10,312,321
0.4212920171465001,1.410849318466991,100.82037865328748,48.65560060800472,N2,10,313,322
0.4070793886789531,1.6199924351846164,100.87269086250907,48.71211216015327,N2,10,314,323
0.10048388349697035,1.7667904725079056,87.05484968211167,37.62558460630517,N2,10,315,324
0.046574512713551994,1.8533922281838868,87.08011360992968,37.68226062059129,N2,10,316,325
-0.1888025213905223,1.8806067817452103,34.09841603548993,21.05765298961105,N2,10,317,326
-0.011544478991866924,1.851083293842855,34.0222242674583,20.97531288655573,N2,10,318,327
-0.01120683281298369,1.8250749561596962,29.31278448145804,17.39099810247226,N2,10,319,328
-0.1622654397086194,1.603412624758694,18.564757634027774,6.960268669003926,N2,10,320,329
0.047715902691926715,1.3197696970097739,18.56321045724053,6.958566177845205,N2,10,321,330
0.12933990950555624,1.0419891951142177,21.117512373728097,5.027999127931253,N2,10,322,331
-0.020164449369092098,0.7454984431216986,18.594822610707705,6.992712859523271,N2,10,323,332
-0.09402626872010558,0.4735580665314586,18.58607824271312,6.983277581975926,N2,10,324,333
0.09453013966839449,0.3344530862850107,36.694320664381664,20.623475668423453,N2,10,325,334
0.15151531246028754,0.20656275370880053,36.71557897362491,20.646449067036702,N2,10,326,335
0.40448744631196687,0.10879856554592919,51.34760908922472,35.996723738566835,N2,10,327,336
0.7363166655920821,0.03247609852088971,79.5632391212619,53.04518893026998,N2,10,328,337
0.8496822812386299,-0.05038057955792112,79.60862631572472,53.06488261592021,N2,10,329,338
0.6304861527545953,-0.1346784568875691,65.72777639350151,41.890350388537264,N2,10,330,339
0.4405230208407517,-0.1826310755625883,63.245478766192356,43.89878880016913,N2,10,331,340
0.28370737680343155,-0.22352841477778468,60.74236470378328,45.88472813598928,N2,10,332,341
0.4472410189047267,-0.274111324409283,60.82336747036261,45.97232724487767,N2,10,333,342
0.3638479463986755,-0.35147728253071764,60.72924226069226,45.81180396717391,N2,10,334,343
0.46638790005023056,-0.5081998161150381,57.995434536197536,41.993359969232735,N2,10,335,344
0.42231050811030857,-0.6460304750309206,57.969480536585436,41.965278868441416,N2,10,336,345
0.1637130735703977,-0.7609129370551472,43.39778199036446,26.68018240460551,N2,10,337,346
-0.20907418410038617,-0.8417339151731099,5.905928642926483,3.076948979752342,N2,10,338,347
-0.2556755658165386,-0.8667376748619304,5.873325545082116,3.071080444648396,N2,10,339,348
-0.13077222425943943,-0.7443384835759858,21.214856754858555,12.857279711449156,N2,10,340,349
-0.0017113523243736494,-0.6278060518531475,21.252012167738393,12.897433366692166,N2,10,341,350
0.004119990874222879,-0.5141704342359148,21.25705850775903,12.902859141734552,N2,10,342,351
0.12318647765851409,-0.3590258224257468,38.64428647281475,30.30998116035935,N2,10,343,352
0.1884770595452082,-0.1813935606696205,38.51528477059255,30.22932189680905,N2,10,344,353
-0.0637769838761784,0.014306087476545316,23.33106695427741,20.613159573163465,N2,10,345,354
-0.05369186261932697,0.19120134771968794,23.35051511791953,20.604820907440264,N2,10,346,355
0.013568984836538789,0.3384363975371599,23.353709495126168,20.60828274753385,N2,10,347,356
0.05744185818670076,0.4346308197268499,32.578779360219414,27.07838474810196,N2,10,348,357
0.08438386389076129,0.4844370322679367,32.578779360219414,27.07838474810196,N2,10,349,358
0.11011964976141542,0.4130481627367857,31.128183509546215,28.477598896988457,N2,10,350,359
0.008232056583746327,0.32139871863891756,31.004512351999438,28.343907506947108,N2,10,351,360
-0.012932756942919354,0.21771362963637414,31.09251104894065,28.43902875556123,N2,10,352,361
-0.25040991819271313,0.13008755351056323,13.674048171158939,10.99813806874954,N2,10,353,362
-0.31604351809919534,0.01354576217849086,16.266769736004242,9.109076787733466,N2,10,354,363
-0.03897159778217514,-0.0450728986467297,31.489372440340958,18.766715861612102,N2,10,355,364
0.10198437195304848,-0.01644489361500092,31.473988662120426,18.779457772999923,N2,10,356,365
-0.011431757532153596,0.006715805530039631,31.453277526712917,18.75709512632693,N2,10,357,366
-0.014931088022458993,0.08524367938561142,36.21374263164798,22.425932804196417,N2,10,358,367
0.003587723554336719,0.1746412797492539,36.23058140064459,22.444150678932782,N2,10,359,368
-0.06565206195705856,0.2552910763324121,36.92687835231427,26.560623185078292,N2,10,360,369
-0.053049217315539465,0.3555546112081018,37.0924201759879,26.739599779697347,N2,10,361,370
0.06933771557382044,0.46405472259076247,37.01628448014435,26.657320325602086,N2,10,362,371
0.1377589600940226,0.5603137892841034,36.97541059595005,26.61313508501007,N2,10,363,372
0.27694632057273766,0.6858082123723775,34.575385132746305,28.71047764933228,N2,10,364,373
0.3292376343568577,0.7010726817012198,32.994083016013064,29.968446202150698,N2,10,365,374
0.8030241815770893,0.6205676129663175,33.03142252201396,29.950065507706675,N2,10,366,375
0.8218704658134683,0.5135906801771114,32.987184630096635,29.902258942433036,N2,10,367,376
0.8665393276467285,0.3602531651389057,28.30305819498626,26.345296742410937,N2,10,368,377
0.9128423636308355,0.17563228480544382,28.24512266803358,26.282673806487946,N2,10,369,378
1.0881422364607034,-0.005580102720801961,29.04828425408177,20.819796049563774,N2,10,370,379
1.0103262265674275,-0.19451534157836364,31.507807780028816,20.79290925894238,N2,10,371,380
1.234627055772107,-0.4105649470546737,84.42085401997447,37.34329756190637,N2,10,372,381
1.2789257693734855,-0.6156495746942099,84.5296719947186,37.46092498392827,N2,10,373,382
1.2696680223297947,-0.8279054386243729,89.19722157111246,40.99994007012028,N2,10,374,383
0.9991035386904997,-1.0405478453873471,75.437274093399,29.92673289721315,N2,10,375,384
0.6390195845208282,-1.2041641073627787,89.90055265077645,45.15339148025596,N2,10,376,385
0.762527741674296,-1.3389260784485004,90.04712340771803,45.31178432300385,N2,10,377,386
0.6524877360487963,-1.4521589620118007,90.02075519548762,45.283313677919615,N2,10,378,387
0.48853673393650465,-1.5484976004312359,90.00648869632259,45.26787914343968,N2,10,379,388
0.458783534794172,-1.6306611558081996,88.54924905281477,45.31563832125376,N2,10,380,389
0.512958862899184,-1.6985093844802137,86.01777127885107,45.26472771227727,N2,10,381,390
0.37680484079177035,-1.6862032739543538,35.55254964283468,26.668637819381182,N2,10,382,391
0.3675976960130754,-1.6912094008960068,35.34378972991253,26.442963515864903,N2,10,383,392
0.3659006051388033,-1.6764324739131282,30.803368083999157,23.041343263711497,N2,10,384,393
0.57619427002045,-1.5075003451303246,46.05458273939239,34.10356195463883,N2,10,385,394
0.32088962637538004,-1.3626738748827436,31.55854129641775,18.90021489794781,N2,10,386,395
0.28817672260867794,-1.206737428093274,31.458063230502923,18.79162494667362,N2,10,387,396
0.3500301182969096,-1.0600002131824056,31.47371389734908,18.808517228659912,N2,10,388,397
0.42526501796514254,-0.8843429493555334,36.235413205004626,22.44931114442097,N2,10,389,398
0.13247671468052574,-0.7212494110225137,22.360895086784875,12.62591948934769,N2,10,390,399
0.12491416967422424,-0.5413403265107334,24.80004248299956,10.570843803800381,N2,10,391,400
0.23168217487615977,-0.4103615034584564,37.02703186832987,27.995889869360145,N2,10,392,401
0.19750597336873313,-0.2564688221451874,37.143725895601165,28.12204213691457,N2,10,393,402
0.14997562510806403,-0.10029050018074911,37.032448418074274,27.972439011856114,N2,10,394,403
0.13724069613941764,-0.07914253835396465,37.04202984867079,27.98279059544584,N2,10,395,404
0.10377376474164493,-0.05371895053389721,37.01100383311059,27.949285327458163,N2,10,396,405
0.15125507682949432,-0.04132330676857805,36.96170893117342,27.895982695504063,N2,10,397,406
0.20894538980716248,-0.03561529941997606,36.84483549231227,27.740291082087786,N2,10,398,407
0.3250522178511588,-0.0415705990807254,26.48480666348114,20.119404394588127,N2,10,399,408
0.6050750724569383,-0.006386082447177444,40.25526936751521,31.17461775803549,N2,10,400,409
0.5422845871264755,0.008067471541417603,37.86565091094999,33.28327333529232,N2,10,401,410
0.27782991816832664,0.02019520777810868,23.113019847409305,17.81982495464781,N2,10,402,411
0.37103054354623166,0.012856882900766208,23.199535352670864,17.913343819661712,N2,10,403,412
0.33639542690300744,-0.005982866869942427,27.87711986712602,21.492533532152994,N2,10,404,413
0.05913150847192128,-0.04830187354692868,12.532800080144444,10.359057762136946,N2,10,405,414
0.2153719046111462,-0.0994218923295648,12.571951596012877,10.401365977061506,N2,10,406,415
0.21411154105288688,-0.14987524209690264,12.639590182346364,10.47450687922119,N2,10,407,416
0.6575522645363947,-0.20584423065263166,40.01663709504646,27.63339308410814,N2,10,408,417
0.7442078388154243,-0.2671314936322574,60.28733699604891,46.99021944979886,N2,10,409,418
0.8423580331441315,-0.37331626039489124,61.87389113825666,47.08217211701922,N2,10,410,419
0.9628225096656337,-0.46771147075673414,61.864229406028606,47.071698889380784,N2,10,411,420
1.0899798549627833,-0.5214718021996247,61.81593282034483,47.019439050719484,N2,10,412,421
1.008566310235031,-0.5597622043386181,61.78709939439941,46.98826090758903,N2,10,413,422
1.0104850788166289,-0.6057289908100287,57.0766994690206,43.402935738972154,N2,10,414,423
1.1310640796399796,-0.6320007819312486,70.96690714225406,54.58757697753845,N2,10,415,424
1.0604947688568047,-0.6102514275921542,70.88941641473903,54.503839581958346,N2,10,416,425
1.0215344051507216,-0.5797885178176202,70.91208193295533,54.52829569614005,N2,10,417,426
0.5136088245496296,-0.5340443455889947,40.91116885260708,35.519740198865655,N2,10,418,427
0.31357756580986235,-0.4822952767992398,26.240735373049393,20.145123833078106,N2,10,419,428
-0.06032277982648111,-0.4244836490326236,10.896564850989307,9.011823632359846,N2,10,420,429
-0.08737448350063062,-0.36895988896246124,10.879756881383946,8.964279291415915,N2,10,421,430
-0.28127040069569204,-0.35332756592406794,10.761114835003536,8.836080985644184,N2,10,422,431
-0.28367137533649894,-0.34092271302554594,15.65414637999711,12.618825931274113,N2,10,423,432
-0.29396905573429705,-0.31986458539028534,15.608761115534799,12.569783156081575,N2,10,424,433
0.09653289101968596,-0.2532290129706354,25.258219001578617,23.85319951965157,N2,10,425,434
0.08507655158985301,-0.2364791044373412,25.30441683280187,23.903118841289505,N2,10,426,435
0.06333016498356017,-0.22027355799996115,25.277452535609335,23.873997860369673,N2,10,427,436
0.12969965343171452,-0.20736172125204888,27.864400002101682,25.713112091679612,N2,10,428,437
0.14703760889819648,-0.20410361419191858,28.032017573972553,25.894260276704337,N2,10,429,438
0.2951450494454292,-0.19857392094207213,41.82277190025197,36.97142880243064,N2,10,430,439
0.29891216011583877,-0.14897425180347595,41.85282934911557,37.033288528226876,N2,10,431,440
0.334309910235379,-0.09404845339207739,42.064150115786106,37.261685331885744,N2,10,432,441
0.36314374683076667,-0.040686823245440706,37.12457235421825,33.42864398864985,N2,10,433,442
0.4332716889353094,0.013298108723866164,37.175837402764955,33.48402769097665,N2,10,434,443
-0.18162605339193477,0.014424482019076378,13.574028378113507,10.94878591858669,N2,10,435,444
-0.22723948462956117,0.01626203514005766,13.518810804671011,10.889125425428755,N2,10,436,445
0.11984903139626794,0.06646956726036919,66.62575530258945,27.648968334334494,N2,10,437,446
-0.061584280651689485,0.11284516701743215,66.75900651260199,27.793012504716536,N2,10,438,447
-0.010473737826308139,0.16689043987585422,71.39221227834896,31.29492161877024,N2,10,439,448
0.19895008960149027,0.2174084341468429,71.35419623034832,31.233911467276812,N2,10,440,449
0.24094697953291586,0.21701499951173203,71.36444426234229,31.186244013529905,N2,10,441,450
0.5384944256549602,0.2143503097341771,85.91124776749567,46.444448549627666,N2,10,442,451
0.48672180383648256,0.21230010388377635,86.05032784302384,46.59478147615791,N2,10,443,452
0.4084369311412274,0.20886804652983884,86.02664291091169,46.53980950652567,N2,10,444,453
0.6926283443576324,0.3018895611891175,99.94805612608943,57.73829990540507,N2,10,445,454
0.7874692147301999,0.3903316086498762,99.98241757879332,57.775422216605875,N2,10,446,455
0.3851072234108983,0.42248225760723057,46.91760259992334,41.061139248511424,N2,10,447,456
0.39107642523417496,0.4529679494531166,46.8066592832336,40.94120680271008,N2,10,448,457
0.2500847986077531,0.47781623730494543,42.1354050537906,37.39821479775564,N2,10,449,458
-0.12189995095051245,0.4953408566450186,28.336730253354837,26.33242507252253,N2,10,450,459
-0.11273666214478908,0.5542036798809065,28.107014762460313,26.142880445388254,N2,10,451,460
-0.30501490062303843,0.6030070599496348,13.746522348460712,11.027311625318543,N2,10,452,461
-0.3271588766654162,0.6394528064989032,13.597175333636551,10.86587460151477,N2,10,453,462
-0.21361361474584442,0.6670009654247337,18.361306972384774,14.53868951896602,N2,10,454,463
-0.10590339226635023,0.6369880391784009,17.855198996611215,14.011649354110705,N2,10,455,464
-0.22934557732750704,0.6058251148997229,18.319685232940174,14.513724744751926,N2,10,456,465
-0.11361770988847866,0.5797239335043841,18.133201924526293,14.312115038682714,N2,10,457,466
0.1275988408303732,0.5597668089052206,18.43114578665409,14.634196108840843,N2,10,458,467
0.37056501969316286,0.591354888166704,33.036445218340305,29.938367016851043,N2,10,459,468
0.7772691089064864,0.7184972043843374,46.865359164826444,38.302049816295764,N2,10,460,469
0.8083860526662618,0.8450622042548958,49.5551795397565,38.49470816308185,N2,10,461,470
0.8327243599287328,0.9631858598331761,49.29637344741386,38.244362593333065,N2,10,462,471
0.9152246022662723,1.0717256667932644,51.81497014995366,36.2751702150812,N2,10,463,472
0.7519457040284578,1.172629146140841,47.12596524567707,32.71295567409216,N2,10,464,473
0.38738341025136835,1.2173796950303086,33.75669886908654,22.09124744955661,N2,10,465,474
0.44497269639124964,1.2499579968726096,27.45676457731206,17.386696243832194,N2,10,466,475
0.4022407738398613,1.2643544903496036,27.649862720168677,17.595423642407876,N2,10,467,476
0.21085537374391378,1.3010712141385667,27.384851088164215,17.308971894449495,N2,10,468,477
0.10449265246198251,1.2725020151404194,17.47141140207132,5.570073815096293,N2,10,469,478
-0.07355905648711314,1.1491177776491823,19.06675328150377,7.081984088409081,N2,10,470,479
-0.21976991085166162,0.968984634324704,16.564448392900523,7.091998571173827,N2,10,471,480
-0.29216096236516476,0.7881500018309608,16.644832792608213,7.208277232087494,N2,10,472,481
-0.30769178689634485,0.6113359986454782,14.150080873961997,9.203225703943644,N2,10,473,482
-0.22216685300974462,0.41126119965799857,16.544314056720033,7.099610791136183,N2,10,474,483
-0.07840340005843416,0.366876157051972,30.416482645485303,18.264775938970708,N2,10,475,484
0.25258668798602174,0.3334550088552831,50.93323393332321,37.87080245380239,N2,10,476,485
0.19706741583246695,0.2919418013334322,50.880624027584055,37.81395807095687,N2,10,477,486
0.1846231157883551,0.22430860291215565,50.87013923355298,37.80262627361608,N2,10,478,487
0.18572286197952223,0.16148612325645928,46.1775321223904,34.23650484990303,N2,10,479,488
0.030313299924679883,0.08842248557650692,30.755328379516506,24.333742407273167,N2,10,480,489
0.06862228432543986,0.01445111627686515,30.688618077610954,24.261624644066433,N2,10,481,490
0.13621605953461255,-0.027242963436296463,30.648792091459107,24.21851987957689,N2,10,482,491
0.11702989392763641,-0.04888659331481193,30.73054622102063,24.306918690730164,N2,10,483,492
0.16562735254477728,-0.06863576003677707,28.19428062931838,26.227612872523785,N2,10,484,493
0.4567693897259716,-0.21857468359071958,31.194977455977643,28.825140109070343,N2,10,485,494
0.7892006927899302,-0.36185236422408024,19.04045128532125,11.461224478484292,N2,10,486,495
0.937289899599844,-0.5347213673553413,18.951387708953554,11.364956617040843,N2,10,487,496
1.4079653771480793,-0.781371959413795,47.27682238485177,28.532078029142575,N2,10,488,497
1.4507919062804233,-1.0086188476261682,47.24391743016859,28.496531517370386,N2,10,489,498
1.5896590104824013,-1.101314671960259,61.07979747786813,39.65183471892651,N2,10,490,499
1.6825755234605027,-1.1598630604782059,61.15937209215117,39.737867095080034,N2,10,491,500
1.957154186971414,-1.2520106404347402,75.84437587420507,55.14544955485253,N2,10,492,501
2.014236144413496,-1.3739012227301401,75.76163521690614,55.026622592923374,N2,10,493,502
2.078201648907611,-1.4972773345156114,78.31545376276445,55.13103988211533,N2,10,494,503
1.7865259824789974,-1.6509761425083425,61.346943632718464,41.26497443235057,N2,10,495,504
1.212002248398963,-1.8079215912875113,58.94726035526146,43.362731618210276,N2,10,496,505
0.9692125765024627,-1.9429781041596492,58.950268264182526,43.36594085671386,N2,10,497,506
0.6681223414781698,-1.9981243499589616,28.071329002786296,24.364292517771354,N2,10,498,507
0.5929330949119901,-2.070379239153536,28.015423001969246,24.303844263060817,N2,10,499,508
0.6908671044537726,-2.2874620431656054,29.449271741657867,22.886518717313812,N2,10,500,509
0.752476059599195,-2.5092061733379873,29.532816656997603,22.976828615234446,N2,10,501,510
0.8108822550838454,-2.7334727934370164,67.85167795011839,24.21782841165277,N2,10,502,511
0.7885172877799193,-2.931870416659172,72.62297259459774,27.89838026800062,N2,10,503,512
0.7509326596284893,-3.073060904433293,70.17433982573857,27.937072147413527,N2,10,504,513
0.9720734272489523,-3.148526831784968,84.10044289806137,39.16053626401954,N2,10,505,514
0.9025323735901651,-3.2086764056717243,83.9980744528184,39.0498822647527,N2,10,506,515
0.9208086218337371,-3.2190265083436578,84.09809078396938,39.15804980507528,N2,10,507,516
0.945976150777119,-3.2141147599697177,86.72344182015914,41.070249354479344,N2,10,508,517
1.0857106392218328,-3.122170834275847,101.40153609883309,56.45316225738734,N2,10,509,518
0.8184136566019703,-2.9317189173894445,86.10602635313299,46.71671264439483,N2,10,510,519
0.7385283215161934,-2.7478850868974436,86.00097164308826,46.603178596913494,N2,10,511,520
0.39785277203404235,-2.505234569121183,32.93034592268741,29.882453531304964,N2,10,512,521
0.4074494741902498,-2.2367703694576697,28.231876676680987,26.309986448174094,N2,10,513,522
0.45417390911194105,-1.982884077176179,28.244020046342484,26.323096951590742,N2,10,514,523
0.3628955135838254,-1.715129642863729,28.2907376504445,26.373601432149734,N2,10,515,524
0.3790520801490203,-1.4084290017665506,28.23030554653087,26.308239665115433,N2,10,516,525
0.42984682106225874,-1.1245470879824881,27.939124942281342,25.993478276518363,N2,10,517,526
0.38648060200170276,-0.8596221447986118,30.79545616912437,24.389237092487384,N2,10,518,527
0.15576537799081222,-0.6267194042305725,20.855869475918734,12.622075754322395,N2,10,519,528
0.39897970711050446,-0.41987107710690663,34.710737848942884,23.768503434918237,N2,10,520,529
0.22410632596002814,-0.2211613364977147,34.69375449641848,23.750139804520767,N2,10,521,530
0.22181050370478772,-0.06287972073853751,34.793319678015905,23.857787092279978,N2,10,522,531
0.12939184050596567,0.06559202113283931,34.713232306098874,23.771205095471124,N2,10,523,532
0.08848297263951962,0.1856258796606916,34.597843110442774,23.646456610031237,N2,10,524,533
0.11371563836947018,0.24336738559606808,20.701905588177397,12.455586642571689,N2,10,525,534
0.34230971473100735,0.24568312145377966,35.51949343483248,28.00645742077686,N2,10,526,535
0.47021672643890045,0.25578960342876406,35.81390681700941,28.324679536793884,N2,10,527,536
0.48404107942233454,0.2629902126409739,33.007374377442105,29.98271526026456,N2,10,528,537
0.5841855656912998,0.21752427059681914,28.223756514379783,26.31821311583626,N2,10,529,538
0.7118283985724304,0.12956115825295456,25.014372367729084,23.645050621571862,N2,10,530,539
0.827495401295397,0.042239796093370786,25.04730226839238,23.680621307483126,N2,10,531,540
0.7987122549594773,-0.04526210721025272,25.015524722616465,23.646262821880555,N2,10,532,541
0.8521856932555323,-0.13227180341089806,25.02247099943306,23.65377911144096,N2,10,533,542
0.7837237019013343,-0.22921222558032817,29.783008167595472,27.2933564411047,N2,10,534,543
0.9175381782018122,-0.2679011183491312,45.28060260325365,37.248218622742755,N2,10,535,544
0.7018259312791884,-0.3088699938702749,30.513061866327188,21.75145907879105,N2,10,536,545
0.5760421771673236,-0.3693425194184222,30.447778052049035,21.68090086693319,N2,10,537,546
0.6180635932138927,-0.42199089317003596,30.46447498983871,21.698975912387688,N2,10,538,547
0.6273839342729275,-0.4289319011306233,30.463367994149667,21.697770055087677,N2,10,539,548
0.30162789830062026,-0.43609269438457937,17.140564214753248,11.287659931861162,N2,10,540,549
0.3497328692050786,-0.3957098327252023,16.982650415358147,11.11695351002345,N2,10,541,550
0.6248229518354862,-0.3506222476176813,31.757175504586122,26.62125565662209,N2,10,542,551
0.6572913939182399,-0.30394407065405427,31.783759774225473,26.65001074473694,N2,10,543,552
0.6449594832573666,-0.24961822018505053,26.494334558182526,22.43874463640186,N2,10,544,553
0.6785750953663552,-0.19951903080828687,27.02603700526197,24.357595864111865,N2,10,545,554
0.5254335410510066,-0.1017380796153727,26.609834450210837,23.907703834240966,N2,10,546,555
0.5628284793288714,0.05482070595015749,27.055516518894002,24.389445249810706,N2,10,547,556
0.35261457407670493,0.1933806921013545,26.996991730436275,24.32614731652375,N2,10,548,557
0.3157136829309451,0.28626292614476123,31.844722626772274,28.05994127749782,N2,10,549,558
0.34608728217163504,0.4699770078099352,48.34392984996921,41.1075847717615,N2,10,550,559
0.1534449082461407,0.5923955503136845,48.56954906164465,41.35149643184068,N2,10,551,560
-0.15392503338024993,0.7591683781223768,33.70857818798358,25.753748370820723,N2,10,552,561
-0.1667814574994651,0.9084499019846369,33.734781381988434,25.752721900161124,N2,10,553,562
-0.19831872956391408,1.052391753731151,34.37417040512882,26.443880488380273,N2,10,554,563
-0.6432362791745874,1.1329050083622327,18.329736107770806,14.553819553317771,N2,10,555,564
-0.41088890573074366,1.1584300471235494,18.771992166074416,15.002506956252546,N2,10,556,565
-0.4353869055250442,1.130677000031588,18.417638873257964,14.590092016116795,N2,10,557,566
-0.3451431090668763,1.0982712941987984,18.347554677979495,14.514326131391499,N2,10,558,567
-0.11330476928841335,1.0671328072278317,28.214308236959916,26.219957070027885,N2,10,559,568
0.02204781155066371,0.919933269754079,28.284135652533223,26.295387372408005,N2,10,560,569
0.2430220093506847,0.774515338412348,28.166031689406008,26.167736064921154,N2,10,561,570
0.3798305757256344,0.581184694639471,28.35218245327378,26.36896461478282,N2,10,562,571
0.28349795004209855,0.3811183524050296,28.27021629314404,26.3097189782,N2,10,563,572
0.22951028821994726,0.19512642474717942,28.272818200033726,26.312505067220446,N2,10,564,573
0.5183298928547032,0.14836578691763017,47.64533054718959,37.419123412401134,N2,10,565,574
0.3283656922224793,0.10511030769870651,47.72774351195294,37.53758052340163,N2,10,566,575
0.4915005414903561,0.060007735178328046,100.68456759461442,54.164636981610236,N2,10,567,576
1.0236312748356766,0.00860933573518885,128.98484307185535,71.30460381493849,N2,10,568,577
0.8692300391654669,-0.04893700278576922,114.25624036935878,55.849939565115164,N2,10,569,578
0.5407304161421763,-0.09983822941685112,100.36369577082078,44.66279976657406,N2,10,570,579
0.43765701689674474,-0.13403640575122325,100.46037969651407,44.767310646306576,N2,10,571,580
0.4152105999814495,-0.20058759121173148,100.35842318571449,44.65708904821258,N2,10,572,581
0.5567130524252917,-0.2585842443081624,100.43688395256213,44.74186821729054,N2,10,573,582
0.593184932295722,-0.3106899713906355,100.14251659268011,44.30601390037318,N2,10,574,583
0.6430879998598016,-0.47816473979669033,104.53732054755164,55.91349107791412,N2,10,575,584
0.7866633786781165,-0.625840895056433,104.5035905597193,55.877009230708246,N2,10,576,585
0.5586962496836861,-0.6352886832458541,51.44385613871636,39.168099697826804,N2,10,577,586
0.07387629326142645,-0.630350752042224,20.437080348140807,20.059799418465992,N2,10,578,587
0.01802021935167488,-0.6205222895852653,20.572101588087026,20.205740239726218,N2,10,579,588
0.32971814984971104,-0.5451168836939445,34.43611435492858,31.362058854334464,N2,10,580,589
0.48608840676008924,-0.3870934547116828,34.42185098662594,31.34661174002995,N2,10,581,590
0.43422507542272226,-0.1537933671316825,34.31601109970033,31.232217740135457,N2,10,582,591
0.3525977155142357,0.08417833916926654,39.120916952287004,34.91971751966048,N2,10,583,592
0.4871157286446476,0.3531238514709901,39.3935939502313,35.33216026439895,N2,10,584,593
0.2232220995572561,0.6000655243671087,15.61477059549652,12.605650858105765,N2,10,585,594
0.13763143098165073,0.8226940322789037,15.631542556524073,12.623780471234022,N2,10,586,595
0.16958639783740637,0.9047524650994209,15.631147192079515,12.6233687059952,N2,10,587,596
0.21604145524809723,1.0336141505619494,18.46263446165576,14.726841402606079,N2,10,588,597
0.18249821586843212,1.1487109205519546,18.31740543781343,14.569833734329041,N2,10,589,598
0.28652445056267767,1.191879876052073,19.86633515088797,14.6211508494609,N2,10,590,599
0.4264211389978925,1.2345878331783957,34.475797749873166,29.947036116211528,N2,10,591,600
0.3091367538441972,1.2542515897041977,34.60595985144646,30.087689469735416,N2,10,592,601
0.36380559589750305,1.3092743247758656,29.759584315651228,26.355381009822302,N2,10,593,602
0.2702011284519784,1.2859556859868966,29.723302057588807,26.31614282270857,N2,10,594,603
0.45091557334276045,1.2512415273363788,43.677170409525935,37.569586503575195,N2,10,595,604
0.48754778708323554,1.3001166844727066,37.78747840457618,33.30852851262607,N2,10,596,605
0.5674482507779629,1.3370748320085426,37.836261379887944,33.36124513960131,N2,10,597,606
0.5188275516284534,1.3125004707266499,42.54306674257168,36.94269361191728,N2,10,598,607
0.440142551150376,1.2954349537623606,42.60733396538926,37.01220252693238,N2,10,599,608
0.03682149522930729,1.277387520494257,27.2317333424704,25.844914175396116,N2,10,600,609
-0.3187959315814936,1.1385544203437008,12.535066037356591,10.42475899491983,N2,10,601,610
-0.2627516624890262,0.9747082309902957,12.593372125451424,10.458443803731644,N2,10,602,611
-0.27321947945242187,0.7652292517676728,12.595660166726157,10.46090892928296,N2,10,603,612
-0.2290412982857589,0.5720566981147556,12.58791563053237,10.452531548875049,N2,10,604,613
-0.0674183981833579,0.35164277607148764,15.453855111994198,7.636760748092274,N2,10,605,614
0.556197160582272,0.02740577850368524,21.304908437300764,11.85609466922906,N2,10,606,615
0.5153832039547439,-0.26921925830042,21.33705216956696,11.890833412777283,N2,10,607,616
0.5984002773431343,-0.5186831201711215,31.20242932871697,23.594977725058563,N2,10,608,617
0.7370742379977144,-0.807673304027837,31.134323279095405,23.521317640123378,N2,10,609,618
1.0914092075492703,-1.0659404050494707,46.55139828154752,33.389146665961746,N2,10,610,619
1.0751973017533003,-1.1864002010354988,46.590002689083846,33.43085750870741,N2,10,611,620
1.1946410711347795,-1.2988716457781044,46.49374261487865,33.35615760316432,N2,10,612,621
1.2469977249943014,-1.4084040528403285,46.5586328372774,33.426295397596185,N2,10,613,622
1.237196958536765,-1.5144052990334749,51.33417305795192,37.08205522915996,N2,10,614,623
0.871528428026366,-1.5391403386230906,34.58640960438097,28.722247820344638,N2,10,615,624
0.20084456476461127,-1.5716568851015702,34.491207567480885,28.619319029535838,N2,10,616,625
0.21164615914157708,-1.6212204098971106,34.44094363536351,28.564991839664437,N2,10,617,626
0.0691161416537767,-1.6571995904593737,19.864862944299603,13.27515171599589,N2,10,618,627
0.05714832839003918,-1.5793945432745047,22.411823916442152,11.336655523243099,N2,10,619,628
0.03861240807019328,-1.5248522179848514,20.872937349581115,9.885772946227736,N2,10,620,629
0.08675061624268494,-1.5868982413117891,20.875661637702798,9.888739480570802,N2,10,621,630
-0.06919697072683846,-1.5226657410392335,20.885421908309944,9.89932205907935,N2,10,622,631
-0.2027044464259234,-1.3900755604383381,20.78784920205144,9.79385989745315,N2,10,623,632
0.06329146481542694,-1.2383751343503442,30.656350994354945,21.501385621189183,N2,10,624,633
0.27060968506610833,-1.067511254450086,44.54530159751448,32.66474352849146,N2,10,625,634
0.37432210473745614,-0.8584915581744859,44.626507353262426,32.75250885652567,N2,10,626,635
0.41204228581788416,-0.5859336881364378,44.665614134566205,32.7947820147685,N2,10,627,636
0.292255469073757,-0.35162234142624593,44.578681937630606,32.671452177509494,N2,10,628,637
0.1497494865420464,-0.18366499638330575,46.89776850550552,38.363534799094126,N2,10,629,638
-0.169862198001573,-0.004226570806620344,33.00170517079241,29.92727333268631,N2,10,630,639
-0.0574011112083582,0.23461232887080818,32.97093208432197,29.89400706753695,N2,10,631,640
0.3702482139013796,0.34183143778705016,86.08774067195591,46.66454075688016,N2,10,632,641
0.34765602083719216,0.39972293823182703,86.01508721054488,46.586013561599245,N2,10,633,642
0.12817170544329884,0.4529775197287968,71.3979043137806,31.25175912515697,N2,10,634,643
0.19560324583534056,0.4488855045906213,72.92632516545818,29.956547441219662,N2,10,635,644
0.12545623511157658,0.4469958566671174,75.39442733284667,27.932795057350084,N2,10,636,645
0.0816268569666306,0.43640529329492106,75.41535791709721,27.955403200134604,N2,10,637,646
0.09808743114197398,0.4063461709065475,75.40670433184205,27.97540217982787,N2,10,638,647
0.2772031607980182,0.377664024598252,73.14221153584222,22.34229732431995,N2,10,639,648
0.651709709234197,0.32975251597536753,88.43454380351287,32.07533486826505,N2,10,640,649
0.7888073032363281,0.3291460373731532,103.16351253399989,47.53040900423512,N2,10,641,650
0.4370339656695904,0.4124444829887796,50.045044558675,30.75805303829511,N2,10,642,651
0.4767892569275972,0.5275361969840858,50.14592258598204,30.86712088978493,N2,10,643,652
0.32555036574688645,0.6742258915638274,50.1707825133959,30.894010127877483,N2,10,644,653
-0.03119479970040686,0.8512262743634185,39.49429103492075,24.64414823898369,N2,10,645,654
-0.11988056366027137,1.0489078724315497,36.988065770149845,26.626710548403935,N2,10,646,655
-0.09380148938734863,1.2276554625420861,36.940623058307025,26.575457410198577,N2,10,647,656
0.491220747366674,1.4441707612444117,64.3488347546263,43.738670219949924,N2,10,648,657
0.41706844237460816,1.7330695459588614,61.679911232133236,45.545371851700835,N2,10,649,658
0.3458659485713639,2.0561757763312984,61.844222434523545,45.72292505109071,N2,10,650,659
0.12950771267375388,2.294925263150094,49.66619590348746,28.3336038240348,N2,10,651,660
0.07615770141369752,2.456723563984002,49.721965509207074,28.36453741436453,N2,10,652,661
0.05931647685811754,2.636784177860716,49.728277384790275,28.371345891258898,N2,10,653,662
0.12966635748224462,2.785287078539347,49.681813808798324,28.26237074126402,N2,10,654,663
0.5237176044590057,2.8591466140514825,58.7847557302819,34.434337615409824,N2,10,655,664
0.6408868517269297,2.9071144909962188,58.58607295338479,34.21956240914333,N2,10,656,665
0.4595733705454819,2.935647635936929,58.72893243134058,34.37398220780524,N2,10,657,666
0.06135836821379996,2.9062290599245744,46.1041054712241,32.72466746927785,N2,10,658,667
0.10505076166184608,2.762788714699859,46.25173639244495,32.884268596383116,N2,10,659,668
-0.12450984205285068,2.559591929271434,24.996174557567066,18.810674413400193,N2,10,660,669
-0.15866532964257374,2.29990385297776,22.491792907656055,20.795276074896538,N2,10,661,670
-0.155782346321854,2.0389298987942075,22.483472407966474,20.815645211841183,N2,10,662,671
-0.07552392363267017,1.6817745235501895,27.209516913344487,24.417900926670335,N2,10,663,672
0.03537860521797711,1.3292004212170845,27.181765760847338,24.417252951084084,N2,10,664,673
0.06432795520051685,0.9779314276108366,28.739144517666137,24.477675933069985,N2,10,665,674
0.023608512827777872,0.5344007631200582,28.912302352043845,24.66485032658384,N2,10,666,675
0.22485830341744303,0.09106785423146135,28.818264611134147,24.56317851753556,N2,10,667,676
0.20467553615160056,-0.30952260842411616,14.09492258485625,9.114210225739225,N2,10,668,677
0.20772936350616647,-0.7715628180794347,14.068945982207879,9.086134041954939,N2,10,669,678
0.4817074766309787,-1.124568726435991,35.2230747438327,23.050124904430778,N2,10,670,679
0.5170726850883,-1.441673129958366,35.16232047284102,22.984417215008214,N2,10,671,680
0.6546730123131823,-1.7488038315570158,35.231014494977714,23.058668256343662,N2,10,672,681
0.6883420835244379,-2.010914571977241,30.425092975256483,19.37004224940647,N2,10,673,682
0.8395625926525497,-2.258405000869429,45.193127714964795,34.89672730154162,N2,10,674,683
0.5216019162285761,-2.447250586106705,32.203079291919856,22.96072575702674,N2,10,675,684
0.5037693002748853,-2.520070783660946,32.17384954556,22.929124144944943,N2,10,676,685
0.4773370497147454,-2.574705170187408,32.24793558733218,23.00920442060815,N2,10,677,686
0.3408137903776492,-2.601920686795341,32.22399006812193,22.98332062708687,N2,10,678,687
0.18945162118448877,-2.5043043864774126,37.00357991136698,26.643439430839862,N2,10,679,688
0.21242060550637804,-2.4397273863755813,36.98875419660508,26.606561013443205,N2,10,680,689
0.31631313515306375,-2.33038542178035,37.07766574843699,26.702691187246092,N2,10,681,690
0.16937832087818946,-2.173871809119837,36.96013971787143,26.575667756310214,N2,10,682,691
0.13141471402940397,-1.9207308246283348,37.007178561431644,26.626539900863282,N2,10,683,692
-0.019272378791953315,-1.674717287901941,22.339968350639175,11.238247334456537,N2,10,684,693
0.27842761047406556,-1.3467355136890333,35.26859708777447,24.452150732734662,N2,10,685,694
0.2953334355278514,-1.0376547630873525,35.358477526825666,24.549345268489198,N2,10,686,695
0.2695847491158503,-0.746511267202628,35.25036773051397,24.432486598713876,N2,10,687,696
0.4012372699966534,-0.4921353861011276,35.24002541848167,24.421298268097964,N2,10,688,697
0.47887835677007046,-0.258607116665133,30.479190235975693,20.75206935224487,N2,10,689,698
0.13432488642554005,-0.058460691086086314,15.070549227760784,10.91416168048745,N2,10,690,699
0.3142025725942233,0.10371367944875871,29.755628861294827,26.32178720895281,N2,10,691,700
0.2748163758652765,0.20061717479976265,29.797439649712032,26.366959553703055,N2,10,692,701
0.18421248911505755,0.19474984342773283,29.78329724111063,26.351677996738726,N2,10,693,702
-0.01100482128520639,0.18719573591949157,34.49327888872904,29.936537247405433,N2,10,694,703
-0.04995371957315342,0.17606020854724988,34.52287972600643,28.624242616489575,N2,10,695,704
-0.0056983589914892715,0.15990233291703077,34.46558898238982,28.56226664839669,N2,10,696,705
0.18628485825182964,0.19125615109079847,87.54044640449865,45.28746597780955,N2,10,697,706
0.060230941255713336,0.21828622103602485,84.79880507718553,43.28110814673855,N2,10,698,707
0.034054083281864676,0.2385413483703573,84.77941844953239,43.289542446770064,N2,10,699,708
0.3452605551745506,0.3079553704482862,100.23955978081649,54.54821551794085,N2,10,700,709
0.05358773000599228,0.47216107713902955,85.5125488277732,39.095281873166094,N2,10,701,710
0.20162921356781852,0.6390361684595482,87.7709454027292,38.85100986310827,N2,10,702,711
0.2953851218365287,0.7991651182818323,88.04153824214737,39.14349576191853,N2,10,703,712
0.41771936755782235,0.9462360589380353,83.17157507312695,35.385673907769885,N2,10,704,713
0.07733608116740243,0.9942791738991239,67.91865317846168,25.695291700458984,N2,10,705,714
-0.021319752182225215,1.0400344211637573,67.8675359525998,25.640076088924253,N2,10,706,715
0.0021647796632805693,1.0270828286480047,29.41438711035007,24.254018729188466,N2,10,707,716
0.036677237951562344,1.0156843594562148,32.23841805767624,26.349468312145472,N2,10,708,717
0.11518549386707946,1.0051393301315144,32.260922595504596,26.373787509804608,N2,10,709,718
0.07583385333774117,0.9493585870926985,35.02100411673128,28.87638740094808,N2,10,710,719
0.1413129239602256,0.7881188231969851,34.8965957691842,28.741890517668434,N2,10,711,720
-0.030170287080932213,0.6326099691020509,32.76959759905003,29.128234073871134,N2,10,712,721
-0.07387792725199631,0.48329600260713973,32.510974942117535,28.848679253698357,N2,10,713,722
-0.04194794555913006,0.3335257024954473,32.655112065015054,29.00448929382619,N2,10,714,723
0.19595695296066823,0.2766930116071961,46.32380895769311,39.949700534664224,N2,10,715,724
0.24101814107326333,0.225952011855739,46.48725885331187,40.126362738787066,N2,10,716,725
0.041579232036465893,0.1720764759622085,31.796778240355344,24.712904152483315,N2,10,717,726
0.12244405442911557,0.11888289744889705,31.720744488295896,24.63071385573094,N2,10,718,727
0.16670486251468616,0.07844610517939898,31.77578033552818,24.690191219995178,N2,10,719,728
-0.10643283027299902,0.030831937197140037,13.611061209790204,10.988941884796077,N2,10,720,729
-0.06713725286475096,-0.02348927861005663,13.685918618686264,11.069851098332219,N2,10,721,730
0.1883739583747996,-0.09128616485971008,13.61095292444952,10.988787108010001,N2,10,722,731
0.14095190425284443,-0.1635491195696382,13.553185462409237,10.926370176159981,N2,10,723,732
0.23837021907357608,-0.21842616374644094,26.696554674287107,22.696252545647077,N2,10,724,733
0.3453115423037616,-0.33291814046579804,30.997438330486695,24.012416327115353,N2,10,725,734
0.9913575922646374,-0.37790147577786115,30.93860979724268,23.948837702812305,N2,10,726,735
1.2300077571900316,-0.43900124562073656,30.968968901580592,23.981655989167848,N2,10,727,736
1.689967223658806,-0.49735976348061683,58.30612559701622,41.06803824519047,N2,10,728,737
1.7174976550347594,-0.5967215556827178,58.3000993014095,41.0321554378781,N2,10,729,738
2.0868341784733815,-0.7066753859221351,73.67713066363758,50.85671911311984,N2,10,730,739
2.1472732701304493,-0.8212205107762429,73.73323404295188,50.91738356042297,N2,10,731,740
2.0774200552943514,-0.9131211294679019,73.63755873386617,50.81399595381917,N2,10,732,741
2.1665456383499957,-1.0416984453238243,73.71431727695453,50.89691431380597,N2,10,733,742
2.1441233516438105,-1.1457676093522444,60.54294103122629,39.09674800543253,N2,10,734,743
1.8530992236324721,-1.3203325375625035,42.432354791195394,26.682935141122652,N2,10,735,744
1.2151547346456795,-1.5703396179112705,42.47149640405805,26.72524865761334,N2,10,736,745
0.9595902750054535,-1.8125102977144416,42.49120330476908,26.746519287786576,N2,10,737,746
0.4754668185822538,-2.0889721781354034,12.418524501806314,7.660357384720555,N2,10,738,747
0.3632988467166001,-2.3434984148887823,12.35806765958041,7.624370840101983,N2,10,739,748
0.25591363616903207,-2.591833676418989,10.864012395666942,8.9766269151467,N2,10,740,749
0.29891495371561516,-2.822025711638673,26.67485236269058,22.86747217107877,N2,10,741,750
0.2080462039744077,-3.068231767401309,27.017032534913234,23.207936216521194,N2,10,742,751
0.13286240008494588,-3.267454540996406,31.762792731541776,26.805639074437202,N2,10,743,752
0.060694859462483916,-3.4991220539071755,31.722149684367103,26.76174100215612,N2,10,744,753
0.3324924435280991,-3.5652186211776753,45.65094432969854,37.98808433398408,N2,10,745,754
0.39088053735235917,-3.5741434750582393,45.58705813235538,37.860220046300675,N2,10,746,755
0.35726569078764214,-3.5505453420861244,45.379938759825016,37.63638292836622,N2,10,747,756
0.3781099524095396,-3.4735403458719416,48.30449138177282,39.84045447240787,N2,10,748,757
0.3495586779222208,-3.3632185716373533,48.32663150347325,39.86441139462222,N2,10,749,758
0.17813868304709218,-3.2212197266155407,34.45869729566548,28.703833155606482,N2,10,750,759
-0.0066434543936168215,-3.056580107236889,18.70927675817402,14.879383300675908,N2,10,751,760
0.03643425517818173,-2.851438208419305,18.315131270956773,14.482727119714763,N2,10,752,761
0.02052378358160354,-2.6318976793650637,13.661409265990006,10.955170239144717,N2,10,753,762
0.005683177706271181,-2.3644756165136527,13.66911608637165,10.93410820919089,N2,10,754,763
0.0235545889131231,-2.2035947078607347,13.61418817270096,10.874756672959483,N2,10,755,764
0.03341481869634322,-2.0557543230588973,13.627924860173152,10.948420270050338,N2,10,756,765
0.17531280362434815,-1.771441205155515,28.48086791517817,26.537468286582225,N2,10,757,766
0.05566941917739428,-1.517180077076556,28.28650804940735,26.327391027106206,N2,10,758,767
0.10190903938301403,-1.2388673113581152,33.060202547476,29.98111997584092,N2,10,759,768
0.27115617604765135,-0.9384736625053243,46.91954908304215,41.13240859292746,N2,10,760,769
0.15995822610162805,-0.6606773004359205,49.336539438094405,39.0533675333867,N2,10,761,770
0.33951356822504974,-0.333006981515506,102.78373328985217,54.6982653834948,N2,10,762,771
0.5432757002761435,0.013841507773171103,105.21145370376362,52.62869067537613,N2,10,763,772
0.4381744953709699,0.3396950392651174,105.20655321573831,52.65278130492625,N2,10,764,773
0.17459299618750493,0.7309470195214317,91.35230125411435,41.50698716564184,N2,10,765,774
0.028936960095137465,1.1199696672580135,91.27222841115545,41.42039969439793,N2,10,766,775
-0.07934617826815042,1.384245938360105,76.65859932096355,26.090027921551883,N2,10,767,776
-0.09750223038940362,1.6834563339773225,76.66025745615806,26.06246533897356,N2,10,768,777
-0.11367327557665022,1.9030303890916507,71.96703501738156,22.466344707810276,N2,10,769,778
-0.1494354981797926,2.04918405794769,71.89767019160755,22.37148599352404,N2,10,770,779
-0.1144556229740374,2.221286205121078,69.50551468260673,24.44797848026683,N2,10,771,780
-0.422683260178826,2.2729858876768994,18.617049478304033,6.87726464128973,N2,10,772,781
-0.5554343046488726,2.2491377237288415,30.691733377299897,24.186377870918296,N2,10,773,782
-0.5826622392827687,2.1714420425245424,35.48188558074362,27.857939447964963,N2,10,774,783
-0.3666624023882946,2.1761973560148817,49.290378777071965,38.95426290497562,N2,10,775,784
-0.2501575453279997,2.1128278357898895,49.46680291072662,39.144996132711455,N2,10,776,785
-0.3499953672301615,1.9954659199843683,49.4397399770216,39.11573646363322,N2,10,777,786
-0.2786218489229498,1.8175662322229187,49.36221005229345,41.01848572455274,N2,10,778,787
-0.31762769975862853,1.6553761218950531,49.34576524067961,41.03008132950563,N2,10,779,788
-0.5500430928839706,1.4724127952522512,32.767896128088616,27.88581449391604,N2,10,780,789
-0.48184377956404206,1.235496166702217,35.199168134931824,25.851591530287987,N2,10,781,790
-0.18816841334145806,1.022374313203837,32.71677047374978,27.859922017650025,N2,10,782,791
-0.18023775289488525,0.786966417548117,18.118143992677506,12.545715542125617,N2,10,783,792
0.017209115471956693,0.5735574557793358,13.419371095362294,8.972922358744473,N2,10,784,793
0.05444034691553838,0.16828679726894435,13.44368880678012,8.999211183257648,N2,10,785,794
-0.025195869960145955,-0.2804098298054255,13.19774617744115,8.7333216442501,N2,10,786,795
0.01473859028815241,-0.6819363135748426,13.172749587822182,8.706295215472347,N2,10,787,796
0.028382374045406777,-1.0765048457823898,10.650435632708831,0.489527238572191,N2,10,788,797
0.13998697480074612,-1.4834010065884744,15.260075594944647,3.965943441477066,N2,10,789,798
0.5719877714655297,-1.7685664809315114,41.646454651460225,28.585425158767247,N2,10,790,799
0.6325047825940715,-2.0516766934294486,39.09176327212699,30.515637221515135,N2,10,791,800
0.5046899450637057,-2.307703146133691,39.13498979070937,30.562376164899614,N2,10,792,801
0.5154072763578483,-2.416415398627259,39.138384388208216,30.56607601707401,N2,10,793,802
0.4418676471307606,-2.509571499050189,39.10997059819783,30.506004342953382,N2,10,794,803
0.07073358699357186,-2.5417915475538266,25.254149342398158,19.358522857626667,N2,10,795,804
0.10317109831976837,-2.4172345600540988,25.376773732931177,19.49110016339582,N2,10,796,805
0.19648554729042758,-2.275683591896029,25.432539437697415,19.551375235144953,N2,10,797,806
0.20067409652052107,-2.0652868593499383,27.989317155813477,25.848190633117337,N2,10,798,807
0.02043242308791946,-1.7970791310365677,23.301405036155483,22.28715934488755,N2,10,799,808
0.017530541336952865,-1.5946836605775039,13.57973652842411,10.925697527901866,N2,10,800,809
-0.00976505109170489,-1.3308901165883302,13.610743955840007,10.959166602510958,N2,10,801,810
-0.019703830463896566,-1.092028043601865,13.576160487806192,10.921763936541902,N2,10,802,811
0.04358060036774418,-0.9303297491392929,16.112710935413634,8.971977750153382,N2,10,803,812
0.06486442294805102,-0.7890251704371746,16.065392194076413,8.950152996914403,N2,10,804,813
0.428676511388926,-0.63573758334662,32.83518132315803,22.60142757491449,N2,10,805,814
0.6079762722324574,-0.4668363322457278,47.547390101518246,38.038374535651386,N2,10,806,815
0.636574028900526,-0.33393954168059314,47.527157510397956,38.01648700575315,N2,10,807,816
1.006373342003883,-0.23503008043280432,74.90629218693721,55.148260379631026,N2,10,808,817
1.1137130808453093,-0.1632908425071033,74.82830294599698,55.06395420502595,N2,10,809,818
0.6367808509563531,-0.09440008578530304,61.02207443157895,43.9700681820781,N2,10,810,819
0.6472177425341841,-0.054695178843675404,61.066921636485496,44.018600829713975,N2,10,811,820
0.5728614370253808,-0.008021516161029751,61.06719785192181,44.01889437401078,N2,10,812,821
0.5072742628413721,0.07747812295621337,58.06896293533064,45.46963917835819,N2,10,813,822
0.4984404149946215,0.16433571798300015,58.53614230632593,45.97466880128559,N2,10,814,823
0.4976440245555807,0.20559441034313403,57.10353367898788,42.1049016252462,N2,10,815,824
0.3819897840191288,0.15427937462211325,42.462611225753065,26.745021283454843,N2,10,816,825
0.4130212148695023,0.1051727552522788,42.44520594913556,26.72623044345455,N2,10,817,826
0.0689653957545886,0.0539222135588755,12.395310337168485,7.664712559876352,N2,10,818,827
0.12813132292010893,0.004097582751385431,12.467299431406719,7.713144683102655,N2,10,819,828
0.5438369548447156,-0.006800583726866804,27.74573219202721,17.431176082894307,N2,10,820,829
0.5184509364198391,-0.011867894223416896,27.709410610359917,17.39189269133785,N2,10,821,830
0.7852940529150203,-0.022645348828233124,27.7107127300922,17.393301662101656,N2,10,822,831
1.080828587233134,-0.07981077232000118,45.62730153236407,35.40446757193022,N2,10,823,832
1.1952351646005979,-0.13360595401206724,45.18515359938901,34.926547490429584,N2,10,824,833
0.9122744724315396,-0.18498918547110996,29.89598406406294,25.196926773615996,N2,10,825,834
0.8644289464804672,-0.2305123084076925,29.835637859705457,25.13170068333384,N2,10,826,835
1.2046151934692262,-0.17898768966832002,82.85363753859784,41.795498221260274,N2,10,827,836
1.2786983189206524,-0.07792943067350251,88.10859816145603,41.82697805935495,N2,10,828,837
1.0853089071243176,0.06816278377078007,88.07387329351695,41.81883330168457,N2,10,829,838
1.0540287889742672,0.16500924870538897,88.12709683865032,43.22060263443127,N2,10,830,839
1.0405199602909705,0.24856609176437666,88.07234306204191,43.16141457288104,N2,10,831,840
0.8677650796585794,0.32584462331081065,88.06271375596116,43.150992420853434,N2,10,832,841
0.5400385955275795,0.39393746582158895,70.66501796936427,25.7006962527852,N2,10,833,842
0.5126536481979145,0.45199262399953566,70.62157295207653,25.65368614545623,N2,10,834,843
0.818910328943474,0.5591364648042184,85.99811348872754,35.477710677335196,N2,10,835,844
0.8355410819235374,0.697740991861096,85.96468653362972,35.44155675678921,N2,10,836,845
0.4914891758252395,0.7300105168842872,32.957975932392586,18.7899453087688,N2,10,837,846
0.3907672172067578,0.706528822266279,30.15631364253786,20.45315422218737,N2,10,838,847
0.740586991656761,0.6375153372922042,47.94633303411829,38.32744288177637,N2,10,839,848
0.4219559281059844,0.5711880902635678,32.62789970256781,27.22195816276144,N2,10,840,849
0.36371917049202124,0.498660388021699,32.621017857721746,27.214514267777123,N2,10,841,850
0.3528289809432351,0.430301624265924,32.59957614808955,27.191366470050344,N2,10,842,851
0.39076298151014155,0.37590637425063667,32.62551782872615,27.21942090275879,N2,10,843,852
0.2883624912591699,0.37177947876808054,35.07868682236949,25.179572275608372,N2,10,844,853
0.35443945784905395,0.314288996950463,35.93480474702883,26.48544105818619,N2,10,845,854
0.9939017221939366,0.2505169834331916,35.97589104968283,26.52984813527837,N2,10,846,855
1.0271759076358307,0.23217383466561614,36.02608106726329,26.58410870661901,N2,10,847,856
1.0346006740232951,0.19537161039486933,36.217670361666386,26.79123487186007,N2,10,848,857
0.8101516640952923,0.13919938890936798,18.529051131591405,9.026544445581385,N2,10,849,858
1.1704801881654816,0.06796839883173185,33.787268497320476,20.06693956797535,N2,10,850,859
1.2170459739353305,-0.009445801905788897,33.841168020251644,20.12520327861239,N2,10,851,860
1.1397285126002146,-0.0996921472843006,33.85846489479591,20.143858106303014,N2,10,852,861
1.1336980602896631,-0.21338982121742056,33.790624427898,20.070530703844998,N2,10,853,862
1.124238433520611,-0.316901832687147,36.17935538090315,25.837868394094404,N2,10,854,863
0.9277058271380326,-0.4028832960611119,31.32988081100848,27.587772484960805,N2,10,855,864
0.18615882600092845,-0.5268412384746408,31.380755338354355,27.642752398680024,N2,10,856,865
0.08492992127623325,-0.706874766665468,33.81388910569076,25.58117577764533,N2,10,857,866
0.08167318102715057,-0.6934618447286482,33.883539173068854,25.627073040822143,N2,10,858,867
0.12452067804117065,-0.67252551239426,33.862974852955816,25.604829228177913,N2,10,859,868
-0.15343818618328556,-0.5538847308819846,30.774330538907087,24.265333217933584,N2,10,860,869
-0.15585762989996965,-0.43248250350312534,30.801949105509266,24.295212785183686,N2,10,861,870
-0.08988986952433606,-0.30981660849681525,30.764497808009764,24.25477372812129,N2,10,862,871
-0.18489107923594475,-0.19370921137595615,30.72150545783952,24.208282816768406,N2,10,863,872
-0.1039557037885686,-0.13605152059079656,25.94222268018275,20.548522570327624,N2,10,864,873
-0.015379931805932756,-0.06399932261227548,28.39753065441473,18.79748513591476,N2,10,865,874
0.07859231783584733,0.00475125063745665,28.399264189512905,18.79939023150073,N2,10,866,875
0.019395233768079834,0.08359045940469442,25.902321863185353,20.76260625951145,N2,10,867,876
-0.025087219183996014,-0.015243192017817719,25.905914037551703,20.79586522460777,N2,10,868,877
-0.04587028727059987,-0.10888439707498207,30.6025216412163,24.366307470079484,N2,10,869,878
-0.17036368069851732,-0.29715248539394246,18.346802220385143,14.572299563738124,N2,10,870,879
0.019562340048116765,-0.4629266639639841,32.98127318379993,29.925180721825747,N2,10,871,880
0.04072116182592822,-0.6142350999867819,33.059237122778725,30.009462189549595,N2,10,872,881
0.09283667684768489,-0.7057698211573147,33.04449551218058,29.993526913594543,N2,10,873,882
0.0026078175122336233,-0.738067334722589,33.0441800333836,29.99317487936205,N2,10,874,883
0.026153639334114586,-0.7585544660041463,33.02176327453126,29.968946397201215,N2,10,875,884
0.0043386427371729045,-0.7835508523673639,32.995038485906846,29.940033940593274,N2,10,876,885
0.10513172286141526,-0.73303490457042,32.97548661547553,29.948265611933675,N2,10,877,886
0.1358204841629515,-0.6915043923048078,32.90307556042099,29.869992717043715,N2,10,878,887
0.17395741343213444,-0.6446763713078131,28.29907844018453,26.399672604483566,N2,10,879,888
0.506625279806309,-0.5155100621646763,42.043336549897504,37.426562472923614,N2,10,880,889
0.34719942190672554,-0.40175608010011815,27.501375246849783,22.173659598143786,N2,10,881,890
0.3611187359539542,-0.3065379163154109,27.482369231256598,22.1530966467486,N2,10,882,891
0.25895986210812794,-0.26782711423624583,27.47948318483177,22.149979117260592,N2,10,883,892
0.23530097466194774,-0.27481398729160134,27.464690903393784,22.133956982336894,N2,10,884,893
0.04565411988528467,-0.2879722736858774,18.3491313373459,14.604119709652513,N2,10,885,894
0.10020856936870359,-0.308787864051623,18.36683262360166,14.623270876921016,N2,10,886,895
-0.029329195479215288,-0.41352255347749106,18.313752697403835,14.565923441974519,N2,10,887,896
0.5793250556995531,-0.353386823385744,52.004860025880774,41.26908204089814,N2,10,888,897
0.5526840893406699,-0.21423673042469069,51.84346786887763,41.09463010963991,N2,10,889,898
0.4795723916784368,-0.10552152860088171,51.930185383645586,41.18835985585938,N2,10,890,899
0.45330052506454876,-0.0032175387217119322,51.868495629983954,41.12165853921397,N2,10,891,900
0.6680454757551274,0.10840464938751353,104.8781242694713,57.77639693983256,N2,10,892,901
0.780883860486199,0.22812997185790743,104.94951105548607,57.85355894034656,N2,10,893,902
0.8706012942437156,0.3190470491045986,104.87269532938444,57.770546563236714,N2,10,894,903
1.0500864089550646,0.4198897361349626,115.5629527306046,64.03527213774832,N2,10,895,904
1.0361251577976247,0.5120669297747327,115.46843540670162,63.93312164667368,N2,10,896,905
1.0882160419632327,0.6019395227832114,115.57397657308684,64.04720324837945,N2,10,897,906
0.4086704538926426,0.52439612332401,79.26171655029539,35.46789112659462,N2,10,898,907
0.5126597892494715,0.3701413665808467,81.77840132025013,33.49662389771292,N2,10,899,908
0.33216330365132196,0.1634358713074242,67.97957612231184,22.381377401562712,N2,10,900,909
0.4086074070065763,-0.06993800971901472,67.88111863637968,22.274960657480186,N2,10,901,910
0.17259983091745426,-0.3108175148759571,14.898772383354663,5.6496980794647245,N2,10,902,911
0.16621262302118112,-0.5045949520851423,19.573598702619346,9.196603478858378,N2,10,903,912
0.29016434356200305,-0.6390052004920179,34.31099902298447,24.660789606508843,N2,10,904,913
0.2939681703157305,-0.8060677548540806,32.753899240530885,25.925005771141514,N2,10,905,914
0.17246241170942653,-0.9259946851130927,32.78548196520715,25.92974246444901,N2,10,906,915
0.19909424538861914,-1.0158671577407454,32.77337259397537,25.916655416544746,N2,10,907,916
0.47188948627084526,-1.0939579288165149,35.474790062507964,27.879566677131514,N2,10,908,917
0.21744115193204722,-1.2056009428086667,32.96181924324701,29.825484833578592,N2,10,909,918
0.504419855496883,-1.2369683941109977,46.83420796259816,41.02023473538829,N2,10,910,919
0.44843313583133976,-1.1496411934813444,46.850333447154846,41.03764071619189,N2,10,911,920
0.354322640081557,-1.0502434074122207,46.82068421298682,41.00561182851561,N2,10,912,921
0.400659523724164,-0.9765265532742966,42.17273603597132,37.487790150546424,N2,10,913,922
0.1891761196467428,-0.9460389654303996,27.49040166962368,22.053762036137776,N2,10,914,923
0.020434489105571173,-0.9331329671525566,13.653456899010052,10.946607331028645,N2,10,915,924
0.0660771089401635,-0.9484042079028712,7.8495214191185365,6.807569969274482,N2,10,916,925
0.13125483047757597,-0.9814282197540457,7.858633545663179,6.817400485462349,N2,10,917,926
-0.053598641613206155,-0.877593377003754,12.60308608098494,10.439519543089409,N2,10,918,927
0.11359935599850246,-0.737902533371571,12.508891501844483,10.367083565342181,N2,10,919,928
0.012353929846250366,-0.6536565702732069,12.584208739246241,10.448466579313754,N2,10,920,929
0.3107208598840259,-0.6411490927203808,28.72193957114796,25.832196147245487,N2,10,921,930
0.33786654396750465,-0.6173766182167733,28.731287389060164,25.842289696913213,N2,10,922,931
0.3039436953233917,-0.6059456161067118,28.609685345116304,25.7108265778661,N2,10,923,932
0.3476830687548443,-0.5771046573934988,28.692444454998622,25.82964868727613,N2,10,924,933
0.47991056776319285,-0.4908540224922312,42.51956196578904,36.94607578410578,N2,10,925,934
0.5851004757103283,-0.3435974846972897,48.26587714559209,41.052204904312745,N2,10,926,935
0.48079764839530414,-0.18462337823560376,48.338268340741344,41.13046450972324,N2,10,927,936
0.3799302438553184,-0.14983175452344924,43.59338174096629,37.50787576870971,N2,10,928,937
0.26684958689860994,-0.11473063170722711,46.09630944987002,35.52176103902639,N2,10,929,938
0.025568742321701164,-0.08283233105671925,32.13973150283273,24.265408956482133,N2,10,930,939
-0.2555043226220448,-0.048835431463692916,16.121843610655198,9.01124456101643,N2,10,931,940
-0.25914172260302165,-0.016021694820620526,16.070093446136163,8.896514621945608,N2,10,932,941
-0.16006629919095303,0.029470430053224562,16.156377825584787,8.989799298976141,N2,10,933,942
-0.1278597373212051,0.06425428920209128,20.78446687908363,12.486165517286645,N2,10,934,943
0.11221592272636371,0.10470080222330296,23.766165470003763,9.795494144561236,N2,10,935,944
0.13271459699475371,0.0928225251536297,23.77554669169258,9.805623783633928,N2,10,936,945
0.3372596564098842,0.07867019408730372,23.661829990376283,9.6827329530086,N2,10,937,946
0.8201683605835569,0.06668544017688802,38.3991905367533,25.14685079820156,N2,10,938,947
0.7975095602546901,0.05377634209277175,36.030566524053576,27.278095006693185,N2,10,939,948
1.1321933168694727,0.18767870379406162,48.22376710760291,37.00454623846781,N2,10,940,949
1.016621944026832,0.31317192307407354,48.111035236155296,36.882710399602004,N2,10,941,950
0.9996924721375138,0.43330253769095534,48.177963653832556,37.01386409662446,N2,10,942,951
0.961641603029932,0.5418929346932387,48.16553610407573,37.00042209497296,N2,10,943,952
0.8909743479647603,0.6465609632366188,43.47647716983702,33.43814683661185,N2,10,944,953
0.5111772974089263,0.6916998305760856,26.6907901857674,25.008021396554977,N2,10,945,954
0.41195590529572995,0.7328874982487825,26.75174659464392,25.07392377076212,N2,10,946,955
0.26371866137759525,0.8168071691178291,26.785459153990086,25.11033867657061,N2,10,947,956
-0.07293875185877141,0.8877291115194957,11.989711422099935,9.583095833559492,N2,10,948,957
0.016789683638097585,0.9529911989030261,16.72025587301614,13.164341925765621,N2,10,949,958
0.08122688541863568,0.8558306904881618,19.86612685284199,13.221427955354375,N2,10,950,959
0.34883681165235314,0.7603060672152473,19.96473438940302,13.327985767156497,N2,10,951,960
0.49897622457689295,0.6544039245372396,22.353694768326385,11.218654838911608,N2,10,952,961
0.3172921738799346,0.5450989469508464,22.328782684319595,11.191722518115421,N2,10,953,962
0.4138843799071708,0.43217098802021925,22.296013111660432,11.156301257213272,N2,10,954,963
0.7512912701719756,0.4700167334825693,46.79915016841769,32.655037117143,N2,10,955,964
0.878821841094424,0.5016054447433895,46.72319013117012,32.5729079261233,N2,10,956,965
1.3457664396232247,0.478458198155672,99.88917060648018,49.380096805224824,N2,10,957,966
1.2802954482385018,0.45114613612515625,99.92209340039554,49.38630379473288,N2,10,958,967
1.4085352159136106,0.42451043376644293,95.21705929695091,45.83265874604804,N2,10,959,968
1.140215252342506,0.39936573822539145,79.85174870964256,36.02073730463344,N2,10,960,969
0.9183572415456694,0.3539510182227694,79.7702394361775,35.93262741887702,N2,10,961,970
0.7995796150426144,0.3115087114845842,77.29846191562464,37.95239331208977,N2,10,962,971
0.9561549729204956,0.2805164270269941,79.88138820003296,36.02119941577585,N2,10,963,972
0.9052836943810121,0.24852778056645022,79.90922518537045,36.05130734252707,N2,10,964,973
0.8193657538171862,0.06023618789118146,72.13011242365974,28.1837334770109,N2,10,965,974
1.4199688669477495,-0.02408272598783796,72.22174351218783,28.253434864149312,N2,10,966,975
1.146150155199632,-0.12935058209278694,19.012410440565144,11.399397316852628,N2,10,967,976
1.6057670361972043,-0.2084592031489798,46.3587141909331,28.525061128409654,N2,10,968,977
1.50122339047673,-0.2928029455733956,46.37990814242657,28.54797823422632,N2,10,969,978
1.7976008040247962,-0.33972194437976383,61.699598794841584,38.310605754682186,N2,10,970,979
1.9619825526340775,-0.23648088005452622,76.32419367745169,53.65287951179052,N2,10,971,980
2.1080842420478745,-0.13857738118057697,76.38216915235535,53.715575074442675,N2,10,972,981
2.1571282960690725,-0.06102970820204732,73.8538530402744,55.67640193782245,N2,10,973,982
2.1076855737380242,-0.0017415494121152618,73.75972150890011,55.574642216216674,N2,10,974,983
1.6890787440313546,0.048933692313050156,56.76170254801546,41.67666593996728,N2,10,975,984
1.0228614948650887,-0.009839958825856598,57.06028183870076,42.0287773845208,N2,10,976,985
0.8160249612218877,0.0016416333263997273,57.0938487859843,42.065058750218306,N2,10,977,986
0.3962829606933894,-0.0011284498644620554,27.064204052431887,23.02541369390783,N2,10,978,987
0.31590051863615826,-0.003273636186705886,27.00621532847581,22.962714473160666,N2,10,979,988
0.12795865915292665,-0.04100652462452743,25.53369584586908,24.338234632720194,N2,10,980,989
0.06885907239062021,-0.2154867950187871,10.937034671953006,9.026162796120115,N2,10,981,990
-0.00512942697890253,-0.38052427302791114,10.92014482642262,9.007902993292737,N2,10,982,991
-0.11858711103208179,-0.5362185737855505,10.889026075795845,9.003646424361431,N2,10,983,992
-0.016402045481015648,-0.6708676577515362,10.979960800622212,9.101941673716647,N2,10,984,993
0.25825940122922475,-0.7436692865633419,25.07829628668187,20.51156764952866,N2,10,985,994
0.22393092297722889,-0.7086671769766397,24.765151511372824,20.143700697104578,N2,10,986,995
0.10276480863640813,-0.7177760931404087,24.742370110187768,20.119057875160433,N2,10,987,996
0.24435250007709897,-0.7202662608152316,42.10094633356857,37.459428696874966,N2,10,988,997
0.32561844602621476,-0.7216978295999745,42.075914075633044,37.432377010309935,N2,10,989,998
0.2296414791594657,-0.7142739139552298,28.197617001840264,26.260613349823323,N2,10,990,999
0.039608055704997015,-0.6981141724222049,28.205463131013676,26.26908999315274,N2,10,991,1000
-0.12725777518673453,-0.6640690603083002,28.236984774821757,26.30316359551507,N2,10,992,1001
-0.11423715697656008,-0.5729648811625431,28.28260524239522,26.352500960242104,N2,10,993,1002
-0.09815012811358201,-0.48487449619021633,28.192343788960716,26.25491280486458,N2,10,994,1003
-0.033261999530770935,-0.43980683410942517,31.15431735849561,23.542925852273402,N2,10,995,1004
-0.006475977847975401,-0.4261339196832978,31.117453455314536,23.53245658299129,N2,10,996,1005
0.11986464437898121,-0.4276459329551251,31.144338955413694,23.56150292129387,N2,10,997,1006
-0.13080147291654498,-0.39363467794857954,21.24671277929665,11.822509041981903,N2,10,998,1007
-0.10880028103457562,-0.361060077816682,21.351658366220363,11.935949036081729,N2,10,999,1008
-0.03197696719177543,-0.27519737012772794,35.22459197887074,23.082019273738478,N2,10,1000,1009
0.05277429441571826,-0.09823243948144196,35.12332096785467,22.97256887678632,N2,10,1001,1010
0.09526697110386521,0.06625811833921205,35.14696718085979,22.998134144005963,N2,10,1002,1011
0.2524053217447033,0.17901122411983578,35.10008383845125,22.947475646540262,N2,10,1003,1012
0.4006613733005338,0.30390521774240964,49.827675109031404,38.40108070552742,N2,10,1004,1013
0.16046093151085755,0.42599391678246973,33.055535554191735,30.014948103411008,N2,10,1005,1014
0.19486054610816267,0.48503767240008244,33.1057415911695,30.06922327554894,N2,10,1006,1015
0.1667883634814416,0.5627022652560243,33.04613035211005,30.004805808029413,N2,10,1007,1016
0.2732812132031768,0.6470568118595885,28.2882632567198,26.368133448656955,N2,10,1008,1017
0.297333964078706,0.7341809902259158,28.15157882079948,26.22037951038292,N2,10,1009,1018
0.26741085611677706,0.8126102721848583,28.279933503734355,26.37899152247701,N2,10,1010,1019
0.22771977351815736,0.7887677661356299,28.26568347209759,26.363590866056256,N2,10,1011,1020
0.3584710653185141,0.8584671208667742,28.314406957264872,26.416261922729245,N2,10,1012,1021
0.08418572598885135,0.9640025534530785,28.320405077173927,26.422720214887885,N2,10,1013,1022
-0.2956100260590574,1.0465507556648448,18.37265819344757,14.629538221113762,N2,10,1014,1023
0.009769718149493655,1.2164898700585105,33.67587179443799,24.37429605171419,N2,10,1015,1024
-0.11475413905274082,1.3654003501193266,33.723658886108026,24.425948495355623,N2,10,1016,1025
-0.15064225434543915,1.4988509225800228,33.757016608925916,24.46202483893976,N2,10,1017,1026
-0.09940634397153758,1.6139739054949254,33.67526833987358,24.37365649798958,N2,10,1018,1027
-0.2000139110538896,1.7123958243967496,33.79294199924916,24.47149117630688,N2,10,1019,1028
-0.376007317831926,1.748187933155154,17.117191465745417,11.233038602745001,N2,10,1020,1029
-0.1034439650123943,1.7697938838350797,31.746648236449253,26.580556691464153,N2,10,1021,1030
0.10192972758939618,1.689034269843253,84.79059983143524,43.27229511452824,N2,10,1022,1031
0.19277677522501335,1.5975366560623858,84.74826831642349,43.22655668271618,N2,10,1023,1032
0.35635305572700987,1.5178688058782472,80.05998783219184,39.66516046052239,N2,10,1024,1033
0.27942633131493155,1.3380864221860045,78.58512721260414,41.03817610624537,N2,10,1025,1034
0.26559631757715463,1.1675054372272318,78.54598129390142,40.995857912300565,N2,10,1026,1035
0.1774723449092221,0.9848284664746678,78.46116096049737,40.90415210290557,N2,10,1027,1036
0.04459293740193289,0.7726099206006168,78.60133823272699,41.05566676307353,N2,10,1028,1037
0.08366467975409364,0.5465332243041783,83.33383053807775,44.668406091963334,N2,10,1029,1038
0.3916404072554712,0.4228221528699052,101.39488589808388,56.43707753418566,N2,10,1030,1039
0.17684172994836445,0.36856874156304575,86.7973227516799,41.12403012854338,N2,10,1031,1040
-0.1449638889291407,0.35341872430467874,33.73909398053365,24.41684297680149,N2,10,1032,1041
-0.0004999456741927588,0.2927396854492468,33.731544607455,24.408639353284162,N2,10,1033,1042
0.027188002512951927,0.20083879590072976,33.63043449588368,24.299328466808948,N2,10,1034,1043
-0.14502922605345248,0.09813980643570944,19.82458818034138,13.17651778980362,N2,10,1035,1044
0.002407028703214564,-0.016822016648165673,19.78119606846885,13.129610329084244,N2,10,1036,1045
0.32671255495743023,-0.09847928036549121,34.6236459764732,28.707337530665246,N2,10,1037,1046
0.36679209254604644,-0.20271547279021399,34.52982892919463,28.605936621822547,N2,10,1038,1047
0.39567679828587643,-0.24299667284189574,29.686543598392017,24.902805202690068,N2,10,1039,1048
0.43356713435366034,-0.36941628276965377,28.194237809129845,26.256962970549647,N2,10,1040,1049
0.5587987951294565,-0.5323010205596923,28.302610664656093,26.37407673130256,N2,10,1041,1050
0.5684877599854247,-0.6641762594339987,28.241915771507774,26.308473216855056,N2,10,1042,1051
0.5251805790753565,-0.7301761909962952,28.26412297128554,26.332489385434382,N2,10,1043,1052
0.5331587546081152,-0.7483059045590817,33.14829277196695,30.105663969834133,N2,10,1044,1053
0.8099510638774575,-0.6991265751702442,48.40843464627251,41.17751355124601,N2,10,1045,1054
0.8129513042003225,-0.5927567529825897,48.455456000212145,41.19896481255164,N2,10,1046,1055
0.6951527729835391,-0.4975931217121346,33.67415625113936,25.687368303203765,N2,10,1047,1056
1.2885604078110475,-0.36759660620135753,61.053001711317485,42.81882431202248,N2,10,1048,1057
1.2733894068304266,-0.2088263044783673,61.16214098151322,42.936794069817914,N2,10,1049,1058
0.8982184284859557,-0.04050065429777838,41.49230172783282,27.610025975604003,N2,10,1050,1059
0.8042191083461205,0.12271380657512339,41.23783801590908,27.334996526138276,N2,10,1051,1060
0.8666793052241303,0.23541743583619343,41.38368874167063,27.492642604266074,N2,10,1052,1061
0.779114846574123,0.3181226447404836,41.463039978354935,27.57843063567998,N2,10,1053,1062
0.8804234343536053,0.39162820043328317,51.25678321856249,39.205130032779195,N2,10,1054,1063
0.7334615021806428,0.43844364163394367,51.31673116011079,39.26989446791849,N2,10,1055,1064
0.5713350999047236,0.5016731288629004,51.293013761178734,39.27362476016897,N2,10,1056,1065
0.4962649592153866,0.580091576547488,51.3337023359767,39.31755872579488,N2,10,1057,1066
-0.13430143391215665,0.6451983726652667,21.24604778362118,20.21521679279431,N2,10,1058,1067
-0.14500987013286135,0.6534481007774964,21.20806178622079,20.17417768170926,N2,10,1059,1068
0.17517388070978654,0.6931918004403557,42.280918938117246,35.3945612140742,N2,10,1060,1069
0.12365322599593469,0.7363613277493982,42.59274416452463,35.73160862155164,N2,10,1061,1070
-0.05142078464750739,0.8700731266028704,42.41686884794253,35.54153019811092,N2,10,1062,1071
0.08329871008191958,0.9932706534327276,47.03001856512274,39.02173403199886,N2,10,1063,1072
-0.0691421539139867,1.1193899432944125,32.559681440989515,23.846207975021024,N2,10,1064,1073
-0.1874395757381194,1.2338255215967115,17.139661110238375,12.630933990010089,N2,10,1065,1074
-0.2096559959342926,1.2996379901174642,16.867030843254177,12.336277405900182,N2,10,1066,1075
-0.1844424092664781,1.355312135934712,17.138592669005448,12.629854572455951,N2,10,1067,1076
-0.07809014863966582,1.4075625005798211,19.862692346468975,14.617288495946559,N2,10,1068,1077
0.06399880844342079,1.4638787878190347,22.354021278623257,14.624767856480684,N2,10,1069,1078
0.10710868784626655,1.4664204784874562,22.33954380520736,13.26488595531482,N2,10,1070,1079
0.38494107227076596,1.4677555620400287,37.014910386007976,28.662007354539675,N2,10,1071,1080
0.39767232571294925,1.3484143747859245,36.987025341751725,28.631860797895932,N2,10,1072,1081
0.2471214277175136,1.279094490514056,32.31513435886736,25.088132775429766,N2,10,1073,1082
0.20571547566263462,1.2436812202155902,32.224490175345274,24.990148958085776,N2,10,1074,1083
0.3720967017776616,1.2830575175969965,47.573189651977735,34.78411242664406,N2,10,1075,1084
0.5496012141690756,1.3135675263697675,47.89382467234755,35.10131665589215,N2,10,1076,1085
0.5109630847666324,1.3322547837289327,47.603348449512126,34.78732371711594,N2,10,1077,1086
0.32927962801821875,1.339855418426486,47.668875541773744,34.85813984912238,N2,10,1078,1087
0.06694954699347022,1.3878183296621422,49.50730083333838,38.02457381608692,N2,10,1079,1088
-0.1397868478218811,1.4422546897295647,34.57473499057305,28.680375736055794,N2,10,1080,1089
-0.27721697456279915,1.4845328572112753,19.881834777659243,13.264332458432182,N2,10,1081,1090
-0.15296086219993868,1.542009043805786,19.85558183272078,13.23591983798433,N2,10,1082,1091
-0.1262664518087206,1.5385062326212706,19.916016385945113,13.271922439000992,N2,10,1083,1092
-0.09948495426589261,1.4979322664003578,19.87389658156899,13.226405016276477,N2,10,1084,1093
-0.07854368805710124,1.3744738743202034,19.928614400911464,13.285519857835606,N2,10,1085,1094
0.8024368249573854,1.307417631103524,19.648196733491204,13.011755198164247,N2,10,1086,1095
1.398878916972808,1.3068594553078077,75.42657755006948,39.498901132563695,N2,10,1087,1096
1.5445328298830758,1.2704421186335142,75.34797300933424,39.41394778413887,N2,10,1088,1097
1.6915182226285708,1.147614401701633,71.07781359434739,36.30441031723858,N2,10,1089,1098
1.8145605952782546,1.0351757005437432,86.03977021164027,45.68035851831628,N2,10,1090,1099
1.5782213417281241,0.8743418306986486,85.97239778574367,45.607508248442535,N2,10,1091,1100
1.6396352940741052,0.6734035701403007,86.0468189220308,45.68796695297497,N2,10,1092,1101
1.5671941570155696,0.4562586797171374,85.97766064656608,45.642567478184354,N2,10,1093,1102
1.642724149407536,0.23276508509332067,90.8121173458654,49.36198446442577,N2,10,1094,1103
1.3105976808374122,-0.026550141686517037,75.36179688560296,39.458199539679114,N2,10,1095,1104
0.3899732391667783,-0.34592956225215377,75.63847038869717,39.75727978730174,N2,10,1096,1105
-0.15487412409418083,-0.7790391294787679,19.88054337854919,13.292223366913458,N2,10,1097,1106
-0.17860926250460807,-1.163889347685297,19.96103913277475,13.379228448036155,N2,10,1098,1107
-0.12175108393632854,-1.5683991391839183,22.239518112571385,11.150550108760218,N2,10,1099,1108
-0.08738053346356764,-1.9691770347858337,20.879730718813516,9.893174825378447,N2,10,1100,1109
0.09522502394194703,-2.3749612379006413,20.557443025537214,9.544799019524726,N2,10,1101,1110
0.03111300317676182,-2.756801724786622,20.79991197726049,9.80690664023532,N2,10,1102,1111
0.06359219447372766,-3.081527408318238,20.814397308725894,9.822527246127356,N2,10,1103,1112
0.2055817296374869,-3.3089778605076545,30.684686230451916,21.532003537446506,N2,10,1104,1113
0.4922122023744464,-3.4332251683320747,44.63729611932431,32.744262667539445,N2,10,1105,1114
0.6044718825020595,-3.5171247957935647,47.039676730595964,30.617945176041758,N2,10,1106,1115
0.5858026791695863,-3.5296279998270625,47.12058690817721,30.705430767873622,N2,10,1107,1116
0.602799858377432,-3.5523034739570436,47.084315147397135,30.636852653689857,N2,10,1108,1117
0.5269484503792341,-3.4978930860528665,49.44541308770131,36.37434561710033,N2,10,1109,1118
0.28635401637893665,-3.39449366075081,35.56572310778356,27.92644286933173,N2,10,1110,1119
0.2175097270602066,-3.2187873417372757,30.007049478905536,24.02317146690948,N2,10,1111,1120
0.17663320252171957,-3.0042505320081636,29.745047422429344,23.739957221013903,N2,10,1112,1121
0.2443348511467036,-2.8073628454885844,29.80609875790251,23.805957088342257,N2,10,1113,1122
-0.03975996390011005,-2.680288243485668,15.130690118949861,8.408757456664171,N2,10,1114,1123
-0.03703320105341845,-2.5908279849020075,15.100223274261953,8.415659635531847,N2,10,1115,1124
-0.18432861039499926,-2.5001023131689175,12.592790856567444,10.428425025249817,N2,10,1116,1125
-0.28506748824997885,-2.384783049316954,12.55412034269757,10.386591923967718,N2,10,1117,1126
-0.27920455068259004,-2.1678513533369275,12.517996435528039,10.37689499759872,N2,10,1118,1127
-0.29358510930228476,-1.9822974915054885,7.8020210122922435,6.756142919230479,N2,10,1119,1128
0.062175565472256264,-1.8402961786767391,31.290556298747834,29.19828808140046,N2,10,1120,1129
0.08223730775794139,-1.663447295146876,37.12570435214293,33.400413314362595,N2,10,1121,1130
0.1510585874524395,-1.5031131863016014,39.638744380899155,31.42520204919456,N2,10,1122,1131
0.18727324681992172,-1.3708694918136133,39.49299775150066,31.267677031855783,N2,10,1123,1132
0.2795981176362659,-1.2467067214243657,39.57711698461353,31.358627068961503,N2,10,1124,1133
0.0876686609834337,-1.0953916945513356,30.454629987151566,23.82128305567894,N2,10,1125,1134
0.09773789031949605,-0.9689829489931391,30.55849931605553,23.933574307564413,N2,10,1126,1135
0.07501008265002156,-0.8827663216752626,30.46446276429997,23.831930565298897,N2,10,1127,1136
0.49394616264549995,-0.8325566527952866,58.748084224623014,39.86571539395918,N2,10,1128,1137
0.5910224724603268,-0.7602551762209864,58.775966220715055,39.92524302746388,N2,10,1129,1138
0.5841564952424164,-0.70114924390666,49.07703380880339,28.58835110197615,N2,10,1130,1139
0.581456004308501,-0.6898635113585726,48.91087530963341,28.379342081409412,N2,10,1131,1140
0.5785688698109936,-0.6794125596495192,46.617863506530554,30.592370750618283,N2,10,1132,1141
0.564431908839731,-0.6090896322388453,46.6306068192127,30.6061490808479,N2,10,1133,1142
0.7050422396330646,-0.5475791531123051,46.573229785012515,30.544130361214776,N2,10,1134,1143
0.9525759059958432,-0.38136308662462143,57.146061508265845,38.02627011229706,N2,10,1135,1144
0.9798722403789271,-0.21389803897027876,57.07438382406981,37.948782727202705,N2,10,1136,1145
1.33312657649401,-0.03629217071028919,73.34063288789693,52.33183141905647,N2,10,1137,1146
0.8654666598506935,0.0913429846096605,42.32107517472177,34.29787319517309,N2,10,1138,1147
0.7380328066219135,0.2183135173883585,42.24801500257672,34.21891655521686,N2,10,1139,1148
0.3482454821521799,0.35014096507467796,28.49303512892366,23.180447759723755,N2,10,1140,1149
0.3825284119382843,0.4828654906775725,28.656152393764934,23.356825921369456,N2,10,1141,1150
0.30564768280040083,0.6202530277723447,28.425740117111854,23.107788377340693,N2,10,1142,1151
0.2243123914931971,0.7150420038165706,33.304322402178514,26.87490545622495,N2,10,1143,1152
0.06545390961788371,0.809061505619956,33.028230870643895,26.576476433984862,N2,10,1144,1153
0.04709843640285953,0.7981384504058937,33.282928770547,25.50742406328063,N2,10,1145,1154
-0.005503962671969021,0.7801907225570602,33.34664306637133,25.57628926686848,N2,10,1146,1155
-0.24250172198446193,0.8066497961485837,17.0768344382559,11.18941565857349,N2,10,1147,1156
-0.1776300967204804,0.8223651217666174,19.935981590607845,13.322795870428308,N2,10,1148,1157
-0.20710990497935883,0.8280680129301068,19.970267179270014,13.359820123470126,N2,10,1149,1158
0.17770413672145083,0.8713586734454765,35.25697301222535,23.08674372616333,N2,10,1150,1159
0.17512852429757686,0.9051481869702279,35.17373701298857,23.02614585028641,N2,10,1151,1160
0.48101807330823476,0.9224174785780065,88.23834406452079,39.74028673764624,N2,10,1152,1161
0.5292575008702727,0.9287235378709916,83.49878772420197,36.09406376522129,N2,10,1153,1162
0.8083648113989057,0.912439864277431,98.38228467656954,51.71616434880234,N2,10,1154,1163
0.5221456525966801,0.8818743900390054,82.77217867489817,41.639730209678966,N2,10,1155,1164
0.4968243424058869,0.8361815903279449,82.75857230594701,41.625001981206516,N2,10,1156,1165
0.38125751860247875,0.7229563509471063,82.76798433726799,41.63518101462105,N2,10,1157,1166
0.21450622148389015,0.6516006162383576,85.16107547957435,39.53030730779392,N2,10,1158,1167
0.2246954960272376,0.5686753511838397,90.00556379290938,43.2606121003213,N2,10,1159,1168
0.004320379780114081,0.4264080870148881,88.46125135194742,44.5585683303736,N2,10,1160,1169
0.0008707174285518704,0.29414630530776903,88.56584760491096,44.67162199974591,N2,10,1161,1170
-0.37116036808490094,0.13657126480776186,35.57471007418353,28.036896780173993,N2,10,1162,1171
-0.3560200802617658,-0.009117493297632251,35.47869703295,27.96249976094914,N2,10,1163,1172
-0.711541656838591,-0.11385407872151276,20.824771244033037,12.588546444062377,N2,10,1164,1173
-0.5808805387554685,-0.20149866339934733,34.764320567779215,23.806614590249957,N2,10,1165,1174
-0.5143922711001607,-0.18438604743682135,34.752246465229106,23.793581717280176,N2,10,1166,1175
-0.34508194454900265,-0.16514130647169054,34.755290819113725,23.79687588991619,N2,10,1167,1176
-0.20506903680483218,-0.19375495608989937,32.279176011796515,25.811977057846526,N2,10,1168,1177
-0.24263914047382967,-0.2179899939180423,27.14247602623509,21.7658165105222,N2,10,1169,1178
-0.24636820313345426,-0.23728427159314053,28.27161131570174,26.350049386167665,N2,10,1170,1179
-0.317781552442068,-0.2553894274673894,28.290943103410974,26.31214978310818,N2,10,1171,1180
-0.08982864881652972,-0.2449313130991797,28.259616269166145,26.278292293155392,N2,10,1172,1181
-0.10948802482862448,-0.26728979441866374,28.271029854236257,26.290631785764344,N2,10,1173,1182
-0.07652775619119438,-0.301801261853128,33.040890072444014,29.94025161440077,N2,10,1174,1183
0.04927503714195609,-0.3528103797996593,34.53959445651053,28.612911312896905,N2,10,1175,1184
-0.06493800503678245,-0.41412361494252964,34.46616350316763,28.533500021904548,N2,10,1176,1185
-0.12802541667201126,-0.4123993100837616,34.52954105327808,28.5725893966679,N2,10,1177,1186
-0.10557421708930406,-0.3642357842013027,28.656948715548786,24.329974536853843,N2,10,1178,1187
-0.01443064991867118,-0.31570377260995597,29.030037585087847,24.73329350124004,N2,10,1179,1188
0.06713908414050138,-0.11077591090129175,26.391650690045207,18.89378055131092,N2,10,1180,1189
0.10303966680012308,0.1284974732729694,26.2171154593103,18.763895910068094,N2,10,1181,1190
0.07758969305680807,0.3565400185558737,26.347655520522675,18.90501206382105,N2,10,1182,1191
0.07364828097284999,0.5966339184412689,26.336557948563133,18.893025201902493,N2,10,1183,1192
0.00460682236078469,0.8106202868427467,24.086861082752876,13.27591783852622,N2,10,1184,1193
-0.24822133794936008,0.9740052671559098,8.69086387739153,3.4308446273913433,N2,10,1185,1194
-0.12431946821234874,1.0947644803518137,11.27764311369756,1.5038571277582378,N2,10,1186,1195
0.027815698167142956,1.1569611000922826,25.89870206546693,16.8545004475367,N2,10,1187,1196
0.05972889893872661,1.1721777180427253,31.680450885581376,20.998934717474185,N2,10,1188,1197
0.09662599987856879,1.1759251430660065,36.399171457278136,24.593216112683876,N2,10,1189,1198
0.17444095537093746,1.030705388659348,37.964020977386824,25.908581552373654,N2,10,1190,1199
0.18109447327207703,0.8199737867500752,38.08478683511203,26.03914236210476,N2,10,1191,1200
0.07890238675816477,0.6113232683731133,37.961185212935376,25.90553400432982,N2,10,1192,1201
0.1723944804431028,0.42051541547895044,38.00854458239701,25.956707570616707,N2,10,1193,1202
0.3335044451359238,0.23173044198764786,35.50906702494831,27.946573017418995,N2,10,1194,1203
0.6282510816681508,0.1708477187743469,52.259369904475896,39.063875515795374,N2,10,1195,1204
0.6135156833222709,0.10767523186657826,49.762750282224445,41.08835435734291,N2,10,1196,1205
0.6090512471975671,0.03890642092168193,37.52652431200913,23.621841373501958,N2,10,1197,1206
0.6198972555354544,-0.01998917599412948,37.701492528426755,23.810993861621682,N2,10,1198,1207
0.6521543427759525,-0.07168455493541614,32.92245274424713,20.15147020834629,N2,10,1199,1208
0.3587857458126166,-0.13524232067732242,19.025711907896767,8.959774924416706,N2,10,1200,1209
0.4002076481514507,-0.1605329177796854,19.050438830573693,8.986485509457998,N2,10,1201,1210
0.45864616302291666,-0.19075900837394782,19.008938857698375,8.94158541308425,N2,10,1202,1211
0.7083362448049456,-0.17195118961737918,33.66641016494323,24.31936084308618,N2,10,1203,1212
0.5253340645656579,-0.1609451318236772,33.682387183607354,24.336616899200454,N2,10,1204,1213
0.44222281751437437,-0.2670660365580311,35.02813615072737,25.61745391837685,N2,10,1205,1214
1.0403689415978534,-0.38709670499398996,35.00892096280368,25.59667262063376,N2,10,1206,1215
1.0413113042451698,-0.5082944053491965,32.63307887301926,27.751637064027456,N2,10,1207,1216
1.4202803396130093,-0.5868707023920919,59.842848843080716,44.700332551077736,N2,10,1208,1217
1.2513000693738205,-0.7049587553410348,59.8231592720942,44.67908063973882,N2,10,1209,1218
1.4384560831832176,-0.6811847459818935,75.19056036591573,54.49322967479602,N2,10,1210,1219
1.3967331807956669,-0.7063227603870927,75.20220484160454,54.5057976586555,N2,10,1211,1220
1.391341921956456,-0.7150179878417496,77.69940587739256,52.51349775839408,N2,10,1212,1221
1.165543309586252,-0.8193689633842197,63.011397461740856,37.102703378063595,N2,10,1213,1222
1.3722577593128051,-0.9405974812309246,63.002364725208466,37.09293209193565,N2,10,1214,1223
1.178216009001727,-1.0771769319348643,44.94302528268963,24.734482916511478,N2,10,1215,1224
0.5942220628109908,-1.262826376142278,44.97742127403107,24.771661405060875,N2,10,1216,1225
0.895073145591408,-1.4832217294431103,97.94608558324471,41.38217433765967,N2,10,1217,1226
0.4841528313773722,-1.743442129750082,67.90631609310003,22.331624227539578,N2,10,1218,1227
0.8118709809140683,-2.0006078364979336,82.50245016881527,37.62591724375816,N2,10,1219,1228
0.699295369794578,-2.4056496510577867,82.51484167648887,37.63931117210086,N2,10,1220,1229
0.7502876914808724,-2.758078393543299,82.5654258847535,37.69401161029382,N2,10,1221,1230
0.7220650230223555,-3.101870744702942,79.76039984674863,39.35356909644251,N2,10,1222,1231
0.690462011008276,-3.36675704564162,84.74526464896189,43.23558767594004,N2,10,1223,1232
0.6133440252594198,-3.6071579467289396,84.82684202994714,43.3237898747022,N2,10,1224,1233
0.7797437177741813,-3.6852486877095023,101.55119401685442,51.65831346431078,N2,10,1225,1234
0.5744050050486464,-3.7267532579070766,101.56018011147171,51.668018291764746,N2,10,1226,1235
0.15764874925361597,-3.6708450014781464,51.053265949701746,33.026890981940234,N2,10,1227,1236
0.17820707161611155,-3.5751937676713132,53.70865349005835,34.9399759098349,N2,10,1228,1237
-0.057558958934959034,-3.379752456778095,38.940016438224845,19.459200963829062,N2,10,1229,1238
-0.18505392384097946,-3.1169306870081313,23.833603506712826,9.927167240696145,N2,10,1230,1239
-0.13456660874263662,-2.87013259834242,26.278069830304595,7.8778250517956625,N2,10,1231,1240
-0.024400153087555054,-2.573941955749528,26.58925038000234,8.2142384150422,N2,10,1232,1241
-0.11261779200038972,-2.3070965772458565,21.628652428522763,4.329106754215172,N2,10,1233,1242
-0.14588918834047035,-1.9438639866593916,23.97694000360425,2.1758200972224584,N2,10,1234,1243
-0.11080368633713533,-1.70854276519851,22.555505786707364,3.585781525461061,N2,10,1235,1244
0.2835964235811218,-1.4398790042204226,36.97322150279579,18.687273382419516,N2,10,1236,1245
0.31557936415121046,-1.2438666668782958,34.684346242477474,20.904786232573677,N2,10,1237,1246
0.23298102916359653,-1.0873527532657192,39.57446226075626,24.68436943398556,N2,10,1238,1247
0.24475745908790714,-0.9475938041811347,39.7458994522829,24.869706130942358,N2,10,1239,1248
0.5540957411175953,-0.775927194836808,53.347002658197745,35.74181741321881,N2,10,1240,1249
0.62005183263866,-0.5311788605933984,50.76684943745276,37.64450928478764,N2,10,1241,1250
0.41006737733162024,-0.35922622640610485,45.00854146710408,33.525394357926416,N2,10,1242,1251
0.400538823903463,-0.20296706871689735,45.012603501263946,33.55915029596872,N2,10,1243,1252
0.43501124589805046,-0.1605070659972668,42.437517079657844,35.43788527274519,N2,10,1244,1253
0.1452439037682268,-0.13896208820579262,27.292775263551448,25.835050206984306,N2,10,1245,1254
-0.02881674679409798,-0.19420782875792925,12.80071449189927,10.653211313245265,N2,10,1246,1255
-0.11320209436830737,-0.24170035191534964,12.617941567795787,10.455605236438714,N2,10,1247,1256
-0.1504406507697297,-0.30922472606977464,7.801582128585869,6.755766921833856,N2,10,1248,1257
-0.15978442797438674,-0.3778114309198912,7.753063333987666,6.703301442274096,N2,10,1249,1258
-0.13532911715430487,-0.5179987852695873,9.336769897810882,5.4479278008620895,N2,10,1250,1259
-0.24428292221712128,-0.7812972932063673,9.324058145539311,5.434140772307001,N2,10,1251,1260
0.11806228303663033,-1.0107065220087121,29.850248812807695,25.033168631820445,N2,10,1252,1261
0.07820008991243413,-1.1995218314682077,29.787553241413114,24.965381699110004,N2,10,1253,1262
0.16447959241606896,-1.3209748595557074,34.71621145524405,28.816019332802533,N2,10,1254,1263
0.4492207464886576,-1.4277806710005208,48.26085366853367,39.65649034565941,N2,10,1255,1264
0.39517557684679333,-1.5109158802158689,48.35784751025858,39.76133404301872,N2,10,1256,1265
0.5304257891251893,-1.5335999314797135,48.36467005886734,39.768727117715024,N2,10,1257,1266
0.5620686520308936,-1.5229395171331348,48.337736719104576,39.73958363453494,N2,10,1258,1267
0.5723097718588918,-1.5009276724025895,48.445952355528426,39.85655125819248,N2,10,1259,1268
0.32354725069010326,-1.4387789642309343,30.287893405315845,27.98306005946797,N2,10,1260,1269
0.298534879352934,-1.2843192290360208,32.84294317174645,26.053303519121982,N2,10,1261,1270
0.03243189742790946,-1.1421134794692391,18.023772969067796,10.517923834370595,N2,10,1262,1271
0.131223424168644,-1.0305758287951874,18.12654283153388,10.629036166471632,N2,10,1263,1272
-0.02989030109475834,-0.9435060926574934,13.381897464470239,6.947897189985087,N2,10,1264,1273
0.06731698921398674,-0.8672216057831094,13.493215964134288,7.068211405341572,N2,10,1265,1274
0.08832421657116356,-0.7776743118621325,13.345434141979785,6.908460185395233,N2,10,1266,1275
0.04647361000037904,-0.6790836792324384,13.346498774472275,6.9096335139031,N2,10,1267,1276
0.010891419795689217,-0.6080229377382054,13.422134855240438,6.991406884052412,N2,10,1268,1277
0.25774766512487873,-0.5696080618249582,30.86409448696868,24.489560976005304,N2,10,1269,1278
0.47976771300968724,-0.4840599995203888,47.4436912297293,37.62411804016374,N2,10,1270,1279
0.423327838701465,-0.299657098767905,44.97587740694289,39.64818894613709,N2,10,1271,1280
0.44218132241430796,-0.12249636870786276,45.03115154072293,39.70797213272162,N2,10,1272,1281
0.4677626873128872,0.0467118534997482,44.993600918656014,39.667345491130256,N2,10,1273,1282
0.5745207851360362,0.19783746114280945,44.88761836493213,39.61155554631769,N2,10,1274,1283
0.28554688567887754,0.3393806346423844,31.052864337669597,28.486861822981155,N2,10,1275,1284
0.2846471270549273,0.47434815598878116,31.149294263812045,28.591113918973132,N2,10,1276,1285
0.13405456717700304,0.5983630385330855,31.098104124214295,28.535768525737513,N2,10,1277,1286
0.18108862914962742,0.7270753313903455,31.108779165919987,28.54731421606848,N2,10,1278,1287
-0.020133242285629648,0.8375338281482498,13.618567768256616,10.997018202238541,N2,10,1279,1288
-0.08642343913321611,0.8954991822298766,13.61421315253465,10.992301299676182,N2,10,1280,1289
0.07427236049284716,0.8071373083993449,16.0012556403708,8.880946070131904,N2,10,1281,1290
0.3648330557250631,0.7186151775939805,69.11428517792665,25.64734434762504,N2,10,1282,1291
0.1806892454037552,0.6825114028766379,69.09767975974246,25.629445663312072,N2,10,1283,1292
0.021969022761061295,0.6938024321810758,69.0154046918913,25.54051005115689,N2,10,1284,1293
0.45475375126995915,0.7501029194368556,94.67710591156137,49.77610520365342,N2,10,1285,1294
0.35596222452921894,0.7988109277960532,94.64742388839731,49.74401151988786,N2,10,1286,1295
0.37674899131740747,0.7903031934781467,94.67904951213495,49.7782002906868,N2,10,1287,1296
0.8263874964047716,0.7755534123715677,121.66854742603536,66.48893397046922,N2,10,1288,1297
0.8649006339631171,0.76291195095922,121.9851489826353,66.83113273145136,N2,10,1289,1298
0.571328111770066,0.685269387794466,108.10349349506942,55.655717066538635,N2,10,1290,1299
0.4795548524396963,0.6132617608168317,105.771271337277,57.82636709351209,N2,10,1291,1300
0.224626407793329,0.534512627002772,52.64248915141652,41.04290482725919,N2,10,1292,1301
0.2589452705165627,0.39798325472251717,52.65538784806995,41.056813953657546,N2,10,1293,1302
0.3616123003742985,0.18819968191449304,52.71649464797592,41.12290844395393,N2,10,1294,1303
0.10010270771056753,-0.07229250820275154,42.44187102280266,26.722719146241435,N2,10,1295,1304
0.14614592508999635,-0.3069443219845411,42.49856164287412,26.78399772089542,N2,10,1296,1305
0.2045948517957413,-0.5348715123407729,42.489997626257534,26.774720266778605,N2,10,1297,1306
-0.2904335063246378,-0.7335848643747497,12.633154083517002,7.921736373168824,N2,10,1298,1307
-0.3164999043565103,-0.9373413905496306,12.290932390689704,7.551815099467058,N2,10,1299,1308
0.0032335110132294177,-0.9704048572165803,27.75542675863908,17.450057069354806,N2,10,1300,1309
0.08860611902628648,-0.9569113704118507,27.561311532622494,17.240229541496955,N2,10,1301,1310
0.320966545492081,-0.8859220448427394,42.38139386097246,32.793764449493025,N2,10,1302,1311
0.39305696004947777,-0.811924703379853,47.12757687842095,36.417784956368266,N2,10,1303,1312
0.46045315900807965,-0.7038054468359689,47.21333242615947,36.51047863208805,N2,10,1304,1313
0.32695875733968477,-0.590690867529581,31.792554513061624,26.638612366797314,N2,10,1305,1314
0.3301985629896308,-0.498841139832183,31.77229078500168,26.616704481808846,N2,10,1306,1315
0.18805163108678472,-0.36873495738877154,31.693941876944884,26.5320411805129,N2,10,1307,1316
0.3518128713718284,-0.2615752564102408,28.762896831591206,24.511895042291144,N2,10,1308,1317
0.26001495076958464,-0.1509360078418524,31.271909265447174,22.532369635722716,N2,10,1309,1318
0.16943816529383185,-0.19403360760726115,31.150272006491285,22.42177231071837,N2,10,1310,1319
-0.04343786594930634,-0.272400592488664,31.28601347523727,22.568486723743263,N2,10,1311,1320
-0.340823993225456,-0.4201664916543123,16.549483039232292,7.0759359734307505,N2,10,1312,1321
-0.4493927896606579,-0.5450310220696835,11.818202627936989,3.4680462898417317,N2,10,1313,1322
-0.6241872213309136,-0.5880438436382676,11.644904245242651,3.2806741481406787,N2,10,1314,1323
-0.4064390035462225,-0.6128605616184345,25.679813945486238,14.621713507513778,N2,10,1315,1324
-0.3295862573849092,-0.5773300103000792,25.646941173901723,14.58619125846817,N2,10,1316,1325
-0.05089727269368609,-0.5720190189161656,25.70448023428107,14.619009964615543,N2,10,1317,1326
0.08620975484238898,-0.45419733864031714,48.94469946412428,36.27937819678773,N2,10,1318,1327
0.11512675254979854,-0.32885044225450744,48.954470606262475,38.29610552348022,N2,10,1319,1328
-0.006478396548175169,-0.1969814029927491,33.632313682926906,28.53085437549089,N2,10,1320,1329
0.07447040172054926,-0.07980258642382268,33.51466367952234,28.403678468477302,N2,10,1321,1330
0.09832201729715848,0.0598047129150018,36.020884887091235,26.450442133787146,N2,10,1322,1331
0.2507730219176835,0.18468263569728266,36.069280270718444,26.502731510761805,N2,10,1323,1332
0.5032583732395153,0.22581679409275068,36.15516058216963,26.56620950001452,N2,10,1324,1333
0.37119322194727716,0.26394043869230044,36.06452600582852,26.46826458764044,N2,10,1325,1334
0.725001679474957,0.29559388474239084,36.03959762925952,26.441285238759882,N2,10,1326,1335
0.6539976382995121,0.34538989500846073,36.073272191326396,26.50704488881747,N2,10,1327,1336
0.5288647896332008,0.30999290621673337,18.553586682529566,8.924923239632335,N2,10,1328,1337
0.54786061447046,0.3355118356511227,16.12706167767974,8.98747320899638,N2,10,1329,1338
0.8034960527755288,0.41989966755312197,29.994337961594283,20.14732169777999,N2,10,1330,1339
0.7656829044017229,0.6124250839797867,30.13700975440661,20.272147618061716,N2,10,1331,1340
0.5886547938288913,0.8585305615621636,27.569658657086258,22.18865639656651,N2,10,1332,1341
0.41978108100765327,1.1694567201337336,27.461168002104387,22.071407136283234,N2,10,1333,1342
0.42700139607918003,1.4799802951274033,32.30780024474152,25.833387381666398,N2,10,1334,1343
0.5091974356164826,1.780141368224045,32.96854245880604,29.91140754375665,N2,10,1335,1344
0.09070622924481313,2.0296808292535773,33.061105712532296,30.011497124432207,N2,10,1336,1345
0.0936219890012012,2.2579234474695653,32.943592169652405,29.884455277166126,N2,10,1337,1346
0.014930833057417204,2.5035156513043844,33.07511370389402,30.02661467905127,N2,10,1338,1347
-0.008293288013004486,2.677094088739436,33.014984918441044,29.932239059433776,N2,10,1339,1348
0.026631797949113432,2.7786487380709404,32.94898521127179,28.516679397789268,N2,10,1340,1349
-0.030597042888041416,2.808466075569963,32.819318950155136,28.40589408280939,N2,10,1341,1350
0.18429228072384946,2.768467349126875,33.01368856188856,28.616000385928782,N2,10,1342,1351
0.3548856443999625,2.636040043783781,32.98657549206109,28.586657073208336,N2,10,1343,1352
0.29345750324760617,2.491795073116987,28.13586566716767,24.849663488726947,N2,10,1344,1353
0.4424711747513868,2.375776878188314,29.055331486955403,20.856732878086042,N2,10,1345,1354
0.4139427838729318,2.219518803926543,28.951501295465278,20.744497238843906,N2,10,1346,1355
0.5892789980896396,2.0373614269149103,82.06757601852368,37.5143429275362,N2,10,1347,1356
0.6184579873356654,1.8146740226839142,84.50821107435986,35.46083398321789,N2,10,1348,1357
0.6498259762257191,1.6747999895295167,89.25752092113325,39.09173050655882,N2,10,1349,1358
0.43663656045114296,1.5007598013405072,75.39801351927672,29.284477867845272,N2,10,1350,1359
0.5965306505251305,1.2914566082192906,75.55984977143525,29.459407349125105,N2,10,1351,1360
0.831425416078497,1.072158315482497,89.95218193535547,44.55060258431695,N2,10,1352,1361
0.8299926811313924,0.8166275609251912,90.0361975658794,44.64144575063983,N2,10,1353,1362
0.7284543445467933,0.5807380817744019,90.12982369606179,44.742642533545585,N2,10,1354,1363
0.5488900605680953,0.24517321836935507,89.92907482709488,44.52572584251611,N2,10,1355,1364
0.6501194527163875,-0.0307675936455567,90.04924558685161,44.65562428356352,N2,10,1356,1365
0.3698994454466913,-0.28488113483163885,37.01041204387366,27.969291392310698,N2,10,1357,1366
0.21550186109304265,-0.5184330290047683,34.52083799031825,29.969888081326644,N2,10,1358,1367
0.1901661387536649,-0.8364408605322978,29.758230976155755,26.353998644477542,N2,10,1359,1368
0.30727223235533074,-0.9404764684054256,43.674185797108656,37.56648127407607,N2,10,1360,1369
0.10285150208855498,-0.9994661429368833,43.62844224451037,37.517050724640285,N2,10,1361,1370
-0.23668942001323218,-0.9838673459585763,29.03021603262969,22.203271054226207,N2,10,1362,1371
-0.16572474814023508,-0.9026633461469643,29.01779628028453,22.189837487788463,N2,10,1363,1372
-0.2047647841073342,-0.8412085130573189,33.73941026149187,25.78727142171847,N2,10,1364,1373
-0.4321313038634685,-0.7103358057033062,18.38454209230622,14.642379512725892,N2,10,1365,1374
-0.48144396370605025,-0.5985566710919699,18.236479902371503,14.482343676230812,N2,10,1366,1375
-0.43859846818812115,-0.469337665242179,18.375554911021755,14.632681777120888,N2,10,1367,1376
0.21494328015685368,-0.31549765054035817,51.81538851447476,41.075928689423016,N2,10,1368,1377
0.39517847935726425,-0.1355558525390677,51.885271989470496,41.151461394898796,N2,10,1369,1378
0.42254445307198696,-0.11791982074437897,50.29034333677773,39.80358532274768,N2,10,1370,1379
0.5375604375854948,-0.13739569289574546,50.24119947747822,39.75045147525598,N2,10,1371,1380
0.6383207076246776,-0.15313076096926892,47.49914700160734,37.74367214604354,N2,10,1372,1381
0.6063553819222932,-0.16215857055141072,49.325183509987255,38.9068914031086,N2,10,1373,1382
0.6371281214651219,-0.14428734471760407,42.491806058585645,33.98402056854466,N2,10,1374,1383
0.9283606987340136,0.08396815424678436,56.49371519245833,42.534662736223254,N2,10,1375,1384
0.9447075335817828,0.3179087280123909,56.50289688771736,42.54455506378436,N2,10,1376,1385
0.7695250812791017,0.5386727776885565,56.41912147864932,42.45400103964057,N2,10,1377,1386
0.4408249722667449,0.7266377771824424,22.978539713936335,16.00993392091332,N2,10,1378,1387
0.15193157394454032,0.9019823518133535,22.846699090796754,15.867410643010226,N2,10,1379,1388
-0.010086914581268046,1.0696342305099023,10.676540335021855,6.165883503270743,N2,10,1380,1389
0.015369137425858525,1.2314270540162198,10.71976331420883,6.212645314542169,N2,10,1381,1390
-0.10476554993558125,1.3405899822277392,13.451944997135433,8.179399247681431,N2,10,1382,1391
-0.21898285347252228,1.4384497527665843,16.366601632433593,10.634266965766438,N2,10,1383,1392
-0.19140434560782182,1.5125929055051615,18.29062218785548,11.756744712328508,N2,10,1384,1393
0.03231481273343206,1.430357392489357,27.976463695532583,25.82074084439082,N2,10,1385,1394
-0.02706552933358921,1.383558955080393,28.049763576077385,25.89999159161016,N2,10,1386,1395
0.12628822905699053,1.3823942103968434,28.00844778607425,25.85534150510939,N2,10,1387,1396
-0.049616400387782277,1.3494045070811267,27.984810776596714,25.82978617464978,N2,10,1388,1397
0.10206484301887145,1.2943903792385298,28.047991384807393,25.868723850142125,N2,10,1389,1398
0.38844394420725054,1.3780540000903243,41.82677401876572,36.932933756813874,N2,10,1390,1399
0.4161493375163673,1.5362518006992851,41.83328691418719,36.93992236650156,N2,10,1391,1400
0.4178131934836472,1.6742204160419512,41.85341943576859,36.99104622729355,N2,10,1392,1401
0.5341917619495462,1.8416794145597783,37.029541596426135,33.28304462316883,N2,10,1393,1402
0.690115555474614,1.9867678033898855,37.2360174444766,33.47687487219737,N2,10,1394,1403
0.22478569319647476,2.051127215148424,13.561349065610557,10.876378997018765,N2,10,1395,1404
0.3707176330640948,2.0596283285208905,13.651795266482804,10.974111253510637,N2,10,1396,1405
0.363178972081829,2.0014075865165544,13.656336443094187,10.979017064579967,N2,10,1397,1406
0.22477840643224453,1.9381187816355052,13.616105111296928,10.935532369123393,N2,10,1398,1407
0.18981351115750728,1.8728775502301076,18.39585175328393,14.625192922804853,N2,10,1399,1408
0.02570933777025175,1.6268019872830337,18.309793988706225,14.51227790694029,N2,10,1400,1409
0.04112078582382424,1.400975953961875,32.96033396608691,29.882590837732277,N2,10,1401,1410
0.1787989906112955,1.1706067181660778,32.95950528155372,29.881710164239486,N2,10,1402,1411
0.19320753751370034,0.8879669539367889,33.037562669037285,29.96610875435217,N2,10,1403,1412
0.05843647763220474,0.5821230932746267,32.814592919485584,29.754449877766454,N2,10,1404,1413
0.29306138163949524,0.49169864446380557,48.432706400768076,39.83951811543302,N2,10,1405,1414
0.2406132611881901,0.4102779591650993,48.36415157226147,39.765436274655805,N2,10,1406,1415
0.21179838619027577,0.3231790908674732,48.24404266846177,39.63557548410681,N2,10,1407,1416
0.2646217974206195,0.2438717511624894,48.3715866144812,39.77348957621216,N2,10,1408,1417
0.2725839503132136,0.18578746082461067,46.06961976305174,34.09988114883599,N2,10,1409,1418
0.07262721843769668,0.13137662149233478,32.318196910452386,23.085138190158613,N2,10,1410,1419
0.04173610026942924,-0.038641853960979945,17.508085323387785,7.542343713781156,N2,10,1411,1420
0.3921306433259247,-0.20502067532563686,70.66846996093008,24.359916057538793,N2,10,1412,1421
0.20055595290936595,-0.3353572365751205,70.6769886359245,24.36909908774687,N2,10,1413,1422
0.030414120313832883,-0.4316572628445641,75.62152056347477,28.207530442001733,N2,10,1414,1423
0.07146820115386276,-0.7311574452055651,73.89365775168262,29.307157332704083,N2,10,1415,1424
-0.06382347281715398,-0.9720384852180409,73.79102640381534,29.166847570770916,N2,10,1416,1425
-0.013523407268456822,-1.1629176336564995,73.99530231049648,29.387680691402057,N2,10,1417,1426
0.15278385942353906,-1.3234680969415968,86.96074303348215,43.43062047912535,N2,10,1418,1427
0.0688743875620105,-1.4935078196107299,84.48288431172041,45.44385435941367,N2,10,1419,1428
0.27344218013324734,-1.5524096763295012,99.85868377063598,55.26708925600542,N2,10,1420,1429
0.1295971405270052,-1.4597933033406776,99.95052209135974,55.366370163592364,N2,10,1421,1430
-0.38456994084582447,-1.3342850665526016,46.871579774291604,38.63681924776829,N2,10,1422,1431
-0.28572205489369934,-1.2211998902630044,46.78187821481988,38.539852975276155,N2,10,1423,1432
-0.03920818488900295,-1.0389225236628916,42.049945542559,34.93124738177939,N2,10,1424,1433
-0.3886405665715813,-0.8362858100281955,28.18536635149285,23.77428758696842,N2,10,1425,1434
-0.29165219900963846,-0.6443000909404297,28.226774815205136,23.848409243622154,N2,10,1426,1435
-0.32940622566583216,-0.46367489098900594,28.25238579656143,23.846710925235676,N2,10,1427,1436
-0.42202985916720764,-0.2963605300338152,15.15241358933854,9.658309457913129,N2,10,1428,1437
-0.3978771217027656,-0.08223569358704239,19.910017220595183,13.294670347925422,N2,10,1429,1438
-0.3962707366622965,0.06743622529446754,18.316546644664776,14.53950167838193,N2,10,1430,1439
-0.1375971419001644,0.17458409885682685,18.378398661737446,14.606359784137748,N2,10,1431,1440
-0.008235670540216233,0.27265736479087366,18.37835932093076,14.606301251702826,N2,10,1432,1441
-0.07583115181877816,0.37346574328578086,18.423899748670372,14.655530607982655,N2,10,1433,1442
0.10182778303676514,0.47159300002036203,33.06325153252037,30.01373255472645,N2,10,1434,1443
0.24676346176324843,0.563950012519215,46.917367626191115,41.15936999705373,N2,10,1435,1444
0.22130740975612184,0.6669306329270462,41.09968777945905,36.976114108826,N2,10,1436,1445
0.29479640572303084,0.8121338048749003,40.89525318865344,36.78452562961902,N2,10,1437,1446
0.31405121128187263,0.9545713477224617,40.98630201704655,36.82420896256444,N2,10,1438,1447
0.43937333712642046,1.055095928419687,38.80901806508846,31.253875007975875,N2,10,1439,1448
0.2504483903186895,1.1427596536488813,24.959242951761553,20.11292675195873,N2,10,1440,1449
0.018707149797211286,1.1356431906341597,24.726301345572573,19.831744418248853,N2,10,1441,1450
-0.09325762604715351,1.1266863455490423,24.936490394910653,20.058971407327043,N2,10,1442,1451
-0.09460108498568616,1.1024203096581622,24.912069577220244,20.032573345336278,N2,10,1443,1452
-0.2794626463656414,1.0268150114049959,10.197281635875697,4.592809076511185,N2,10,1444,1453
-0.043290874719099294,0.9627432797257824,13.233974996948382,7.229233622145694,N2,10,1445,1454
0.5217217267967215,0.9428041821553371,19.088579174058395,11.45244383808822,N2,10,1446,1455
0.6315961012056335,0.7829405817691253,19.21038763235847,11.584087515065766,N2,10,1447,1456
0.9048527822377708,0.5441429125246579,46.45578008358716,28.630037066594376,N2,10,1448,1457
0.8235672777975935,0.20570829060468582,43.74851172081689,30.426780435625552,N2,10,1449,1458
1.1327824994697493,-0.10109939914215857,59.21151661006443,40.34425387595038,N2,10,1450,1459
1.4723000392549808,-0.4737794167755659,74.08124679475368,55.980878203907196,N2,10,1451,1460
1.5808387302104847,-0.913604639056188,73.87066433413493,55.753241484436145,N2,10,1452,1461
1.6347505821886614,-1.4017984258614327,76.33425697537314,55.70137405486021,N2,10,1453,1462
1.4132333197142202,-1.9015156371560267,76.47516028661047,55.85370370787423,N2,10,1454,1463
1.1435278349799602,-2.456206167193147,59.55267259005268,42.037379980881816,N2,10,1455,1464
0.6883873985770095,-3.1461834986228583,59.587614469919934,42.07513846064394,N2,10,1456,1465
0.5460005360355012,-3.7744795305337013,59.56709528736392,42.05297551317126,N2,10,1457,1466
0.29251325151384433,-4.349881340950697,29.494700371707587,22.96712452422289,N2,10,1458,1467
0.2949099213948273,-4.790921265957728,29.621333328013133,23.104001908138162,N2,10,1459,1468
0.248331989921536,-5.2347669369753715,28.035272032659122,24.336925661233543,N2,10,1460,1469
0.06279651326415774,-5.652048080797771,12.679398309526004,8.174834051181097,N2,10,1461,1470
0.029943253749132738,-5.971518118030303,13.405905115240603,8.960143321360373,N2,10,1462,1471
0.08840917655447811,-6.2292255384958946,15.718463526076812,12.668432711857168,N2,10,1463,1472
0.21467392195871185,-6.419589577379196,15.659700197115308,12.604881979283528,N2,10,1464,1473
0.46939289100830023,-6.425100370839334,29.445030898019468,23.67620594244363,N2,10,1465,1474
0.3840733707856714,-6.367195869265332,29.48209150870316,23.716257071270228,N2,10,1466,1475
0.47569213233022084,-6.219759271849656,44.157731210367636,39.113672448971194,N2,10,1467,1476
0.4696099840371858,-5.975773249187931,46.88057330979791,41.099700406060585,N2,10,1468,1477
0.5450350604915514,-5.737760733786912,46.90972275386448,41.101843568164625,N2,10,1469,1478
0.3121344626999928,-5.478128153054099,33.021745571940116,29.939531444993918,N2,10,1470,1479
0.3491094860153794,-5.106388399958652,33.73095987953857,30.73551891956813,N2,10,1471,1480
0.4470949375666919,-4.7298800613867815,32.998708604383864,29.944004444332677,N2,10,1472,1481
0.3506631421033603,-4.311096143520963,28.22378308068219,26.28890590517549,N2,10,1473,1482
0.34319871164641425,-3.8967975851428123,28.236279217559787,26.30242480035158,N2,10,1474,1483
0.12779115497622798,-3.5639690381068876,28.3561442971346,26.43196970291465,N2,10,1475,1484
0.00036501736100831296,-3.021076461033181,28.260847947874574,26.32896010202676,N2,10,1476,1485
0.08092551164648398,-2.547535127436558,66.50692558945521,27.49134762002577,N2,10,1477,1486
-0.04691002039748469,-2.0973314828946457,66.62965146974238,27.59468953970063,N2,10,1478,1487
-0.02768826881296036,-1.6736769868974364,71.39602951439447,31.269908144083455,N2,10,1479,1488
0.25370207696390706,-1.254609361519556,85.29700677533765,42.46616288564983,N2,10,1480,1489
0.12647950781458803,-0.8645568257199358,85.30924606664557,42.47937982679214,N2,10,1481,1490
-0.017232297345503866,-0.5247691233138795,85.2027483107624,42.3642816835978,N2,10,1482,1491
0.022591882154324595,-0.2310988639831777,85.24173797433032,42.40642274427082,N2,10,1483,1492
0.2122063496357555,-0.0038299159844086715,99.90833249086208,57.79407174947046,N2,10,1484,1493
0.14774507390638975,0.15567525049189895,85.99772155362734,46.58738078114184,N2,10,1485,1494
0.36075590556120574,0.12360564792575986,86.01821333581829,46.60955676992744,N2,10,1486,1495
0.2662919776440106,0.1013385055581267,33.16867682749144,30.127791106312362,N2,10,1487,1496
0.22824031793878136,0.011039433377754903,35.477865529426346,27.96162647296878,N2,10,1488,1497
0.0669838968567035,-0.0696537905884412,30.739502273460676,24.346087750105653,N2,10,1489,1498
0.050752069878734575,-0.22009975818218663,30.710354485780407,24.314616491497144,N2,10,1490,1499
0.1710622323405687,-0.39584781924719153,30.747984515803545,24.35531572695254,N2,10,1491,1500
0.269939771030721,-0.5927344223393363,30.757188349744684,24.365248107224033,N2,10,1492,1501
0.3654604408013711,-0.7696712440627124,30.81349765179766,24.42611675868975,N2,10,1493,1502
0.2534209152889275,-0.9376681943974603,22.97029878150206,10.886698619898379,N2,10,1494,1503
0.48007566616300323,-0.9598078835653894,36.85462425373771,22.0649753574995,N2,10,1495,1504
0.29211377339419187,-0.9444471396708224,36.81674745105265,22.023987728865176,N2,10,1496,1505
0.17093149937897464,-0.885897998772711,36.7213450125877,21.92083134220011,N2,10,1497,1506
0.16201975939313798,-0.8013258036354415,34.376075378827956,24.07733172699154,N2,10,1498,1507
0.2598850598323736,-0.7374173685469202,33.19178099690616,22.79715098683373,N2,10,1499,1508
0.0259777776384567,-0.6394397752744652,11.274619268094103,6.445381548300065,N2,10,1500,1509
0.24291612724385345,-0.5587510655892487,25.89324525670163,21.781169581713037,N2,10,1501,1510
0.1388674169406329,-0.40635333356569847,25.87372775400072,21.760066507056035,N2,10,1502,1511
0.09739191681184707,-0.27475671611354924,28.217115737181302,19.601495907545903,N2,10,1503,1512
0.19080468965919978,-0.1261193199568879,21.516436519743728,17.856542733411334,N2,10,1504,1513
0.14495559201975539,-0.07886617407229721,23.019041315734647,16.513530147865822,N2,10,1505,1514
0.3488973195957499,-0.11830735671900641,23.052734185509326,16.54996648998567,N2,10,1506,1515
0.3202211608848359,-0.19636541430526505,23.079508322401672,16.578903003223967,N2,10,1507,1516
0.37485971397221646,-0.28034145349616324,23.060956922039622,16.55886126517289,N2,10,1508,1517
0.322953022375259,-0.2683121887752719,28.926208606327418,21.392512272108434,N2,10,1509,1518
0.5702223521408939,-0.11393813463338062,50.87802074083156,37.78170471832127,N2,10,1510,1519
0.31957750279538005,0.03390297245341287,36.25253539362384,22.438497125329015,N2,10,1511,1520
0.3623074649103842,0.13561441781099576,36.240082518062266,22.425027708506242,N2,10,1512,1521
0.33701710626488646,0.2316148763945307,33.91587074841154,24.604337432594185,N2,10,1513,1522
0.16665462123865496,0.30196988529537805,33.69843909714327,24.369294254656417,N2,10,1514,1523
-0.0640592994762244,0.32546924579962705,18.343193536305627,14.568298800193588,N2,10,1515,1524
-0.2516942654225488,0.3989530125628903,18.219509264578665,14.434609419306799,N2,10,1516,1525
0.03950844347152156,0.45820496681935197,33.00106812261947,29.946540092837676,N2,10,1517,1526
0.06017166260480735,0.5238963924193968,32.996142534948014,29.941204987459788,N2,10,1518,1527
0.02665125928238581,0.49112129802152255,28.255021404253057,26.322652589093195,N2,10,1519,1528
-0.04278937608472688,0.3175441847755593,28.301548954012834,26.37294424571519,N2,10,1520,1529
0.039856702441443306,0.14894740687924185,28.262724674852507,26.33097144592175,N2,10,1521,1530
-0.02564394927981084,-0.014490510902226106,28.30811981136285,26.38005430244375,N2,10,1522,1531
-0.00035359063431315005,-0.19108352498607814,30.655975718273112,24.13168720123722,N2,10,1523,1532
0.06309322599602751,-0.3567735573586305,30.793967971984966,24.310264964131783,N2,10,1524,1533
0.31776100533478485,-0.35841248211644083,48.81007162730166,36.62197158184718,N2,10,1525,1534
0.3938125268303622,-0.39849809342081244,49.05898762424549,36.89103847774095,N2,10,1526,1535
0.09277101519463712,-0.43303568349455474,34.25235349712675,21.35202292778631,N2,10,1527,1536
0.4300479498360176,-0.4787433502376473,62.45943589310773,38.39124536407617,N2,10,1528,1537
0.5157603683870036,-0.49706690702576567,64.87035214977804,36.305710938024276,N2,10,1529,1538
0.225444428957087,-0.5220734655687949,51.05763107359162,25.204824111465133,N2,10,1530,1539
-0.028271702714130244,-0.5424539093431633,51.08206070113302,25.231247729283496,N2,10,1531,1540
0.09269087585228135,-0.5598970308639224,51.12532900882288,25.27798925734096,N2,10,1532,1541
-0.030709688539360513,-0.555987543153418,48.57013235973718,27.302236503232415,N2,10,1533,1542
0.2251548097497448,-0.5670132531169912,63.15806366768011,42.60483544145609,N2,10,1534,1543
0.3193137016300341,-0.6282557946196988,60.53744806101895,40.137611791217935,N2,10,1535,1544
0.34334759339650417,-0.696872654866769,60.36013826482667,39.94591471779495,N2,10,1536,1545
0.42386666255423505,-0.7508723334872798,60.53874052970932,40.139002249279294,N2,10,1537,1546
0.07445699853868178,-0.8141196671737163,29.53281922953247,21.03162109600307,N2,10,1538,1547
0.04946283781378043,-0.8377485875421229,27.1144814625819,23.10916772091441,N2,10,1539,1548
0.3410538884671155,-0.7974354263810938,40.921031632920496,34.20337793922008,N2,10,1540,1549
0.558536482871574,-0.6529308544626758,40.89324561348694,34.17331182329217,N2,10,1541,1550
0.9742205847520324,-0.5042492484476042,93.87687733253696,50.799983795012665,N2,10,1542,1551
0.9284263006252956,-0.3474726337771301,98.77163053251425,54.584586729239525,N2,10,1543,1552
0.6882888949352832,-0.16353563691710632,84.07946264418497,39.16930974543575,N2,10,1544,1553
0.30180657180965226,-0.0268049578002973,68.6789992047903,29.319392369555864,N2,10,1545,1554
0.3534636155623616,0.11555478893835414,71.26855789246838,27.42694524939943,N2,10,1546,1555
0.35170397278147336,0.24607968599037236,71.00333285086671,27.140244402352984,N2,10,1547,1556
0.4365033023172543,0.3950447587558529,73.86562206462841,29.27700946382538,N2,10,1548,1557
0.32493002251340497,0.49204049591490673,73.82927405405644,29.23771348880473,N2,10,1549,1558
0.3523840745348821,0.5779385353763388,75.28868143911168,27.848027374759113,N2,10,1550,1559
0.368190434904551,0.6063185258109627,90.03834967177026,43.30827052251698,N2,10,1551,1560
-0.055666970308072904,0.6221971781148937,36.99849881749687,26.62087550447395,N2,10,1552,1561
0.08882978419983374,0.627519515391674,32.21842401443937,22.96021965853142,N2,10,1553,1562
0.04702510838608305,0.6129483794311227,32.23820683672602,22.981575109197728,N2,10,1554,1563
0.3704122433611133,0.6419263014293051,47.599689056741774,34.11375230251652,N2,10,1555,1564
0.39005974366853025,0.707098584716519,47.51565120092855,36.02905217177177,N2,10,1556,1565
0.47747029942404423,0.7590033360097095,47.67683782637905,36.203257281689005,N2,10,1557,1566
0.39923133222624757,0.8032896964334896,52.38478822600155,39.76006060351356,N2,10,1558,1567
0.5737798680771903,0.8415503043180053,52.41485791220039,39.79254169383857,N2,10,1559,1568
0.37467449570473266,0.8213169960084145,37.0967938581678,30.03170457161832,N2,10,1560,1569
0.2515858089855101,0.7378892613854873,22.265454249579488,14.483195048732886,N2,10,1561,1570
0.2785410095746556,0.6531098306559784,22.341686230834604,14.565575839380472,N2,10,1562,1571
0.2882383569547301,0.5761047140609691,22.363165397007833,14.588809559868242,N2,10,1563,1572
0.35537035134490225,0.506314983424582,22.332596498340717,14.555785606649442,N2,10,1564,1573
0.38718000909157124,0.36829400242253313,20.845679701415065,14.591380072632456,N2,10,1565,1574
0.9459444453678543,0.2488296655832613,18.365657502206158,14.59611304809805,N2,10,1566,1575
1.3029005903818416,0.134369559687633,29.831481720674493,27.602548450282484,N2,10,1567,1576
1.4423991372013574,0.08119220249064937,25.008287286736596,23.891788735925367,N2,10,1568,1577
1.436443588225552,0.033055641913253456,25.021868709340925,23.906473970229854,N2,10,1569,1578
1.6899243620237598,0.1443540056000984,40.3415921304957,33.66910506736531,N2,10,1570,1579
1.7750811348420712,0.269037513348124,40.52711462500738,33.86963518614939,N2,10,1571,1580
1.7265125852839218,0.39522629304171064,40.39929298994976,33.73146605798975,N2,10,1572,1581
1.6545024756613542,0.5088690733180983,40.44550892725383,33.781394418921266,N2,10,1573,1582
1.445720420967382,0.6217188449021307,45.18368941374647,37.396779155136755,N2,10,1574,1583
1.2621324006285364,0.708840615651934,31.397475826188746,26.324561397943036,N2,10,1575,1584
0.546556285028123,0.8278936413034103,31.448123588215093,26.379301233375735,N2,10,1576,1585
0.07583464104016002,0.9446343318555108,19.930284593043325,13.316657450507773,N2,10,1577,1586
-0.0025097181209503107,0.9962339779447887,19.941969698182948,13.358674283148138,N2,10,1578,1587
-0.12939016885798083,1.0364791841294476,19.929059613935532,13.344723489346507,N2,10,1579,1588
-0.24832448086219755,0.9460439010442713,16.786282730138918,13.29098071241242,N2,10,1580,1589
-0.3889835572220818,0.8983551571402046,16.74853349715413,13.250189761080401,N2,10,1581,1590
-0.39605009631944765,0.8472161482822429,16.829608675996134,13.337808445599512,N2,10,1582,1591
-0.31075301176667836,0.8068082173158189,16.812977061833955,13.319836045095144,N2,10,1583,1592
-0.02625402964395107,0.7437352552560839,26.683269797572574,25.02927674593302,N2,10,1584,1593
0.12491699933361815,0.7313561638543604,42.04531209838315,34.83758467665321,N2,10,1585,1594
0.1903550355478842,0.7169451644878138,41.97173644453433,34.75805418905948,N2,10,1586,1595
0.10267572937625573,0.7419953911755328,41.963011319625366,34.71923659576423,N2,10,1587,1596
0.08572495403079756,0.7606436752422269,42.03643847289786,34.798606428406494,N2,10,1588,1597
0.1048457077905482,0.773613084120251,46.77556489028939,38.41502216996596,N2,10,1589,1598
-0.07954913193067341,0.7440254633327555,34.583948632125974,28.690263013335787,N2,10,1590,1599
-0.035222816366149344,0.67640033042683,34.530204068640884,28.632124208682946,N2,10,1591,1600
-0.15838485976802302,0.6029503906757185,34.541050596044805,28.643890133682724,N2,10,1592,1601
-0.14339644167949928,0.4791876758670213,34.422791960627364,28.516058102418175,N2,10,1593,1602
-0.3245526610637285,0.3629812354214351,19.838847741493375,13.21770773928365,N2,10,1594,1603
-0.37458298817284685,0.20719463266533467,19.849805781705072,13.229556914146087,N2,10,1595,1604
-0.44710093045382565,-0.05342185065492515,19.907364621969464,13.291772261378355,N2,10,1596,1605
-0.4618916104559503,-0.31224926423194005,19.96412519274454,13.382489700262521,N2,10,1597,1606
-0.49867547649096194,-0.5574695214091179,19.87605136356724,13.287260611105012,N2,10,1598,1607
-0.4996346308247439,-0.7379601355968901,15.090008849005972,9.620124257166754,N2,10,1599,1608
-0.1719581626802551,-0.8034563034968955,38.62399680068338,32.08205887278382,N2,10,1600,1609
-0.24012090235833056,-0.7804566738972625,38.58556361728988,32.040538624482,N2,10,1601,1610
-0.07536048155949401,-0.7376846741714218,38.599283048539654,32.055349190680865,N2,10,1602,1611
-0.17402333082575297,-0.6481498396659532,38.70539638219052,32.17003928315753,N2,10,1603,1612
-0.23423044366933254,-0.4891822337688808,38.69212746807752,32.15573226450651,N2,10,1604,1613
-0.42432944775238185,-0.3488288742599025,28.023885154083835,25.914801167318366,N2,10,1605,1614
-0.37848784032779575,-0.14928016957796614,27.988187312558875,25.876230046838465,N2,10,1606,1615
0.0040849758771514645,0.016387502056127802,80.90100682909542,42.426397611347056,N2,10,1607,1616
0.4827122203899307,0.18984772551988555,110.13158594034466,58.512301055186256,N2,10,1608,1617
0.5367762343127879,0.3165842680677258,110.1993051012847,58.5561465677798,N2,10,1609,1618
0.3556347697574097,0.34645066075341047,103.3860391674505,44.42484217398523,N2,10,1610,1619
0.4477802601579469,0.28639772257485846,103.45898706209263,44.50371739401017,N2,10,1611,1620
0.4999291818732218,0.2135196519384408,103.40702867107757,44.447543356811366,N2,10,1612,1621
0.471793559226046,0.1395985115385173,103.34258135682175,44.37791968352467,N2,10,1613,1622
0.5206399918065359,0.03153779017135605,103.43556080803538,44.47841691657668,N2,10,1614,1623
0.752208191899183,0.014267354945727107,113.93789043818688,51.864412456691205,N2,10,1615,1624
0.9829926421443929,0.05672479957280245,128.69393315277412,67.33156253404522,N2,10,1616,1625
0.6616250967726955,0.09399921763417751,75.76735867681563,50.76652994715842,N2,10,1617,1626
0.2832990482138712,0.17253425414890558,43.789542526220615,32.66825688252065,N2,10,1618,1627
0.3398545954664883,0.24575480823576185,43.7756098309459,32.682563461100656,N2,10,1619,1628
0.10861846443457353,0.3152505387994495,27.06975465231517,24.33863721486414,N2,10,1620,1629
0.13235360284501213,0.3802228996296094,27.02331699948263,24.288447657602227,N2,10,1621,1630
0.06444447579688131,0.4423165335732932,27.0082272382002,24.272138328833535,N2,10,1622,1631
0.17796830132198238,0.508242521213117,31.879126176591672,28.030958970564097,N2,10,1623,1632
0.1874488942781795,0.557459409419718,31.75966804312775,27.901855664790492,N2,10,1624,1633
0.2114261756139399,0.501048262089489,31.838165340818524,26.662339938559306,N2,10,1625,1634
0.0323848954035725,0.3365613156936206,17.121963674640575,11.238252184130397,N2,10,1626,1635
0.15169315914024536,0.1718028503443378,17.059602518916655,11.1708671334869,N2,10,1627,1636
0.16245451255324497,-0.045637755578297856,19.89235493691522,13.275713424529386,N2,10,1628,1637
0.01398944110536604,-0.24361290229103078,19.877111368408077,13.259261712217995,N2,10,1629,1638
0.2866667730172594,-0.3071916744871032,33.737955302829505,24.441535205383115,N2,10,1630,1639
0.25043266399067077,-0.36957428260399466,27.91271436653624,20.25007398946618,N2,10,1631,1640
0.20750581762383719,-0.42183897256741715,27.83230168006994,20.16314015230091,N2,10,1632,1641
0.2968255860956674,-0.47938829051382187,37.79393399517721,31.97128812925366,N2,10,1633,1642
0.33316068020604916,-0.4820262858431761,37.80654430693394,31.984903830449184,N2,10,1634,1643
0.0773250444006635,-0.4150019736406364,22.454318639432312,22.18710749148522,N2,10,1635,1644
0.11987466129276073,-0.28893495915271217,22.478888361077406,22.213688037446992,N2,10,1636,1645
0.055437860523989003,-0.11239509320361094,22.460270012055116,22.193573956198087,N2,10,1637,1646
0.04096185350143742,0.060593207326377296,27.13753165176022,25.74307060852516,N2,10,1638,1647
0.033813436730599736,0.21178123242780486,26.97690316900116,25.56942967312134,N2,10,1639,1648
0.1320423748408416,0.23305285545826565,27.18830566208926,25.797891759725463,N2,10,1640,1649
0.17031375702249535,0.25005162125444824,33.06755175869621,30.047693702922697,N2,10,1641,1650
0.13380556468749774,0.30116255128470754,33.116928402120536,30.101098149950122,N2,10,1642,1651
0.1008086952321264,0.3550346262294852,18.399793773089186,14.658832744808024,N2,10,1643,1652
0.06227346079588188,0.3480355646154806,18.436878388068,14.698907091786532,N2,10,1644,1653
0.25375312463224875,0.4703554249369802,32.24429174307734,25.79409216872955,N2,10,1645,1654
0.22108824653669218,0.6742398256444545,32.16094636052294,25.703982297933543,N2,10,1646,1655
0.43145260663984575,0.8184947277294071,32.221102498550316,25.76900800032672,N2,10,1647,1656
0.3126735591948432,0.9579952793706298,27.491633957052546,22.16305775306755,N2,10,1648,1657
0.5256742094656375,1.0873741208623584,42.38104890650284,37.79154296837514,N2,10,1649,1658
0.3015565159440371,1.2505945706813635,28.295789520187828,26.39609875173046,N2,10,1650,1659
0.21214198391443234,1.4041477178744344,28.19388067430409,26.256593851424988,N2,10,1651,1660
0.48292909585975397,1.5108694132169689,28.284435830685833,26.35448373998952,N2,10,1652,1661
0.4860682198934455,1.6424195937654247,28.234906388317178,26.300959252443864,N2,10,1653,1662
0.5284557450915031,1.7677128905883848,33.00970820950897,29.93004280724417,N2,10,1654,1663
0.6708083396716347,1.6925133058145974,33.073397301035584,29.99887522728968,N2,10,1655,1664
0.6725376306670796,1.4634218522981173,33.09343832035229,30.02054744441775,N2,10,1656,1665
0.2904286458962588,1.2294391753385612,33.09501642070681,30.022220356400066,N2,10,1657,1666
0.17897682464318904,0.9664907649394735,33.084010308586585,30.010335105987178,N2,10,1658,1667
0.08365774869021152,0.7226918742720215,18.371888643749116,14.573499086238007,N2,10,1659,1668
0.26582079548427373,0.44565105236283103,32.21051900671155,24.358160592927742,N2,10,1660,1669
0.32764833402776505,0.19108301336756597,32.2675430401534,24.449164150186697,N2,10,1661,1670
0.02466811078278397,-0.06600203822675894,32.27538738489093,24.457638858869906,N2,10,1662,1671
-0.11985805666772649,-0.3658730236275517,32.2639868562881,24.44531348341625,N2,10,1663,1672
-0.15379894189701418,-0.6680995608443083,27.434270293769078,20.756862309713323,N2,10,1664,1673
-0.50736421762482,-0.9548789508285183,13.513719588844106,9.539459038237691,N2,10,1665,1674
-0.37371300638619687,-1.2023835244677799,28.276718774538313,25.03129799326198,N2,10,1666,1675
-0.2887839914065694,-1.3929220854538158,28.265749034839974,25.019438754895965,N2,10,1667,1676
-0.1459795774533177,-1.4521287765196405,28.193761456219363,24.94163745734113,N2,10,1668,1677
-0.12841967889396527,-1.4764277666616834,33.04290034793958,28.67690182244478,N2,10,1669,1678
-0.20233726429404442,-1.540188765333363,32.951669556819255,29.92255949009268,N2,10,1670,1679
-0.03332378320963016,-1.625594988929501,33.01373090181441,29.960270298165415,N2,10,1671,1680
0.3214908911931957,-1.6758676470767653,85.98360483430588,46.572048449904834,N2,10,1672,1681
0.39184596280452977,-1.7005099332398204,85.96576441673388,46.552786773010304,N2,10,1673,1682
0.47614104768551896,-1.7201481991256826,86.07473209761956,46.67057887459741,N2,10,1674,1683
0.7813252885321844,-1.4806279138769611,99.93752418945515,57.82558613397559,N2,10,1675,1684
0.8090241664244786,-1.2565279610317561,85.23175807038788,42.39558600482851,N2,10,1676,1685
0.980093502934335,-1.0692617120433368,85.22157345916784,42.35521607753763,N2,10,1677,1686
1.0364780253497656,-0.9697901024325688,85.30425162606844,42.4445505408039,N2,10,1678,1687
0.9194659714572936,-0.9080437972675725,80.50390167413279,38.762011981477556,N2,10,1679,1688
0.7317562442514032,-0.7649231233267357,66.67093089882982,27.60984000794924,N2,10,1680,1689
0.6001377014448621,-0.6044662260387753,66.60582978638703,27.56886936029259,N2,10,1681,1690
0.5909708769368649,-0.40495447827047143,28.319474756222917,26.363015875753625,N2,10,1682,1691
0.4805616496242237,-0.11701290169526431,28.275730761114392,26.315717012235837,N2,10,1683,1692
0.49626962325091883,0.23502213529827998,33.00392824955634,29.92029305103133,N2,10,1684,1693
0.4977826303416009,0.3297430961757243,34.561580432992194,28.63675006602716,N2,10,1685,1694
0.3115068623537468,0.41945895334853844,34.48391090831865,28.552797762861882,N2,10,1686,1695
0.8576882055174906,0.5160371797072457,34.57586471355607,28.681553511343374,N2,10,1687,1696
1.3090155722765418,0.6735963901286113,61.8459302143674,45.66308206288013,N2,10,1688,1697
1.310678600247968,0.8375233550163728,61.816044328243876,45.630789118154645,N2,10,1689,1698
1.5195938982417487,1.0157502679585435,77.19704868116824,55.489049326670646,N2,10,1690,1699
1.4818960501028642,1.192830072008198,77.26262238493072,55.55991854980093,N2,10,1691,1700
1.2988506056926439,1.3156131276535716,62.56286035786907,40.10707293996093,N2,10,1692,1701
1.40780018927843,1.3393496684805684,62.55427696309052,40.06838802053244,N2,10,1693,1702
1.4056553961121607,1.3147674222545618,57.82682779369352,36.46463236094205,N2,10,1694,1703
1.0287375234049363,1.2905813794226675,36.598296351445605,22.420223148843796,N2,10,1695,1704
1.0630951439881073,1.252827604911508,36.68286496912769,22.51165400868922,N2,10,1696,1705
0.41384003995450486,1.204864513104613,38.919820223221905,22.244197158154567,N2,10,1697,1706
-0.025334799346126147,1.1445174845677428,8.878458476516244,3.224269843351067,N2,10,1698,1707
0.33488693031641786,1.1299090907414922,23.668721813753656,18.745553952668708,N2,10,1699,1708
0.41710395400180006,1.0651740306149065,23.71923180462618,18.800125989420486,N2,10,1700,1709
0.5600370252115795,1.0428534993508691,23.661513409944018,18.737743322252935,N2,10,1701,1710
0.5448248996007123,1.0245913367840955,23.676652948046105,18.783462123153004,N2,10,1702,1711
0.5103419809127558,1.0071705459065896,28.512401348915592,22.533701306286822,N2,10,1703,1712
0.4940328204316529,0.9692016207638658,28.43529234630405,22.42100171166021,N2,10,1704,1713
0.8421929098973806,0.9436934955086258,48.170431010636094,37.818367187993864,N2,10,1705,1714
0.7326511985501043,0.9642233920786765,48.11155365307932,37.75475184374809,N2,10,1706,1715
0.6985464814828447,0.9966264495332894,45.828444572990705,37.97234746424656,N2,10,1707,1716
0.6497303344739407,0.9542979327710356,48.5622851412525,39.97025698360303,N2,10,1708,1717
0.3431090022686135,0.8482334866441533,33.784327197418314,24.46226402436805,N2,10,1709,1718
0.02850099323560471,0.7477378274404145,18.389824876030616,14.589449810541556,N2,10,1710,1719
-0.014438969175296279,0.5918078812155585,18.394047623196094,14.593971031949332,N2,10,1711,1720
-0.1757718530713305,0.4343155122479203,18.387149166027665,14.586493164148852,N2,10,1712,1721
-0.10075202889103138,0.29390939584187664,13.600016471673735,10.918213492131326,N2,10,1713,1722
1.5772454761147743,0.20631669530012003,13.651434236946807,11.003153644259147,N2,10,1714,1723
1.534491004949939,0.1769556312274659,13.595330003194977,10.942545738772605,N2,10,1715,1724
1.8253661282712756,0.17306341816551765,29.740729020176513,25.194925742110353,N2,10,1716,1725
1.9084304446448415,0.13644059142096127,29.66636758773675,25.08517188820042,N2,10,1717,1726
1.9588867657207403,0.13439613375500983,29.737641825378525,25.16219618147297,N2,10,1718,1727
2.0278640983908076,0.19190036908201763,34.4693184211239,28.770498926210713,N2,10,1719,1728
2.31726268545018,0.23992593853769223,48.360322923006606,39.98535538612632,N2,10,1720,1729
2.2563977069471433,0.35247192910690045,48.35156095942657,39.97593047530827,N2,10,1721,1730
2.40821529045819,0.4642598214233402,48.33984918334609,39.963316315484555,N2,10,1722,1731
2.398797563031883,0.563178672375571,48.25116727318382,39.86744809106676,N2,10,1723,1732
0.7284605498720567,0.6283502032826191,50.80365941538039,37.9033469967937,N2,10,1724,1733
0.5619594763200098,0.6326188471879817,36.993245963341906,26.804952717784182,N2,10,1725,1734
0.3477606761238462,0.571853675851429,20.847965463723813,12.552690270307357,N2,10,1726,1735
0.28511595178989635,0.5459517849138052,23.400073875924864,10.649074947812915,N2,10,1727,1736
0.2057786402494685,0.5156304429908403,23.322163402475418,10.564880533904944,N2,10,1728,1737
0.1937808496401999,0.44161483373758303,18.601998222406838,6.969012487285363,N2,10,1729,1738
0.12354219508847564,0.35717424493851696,18.500375299055303,6.859221024246653,N2,10,1730,1739
0.07464774531757712,0.23588562696434962,18.566295207352958,6.930462208318931,N2,10,1731,1740
0.2601837425263966,0.16188386150610085,33.19983976060321,22.28236647060112,N2,10,1732,1741
0.06529686166319379,0.09974415180120104,33.35769465368212,22.452987931757526,N2,10,1733,1742
-0.12183274347315773,0.04476008906993911,37.625237400214246,26.261662517588412,N2,10,1734,1743
-0.008479544801878092,-0.014414189458440774,49.84391181776009,35.9947883155859,N2,10,1735,1744
-0.024469312859741875,-0.05196963655849629,52.36421993785916,34.0274193921774,N2,10,1736,1745
0.20426828963448998,-0.09915281108787895,103.40837185519922,53.55989540256778,N2,10,1737,1746
0.22990260709283347,-0.13479194591143367,103.59972019236011,53.76672454248255,N2,10,1738,1747
0.22083212899500496,-0.17638782496565283,103.52239534273394,53.68312651343585,N2,10,1739,1748
-0.0748534805539407,-0.19439700722624026,87.04385514319874,40.65777835448098,N2,10,1740,1749
0.03672960668736778,-0.22134043307183332,87.01927261668898,40.63119728027668,N2,10,1741,1750
-0.18712214856653872,-0.3064612337291379,72.32871213493782,25.217638472680846,N2,10,1742,1751
-0.1343711565602689,-0.4010510697916828,72.26806735203135,25.152107912759675,N2,10,1743,1752
-0.033349654876258225,-0.49827209966690306,65.46127522761235,23.321842540089712,N2,10,1744,1753
0.09545366973848105,-0.5390239586536808,68.52152033940656,23.307236219074547,N2,10,1745,1754
0.07278434065516422,-0.5284821495160799,66.07920019739541,25.3588859983116,N2,10,1746,1755
-0.14969799299994974,-0.45416306020006514,15.00703241723968,5.796133624547656,N2,10,1747,1756
-0.02631270846043208,-0.28657025839395656,29.516776252568526,21.01426958202501,N2,10,1748,1757
-0.004415367167939621,-0.10377814338116594,34.26553197199828,24.64108298852807,N2,10,1749,1758
0.1868044853458514,0.1698560817188195,50.86146400470898,37.793267510428265,N2,10,1750,1759
0.06749090946375418,0.4235940347272674,53.35280361557816,35.794591403870434,N2,10,1751,1760
0.10826642713319642,0.6964806648015696,53.353554621597866,35.79538532572842,N2,10,1752,1761
0.13862146901449252,0.9550988865979179,53.415735409557236,35.862585923678125,N2,10,1753,1762
0.11979288316143766,1.2169333229268915,53.32103837430331,35.76021956626064,N2,10,1754,1763
-0.22854760718031458,1.4112427831973093,38.06494600632432,26.037005049639266,N2,10,1755,1764
-0.22886354696255468,1.541216697207973,37.99616125898465,25.96262654343882,N2,10,1756,1765
-0.27928174461926575,1.6101571712109801,35.493838248300015,27.94942060122412,N2,10,1757,1766
-0.40444461158126616,1.569312618988056,20.860452460037777,12.597659116450814,N2,10,1758,1767
-0.5251991465401374,1.5152739971702787,16.139155310681964,9.00056019673284,N2,10,1759,1768
-0.3914861251701268,1.3567074099003662,16.13382207012328,8.994813399740815,N2,10,1760,1769
-0.2949300411697891,1.2093094547298904,16.037203023365873,8.890404767844302,N2,10,1761,1770
-0.31402368949111403,1.0503326396996158,10.291465631310711,4.784948243769759,N2,10,1762,1771
